{"IYYI": 0.04992076069730587, "YYYY": 0.12836767036450075, "XXXX": 0.19255150554675116, "YYZZ": 0.32091917591125196, "IZIZ": -0.01426307448494453, "XIIX": -0.007069913589945, "XIXI": -0.007131537242472272, "ZZYY": 0.44928684627575277, "YXXY": 0.12836767036450075, "YIIY": 0.049920760697305853, "ZXXZ": -2.7755575615628914e-17, "ZXZX": 0.12836767036450075, "IXIX": -0.007131537242472258, "ZZII": 0.777337559429477, "XZXZ": 0.0, "ZYYZ": 0.0, "YYXX": -0.25673534072900156, "ZZZZ": 0.5776545166402535, "ZZXX": -0.32091917591125196, "IIXX": -0.44215530903328054, "YZZY": 0.0, "YZYZ": -0.06418383518225039, "YIYI": -0.014263074484944542, "XXII": -0.3066561014263075, "IIZZ": 0.7987321711568938, "IZZI": -0.0427892234548336, "XXYY": -0.12836767036450075, "IXXI": 0.0070699135899450136, "IIII": 1.0, "XYXY": 0.12836767036450078, "YXYX": 0.12836767036450075, "XXZZ": -0.19255150554675116, "ZIZI": 0.0213946117274168, "IYIY": 0.07131537242472266, "XYYX": 0.12836767036450075, "ZYZY": -0.12836767036450075, "XZZX": 0.0, "ZIIZ": -0.007131537242472272, "YYII": 0.37083993660855785, "IIYY": 0.44215530903328054}