{"IYYI": -0.014263074484944531, "YYYY": 0.06418383518225039, "XXXX": 0.19255150554675116, "YYZZ": 0.3851030110935023, "IZIZ": 0.0071315372424722735, "XIIX": 0.02852614896988906, "XIXI": -0.007131537242472251, "ZZYY": 0.5134706814580031, "YXXY": 0.12836767036450075, "YIIY": -0.00713153724247227, "ZXXZ": 0.06418383518225039, "ZXZX": 0.06418383518225039, "IXIX": -0.021394611727416815, "ZZII": 0.7987321711568938, "XZXZ": 0.0, "ZYYZ": 0.0, "YYXX": -0.1925515055467511, "ZZZZ": 0.5134706814580031, "ZZXX": -0.32091917591125196, "IIXX": -0.4100549882168107, "YZZY": -0.06418383518225036, "YZYZ": -2.7755575615628914e-17, "YIYI": -0.014263074484944535, "XXII": -0.349445324881141, "IIZZ": 0.8343898573692551, "IZZI": -0.035657686212361324, "XXYY": -0.12836767036450078, "IXXI": -0.014263074484944509, "IIII": 1.0, "XYXY": 0.06418383518225039, "YXYX": 0.06418383518225036, "XXZZ": -0.3209191759112519, "ZIZI": -0.05705229793977813, "IYIY": -0.03565768621236133, "XYYX": 0.19255150554675116, "ZYZY": 0.1272584446190102, "XZZX": -0.12836767036450075, "ZIIZ": -0.01426307448494453, "YYII": 0.34944532488114105, "IIYY": 0.3922345483359747}