{"IYYI": 0.014263074484944528, "YYYY": 0.19255150554675116, "XXXX": 0.19255150554675116, "YYZZ": 0.38510301109350237, "IZIZ": -0.01426307448494453, "XIIX": 0.007131537242472258, "XIXI": -0.035657686212361324, "ZZYY": 0.5134706814580031, "YXXY": 0.06418383518225039, "YIIY": 0.0213946117274168, "ZXXZ": 2.7755575615628914e-17, "ZXZX": 0.06418383518225039, "IXIX": 0.0, "ZZII": 0.8129952456418383, "XZXZ": 0.06418383518225036, "ZYYZ": 0.12836767036450078, "YYXX": -0.12836767036450075, "ZZZZ": 0.6418383518225038, "ZZXX": -0.32091917591125196, "IIXX": -0.4706814580031696, "YZZY": -0.1272584446190102, "YZYZ": 0.12836767036450075, "YIYI": -0.014263074484944535, "XXII": -0.2781299524564184, "IIZZ": 0.7989002356637864, "IZZI": -0.007131537242472263, "XXYY": -0.19255150554675116, "IXXI": -0.03565768621236133, "IIII": 1.0, "XYXY": 0.0, "YXYX": 0.0, "XXZZ": -0.12836767036450078, "ZIZI": 0.014263074484944537, "IYIY": 0.007131537242472275, "XYYX": 0.1283676703645007, "ZYZY": -0.12836767036450075, "XZZX": -0.06418383518225039, "ZIIZ": 1.3877787807814457e-17, "YYII": 0.3565768621236133, "IIYY": 0.4666142969363708}