{"IYYI": 0.007131537242472282, "YYYY": 0.2567353407290015, "XXXX": 0.1925515055467511, "YYZZ": 0.3209191759112519, "IZIZ": -5.204170427930421e-18, "XIIX": 0.028526148969889052, "XIXI": 0.0213946117274168, "ZZYY": 0.32091917591125196, "YXXY": 0.12836767036450075, "YIIY": -0.014263074484944523, "ZXXZ": -0.06418383518225039, "ZXZX": -0.06418383518225039, "IXIX": -0.06418383518225039, "ZZII": 0.777337559429477, "XZXZ": 0.06418383518225039, "ZYYZ": 0.06418383518225036, "YYXX": -0.12836767036450078, "ZZZZ": 0.5776545166402535, "ZZXX": -0.5134706814580031, "IIXX": -0.46354992076069734, "YZZY": 0.0, "YZYZ": 0.06418383518225039, "YIYI": 0.007131537242472263, "XXII": -0.29952456418383516, "IIZZ": 0.8201267828843105, "IZZI": -0.04278922345483358, "XXYY": -0.06418383518225039, "IXXI": 0.014263074484944533, "IIII": 1.0, "XYXY": 0.0636292223095051, "YXYX": 0.12836767036450075, "XXZZ": -0.25673534072900156, "ZIZI": -0.028526148969889073, "IYIY": -0.014263074484944517, "XYYX": 0.06418383518225039, "ZYZY": 0.06418383518225039, "XZZX": 0.0, "ZIIZ": 0.007131537242472265, "YYII": 0.34944532488114105, "IIYY": 0.4421553090332805}