{"IYYI": 0.014139827179890025, "YYYY": 0.12836767036450075, "XXXX": 0.12836767036450078, "YYZZ": 0.25673534072900156, "IZIZ": -0.02852614896988908, "XIIX": -0.021394611727416815, "XIXI": 0.03565768621236134, "ZZYY": 0.25673534072900156, "YXXY": 0.0, "YIIY": 0.01426307448494453, "ZXXZ": 0.06418383518225039, "ZXZX": -0.12836767036450075, "IXIX": 0.0427892234548336, "ZZII": 0.7844690966719492, "XZXZ": 0.0, "ZYYZ": 0.0, "YYXX": -0.19255150554675116, "ZZZZ": 0.5776545166402535, "ZZXX": -0.25673534072900156, "IIXX": -0.4778129952456418, "YZZY": 0.06418383518225039, "YZYZ": 0.0, "YIYI": -0.014263074484944542, "XXII": -0.3137876386687797, "IIZZ": 0.7987321711568938, "IZZI": -0.05705229793977814, "XXYY": -0.25673534072900156, "IXXI": -0.04241948153967007, "IIII": 1.0, "XYXY": 0.06418383518225039, "YXYX": 0.0, "XXZZ": -0.19255150554675116, "ZIZI": -0.03565768621236131, "IYIY": 0.03565768621236134, "XYYX": 0.06418383518225039, "ZYZY": 0.06418383518225039, "XZZX": 0.06418383518225039, "ZIIZ": -0.014263074484944526, "YYII": 0.3423137876386688, "IIYY": 0.44928684627575277}