{"IYYI": 0.028526148969889063, "YYYY": 0.12836767036450078, "XXXX": 0.19255150554675116, "YYZZ": 0.38510301109350237, "IZIZ": -0.007131537242472261, "XIIX": 0.007131537242472272, "XIXI": -0.03565768621236134, "ZZYY": 0.32091917591125196, "YXXY": 0.06418383518225039, "YIIY": 0.04992076069730586, "ZXXZ": -0.06418383518225036, "ZXZX": -0.06418383518225036, "IXIX": -0.028526148969889073, "ZZII": 0.7702060221870048, "XZXZ": 0.1272584446190102, "ZYYZ": 0.12836767036450075, "YYXX": -0.06418383518225036, "ZZZZ": 0.7060221870047542, "ZZXX": -0.32091917591125196, "IIXX": -0.4241948153967008, "YZZY": 0.0, "YZYZ": -0.1272584446190102, "YIYI": 0.03565768621236134, "XXII": -0.32805071315372425, "IIZZ": 0.8129952456418383, "IZZI": -0.04992076069730586, "XXYY": -0.12836767036450075, "IXXI": 0.007131537242472258, "IIII": 1.0, "XYXY": 0.19255150554675116, "YXYX": 0.19255150554675116, "XXZZ": -0.19255150554675116, "ZIZI": -0.03565768621236131, "IYIY": 0.042789223454833596, "XYYX": 0.19255150554675116, "ZYZY": -0.06418383518225036, "XZZX": 0.06418383518225039, "ZIIZ": 0.007131537242472258, "YYII": 0.3779714738510301, "IIYY": 0.46354992076069723}