{"IYYI": 0.014139827179890025, "YYYY": 0.19255150554675116, "XXXX": 0.1925515055467511, "YYZZ": 0.25673534072900156, "IZIZ": -0.0427892234548336, "XIIX": 0.07131537242472268, "XIXI": 0.014263074484944538, "ZZYY": 0.25673534072900156, "YXXY": 0.06418383518225039, "YIIY": -0.028526148969889063, "ZXXZ": 0.06418383518225039, "ZXZX": 0.06418383518225039, "IXIX": -0.035657686212361345, "ZZII": 0.7494108405341713, "XZXZ": -0.06418383518225036, "ZYYZ": 0.0, "YYXX": -0.12836767036450078, "ZZZZ": 0.6418383518225039, "ZZXX": -0.3851030110935023, "IIXX": -0.45641838351822506, "YZZY": -0.06418383518225039, "YZYZ": 0.06418383518225039, "YIYI": 2.0816681711721685e-17, "XXII": -0.30665610142630745, "IIZZ": 0.8129952456418383, "IZZI": -0.03565768621236133, "XXYY": -0.2567353407290015, "IXXI": 0.0, "IIII": 1.0, "XYXY": -0.06418383518225039, "YXYX": 0.12836767036450078, "XXZZ": -0.1908876669285153, "ZIZI": -0.049920760697305853, "IYIY": 0.03565768621236133, "XYYX": 0.12836767036450075, "ZYZY": 0.06418383518225036, "XZZX": 0.0, "ZIIZ": -0.007131537242472279, "YYII": 0.37797147385103014, "IIYY": 0.47068145800316963}