{"IYYI": 0.007131537242472277, "YYYY": 0.19255150554675116, "XXXX": 0.19255150554675116, "YYZZ": 0.2545168892380204, "IZIZ": -0.04278922345483359, "XIIX": -0.014263074484944516, "XIXI": 0.01426307448494453, "ZZYY": 0.4492868462757527, "YXXY": 0.0636292223095051, "YIIY": 0.007131537242472272, "ZXXZ": 2.7755575615628914e-17, "ZXZX": 0.12836767036450075, "IXIX": 0.007131537242472258, "ZZII": 0.7702060221870048, "XZXZ": 0.06418383518225039, "ZYYZ": 0.12836767036450078, "YYXX": -0.12836767036450078, "ZZZZ": 0.5776545166402535, "ZZXX": -0.4492868462757527, "IIXX": -0.41712490180675577, "YZZY": 0.06418383518225039, "YZYZ": 0.0, "YIYI": -0.02852614896988907, "XXII": -0.27099841521394613, "IIZZ": 0.8058637083993662, "IZZI": -0.02852614896988906, "XXYY": -0.1908876669285153, "IXXI": -0.0427892234548336, "IIII": 1.0, "XYXY": 0.12836767036450075, "YXYX": 0.19255150554675116, "XXZZ": -0.25673534072900156, "ZIZI": -0.014263074484944533, "IYIY": 0.049920760697305874, "XYYX": -0.06418383518225036, "ZYZY": -0.06418383518225039, "XZZX": 0.0, "ZIIZ": -0.014263074484944516, "YYII": 0.34944532488114105, "IIYY": 0.4564183835182251}