{"IYYI": -0.014263074484944545, "YYYY": 0.19255150554675116, "XXXX": -0.06418383518225039, "YYZZ": 0.2567353407290015, "IZIZ": -0.04948939512961506, "XIIX": 0.02852614896988908, "XIXI": -0.0213946117274168, "ZZYY": 0.25673534072900156, "YXXY": 0.06418383518225039, "YIIY": -0.014263074484944542, "ZXXZ": 2.7755575615628914e-17, "ZXZX": 2.7755575615628914e-17, "IXIX": -0.0213946117274168, "ZZII": 0.7847604084838964, "XZXZ": 0.06418383518225039, "ZYYZ": -2.7755575615628914e-17, "YYXX": -0.25673534072900156, "ZZZZ": 0.5776545166402535, "ZZXX": -0.38510301109350237, "IIXX": -0.41362916006339145, "YZZY": 0.06418383518225036, "YZYZ": 0.06418383518225039, "YIYI": -0.05705229793977811, "XXII": -0.29239302694136293, "IIZZ": 0.7844690966719493, "IZZI": -0.04992076069730586, "XXYY": -0.06418383518225042, "IXXI": -0.014263074484944537, "IIII": 1.0, "XYXY": 0.12836767036450075, "YXYX": 0.1272584446190102, "XXZZ": -0.12836767036450078, "ZIZI": -0.0494893951296151, "IYIY": 0.01426307448494454, "XYYX": 0.19255150554675116, "ZYZY": -0.06418383518225036, "XZZX": 0.06418383518225039, "ZIIZ": 0.007131537242472279, "YYII": 0.33518225039619653, "IIYY": 0.42789223454833597}