{"IYYI": 0.021394611727416794, "YYYY": 0.12836767036450075, "XXXX": 0.12836767036450075, "YYZZ": 0.32091917591125196, "IZIZ": -0.014263074484944533, "XIIX": 0.02139461172741681, "XIXI": 0.014263074484944533, "ZZYY": 0.3181461115475255, "YXXY": 0.06418383518225039, "YIIY": 5.204170427930421e-18, "ZXXZ": 0.12836767036450075, "ZXZX": 0.0, "IXIX": 0.021394611727416815, "ZZII": 0.7345483359746434, "XZXZ": -0.06418383518225036, "ZYYZ": 0.0, "YYXX": -0.12836767036450078, "ZZZZ": 0.6418383518225039, "ZZXX": -0.32091917591125196, "IIXX": -0.40649762282091917, "YZZY": -0.0636292223095051, "YZYZ": 0.06418383518225036, "YIYI": 0.021394611727416808, "XXII": -0.27812995245641836, "IIZZ": 0.7844690966719492, "IZZI": -0.0427892234548336, "XXYY": -0.12836767036450078, "IXXI": 0.007131537242472258, "IIII": 1.0, "XYXY": 0.1272584446190102, "YXYX": 0.06418383518225039, "XXZZ": -0.25673534072900156, "ZIZI": -0.021209740769835027, "IYIY": 0.00713153724247227, "XYYX": 0.19255150554675116, "ZYZY": 0.0, "XZZX": 0.1272584446190102, "ZIIZ": 1.734723475976807e-18, "YYII": 0.34231378763866877, "IIYY": 0.4278922345483359}