{"IYYI": -0.028526148969889066, "YYYY": 0.19255150554675116, "XXXX": 0.12836767036450078, "YYZZ": 0.12836767036450075, "IZIZ": -0.028279654359780047, "XIIX": -0.014263074484944537, "XIXI": 0.035657686212361324, "ZZYY": 0.25673534072900156, "YXXY": 0.06418383518225039, "YIIY": 0.007131537242472272, "ZXXZ": 0.06418383518225039, "ZXZX": 0.0, "IXIX": 0.007131537242472258, "ZZII": 0.7559429477020602, "XZXZ": 0.0, "ZYYZ": -0.06418383518225036, "YYXX": -0.19255150554675116, "ZZZZ": 0.5134706814580031, "ZZXX": -0.38510301109350237, "IIXX": -0.4849445324881142, "YZZY": 0.12836767036450075, "YZYZ": 0.0, "YIYI": -0.0427892234548336, "XXII": -0.28526148969889065, "IIZZ": 0.7702060221870047, "IZZI": 0.014263074484944523, "XXYY": -0.3209191759112519, "IXXI": -0.014263074484944543, "IIII": 1.0, "XYXY": 0.1925515055467511, "YXYX": 0.12836767036450078, "XXZZ": -0.3181461115475255, "ZIZI": 0.056559308719560095, "IYIY": 0.04992076069730586, "XYYX": 0.06418383518225039, "ZYZY": 0.0, "XZZX": 0.06418383518225039, "ZIIZ": 0.021394611727416787, "YYII": 0.34944532488114105, "IIYY": 0.45641838351822506}