{"IYYI": 0.014263074484944543, "YYYY": 0.12836767036450078, "XXXX": 0.25673534072900156, "YYZZ": 0.25673534072900156, "IZIZ": -0.09270998415213946, "XIIX": -0.03565768621236134, "XIXI": 0.00713153724247226, "ZZYY": 0.25673534072900156, "YXXY": 0.0, "YIIY": 0.007131537242472272, "ZXXZ": -0.06418383518225039, "ZXZX": 0.06418383518225036, "IXIX": -0.007131537242472279, "ZZII": 0.7916006339144215, "XZXZ": 0.0, "ZYYZ": 0.12836767036450075, "YYXX": -0.2545168892380204, "ZZZZ": 0.6418383518225038, "ZZXX": -0.38510301109350237, "IIXX": -0.44928684627575277, "YZZY": -0.06418383518225036, "YZYZ": -0.12836767036450075, "YIYI": -0.04241948153967006, "XXII": -0.31378763866877973, "IIZZ": 0.7916006339144216, "IZZI": -0.049920760697305874, "XXYY": -2.7755575615628914e-17, "IXXI": -0.05705229793977813, "IIII": 1.0, "XYXY": 0.0636292223095051, "YXYX": 2.7755575615628914e-17, "XXZZ": -0.19255150554675116, "ZIZI": -0.07131537242472266, "IYIY": 0.03565768621236133, "XYYX": 0.19255150554675116, "ZYZY": 0.0, "XZZX": 0.12836767036450075, "ZIIZ": -0.028279654359780047, "YYII": 0.3922345483359746, "IIYY": 0.45641838351822506}