{"IYYI": -0.028526148969889066, "YYYY": 0.12836767036450078, "XXXX": 0.06418383518225039, "YYZZ": 0.19255150554675116, "IZIZ": -0.021394611727416815, "XIIX": 0.014139827179890034, "XIXI": 0.007131537242472265, "ZZYY": 0.3209191759112519, "YXXY": 0.06418383518225039, "YIIY": 0.0427892234548336, "ZXXZ": -0.06418383518225039, "ZXZX": 0.0, "IXIX": -0.035657686212361324, "ZZII": 0.7773375594294771, "XZXZ": 0.06418383518225039, "ZYYZ": 0.06418383518225036, "YYXX": -0.25673534072900156, "ZZZZ": 0.6418383518225039, "ZZXX": -0.5134706814580031, "IIXX": -0.47068145800316963, "YZZY": 0.0, "YZYZ": 0.0, "YIYI": -0.014263074484944528, "XXII": -0.29952456418383516, "IIZZ": 0.7916006339144215, "IZZI": -0.021394611727416794, "XXYY": 0.0, "IXXI": -0.04278922345483359, "IIII": 1.0, "XYXY": 0.1283676703645008, "YXYX": 0.12836767036450078, "XXZZ": -0.06418383518225036, "ZIZI": -0.07131537242472266, "IYIY": 0.0427892234548336, "XYYX": 0.12836767036450078, "ZYZY": 0.06418383518225039, "XZZX": 0.19255150554675116, "ZIIZ": -0.02852614896988906, "YYII": 0.3565768621236133, "IIYY": 0.4350237717908083}