{"IYYI": 0.028279654359780054, "YYYY": 0.06418383518225039, "XXXX": 0.12836767036450075, "YYZZ": 0.3209191759112519, "IZIZ": 0.007131537242472268, "XIIX": 0.014263074484944543, "XIXI": -0.014263074484944523, "ZZYY": 0.25673534072900156, "YXXY": 0.19255150554675116, "YIIY": 0.07131537242472266, "ZXXZ": 0.0, "ZXZX": 0.0, "IXIX": 0.021394611727416794, "ZZII": 0.7416798732171157, "XZXZ": -0.06418383518225039, "ZYYZ": -0.0636292223095051, "YYXX": -2.7755575615628914e-17, "ZZZZ": 0.5776545166402535, "ZZXX": -0.32091917591125196, "IIXX": -0.47068145800316963, "YZZY": -0.06418383518225042, "YZYZ": 0.0, "YIYI": 0.05705229793977813, "XXII": -0.32091917591125196, "IIZZ": 0.8129952456418383, "IZZI": -0.07131537242472268, "XXYY": -0.12836767036450075, "IXXI": -0.007131537242472261, "IIII": 1.0, "XYXY": 0.06418383518225039, "YXYX": 0.06418383518225036, "XXZZ": -0.3209191759112519, "ZIZI": -0.00713153724247228, "IYIY": 0.0213946117274168, "XYYX": 0.06418383518225036, "ZYZY": 0.06418383518225039, "XZZX": -0.06418383518225039, "ZIIZ": 0.007131537242472265, "YYII": 0.37797147385103014, "IIYY": 0.4492868462757528}