{"IYYI": 0.0641838351822504, "YYYY": 0.06418383518225039, "XXXX": 0.12836767036450078, "YYZZ": 0.25673534072900156, "IZIZ": -0.05705229793977814, "XIIX": 0.014263074484944543, "XIXI": -0.021394611727416787, "ZZYY": 0.25673534072900156, "YXXY": 0.19255150554675116, "YIIY": 0.0213946117274168, "ZXXZ": 0.0, "ZXZX": 0.06418383518225042, "IXIX": 0.04992076069730585, "ZZII": 0.7630744849445326, "XZXZ": -0.06418383518225039, "ZYYZ": -0.06418383518225042, "YYXX": -0.06418383518225039, "ZZZZ": 0.6418383518225038, "ZZXX": -0.4492868462757527, "IIXX": -0.42789223454833597, "YZZY": -0.06418383518225039, "YZYZ": -0.1272584446190102, "YIYI": 0.007131537242472258, "XXII": -0.29952456418383516, "IIZZ": 0.8343898573692551, "IZZI": -0.03565768621236133, "XXYY": -0.12836767036450075, "IXXI": -0.021394611727416794, "IIII": 1.0, "XYXY": 0.0, "YXYX": 0.19255150554675116, "XXZZ": -0.25673534072900156, "ZIZI": -0.021394611727416808, "IYIY": 0.007131537242472287, "XYYX": 0.0, "ZYZY": -0.0636292223095051, "XZZX": 0.06418383518225039, "ZIIZ": 0.021394611727416794, "YYII": 0.3851030110935024, "IIYY": 0.4706814580031695}