{"XYYX": 0.109375, "XYYI": -0.001953125, "XYIX": -0.033203125, "XYII": -0.1640625, "XIYX": 0.0390625, "XIYI": -0.001953125, "XIIX": -0.021484375, "XIII": -0.08203125, "IYYX": -0.32421875, "IYYI": 0.025390625, "IYIX": 0.025390625, "IYII": 0.47265625, "IIYX": -0.67578125, "IIYI": 0.009765625, "IIIX": 0.044921875, "IIII": 1.0, "XXZZ": -0.240234375, "XXZI": -0.021484375, "XXIZ": -0.046875, "XXII": -0.28515625, "XIZZ": -0.076171875, "XIZI": -0.005859375, "XIIZ": -0.00390625, "IXZZ": 0.068359375, "IXZI": 0.009765625, "IXIZ": 0.01953125, "IXII": 0.12109375, "IIZZ": 0.810546875, "IIZI": 0.017578125, "IIIZ": 0.0390625, "XZXZ": 0.041015625, "XZXI": 0.072265625, "XZIZ": 0.01953125, "XZII": 0.0, "XIXZ": 0.01171875, "XIXI": 0.046875, "IZXZ": 0.046875, "IZXI": 0.04296875, "IZIZ": -0.013671875, "IZII": 0.736328125, "IIXZ": 0.037109375, "IIXI": 0.076171875, "YZYZ": -0.00390625, "YZYI": -0.009765625, "YZIZ": 0.046875, "YZII": 0.001953125, "YIYZ": 0.00390625, "YIYI": -0.013671875, "YIIZ": 0.0078125, "YIII": 0.154296875, "IZYZ": 0.044921875, "IZYI": 0.015625, "IIYZ": 0.013671875, "ZXZX": 0.001953125, "ZXZI": -0.013671875, "ZXIX": 0.025390625, "ZXII": 0.205078125, "ZIZX": 0.015625, "ZIZI": -0.015625, "ZIIX": 0.02734375, "ZIII": 0.83984375, "IXZX": 0.025390625, "IXIX": 0.041015625, "IIZX": 0.015625, "ZYZY": -0.013671875, "ZYZI": -0.0234375, "ZYIY": 0.03125, "ZYII": 0.396484375, "ZIZY": 0.015625, "ZIIY": 0.033203125, "IYZY": -0.017578125, "IYZI": -0.01171875, "IYIY": 0.03515625, "IIZY": 0.01171875, "IIIY": 0.037109375, "YXXY": 0.109375, "YXXI": -0.0078125, "YXIY": 0.01953125, "YXII": -0.1484375, "YIXY": -0.1484375, "YIXI": -0.0390625, "YIIY": 0.0546875, "IXXY": -0.1015625, "IXXI": 0.01171875, "IXIY": -0.015625, "IIXY": -0.67578125, "XXYY": -0.205078125, "XXYI": -0.009765625, "XXIY": 0.01953125, "XIYY": -0.0859375, "XIIY": -0.025390625, "IXYY": 0.1171875, "IXYI": -0.00390625, "IIYY": 0.462890625, "XZZX": 0.03515625, "XZZI": 0.0546875, "XZIX": -0.017578125, "XIZX": 0.048828125, "IZZX": -0.015625, "IZZI": -0.06640625, "IZIX": 0.017578125, "XYXY": 0.12109375, "XYXI": -0.0078125, "XYIY": 0.033203125, "XIXY": 0.06640625, "IYXY": -0.279296875, "IYXI": 0.056640625, "ZYYZ": 0.005859375, "ZYYI": -0.015625, "ZYIZ": -0.01171875, "ZIYZ": 0.001953125, "ZIYI": -0.0078125, "ZIIZ": 0.0078125, "IYYZ": 0.01953125, "IYIZ": -0.017578125, "YYXX": -0.15625, "YYXI": -0.00390625, "YYIX": 0.048828125, "YYII": 0.345703125, "YIXX": -0.068359375, "YIIX": 0.03125, "IYXX": -0.16796875, "IIXX": -0.447265625, "ZZXX": -0.306640625, "ZZXI": 0.041015625, "ZZIX": -0.00390625, "ZZII": 0.7734375, "ZIXX": -0.384765625, "ZIXI": 0.013671875, "IZXX": -0.271484375, "YZZY": 0.005859375, "YZZI": -0.072265625, "YZIY": -0.0546875, "YIZY": 0.017578125, "YIZI": 0.029296875, "IZZY": 0.001953125, "IZIY": 0.015625, "YYZZ": 0.32421875, "YYZI": -0.01171875, "YYIZ": 0.013671875, "YIZZ": 0.2109375, "IYZZ": 0.416015625, "ZZYY": 0.37109375, "ZZYI": -0.05859375, "ZZIY": -0.005859375, "ZIYY": 0.390625, "IZYY": 0.337890625, "YXYX": 0.119140625, "YXYI": 0.001953125, "YXIX": -0.02734375, "YIYX": -0.09765625, "IXYX": -0.0703125, "ZXXZ": -0.013671875, "ZXXI": -0.015625, "ZXIZ": -0.005859375, "ZIXZ": -0.025390625, "IXXZ": -0.029296875, "YYYY": 0.16796875, "YYYI": -0.005859375, "YYIY": -0.001953125, "YIYY": 0.056640625, "IYYY": 0.154296875, "ZZZZ": 0.6328125, "ZZZI": -0.00390625, "ZZIZ": -0.001953125, "ZIZZ": 0.693359375, "IZZZ": 0.55078125, "XXXX": 0.20703125, "XXXI": -0.009765625, "XXIX": 0.015625, "XIXX": 0.083984375, "IXXX": -0.10546875}