{"XYYX": 0.154296875, "XYYI": -0.0390625, "XYIX": 0.017578125, "XYII": -0.15234375, "XIYX": 0.0859375, "XIYI": -0.037109375, "XIIX": 0.0078125, "XIII": -0.115234375, "IYYX": -0.33203125, "IYYI": 0.013671875, "IYIX": 0.01171875, "IYII": 0.474609375, "IIYX": -0.646484375, "IIYI": 0.03515625, "IIIX": 0.021484375, "IIII": 1.0, "XXZZ": -0.23828125, "XXZI": -0.05078125, "XXIZ": -0.0625, "XXII": -0.30078125, "XIZZ": -0.046875, "XIZI": 0.03125, "XIIZ": 0.04296875, "IXZZ": 0.08203125, "IXZI": 0.04296875, "IXIZ": 0.04296875, "IXII": 0.125, "IIZZ": 0.80859375, "IIZI": -0.06640625, "IIIZ": -0.04296875, "XZXZ": 0.029296875, "XZXI": -0.005859375, "XZIZ": -0.044921875, "XZII": -0.013671875, "XIXZ": 0.044921875, "XIXI": 0.013671875, "IZXZ": 0.01953125, "IZXI": 0.04296875, "IZIZ": -0.00390625, "IZII": 0.71875, "IIXZ": 0.0078125, "IIXI": 0.01953125, "YZYZ": -0.01953125, "YZYI": -0.0546875, "YZIZ": -0.0078125, "YZII": 0.04296875, "YIYZ": 0.0078125, "YIYI": -0.0234375, "YIIZ": -0.00390625, "YIII": 0.23046875, "IZYZ": -0.05078125, "IZYI": -0.01953125, "IIYZ": -0.01171875, "ZXZX": -0.048828125, "ZXZI": 0.029296875, "ZXIX": -0.005859375, "ZXII": 0.173828125, "ZIZX": 0.015625, "ZIZI": -0.00390625, "ZIIX": -0.03125, "ZIII": 0.85546875, "IXZX": -0.037109375, "IXIX": -0.005859375, "IIZX": 0.0, "ZYZY": 0.02734375, "ZYZI": 0.052734375, "ZYIY": 0.0546875, "ZYII": 0.392578125, "ZIZY": -0.017578125, "ZIIY": 0.083984375, "IYZY": 0.0390625, "IYZI": 0.037109375, "IYIY": 0.0703125, "IIZY": 0.009765625, "IIIY": 0.099609375, "YXXY": 0.07421875, "YXXI": 0.01171875, "YXIY": -0.03125, "YXII": -0.1171875, "YIXY": -0.15234375, "YIXI": -0.0078125, "YIIY": 0.01171875, "IXXY": -0.09765625, "IXXI": -0.03515625, "IXIY": 0.0, "IIXY": -0.69921875, "XXYY": -0.123046875, "XXYI": 0.009765625, "XXIY": -0.025390625, "XIYY": 0.013671875, "XIIY": -0.001953125, "IXYY": 0.0859375, "IXYI": -0.01171875, "IIYY": 0.49609375, "XZZX": 0.01953125, "XZZI": 0.0625, "XZIX": -0.015625, "XIZX": 0.017578125, "IZZX": -0.052734375, "IZZI": -0.072265625, "IZIX": -0.005859375, "XYXY": 0.107421875, "XYXI": -0.013671875, "XYIY": -0.0078125, "XIXY": 0.1171875, "IYXY": -0.37890625, "IYXI": 0.03515625, "ZYYZ": -0.037109375, "ZYYI": -0.005859375, "ZYIZ": -0.0078125, "ZIYZ": -0.01171875, "ZIYI": -0.0234375, "ZIIZ": 0.029296875, "IYYZ": -0.01171875, "IYIZ": 0.001953125, "YYXX": -0.19921875, "YYXI": -0.0078125, "YYIX": -0.001953125, "YYII": 0.373046875, "YIXX": -0.109375, "YIIX": 0.033203125, "IYXX": -0.193359375, "IIXX": -0.474609375, "ZZXX": -0.30078125, "ZZXI": 0.013671875, "ZZIX": 0.078125, "ZZII": 0.763671875, "ZIXX": -0.384765625, "ZIXI": 0.0, "IZXX": -0.3203125, "YZZY": 0.044921875, "YZZI": -0.041015625, "YZIY": -0.001953125, "YIZY": 0.03515625, "YIZI": -0.015625, "IZZY": 0.009765625, "IZIY": 0.052734375, "YYZZ": 0.28515625, "YYZI": 0.015625, "YYIZ": 0.01953125, "YIZZ": 0.171875, "IYZZ": 0.3515625, "ZZYY": 0.361328125, "ZZYI": 0.041015625, "ZZIY": 0.083984375, "ZIYY": 0.3828125, "IZYY": 0.330078125, "YXYX": 0.14453125, "YXYI": -0.01171875, "YXIX": 0.03125, "YIYX": -0.134765625, "IXYX": -0.107421875, "ZXXZ": -0.0390625, "ZXXI": 0.013671875, "ZXIZ": 0.0234375, "ZIXZ": -0.001953125, "IXXZ": -0.01953125, "YYYY": 0.142578125, "YYYI": 0.005859375, "YYIY": -0.01171875, "YIYY": 0.072265625, "IYYY": 0.205078125, "ZZZZ": 0.62890625, "ZZZI": -0.025390625, "ZZIZ": -0.041015625, "ZIZZ": 0.66796875, "IZZZ": 0.578125, "XXXX": 0.103515625, "XXXI": -0.005859375, "XXIX": 0.005859375, "XIXX": 0.033203125, "IXXX": -0.07421875}