{"XYYX": 0.11328125, "XYYI": -0.0390625, "XYIX": 0.013671875, "XYII": -0.173828125, "XIYX": 0.07421875, "XIYI": -0.01171875, "XIIX": 0.001953125, "XIII": -0.134765625, "IYYX": -0.298828125, "IYYI": 0.005859375, "IYIX": -0.03515625, "IYII": 0.4453125, "IIYX": -0.650390625, "IIYI": -0.013671875, "IIIX": 0.03125, "IIII": 1.0, "XXZZ": -0.244140625, "XXZI": 0.0, "XXIZ": -0.001953125, "XXII": -0.28515625, "XIZZ": -0.064453125, "XIZI": 0.0234375, "XIIZ": 0.056640625, "IXZZ": 0.087890625, "IXZI": 0.00390625, "IXIZ": -0.029296875, "IXII": 0.109375, "IIZZ": 0.794921875, "IIZI": -0.0625, "IIIZ": -0.060546875, "XZXZ": 0.025390625, "XZXI": 0.021484375, "XZIZ": -0.01171875, "XZII": -0.00390625, "XIXZ": 0.01953125, "XIXI": -0.00390625, "IZXZ": 0.05078125, "IZXI": -0.0234375, "IZIZ": -0.005859375, "IZII": 0.728515625, "IIXZ": 0.064453125, "IIXI": 0.025390625, "YZYZ": 0.01953125, "YZYI": 0.03515625, "YZIZ": 0.01953125, "YZII": 0.0234375, "YIYZ": 0.015625, "YIYI": 0.00390625, "YIIZ": 0.01953125, "YIII": 0.18359375, "IZYZ": 0.0234375, "IZYI": 0.01953125, "IIYZ": 0.01953125, "ZXZX": -0.017578125, "ZXZI": -0.044921875, "ZXIX": 0.05078125, "ZXII": 0.140625, "ZIZX": -0.017578125, "ZIZI": -0.013671875, "ZIIX": 0.00390625, "ZIII": 0.8828125, "IXZX": -0.017578125, "IXIX": 0.01953125, "IIZX": -0.033203125, "ZYZY": 0.041015625, "ZYZI": 0.009765625, "ZYIY": 0.013671875, "ZYII": 0.423828125, "ZIZY": 0.01953125, "ZIIY": 0.06640625, "IYZY": 0.033203125, "IYZI": 0.029296875, "IYIY": 0.025390625, "IIZY": -0.0078125, "IIIY": 0.07421875, "YXXY": 0.1015625, "YXXI": -0.009765625, "YXIY": -0.005859375, "YXII": -0.125, "YIXY": -0.15234375, "YIXI": 0.005859375, "YIIY": 0.033203125, "IXXY": -0.1328125, "IXXI": 0.087890625, "IXIY": -0.107421875, "IIXY": -0.69140625, "XXYY": -0.158203125, "XXYI": -0.037109375, "XXIY": -0.0234375, "XIYY": -0.021484375, "XIIY": 0.03515625, "IXYY": 0.080078125, "IXYI": 0.013671875, "IIYY": 0.439453125, "XZZX": 0.033203125, "XZZI": 0.0, "XZIX": 0.005859375, "XIZX": 0.009765625, "IZZX": 0.037109375, "IZZI": -0.0859375, "IZIX": 0.001953125, "XYXY": 0.052734375, "XYXI": -0.064453125, "XYIY": 0.076171875, "XIXY": 0.06640625, "IYXY": -0.337890625, "IYXI": -0.005859375, "ZYYZ": -0.037109375, "ZYYI": -0.005859375, "ZYIZ": -0.009765625, "ZIYZ": -0.0546875, "ZIYI": -0.0625, "ZIIZ": -0.02734375, "IYYZ": -0.025390625, "IYIZ": 0.005859375, "YYXX": -0.1875, "YYXI": -0.052734375, "YYIX": 0.080078125, "YYII": 0.38671875, "YIXX": -0.099609375, "YIIX": 0.0, "IYXX": -0.224609375, "IIXX": -0.43359375, "ZZXX": -0.376953125, "ZZXI": -0.0234375, "ZZIX": 0.06640625, "ZZII": 0.783203125, "ZIXX": -0.39453125, "ZIXI": -0.021484375, "IZXX": -0.345703125, "YZZY": -0.001953125, "YZZI": -0.04296875, "YZIY": 0.029296875, "YIZY": -0.005859375, "YIZI": -0.015625, "IZZY": 0.041015625, "IZIY": 0.005859375, "YYZZ": 0.208984375, "YYZI": 0.009765625, "YYIZ": 0.01171875, "YIZZ": 0.162109375, "IYZZ": 0.392578125, "ZZYY": 0.390625, "ZZYI": 0.0625, "ZZIY": 0.064453125, "ZIYY": 0.4375, "IZYY": 0.376953125, "YXYX": 0.0625, "YXYI": -0.001953125, "YXIX": 0.0078125, "YIYX": -0.185546875, "IXYX": -0.0625, "ZXXZ": -0.0234375, "ZXXI": 0.02734375, "ZXIZ": 0.072265625, "ZIXZ": -0.083984375, "IXXZ": 0.0, "YYYY": 0.224609375, "YYYI": 0.00390625, "YYIY": 0.064453125, "YIYY": 0.08984375, "IYYY": 0.21875, "ZZZZ": 0.6484375, "ZZZI": -0.05078125, "ZZIZ": -0.0234375, "ZIZZ": 0.705078125, "IZZZ": 0.591796875, "XXXX": 0.169921875, "XXXI": 0.01953125, "XXIX": -0.0625, "XIXX": 0.001953125, "IXXX": -0.04296875}