{"XYYX": 0.109375, "XYYI": 0.03515625, "XYIX": -0.064453125, "XYII": -0.177734375, "XIYX": 0.046875, "XIYI": -0.0546875, "XIIX": 0.033203125, "XIII": -0.107421875, "IYYX": -0.314453125, "IYYI": -0.029296875, "IYIX": 0.0234375, "IYII": 0.44921875, "IIYX": -0.693359375, "IIYI": -0.044921875, "IIIX": 0.0546875, "IIII": 1.0, "XXZZ": -0.2109375, "XXZI": 0.01171875, "XXIZ": 0.01171875, "XXII": -0.23828125, "XIZZ": -0.05859375, "XIZI": 0.05078125, "XIIZ": 0.05078125, "IXZZ": 0.078125, "IXZI": -0.046875, "IXIZ": -0.05078125, "IXII": 0.109375, "IIZZ": 0.8125, "IIZI": -0.05078125, "IIIZ": -0.03125, "XZXZ": 0.03125, "XZXI": -0.048828125, "XZIZ": 0.021484375, "XZII": -0.01953125, "XIXZ": 0.001953125, "XIXI": -0.03515625, "IZXZ": 0.001953125, "IZXI": 0.00390625, "IZIZ": -0.0078125, "IZII": 0.775390625, "IIXZ": 0.0, "IIXI": 0.013671875, "YZYZ": -0.015625, "YZYI": 0.029296875, "YZIZ": -0.001953125, "YZII": 0.0078125, "YIYZ": 0.0078125, "YIYI": 0.048828125, "YIIZ": -0.001953125, "YIII": 0.21484375, "IZYZ": 0.02734375, "IZYI": -0.017578125, "IIYZ": 0.0234375, "ZXZX": -0.00390625, "ZXZI": -0.01953125, "ZXIX": -0.025390625, "ZXII": 0.119140625, "ZIZX": 0.005859375, "ZIZI": -0.052734375, "ZIIX": 0.07421875, "ZIII": 0.87109375, "IXZX": -0.015625, "IXIX": -0.029296875, "IIZX": 0.009765625, "ZYZY": 0.03125, "ZYZI": 0.00390625, "ZYIY": 0.017578125, "ZYII": 0.365234375, "ZIZY": 0.029296875, "ZIIY": 0.05859375, "IYZY": 0.03125, "IYZI": -0.015625, "IYIY": 0.021484375, "IIZY": 0.037109375, "IIIY": 0.0703125, "YXXY": 0.087890625, "YXXI": -0.056640625, "YXIY": -0.00390625, "YXII": -0.12890625, "YIXY": -0.169921875, "YIXI": 0.068359375, "YIIY": -0.0625, "IXXY": -0.095703125, "IXXI": 0.029296875, "IXIY": -0.01953125, "IIXY": -0.693359375, "XXYY": -0.19140625, "XXYI": 0.0078125, "XXIY": -0.01171875, "XIYY": -0.04296875, "XIIY": 0.01953125, "IXYY": 0.04296875, "IXYI": -0.0078125, "IIYY": 0.4453125, "XZZX": -0.01953125, "XZZI": 0.01171875, "XZIX": -0.021484375, "XIZX": -0.013671875, "IZZX": 0.04296875, "IZZI": -0.0234375, "IZIX": -0.044921875, "XYXY": 0.173828125, "XYXI": -0.01171875, "XYIY": 0.0390625, "XIXY": 0.109375, "IYXY": -0.291015625, "IYXI": 0.0078125, "ZYYZ": -0.013671875, "ZYYI": 0.037109375, "ZYIZ": -0.015625, "ZIYZ": -0.078125, "ZIYI": 0.0234375, "ZIIZ": 0.021484375, "IYYZ": -0.0234375, "IYIZ": -0.005859375, "YYXX": -0.162109375, "YYXI": -0.015625, "YYIX": -0.021484375, "YYII": 0.359375, "YIXX": -0.0703125, "YIIX": -0.03515625, "IYXX": -0.21875, "IIXX": -0.474609375, "ZZXX": -0.318359375, "ZZXI": 0.056640625, "ZZIX": 0.001953125, "ZZII": 0.771484375, "ZIXX": -0.37109375, "ZIXI": 0.0625, "IZXX": -0.287109375, "YZZY": -0.013671875, "YZZI": -0.01953125, "YZIY": 0.0078125, "YIZY": 0.009765625, "YIZI": -0.0234375, "IZZY": -0.02734375, "IZIY": 0.041015625, "YYZZ": 0.3203125, "YYZI": -0.033203125, "YYIZ": 0.0, "YIZZ": 0.162109375, "IYZZ": 0.37109375, "ZZYY": 0.353515625, "ZZYI": 0.00390625, "ZZIY": 0.0, "ZIYY": 0.3984375, "IZYY": 0.333984375, "YXYX": 0.109375, "YXYI": -0.04296875, "YXIX": 0.076171875, "YIYX": -0.154296875, "IXYX": -0.0859375, "ZXXZ": 0.037109375, "ZXXI": -0.005859375, "ZXIZ": 0.041015625, "ZIXZ": -0.009765625, "IXXZ": 0.01953125, "YYYY": 0.2265625, "YYYI": 0.01953125, "YYIY": 0.02734375, "YIYY": 0.15234375, "IYYY": 0.28515625, "ZZZZ": 0.630859375, "ZZZI": 0.005859375, "ZZIZ": 0.01171875, "ZIZZ": 0.68359375, "IZZZ": 0.5625, "XXXX": 0.171875, "XXXI": -0.060546875, "XXIX": 0.013671875, "XIXX": 0.013671875, "IXXX": -0.103515625}