{"XYYX": 0.080078125, "XYYI": 0.001953125, "XYIX": -0.00390625, "XYII": -0.1328125, "XIYX": 0.083984375, "XIYI": -0.021484375, "XIIX": 0.0234375, "XIII": -0.1171875, "IYYX": -0.353515625, "IYYI": -0.001953125, "IYIX": 0.01953125, "IYII": 0.4609375, "IIYX": -0.669921875, "IIYI": -0.009765625, "IIIX": 0.046875, "IIII": 1.0, "XXZZ": -0.248046875, "XXZI": 0.0, "XXIZ": 0.03125, "XXII": -0.294921875, "XIZZ": -0.119140625, "XIZI": -0.00390625, "XIIZ": 0.0078125, "IXZZ": 0.13671875, "IXZI": 0.013671875, "IXIZ": -0.005859375, "IXII": 0.1484375, "IIZZ": 0.8359375, "IIZI": -0.005859375, "IIIZ": -0.005859375, "XZXZ": -0.01171875, "XZXI": 0.01171875, "XZIZ": -0.07421875, "XZII": 0.015625, "XIXZ": 0.01953125, "XIXI": 0.00390625, "IZXZ": 0.0625, "IZXI": 0.03515625, "IZIZ": -0.03125, "IZII": 0.7109375, "IIXZ": 0.06640625, "IIXI": 0.03125, "YZYZ": 0.00390625, "YZYI": 0.01171875, "YZIZ": -0.03125, "YZII": 0.0390625, "YIYZ": -0.01953125, "YIYI": -0.00390625, "YIIZ": 0.0, "YIII": 0.1953125, "IZYZ": 0.02734375, "IZYI": -0.01171875, "IIYZ": 0.02734375, "ZXZX": -0.001953125, "ZXZI": -0.03515625, "ZXIX": -0.029296875, "ZXII": 0.1484375, "ZIZX": -0.03125, "ZIZI": -0.064453125, "ZIIX": 0.02734375, "ZIII": 0.853515625, "IXZX": -0.01171875, "IXIX": -0.03125, "IIZX": -0.044921875, "ZYZY": 0.015625, "ZYZI": -0.013671875, "ZYIY": -0.0234375, "ZYII": 0.447265625, "ZIZY": -0.0078125, "ZIIY": 0.03515625, "IYZY": 0.013671875, "IYZI": -0.0234375, "IYIY": -0.005859375, "IIZY": -0.009765625, "IIIY": 0.060546875, "YXXY": 0.103515625, "YXXI": -0.021484375, "YXIY": 0.025390625, "YXII": -0.099609375, "YIXY": -0.119140625, "YIXI": 0.009765625, "YIIY": -0.001953125, "IXXY": -0.09375, "IXXI": 0.03515625, "IXIY": 0.00390625, "IIXY": -0.69921875, "XXYY": -0.13671875, "XXYI": -0.03125, "XXIY": 0.01171875, "XIYY": -0.0390625, "XIIY": -0.0078125, "IXYY": 0.08984375, "IXYI": 0.0234375, "IIYY": 0.48046875, "XZZX": 0.013671875, "XZZI": -0.04296875, "XZIX": -0.009765625, "XIZX": 0.0, "IZZX": 0.015625, "IZZI": -0.017578125, "IZIX": 0.06640625, "XYXY": 0.03515625, "XYXI": 0.029296875, "XYIY": -0.025390625, "XIXY": 0.060546875, "IYXY": -0.353515625, "IYXI": -0.0078125, "ZYYZ": -0.03125, "ZYYI": 0.001953125, "ZYIZ": -0.033203125, "ZIYZ": 0.013671875, "ZIYI": 0.05859375, "ZIIZ": -0.0625, "IYYZ": -0.025390625, "IYIZ": -0.0234375, "YYXX": -0.16015625, "YYXI": -0.033203125, "YYIX": 0.060546875, "YYII": 0.41015625, "YIXX": -0.103515625, "YIIX": -0.015625, "IYXX": -0.208984375, "IIXX": -0.46484375, "ZZXX": -0.318359375, "ZZXI": -0.009765625, "ZZIX": 0.03125, "ZZII": 0.7734375, "ZIXX": -0.345703125, "ZIXI": 0.052734375, "IZXX": -0.330078125, "YZZY": 0.009765625, "YZZI": -0.029296875, "YZIY": 0.021484375, "YIZY": 0.00390625, "YIZI": 0.015625, "IZZY": 0.033203125, "IZIY": 0.025390625, "YYZZ": 0.32421875, "YYZI": 0.01171875, "YYIZ": 0.052734375, "YIZZ": 0.173828125, "IYZZ": 0.42578125, "ZZYY": 0.310546875, "ZZYI": 0.044921875, "ZZIY": 0.046875, "ZIYY": 0.39453125, "IZYY": 0.2890625, "YXYX": 0.064453125, "YXYI": -0.01171875, "YXIX": 0.0, "YIYX": -0.1953125, "IXYX": -0.052734375, "ZXXZ": 0.029296875, "ZXXI": 0.044921875, "ZXIZ": 0.015625, "ZIXZ": -0.001953125, "IXXZ": 0.005859375, "YYYY": 0.185546875, "YYYI": 0.041015625, "YYIY": -0.0078125, "YIYY": 0.091796875, "IYYY": 0.224609375, "ZZZZ": 0.669921875, "ZZZI": -0.02734375, "ZZIZ": -0.001953125, "ZIZZ": 0.728515625, "IZZZ": 0.595703125, "XXXX": 0.171875, "XXXI": 0.029296875, "XXIX": -0.01953125, "XIXX": -0.013671875, "IXXX": -0.07421875}