{"XYYX": 0.06640625, "XYYI": -0.05859375, "XYIX": 0.0625, "XYII": -0.125, "XIYX": 0.015625, "XIYI": -0.046875, "XIIX": 0.04296875, "XIII": -0.04296875, "IYYX": -0.3359375, "IYYI": 0.05078125, "IYIX": -0.03125, "IYII": 0.49609375, "IIYX": -0.67578125, "IIYI": 0.0625, "IIIX": -0.02734375, "IIII": 1.0, "XXZZ": -0.294921875, "XXZI": 0.0234375, "XXIZ": 0.02734375, "XXII": -0.345703125, "XIZZ": -0.033203125, "XIZI": 0.015625, "XIIZ": 0.0234375, "IXZZ": 0.125, "IXZI": -0.021484375, "IXIZ": -0.052734375, "IXII": 0.1640625, "IIZZ": 0.81640625, "IIZI": -0.013671875, "IIIZ": -0.009765625, "XZXZ": -0.072265625, "XZXI": 0.00390625, "XZIZ": -0.01171875, "XZII": 0.072265625, "XIXZ": -0.0625, "XIXI": 0.005859375, "IZXZ": -0.001953125, "IZXI": 0.0234375, "IZIZ": -0.00390625, "IZII": 0.716796875, "IIXZ": 0.0234375, "IIXI": 0.033203125, "YZYZ": 0.013671875, "YZYI": -0.029296875, "YZIZ": 0.009765625, "YZII": 0.017578125, "YIYZ": 0.048828125, "YIYI": -0.017578125, "YIIZ": -0.013671875, "YIII": 0.166015625, "IZYZ": 0.0390625, "IZYI": -0.0703125, "IIYZ": 0.046875, "ZXZX": 0.00390625, "ZXZI": 0.03515625, "ZXIX": 0.009765625, "ZXII": 0.119140625, "ZIZX": 0.01953125, "ZIZI": -0.00390625, "ZIIX": 0.068359375, "ZIII": 0.841796875, "IXZX": -0.005859375, "IXIX": 0.0234375, "IIZX": 0.005859375, "ZYZY": -0.005859375, "ZYZI": 0.017578125, "ZYIY": -0.01953125, "ZYII": 0.34375, "ZIZY": -0.02734375, "ZIIY": -0.033203125, "IYZY": -0.04296875, "IYZI": -0.0078125, "IYIY": -0.005859375, "IIZY": -0.021484375, "IIIY": -0.03125, "YXXY": 0.07421875, "YXXI": -0.009765625, "YXIY": -0.00390625, "YXII": -0.123046875, "YIXY": -0.1875, "YIXI": 0.009765625, "YIIY": -0.02734375, "IXXY": -0.119140625, "IXXI": 0.03515625, "IXIY": -0.025390625, "IIXY": -0.693359375, "XXYY": -0.154296875, "XXYI": 0.0, "XXIY": 0.021484375, "XIYY": 0.005859375, "XIIY": 0.029296875, "IXYY": 0.103515625, "IXYI": 0.0234375, "IIYY": 0.443359375, "XZZX": 0.078125, "XZZI": 0.044921875, "XZIX": 0.0390625, "XIZX": 0.0625, "IZZX": 0.005859375, "IZZI": -0.05078125, "IZIX": 0.005859375, "XYXY": 0.12890625, "XYXI": -0.03515625, "XYIY": -0.009765625, "XIXY": 0.02734375, "IYXY": -0.267578125, "IYXI": -0.025390625, "ZYYZ": -0.009765625, "ZYYI": -0.03125, "ZYIZ": -0.001953125, "ZIYZ": 0.01171875, "ZIYI": -0.068359375, "ZIIZ": -0.0078125, "IYYZ": 0.0078125, "IYIZ": -0.01171875, "YYXX": -0.146484375, "YYXI": -0.001953125, "YYIX": 0.021484375, "YYII": 0.341796875, "YIXX": -0.078125, "YIIX": 0.0078125, "IYXX": -0.236328125, "IIXX": -0.44921875, "ZZXX": -0.341796875, "ZZXI": 0.01953125, "ZZIX": 0.01171875, "ZZII": 0.740234375, "ZIXX": -0.39453125, "ZIXI": 0.017578125, "IZXX": -0.291015625, "YZZY": 0.052734375, "YZZI": -0.03125, "YZIY": -0.029296875, "YIZY": 0.01171875, "YIZI": -0.001953125, "IZZY": 0.05078125, "IZIY": -0.0078125, "YYZZ": 0.302734375, "YYZI": 0.037109375, "YYIZ": 0.03515625, "YIZZ": 0.130859375, "IYZZ": 0.345703125, "ZZYY": 0.3203125, "ZZYI": 0.01171875, "ZZIY": -0.0078125, "ZIYY": 0.376953125, "IZYY": 0.298828125, "YXYX": 0.15234375, "YXYI": 0.072265625, "YXIX": -0.099609375, "YIYX": -0.111328125, "IXYX": -0.080078125, "ZXXZ": -0.001953125, "ZXXI": -0.02734375, "ZXIZ": 0.0234375, "ZIXZ": -0.0546875, "IXXZ": -0.005859375, "YYYY": 0.103515625, "YYYI": -0.005859375, "YYIY": -0.029296875, "YIYY": 0.04296875, "IYYY": 0.244140625, "ZZZZ": 0.65234375, "ZZZI": 0.017578125, "ZZIZ": 0.03515625, "ZIZZ": 0.685546875, "IZZZ": 0.57421875, "XXXX": 0.107421875, "XXXI": 0.025390625, "XXIX": -0.046875, "XIXX": 0.064453125, "IXXX": -0.052734375}