{"XYYX": 0.12890625, "XYYI": -0.01953125, "XYIX": 0.02734375, "XYII": -0.1484375, "XIYX": 0.052734375, "XIYI": -0.017578125, "XIIX": 0.037109375, "XIII": -0.076171875, "IYYX": -0.294921875, "IYYI": 0.041015625, "IYIX": -0.009765625, "IYII": 0.455078125, "IIYX": -0.65625, "IIYI": 0.03125, "IIIX": 0.02734375, "IIII": 1.0, "XXZZ": -0.24609375, "XXZI": 0.013671875, "XXIZ": 0.013671875, "XXII": -0.2890625, "XIZZ": -0.0390625, "XIZI": -0.005859375, "XIIZ": -0.001953125, "IXZZ": 0.13671875, "IXZI": 0.009765625, "IXIZ": 0.009765625, "IXII": 0.15625, "IIZZ": 0.828125, "IIZI": -0.017578125, "IIIZ": -0.021484375, "XZXZ": -0.02734375, "XZXI": 0.02734375, "XZIZ": -0.0078125, "XZII": 0.04296875, "XIXZ": -0.00390625, "XIXI": -0.04296875, "IZXZ": 0.0234375, "IZXI": 0.015625, "IZIZ": -0.0234375, "IZII": 0.67578125, "IIXZ": -0.01171875, "IIXI": 0.02734375, "YZYZ": 0.068359375, "YZYI": 0.033203125, "YZIZ": -0.017578125, "YZII": 0.021484375, "YIYZ": 0.02734375, "YIYI": 0.05078125, "YIIZ": 0.0078125, "YIII": 0.16796875, "IZYZ": -0.005859375, "IZYI": 0.017578125, "IIYZ": -0.0234375, "ZXZX": 0.044921875, "ZXZI": -0.01953125, "ZXIX": -0.03125, "ZXII": 0.158203125, "ZIZX": 0.0, "ZIZI": -0.052734375, "ZIIX": 0.052734375, "ZIII": 0.87109375, "IXZX": 0.017578125, "IXIX": -0.05078125, "IIZX": 0.0, "ZYZY": 0.0546875, "ZYZI": 0.013671875, "ZYIY": -0.03125, "ZYII": 0.408203125, "ZIZY": 0.03125, "ZIIY": 0.0390625, "IYZY": 0.033203125, "IYZI": 0.03125, "IYIY": -0.025390625, "IIZY": 0.025390625, "IIIY": 0.060546875, "YXXY": 0.072265625, "YXXI": -0.009765625, "YXIY": -0.0078125, "YXII": -0.078125, "YIXY": -0.125, "YIXI": -0.078125, "YIIY": 0.064453125, "IXXY": -0.078125, "IXXI": 0.015625, "IXIY": 0.037109375, "IIXY": -0.666015625, "XXYY": -0.154296875, "XXYI": 0.046875, "XXIY": 0.044921875, "XIYY": 0.05078125, "XIIY": -0.046875, "IXYY": 0.06640625, "IXYI": 0.017578125, "IIYY": 0.408203125, "XZZX": 0.001953125, "XZZI": 0.08203125, "XZIX": 0.01171875, "XIZX": -0.009765625, "IZZX": -0.015625, "IZZI": 0.001953125, "IZIX": -0.025390625, "XYXY": 0.150390625, "XYXI": 0.06640625, "XYIY": 0.0078125, "XIXY": 0.072265625, "IYXY": -0.27734375, "IYXI": -0.001953125, "ZYYZ": -0.025390625, "ZYYI": 0.060546875, "ZYIZ": 0.041015625, "ZIYZ": -0.01171875, "ZIYI": 0.015625, "ZIIZ": 0.01953125, "IYYZ": -0.005859375, "IYIZ": 0.037109375, "YYXX": -0.17578125, "YYXI": 0.03515625, "YYIX": -0.033203125, "YYII": 0.396484375, "YIXX": -0.05859375, "YIIX": -0.009765625, "IYXX": -0.099609375, "IIXX": -0.373046875, "ZZXX": -0.271484375, "ZZXI": -0.01171875, "ZZIX": 0.021484375, "ZZII": 0.77734375, "ZIXX": -0.333984375, "ZIXI": -0.0390625, "IZXX": -0.275390625, "YZZY": 0.046875, "YZZI": -0.03125, "YZIY": -0.0546875, "YIZY": 0.029296875, "YIZI": -0.001953125, "IZZY": 0.013671875, "IZIY": 0.021484375, "YYZZ": 0.263671875, "YYZI": -0.009765625, "YYIZ": -0.001953125, "YIZZ": 0.12109375, "IYZZ": 0.369140625, "ZZYY": 0.33984375, "ZZYI": 0.013671875, "ZZIY": -0.013671875, "ZIYY": 0.33984375, "IZYY": 0.3046875, "YXYX": 0.076171875, "YXYI": -0.0234375, "YXIX": -0.015625, "YIYX": -0.158203125, "IXYX": -0.09765625, "ZXXZ": -0.015625, "ZXXI": -0.03125, "ZXIZ": 0.0234375, "ZIXZ": -0.041015625, "IXXZ": -0.005859375, "YYYY": 0.197265625, "YYYI": -0.072265625, "YYIY": -0.009765625, "YIYY": 0.109375, "IYYY": 0.185546875, "ZZZZ": 0.6015625, "ZZZI": -0.0078125, "ZZIZ": -0.0078125, "ZIZZ": 0.67578125, "IZZZ": 0.53515625, "XXXX": 0.119140625, "XXXI": -0.056640625, "XXIX": 0.00390625, "XIXX": 0.060546875, "IXXX": -0.033203125}