{"XYYX": 0.11328125, "XYYI": -0.052734375, "XYIX": 0.013671875, "XYII": -0.14453125, "XIYX": 0.072265625, "XIYI": -0.0078125, "XIIX": 0.0, "XIII": -0.095703125, "IYYX": -0.298828125, "IYYI": -0.01953125, "IYIX": 0.0390625, "IYII": 0.435546875, "IIYX": -0.66015625, "IIYI": 0.017578125, "IIIX": 0.025390625, "IIII": 1.0, "XXZZ": -0.2109375, "XXZI": -0.072265625, "XXIZ": -0.068359375, "XXII": -0.2890625, "XIZZ": -0.048828125, "XIZI": -0.00390625, "XIIZ": 0.0078125, "IXZZ": 0.087890625, "IXZI": 0.00390625, "IXIZ": -0.00390625, "IXII": 0.123046875, "IIZZ": 0.80859375, "IIZI": -0.064453125, "IIIZ": -0.033203125, "XZXZ": 0.02734375, "XZXI": -0.03515625, "XZIZ": 0.05078125, "XZII": 0.01953125, "XIXZ": 0.02734375, "XIXI": 0.0078125, "IZXZ": 0.01953125, "IZXI": -0.01171875, "IZIZ": 0.0078125, "IZII": 0.7265625, "IIXZ": -0.00390625, "IIXI": -0.03125, "YZYZ": -0.01953125, "YZYI": -0.025390625, "YZIZ": -0.01953125, "YZII": 0.044921875, "YIYZ": -0.03125, "YIYI": -0.021484375, "YIIZ": -0.00390625, "YIII": 0.224609375, "IZYZ": -0.033203125, "IZYI": -0.0078125, "IIYZ": -0.037109375, "ZXZX": -0.009765625, "ZXZI": -0.03125, "ZXIX": -0.03125, "ZXII": 0.177734375, "ZIZX": -0.04296875, "ZIZI": -0.009765625, "ZIIX": 0.005859375, "ZIII": 0.83984375, "IXZX": -0.013671875, "IXIX": -0.02734375, "IIZX": -0.046875, "ZYZY": 0.0234375, "ZYZI": 0.013671875, "ZYIY": 0.048828125, "ZYII": 0.37890625, "ZIZY": -0.0078125, "ZIIY": 0.056640625, "IYZY": 0.0234375, "IYZI": 0.021484375, "IYIY": 0.037109375, "IIZY": 0.0, "IIIY": 0.052734375, "YXXY": 0.087890625, "YXXI": 0.001953125, "YXIY": -0.0078125, "YXII": -0.09765625, "YIXY": -0.150390625, "YIXI": 0.013671875, "YIIY": 0.00390625, "IXXY": -0.123046875, "IXXI": -0.021484375, "IXIY": 0.03125, "IIXY": -0.666015625, "XXYY": -0.13671875, "XXYI": -0.044921875, "XXIY": -0.02734375, "XIYY": -0.025390625, "XIIY": -0.041015625, "IXYY": 0.078125, "IXYI": -0.048828125, "IIYY": 0.447265625, "XZZX": -0.01953125, "XZZI": -0.00390625, "XZIX": 0.041015625, "XIZX": 0.01953125, "IZZX": -0.005859375, "IZZI": -0.060546875, "IZIX": 0.015625, "XYXY": 0.095703125, "XYXI": 0.0, "XYIY": 0.01171875, "XIXY": 0.041015625, "IYXY": -0.296875, "IYXI": -0.013671875, "ZYYZ": 0.001953125, "ZYYI": 0.04296875, "ZYIZ": -0.00390625, "ZIYZ": 0.0234375, "ZIYI": 0.033203125, "ZIIZ": -0.037109375, "IYYZ": 0.009765625, "IYIZ": 0.00390625, "YYXX": -0.13671875, "YYXI": 0.017578125, "YYIX": -0.02734375, "YYII": 0.349609375, "YIXX": -0.05859375, "YIIX": -0.03125, "IYXX": -0.185546875, "IIXX": -0.427734375, "ZZXX": -0.34765625, "ZZXI": 0.037109375, "ZZIX": -0.056640625, "ZZII": 0.78515625, "ZIXX": -0.380859375, "ZIXI": 0.0625, "IZXX": -0.322265625, "YZZY": 0.01953125, "YZZI": -0.009765625, "YZIY": -0.015625, "YIZY": 0.021484375, "YIZI": -0.00390625, "IZZY": -0.01953125, "IZIY": -0.015625, "YYZZ": 0.33984375, "YYZI": -0.03125, "YYIZ": -0.01171875, "YIZZ": 0.193359375, "IYZZ": 0.369140625, "ZZYY": 0.310546875, "ZZYI": 0.00390625, "ZZIY": 0.033203125, "ZIYY": 0.361328125, "IZYY": 0.275390625, "YXYX": 0.056640625, "YXYI": 0.0234375, "YXIX": -0.029296875, "YIYX": -0.13671875, "IXYX": -0.1484375, "ZXXZ": 0.03515625, "ZXXI": 0.03125, "ZXIZ": -0.033203125, "ZIXZ": -0.064453125, "IXXZ": 0.03515625, "YYYY": 0.201171875, "YYYI": 0.048828125, "YYIY": 0.08203125, "YIYY": 0.15234375, "IYYY": 0.2265625, "ZZZZ": 0.658203125, "ZZZI": -0.02734375, "ZZIZ": -0.0390625, "ZIZZ": 0.728515625, "IZZZ": 0.58984375, "XXXX": 0.1953125, "XXXI": 0.01171875, "XXIX": -0.013671875, "XIXX": 0.1328125, "IXXX": -0.119140625}