{"XYYX": 0.1171875, "XYYI": 0.037109375, "XYIX": -0.025390625, "XYII": -0.16015625, "XIYX": 0.091796875, "XIYI": 0.04296875, "XIIX": -0.04296875, "XIII": -0.115234375, "IYYX": -0.322265625, "IYYI": -0.046875, "IYIX": 0.0625, "IYII": 0.447265625, "IIYX": -0.69140625, "IIYI": -0.033203125, "IIIX": 0.029296875, "IIII": 1.0, "XXZZ": -0.25390625, "XXZI": -0.009765625, "XXIZ": -0.015625, "XXII": -0.318359375, "XIZZ": -0.0859375, "XIZI": -0.048828125, "XIIZ": -0.05078125, "IXZZ": 0.146484375, "IXZI": 0.03515625, "IXIZ": 0.037109375, "IXII": 0.17578125, "IIZZ": 0.826171875, "IIZI": -0.03125, "IIIZ": -0.017578125, "XZXZ": -0.0078125, "XZXI": 0.009765625, "XZIZ": 0.01953125, "XZII": 0.068359375, "XIXZ": -0.0078125, "XIXI": 0.005859375, "IZXZ": -0.025390625, "IZXI": 0.0078125, "IZIZ": -0.029296875, "IZII": 0.72265625, "IIXZ": -0.021484375, "IIXI": 0.0, "YZYZ": -0.015625, "YZYI": 0.0625, "YZIZ": -0.009765625, "YZII": 0.060546875, "YIYZ": -0.009765625, "YIYI": 0.072265625, "YIIZ": 0.0078125, "YIII": 0.22265625, "IZYZ": -0.0390625, "IZYI": 0.0390625, "IIYZ": -0.072265625, "ZXZX": 0.017578125, "ZXZI": 0.0546875, "ZXIX": -0.033203125, "ZXII": 0.1171875, "ZIZX": 0.001953125, "ZIZI": 0.01171875, "ZIIX": -0.048828125, "ZIII": 0.87109375, "IXZX": 0.021484375, "IXIX": -0.044921875, "IIZX": 0.013671875, "ZYZY": 0.013671875, "ZYZI": 0.041015625, "ZYIY": 0.01171875, "ZYII": 0.4296875, "ZIZY": 0.0078125, "ZIIY": 0.025390625, "IYZY": -0.01171875, "IYZI": 0.0234375, "IYIY": 0.005859375, "IIZY": 0.005859375, "IIIY": 0.02734375, "YXXY": 0.0234375, "YXXI": 0.029296875, "YXIY": -0.03125, "YXII": -0.072265625, "YIXY": -0.130859375, "YIXI": -0.01171875, "YIIY": 0.013671875, "IXXY": -0.0859375, "IXXI": 0.013671875, "IXIY": -0.02734375, "IIXY": -0.658203125, "XXYY": -0.189453125, "XXYI": 0.015625, "XXIY": -0.021484375, "XIYY": -0.080078125, "XIIY": -0.001953125, "IXYY": 0.080078125, "IXYI": -0.015625, "IIYY": 0.474609375, "XZZX": 0.017578125, "XZZI": 0.041015625, "XZIX": -0.02734375, "XIZX": 0.00390625, "IZZX": 0.0, "IZZI": -0.0234375, "IZIX": -0.005859375, "XYXY": 0.111328125, "XYXI": -0.01953125, "XYIY": 0.013671875, "XIXY": 0.021484375, "IYXY": -0.283203125, "IYXI": 0.0234375, "ZYYZ": -0.037109375, "ZYYI": 0.041015625, "ZYIZ": 0.013671875, "ZIYZ": -0.044921875, "ZIYI": 0.029296875, "ZIIZ": -0.029296875, "IYYZ": -0.01953125, "IYIZ": 0.0, "YYXX": -0.138671875, "YYXI": 0.005859375, "YYIX": 0.044921875, "YYII": 0.357421875, "YIXX": -0.06640625, "YIIX": 0.03515625, "IYXX": -0.181640625, "IIXX": -0.46484375, "ZZXX": -0.3671875, "ZZXI": -0.0234375, "ZZIX": 0.044921875, "ZZII": 0.783203125, "ZIXX": -0.431640625, "ZIXI": -0.013671875, "IZXX": -0.3515625, "YZZY": 0.00390625, "YZZI": -0.0234375, "YZIY": -0.041015625, "YIZY": -0.041015625, "YIZI": 0.009765625, "IZZY": 0.01171875, "IZIY": -0.013671875, "YYZZ": 0.25, "YYZI": -0.048828125, "YYIZ": -0.041015625, "YIZZ": 0.09765625, "IYZZ": 0.33984375, "ZZYY": 0.33984375, "ZZYI": 0.0390625, "ZZIY": 0.037109375, "ZIYY": 0.36328125, "IZYY": 0.291015625, "YXYX": 0.103515625, "YXYI": 0.029296875, "YXIX": -0.0078125, "YIYX": -0.1484375, "IXYX": -0.12890625, "ZXXZ": -0.0078125, "ZXXI": 0.01171875, "ZXIZ": -0.00390625, "ZIXZ": 0.015625, "IXXZ": -0.00390625, "YYYY": 0.140625, "YYYI": 0.068359375, "YYIY": 0.0546875, "YIYY": 0.056640625, "IYYY": 0.15625, "ZZZZ": 0.658203125, "ZZZI": -0.05078125, "ZZIZ": -0.060546875, "ZIZZ": 0.7109375, "IZZZ": 0.609375, "XXXX": 0.150390625, "XXXI": -0.046875, "XXIX": 0.033203125, "XIXX": 0.048828125, "IXXX": -0.111328125}