{"XYYX": 0.10546875, "XYYI": -0.08203125, "XYIX": 0.013671875, "XYII": -0.138671875, "XIYX": 0.068359375, "XIYI": -0.021484375, "XIIX": -0.01171875, "XIII": -0.09765625, "IYYX": -0.27734375, "IYYI": 0.0625, "IYIX": -0.017578125, "IYII": 0.490234375, "IIYX": -0.642578125, "IIYI": 0.091796875, "IIIX": -0.02734375, "IIII": 1.0, "XXZZ": -0.23828125, "XXZI": -0.009765625, "XXIZ": -0.01953125, "XXII": -0.283203125, "XIZZ": -0.080078125, "XIZI": -0.0859375, "XIIZ": -0.041015625, "IXZZ": 0.09765625, "IXZI": 0.041015625, "IXIZ": 0.02734375, "IXII": 0.126953125, "IIZZ": 0.822265625, "IIZI": -0.0234375, "IIIZ": 0.001953125, "XZXZ": -0.021484375, "XZXI": 0.015625, "XZIZ": -0.013671875, "XZII": 0.0078125, "XIXZ": -0.03515625, "XIXI": 0.013671875, "IZXZ": -0.01953125, "IZXI": -0.044921875, "IZIZ": 0.01171875, "IZII": 0.720703125, "IIXZ": 0.005859375, "IIXI": -0.015625, "YZYZ": 0.04296875, "YZYI": -0.052734375, "YZIZ": -0.05078125, "YZII": 0.017578125, "YIYZ": 0.017578125, "YIYI": 0.01171875, "YIIZ": 0.017578125, "YIII": 0.23828125, "IZYZ": 0.03515625, "IZYI": -0.009765625, "IIYZ": 0.025390625, "ZXZX": 0.033203125, "ZXZI": 0.033203125, "ZXIX": 0.001953125, "ZXII": 0.138671875, "ZIZX": -0.0546875, "ZIZI": 0.01171875, "ZIIX": 0.02734375, "ZIII": 0.87109375, "IXZX": 0.021484375, "IXIX": 0.017578125, "IIZX": -0.05078125, "ZYZY": 0.037109375, "ZYZI": 0.0078125, "ZYIY": 0.033203125, "ZYII": 0.34375, "ZIZY": 0.0546875, "ZIIY": 0.06640625, "IYZY": 0.03515625, "IYZI": -0.021484375, "IYIY": 0.0078125, "IIZY": 0.041015625, "IIIY": 0.068359375, "YXXY": 0.125, "YXXI": 0.05078125, "YXIY": -0.001953125, "YXII": -0.166015625, "YIXY": -0.05078125, "YIXI": -0.015625, "YIIY": 0.013671875, "IXXY": -0.099609375, "IXXI": 0.017578125, "IXIY": 0.04296875, "IIXY": -0.650390625, "XXYY": -0.12890625, "XXYI": 0.015625, "XXIY": -0.0078125, "XIYY": -0.037109375, "XIIY": 0.041015625, "IXYY": 0.052734375, "IXYI": -0.033203125, "IIYY": 0.44140625, "XZZX": -0.021484375, "XZZI": 0.021484375, "XZIX": -0.041015625, "XIZX": -0.021484375, "IZZX": 0.0234375, "IZZI": -0.0390625, "IZIX": 0.01171875, "XYXY": 0.09375, "XYXI": -0.029296875, "XYIY": 0.021484375, "XIXY": 0.076171875, "IYXY": -0.302734375, "IYXI": -0.00390625, "ZYYZ": 0.0, "ZYYI": 0.0390625, "ZYIZ": 0.037109375, "ZIYZ": 0.001953125, "ZIYI": -0.017578125, "ZIIZ": -0.03125, "IYYZ": -0.01171875, "IYIZ": 0.017578125, "YYXX": -0.15625, "YYXI": -0.009765625, "YYIX": -0.037109375, "YYII": 0.37109375, "YIXX": -0.07421875, "YIIX": 0.025390625, "IYXX": -0.19921875, "IIXX": -0.4140625, "ZZXX": -0.365234375, "ZZXI": 0.0234375, "ZZIX": 0.0390625, "ZZII": 0.783203125, "ZIXX": -0.412109375, "ZIXI": 0.0234375, "IZXX": -0.34375, "YZZY": -0.013671875, "YZZI": -0.03515625, "YZIY": 0.037109375, "YIZY": -0.03125, "YIZI": -0.060546875, "IZZY": 0.015625, "IZIY": 0.0390625, "YYZZ": 0.29296875, "YYZI": 0.005859375, "YYIZ": 0.01171875, "YIZZ": 0.150390625, "IYZZ": 0.3828125, "ZZYY": 0.34375, "ZZYI": -0.05078125, "ZZIY": 0.037109375, "ZIYY": 0.36328125, "IZYY": 0.310546875, "YXYX": 0.080078125, "YXYI": -0.03515625, "YXIX": 0.064453125, "YIYX": -0.0859375, "IXYX": -0.1015625, "ZXXZ": 0.02734375, "ZXXI": -0.01171875, "ZXIZ": 0.0234375, "ZIXZ": -0.005859375, "IXXZ": 0.029296875, "YYYY": 0.1796875, "YYYI": 0.01171875, "YYIY": 0.01953125, "YIYY": 0.08984375, "IYYY": 0.16796875, "ZZZZ": 0.65234375, "ZZZI": -0.052734375, "ZZIZ": -0.01953125, "ZIZZ": 0.6875, "IZZZ": 0.611328125, "XXXX": 0.13671875, "XXXI": 0.056640625, "XXIX": -0.083984375, "XIXX": 0.033203125, "IXXX": -0.087890625}