{"XYYX": 0.134765625, "XYYI": -0.033203125, "XYIX": 0.00390625, "XYII": -0.1875, "XIYX": 0.13671875, "XIYI": -0.01171875, "XIIX": 0.013671875, "XIII": -0.150390625, "IYYX": -0.38671875, "IYYI": 0.04296875, "IYIX": -0.017578125, "IYII": 0.490234375, "IIYX": -0.685546875, "IIYI": 0.037109375, "IIIX": 0.00390625, "IIII": 1.0, "XXZZ": -0.189453125, "XXZI": -0.013671875, "XXIZ": -0.013671875, "XXII": -0.259765625, "XIZZ": -0.09375, "XIZI": -0.0234375, "XIIZ": 0.0, "IXZZ": 0.123046875, "IXZI": -0.052734375, "IXIZ": -0.033203125, "IXII": 0.126953125, "IIZZ": 0.80078125, "IIZI": -0.01171875, "IIIZ": 0.0078125, "XZXZ": -0.05078125, "XZXI": 0.09765625, "XZIZ": 0.0078125, "XZII": 0.01953125, "XIXZ": -0.04296875, "XIXI": 0.078125, "IZXZ": -0.01953125, "IZXI": -0.05078125, "IZIZ": -0.0078125, "IZII": 0.69140625, "IIXZ": 0.0078125, "IIXI": -0.04296875, "YZYZ": 0.03515625, "YZYI": 0.02734375, "YZIZ": -0.0390625, "YZII": 0.03515625, "YIYZ": 0.01953125, "YIYI": 0.01953125, "YIIZ": -0.04296875, "YIII": 0.265625, "IZYZ": -0.05078125, "IZYI": 0.0078125, "IIYZ": -0.04296875, "ZXZX": -0.0234375, "ZXZI": -0.095703125, "ZXIX": 0.0390625, "ZXII": 0.142578125, "ZIZX": 0.01171875, "ZIZI": -0.013671875, "ZIIX": 0.0, "ZIII": 0.845703125, "IXZX": -0.001953125, "IXIX": 0.033203125, "IIZX": 0.021484375, "ZYZY": 0.052734375, "ZYZI": -0.03125, "ZYIY": 0.04296875, "ZYII": 0.396484375, "ZIZY": 0.068359375, "ZIIY": 0.0625, "IYZY": 0.00390625, "IYZI": -0.017578125, "IYIY": 0.048828125, "IIZY": 0.04296875, "IIIY": 0.068359375, "YXXY": 0.064453125, "YXXI": 0.0234375, "YXIY": -0.021484375, "YXII": -0.09765625, "YIXY": -0.134765625, "YIXI": 0.0234375, "YIIY": -0.064453125, "IXXY": -0.091796875, "IXXI": -0.01953125, "IXIY": 0.017578125, "IIXY": -0.658203125, "XXYY": -0.1328125, "XXYI": -0.021484375, "XXIY": -0.08984375, "XIYY": -0.04296875, "XIIY": 0.0, "IXYY": 0.134765625, "IXYI": -0.04296875, "IIYY": 0.451171875, "XZZX": -0.052734375, "XZZI": 0.060546875, "XZIX": -0.015625, "XIZX": -0.05859375, "IZZX": 0.0390625, "IZZI": -0.05078125, "IZIX": -0.044921875, "XYXY": 0.08203125, "XYXI": 0.025390625, "XYIY": -0.0390625, "XIXY": 0.068359375, "IYXY": -0.2890625, "IYXI": -0.005859375, "ZYYZ": -0.04296875, "ZYYI": 0.01953125, "ZYIZ": 0.02734375, "ZIYZ": -0.03515625, "ZIYI": 0.00390625, "ZIIZ": 0.01171875, "IYYZ": -0.046875, "IYIZ": 0.05078125, "YYXX": -0.125, "YYXI": 0.0625, "YYIX": -0.05078125, "YYII": 0.31640625, "YIXX": -0.095703125, "YIIX": -0.029296875, "IYXX": -0.216796875, "IIXX": -0.4609375, "ZZXX": -0.376953125, "ZZXI": 0.021484375, "ZZIX": -0.009765625, "ZZII": 0.771484375, "ZIXX": -0.40625, "ZIXI": 0.03125, "IZXX": -0.337890625, "YZZY": 0.041015625, "YZZI": 0.015625, "YZIY": -0.037109375, "YIZY": 0.00390625, "YIZI": -0.001953125, "IZZY": 0.015625, "IZIY": 0.01171875, "YYZZ": 0.26171875, "YYZI": 0.00390625, "YYIZ": 0.0078125, "YIZZ": 0.123046875, "IYZZ": 0.392578125, "ZZYY": 0.296875, "ZZYI": 0.03515625, "ZZIY": 0.03125, "ZIYY": 0.365234375, "IZYY": 0.271484375, "YXYX": 0.05078125, "YXYI": -0.037109375, "YXIX": 0.017578125, "YIYX": -0.15234375, "IXYX": -0.08203125, "ZXXZ": 0.03515625, "ZXXI": 0.001953125, "ZXIZ": -0.021484375, "ZIXZ": -0.04296875, "IXXZ": 0.0390625, "YYYY": 0.166015625, "YYYI": -0.0234375, "YYIY": 0.00390625, "YIYY": 0.09375, "IYYY": 0.185546875, "ZZZZ": 0.640625, "ZZZI": -0.087890625, "ZZIZ": -0.0390625, "ZIZZ": 0.66015625, "IZZZ": 0.611328125, "XXXX": 0.103515625, "XXXI": 0.025390625, "XXIX": -0.021484375, "XIXX": 0.083984375, "IXXX": -0.08984375}