{"XYYX": 0.095703125, "XYYI": -0.00390625, "XYIX": -0.03125, "XYII": -0.169921875, "XIYX": 0.087890625, "XIYI": -0.0390625, "XIIX": -0.00390625, "XIII": -0.115234375, "IYYX": -0.33203125, "IYYI": 0.005859375, "IYIX": 0.017578125, "IYII": 0.45703125, "IIYX": -0.6640625, "IIYI": 0.013671875, "IIIX": 0.009765625, "IIII": 1.0, "XXZZ": -0.267578125, "XXZI": -0.0625, "XXIZ": -0.056640625, "XXII": -0.33984375, "XIZZ": -0.068359375, "XIZI": -0.0234375, "XIIZ": -0.025390625, "IXZZ": 0.119140625, "IXZI": 0.0078125, "IXIZ": 0.021484375, "IXII": 0.1171875, "IIZZ": 0.798828125, "IIZI": 0.01171875, "IIIZ": 0.009765625, "XZXZ": 0.005859375, "XZXI": 0.005859375, "XZIZ": 0.044921875, "XZII": 0.013671875, "XIXZ": 0.01171875, "XIXI": 0.01171875, "IZXZ": -0.033203125, "IZXI": 0.009765625, "IZIZ": -0.013671875, "IZII": 0.724609375, "IIXZ": -0.0234375, "IIXI": 0.05078125, "YZYZ": -0.0078125, "YZYI": 0.05078125, "YZIZ": -0.037109375, "YZII": 0.017578125, "YIYZ": 0.005859375, "YIYI": 0.017578125, "YIIZ": 0.01171875, "YIII": 0.18359375, "IZYZ": -0.03515625, "IZYI": 0.03125, "IIYZ": 0.009765625, "ZXZX": 0.033203125, "ZXZI": -0.001953125, "ZXIX": -0.0390625, "ZXII": 0.125, "ZIZX": -0.021484375, "ZIZI": -0.111328125, "ZIIX": 0.05078125, "ZIII": 0.85546875, "IXZX": 0.041015625, "IXIX": -0.0390625, "IIZX": -0.001953125, "ZYZY": -0.033203125, "ZYZI": 0.03515625, "ZYIY": -0.00390625, "ZYII": 0.353515625, "ZIZY": -0.009765625, "ZIIY": -0.02734375, "IYZY": -0.04296875, "IYZI": 0.017578125, "IYIY": -0.017578125, "IIZY": -0.03125, "IIIY": -0.029296875, "YXXY": 0.109375, "YXXI": -0.048828125, "YXIY": 0.0546875, "YXII": -0.146484375, "YIXY": -0.134765625, "YIXI": -0.04296875, "YIIY": 0.048828125, "IXXY": -0.03125, "IXXI": 0.013671875, "IXIY": -0.015625, "IIXY": -0.630859375, "XXYY": -0.11328125, "XXYI": 0.02734375, "XXIY": -0.005859375, "XIYY": 0.00390625, "XIIY": -0.013671875, "IXYY": 0.064453125, "IXYI": -0.017578125, "IIYY": 0.470703125, "XZZX": 0.015625, "XZZI": 0.064453125, "XZIX": -0.00390625, "XIZX": -0.0078125, "IZZX": 0.001953125, "IZZI": 0.015625, "IZIX": 0.041015625, "XYXY": 0.107421875, "XYXI": -0.025390625, "XYIY": 0.041015625, "XIXY": 0.0703125, "IYXY": -0.291015625, "IYXI": 0.009765625, "ZYYZ": -0.01953125, "ZYYI": 0.013671875, "ZYIZ": 0.044921875, "ZIYZ": 0.00390625, "ZIYI": 0.044921875, "ZIIZ": -0.029296875, "IYYZ": -0.03515625, "IYIZ": 0.048828125, "YYXX": -0.138671875, "YYXI": 0.001953125, "YYIX": 0.0234375, "YYII": 0.33984375, "YIXX": -0.060546875, "YIIX": 0.01953125, "IYXX": -0.189453125, "IIXX": -0.443359375, "ZZXX": -0.388671875, "ZZXI": 0.02734375, "ZZIX": 0.03515625, "ZZII": 0.779296875, "ZIXX": -0.40234375, "ZIXI": -0.029296875, "IZXX": -0.353515625, "YZZY": -0.015625, "YZZI": -0.033203125, "YZIY": 0.0078125, "YIZY": -0.0234375, "YIZI": -0.017578125, "IZZY": -0.009765625, "IZIY": -0.021484375, "YYZZ": 0.318359375, "YYZI": -0.017578125, "YYIZ": -0.009765625, "YIZZ": 0.142578125, "IYZZ": 0.37109375, "ZZYY": 0.392578125, "ZZYI": 0.041015625, "ZZIY": 0.021484375, "ZIYY": 0.375, "IZYY": 0.330078125, "YXYX": 0.0703125, "YXYI": 0.013671875, "YXIX": -0.0078125, "YIYX": -0.1328125, "IXYX": -0.115234375, "ZXXZ": -0.044921875, "ZXXI": -0.029296875, "ZXIZ": 0.013671875, "ZIXZ": 0.046875, "IXXZ": -0.048828125, "YYYY": 0.251953125, "YYYI": -0.001953125, "YYIY": 0.03125, "YIYY": 0.1640625, "IYYY": 0.203125, "ZZZZ": 0.62109375, "ZZZI": 0.00390625, "ZZIZ": 0.025390625, "ZIZZ": 0.6875, "IZZZ": 0.552734375, "XXXX": 0.142578125, "XXXI": -0.00390625, "XXIX": 0.033203125, "XIXX": 0.080078125, "IXXX": -0.119140625}