{"XYYX": 0.1171875, "XYYI": 0.01953125, "XYIX": -0.04296875, "XYII": -0.19921875, "XIYX": 0.05078125, "XIYI": 0.01953125, "XIIX": 0.00390625, "XIII": -0.1015625, "IYYX": -0.30078125, "IYYI": -0.0234375, "IYIX": 0.05078125, "IYII": 0.44921875, "IIYX": -0.6328125, "IIYI": 0.0, "IIIX": 0.05859375, "IIII": 1.0, "XXZZ": -0.275390625, "XXZI": -0.068359375, "XXIZ": -0.083984375, "XXII": -0.345703125, "XIZZ": -0.150390625, "XIZI": -0.068359375, "XIIZ": -0.068359375, "IXZZ": 0.16015625, "IXZI": 0.00390625, "IXIZ": -0.00390625, "IXII": 0.18359375, "IIZZ": 0.8046875, "IIZI": -0.0234375, "IIIZ": -0.015625, "XZXZ": -0.033203125, "XZXI": 0.03125, "XZIZ": 0.0078125, "XZII": 0.029296875, "XIXZ": -0.041015625, "XIXI": 0.01953125, "IZXZ": -0.0234375, "IZXI": 0.025390625, "IZIZ": -0.021484375, "IZII": 0.75, "IIXZ": 0.01171875, "IIXI": 0.048828125, "YZYZ": -0.02734375, "YZYI": 0.01953125, "YZIZ": 0.00390625, "YZII": 0.03125, "YIYZ": 0.00390625, "YIYI": 0.02734375, "YIIZ": 0.00390625, "YIII": 0.2109375, "IZYZ": -0.0625, "IZYI": 0.02734375, "IIYZ": -0.04296875, "ZXZX": 0.0, "ZXZI": 0.017578125, "ZXIX": -0.015625, "ZXII": 0.216796875, "ZIZX": 0.03125, "ZIZI": -0.041015625, "ZIIX": 0.05859375, "ZIII": 0.849609375, "IXZX": -0.001953125, "IXIX": 0.001953125, "IIZX": 0.033203125, "ZYZY": 0.0078125, "ZYZI": 0.0234375, "ZYIY": -0.041015625, "ZYII": 0.443359375, "ZIZY": 0.02734375, "ZIIY": -0.009765625, "IYZY": 0.029296875, "IYZI": 0.041015625, "IYIY": -0.02734375, "IIZY": 0.041015625, "IIIY": -0.00390625, "YXXY": 0.099609375, "YXXI": -0.033203125, "YXIY": -0.017578125, "YXII": -0.150390625, "YIXY": -0.15234375, "YIXI": -0.04296875, "YIIY": 0.01953125, "IXXY": -0.123046875, "IXXI": -0.005859375, "IXIY": -0.037109375, "IIXY": -0.65625, "XXYY": -0.091796875, "XXYI": -0.001953125, "XXIY": -0.005859375, "XIYY": -0.05078125, "XIIY": -0.01171875, "IXYY": 0.072265625, "IXYI": 0.025390625, "IIYY": 0.37109375, "XZZX": 0.0234375, "XZZI": 0.015625, "XZIX": 0.02734375, "XIZX": 0.02734375, "IZZX": 0.01171875, "IZZI": -0.03515625, "IZIX": 0.0234375, "XYXY": 0.126953125, "XYXI": -0.0625, "XYIY": 0.037109375, "XIXY": 0.09765625, "IYXY": -0.3125, "IYXI": -0.009765625, "ZYYZ": -0.0078125, "ZYYI": 0.072265625, "ZYIZ": 0.015625, "ZIYZ": 0.02734375, "ZIYI": 0.009765625, "ZIIZ": -0.03125, "IYYZ": -0.048828125, "IYIZ": -0.005859375, "YYXX": -0.1875, "YYXI": 0.01953125, "YYIX": 0.021484375, "YYII": 0.365234375, "YIXX": -0.125, "YIIX": -0.021484375, "IYXX": -0.185546875, "IIXX": -0.490234375, "ZZXX": -0.35546875, "ZZXI": -0.03125, "ZZIX": 0.064453125, "ZZII": 0.775390625, "ZIXX": -0.4140625, "ZIXI": -0.046875, "IZXX": -0.337890625, "YZZY": 0.04296875, "YZZI": -0.0390625, "YZIY": -0.037109375, "YIZY": 0.0625, "YIZI": -0.00390625, "IZZY": -0.025390625, "IZIY": 0.046875, "YYZZ": 0.265625, "YYZI": -0.013671875, "YYIZ": -0.0078125, "YIZZ": 0.140625, "IYZZ": 0.361328125, "ZZYY": 0.3984375, "ZZYI": 0.060546875, "ZZIY": 0.0703125, "ZIYY": 0.41015625, "IZYY": 0.373046875, "YXYX": 0.08203125, "YXYI": 0.02734375, "YXIX": -0.0234375, "YIYX": -0.115234375, "IXYX": -0.044921875, "ZXXZ": -0.02734375, "ZXXI": 0.02734375, "ZXIZ": -0.01171875, "ZIXZ": -0.0390625, "IXXZ": -0.0234375, "YYYY": 0.17578125, "YYYI": 0.009765625, "YYIY": -0.009765625, "YIYY": 0.095703125, "IYYY": 0.193359375, "ZZZZ": 0.623046875, "ZZZI": -0.013671875, "ZZIZ": -0.01171875, "ZIZZ": 0.697265625, "IZZZ": 0.568359375, "XXXX": 0.154296875, "XXXI": 0.037109375, "XXIX": -0.01953125, "XIXX": -0.021484375, "IXXX": -0.041015625}