{"XYYX": 0.083984375, "XYYI": 0.033203125, "XYIX": -0.021484375, "XYII": -0.130859375, "XIYX": 0.0859375, "XIYI": 0.0234375, "XIIX": -0.00390625, "XIII": -0.078125, "IYYX": -0.310546875, "IYYI": -0.072265625, "IYIX": 0.091796875, "IYII": 0.443359375, "IIYX": -0.65625, "IIYI": -0.015625, "IIIX": 0.04296875, "IIII": 1.0, "XXZZ": -0.27734375, "XXZI": -0.033203125, "XXIZ": 0.001953125, "XXII": -0.328125, "XIZZ": -0.048828125, "XIZI": -0.00390625, "XIIZ": 0.00390625, "IXZZ": 0.095703125, "IXZI": -0.0390625, "IXIZ": -0.01171875, "IXII": 0.130859375, "IIZZ": 0.796875, "IIZI": -0.037109375, "IIIZ": -0.005859375, "XZXZ": 0.013671875, "XZXI": 0.021484375, "XZIZ": -0.01171875, "XZII": -0.01171875, "XIXZ": 0.021484375, "XIXI": 0.017578125, "IZXZ": -0.001953125, "IZXI": 0.037109375, "IZIZ": -0.01171875, "IZII": 0.76171875, "IIXZ": -0.033203125, "IIXI": 0.001953125, "YZYZ": -0.041015625, "YZYI": 0.01171875, "YZIZ": -0.013671875, "YZII": 0.0234375, "YIYZ": -0.03515625, "YIYI": 0.021484375, "YIIZ": 0.01953125, "YIII": 0.193359375, "IZYZ": 0.0234375, "IZYI": 0.033203125, "IIYZ": 0.021484375, "ZXZX": -0.015625, "ZXZI": -0.009765625, "ZXIX": 0.025390625, "ZXII": 0.16796875, "ZIZX": 0.029296875, "ZIZI": -0.04296875, "ZIIX": 0.05078125, "ZIII": 0.888671875, "IXZX": -0.005859375, "IXIX": 0.046875, "IIZX": 0.02734375, "ZYZY": 0.01171875, "ZYZI": 0.009765625, "ZYIY": 0.017578125, "ZYII": 0.37890625, "ZIZY": 0.046875, "ZIIY": 0.064453125, "IYZY": 0.0234375, "IYZI": -0.001953125, "IYIY": 0.021484375, "IIZY": 0.0703125, "IIIY": 0.064453125, "YXXY": 0.0390625, "YXXI": 0.0234375, "YXIY": -0.046875, "YXII": -0.09375, "YIXY": -0.0703125, "YIXI": 0.0546875, "YIIY": -0.01171875, "IXXY": -0.09375, "IXXI": 0.01171875, "IXIY": -0.03125, "IIXY": -0.671875, "XXYY": -0.115234375, "XXYI": 0.00390625, "XXIY": -0.025390625, "XIYY": -0.123046875, "XIIY": 0.009765625, "IXYY": 0.091796875, "IXYI": 0.01171875, "IIYY": 0.408203125, "XZZX": 0.01953125, "XZZI": 0.0, "XZIX": 0.01171875, "XIZX": -0.001953125, "IZZX": 0.029296875, "IZZI": 0.013671875, "IZIX": 0.052734375, "XYXY": 0.158203125, "XYXI": 0.048828125, "XYIY": -0.033203125, "XIXY": 0.0703125, "IYXY": -0.271484375, "IYXI": 0.033203125, "ZYYZ": -0.0078125, "ZYYI": 0.017578125, "ZYIZ": 0.0390625, "ZIYZ": 0.009765625, "ZIYI": 0.07421875, "ZIIZ": -0.013671875, "IYYZ": 0.0, "IYIZ": 0.01953125, "YYXX": -0.134765625, "YYXI": 0.0390625, "YYIX": -0.033203125, "YYII": 0.3671875, "YIXX": -0.03515625, "YIIX": -0.01171875, "IYXX": -0.18359375, "IIXX": -0.419921875, "ZZXX": -0.28125, "ZZXI": 0.009765625, "ZZIX": 0.0546875, "ZZII": 0.771484375, "ZIXX": -0.33984375, "ZIXI": 0.021484375, "IZXX": -0.259765625, "YZZY": 0.005859375, "YZZI": -0.025390625, "YZIY": 0.01171875, "YIZY": -0.009765625, "YIZI": -0.021484375, "IZZY": -0.017578125, "IZIY": 0.03125, "YYZZ": 0.341796875, "YYZI": -0.013671875, "YYIZ": -0.017578125, "YIZZ": 0.232421875, "IYZZ": 0.390625, "ZZYY": 0.28515625, "ZZYI": -0.025390625, "ZZIY": -0.013671875, "ZIYY": 0.34375, "IZYY": 0.29296875, "YXYX": 0.0625, "YXYI": 0.009765625, "YXIX": -0.0078125, "YIYX": -0.134765625, "IXYX": -0.0546875, "ZXXZ": 0.0, "ZXXI": -0.025390625, "ZXIZ": 0.0078125, "ZIXZ": 0.013671875, "IXXZ": -0.015625, "YYYY": 0.1640625, "YYYI": -0.041015625, "YYIY": 0.041015625, "YIYY": 0.126953125, "IYYY": 0.224609375, "ZZZZ": 0.6015625, "ZZZI": -0.03125, "ZZIZ": -0.041015625, "ZIZZ": 0.673828125, "IZZZ": 0.578125, "XXXX": 0.103515625, "XXXI": 0.0, "XXIX": -0.025390625, "XIXX": 0.04296875, "IXXX": -0.1015625}