{"XYYX": 0.134765625, "XYYI": -0.01953125, "XYIX": 0.005859375, "XYII": -0.1953125, "XIYX": 0.072265625, "XIYI": -0.03515625, "XIIX": 0.021484375, "XIII": -0.125, "IYYX": -0.302734375, "IYYI": -0.01171875, "IYIX": 0.033203125, "IYII": 0.44140625, "IIYX": -0.666015625, "IIYI": 0.0234375, "IIIX": 0.060546875, "IIII": 1.0, "XXZZ": -0.263671875, "XXZI": -0.005859375, "XXIZ": -0.021484375, "XXII": -0.318359375, "XIZZ": -0.12890625, "XIZI": 0.0390625, "XIIZ": 0.01171875, "IXZZ": 0.123046875, "IXZI": -0.044921875, "IXIZ": 0.001953125, "IXII": 0.138671875, "IIZZ": 0.80078125, "IIZI": -0.07421875, "IIIZ": -0.0078125, "XZXZ": -0.013671875, "XZXI": -0.060546875, "XZIZ": -0.033203125, "XZII": 0.072265625, "XIXZ": 0.0390625, "XIXI": -0.05078125, "IZXZ": 0.005859375, "IZXI": 0.060546875, "IZIZ": 0.021484375, "IZII": 0.681640625, "IIXZ": -0.0078125, "IIXI": 0.04296875, "YZYZ": -0.025390625, "YZYI": 0.0390625, "YZIZ": 0.005859375, "YZII": -0.0234375, "YIYZ": 0.0234375, "YIYI": 0.017578125, "YIIZ": 0.015625, "YIII": 0.205078125, "IZYZ": 0.00390625, "IZYI": -0.005859375, "IIYZ": 0.025390625, "ZXZX": -0.033203125, "ZXZI": -0.0078125, "ZXIX": 0.033203125, "ZXII": 0.16015625, "ZIZX": 0.025390625, "ZIZI": 0.046875, "ZIIX": 0.017578125, "ZIII": 0.8515625, "IXZX": -0.029296875, "IXIX": 0.029296875, "IIZX": 0.009765625, "ZYZY": 0.03125, "ZYZI": 0.015625, "ZYIY": 0.037109375, "ZYII": 0.416015625, "ZIZY": 0.009765625, "ZIIY": 0.0703125, "IYZY": 0.01953125, "IYZI": 0.0078125, "IYIY": 0.025390625, "IIZY": 0.013671875, "IIIY": 0.08203125, "YXXY": 0.0546875, "YXXI": -0.005859375, "YXIY": -0.0234375, "YXII": -0.080078125, "YIXY": -0.11328125, "YIXI": 0.021484375, "YIIY": 0.01171875, "IXXY": -0.123046875, "IXXI": 0.0234375, "IXIY": -0.044921875, "IIXY": -0.634765625, "XXYY": -0.19140625, "XXYI": 0.0390625, "XXIY": -0.013671875, "XIYY": -0.064453125, "XIIY": -0.0390625, "IXYY": 0.08984375, "IXYI": 0.0, "IIYY": 0.439453125, "XZZX": 0.013671875, "XZZI": -0.025390625, "XZIX": 0.01171875, "XIZX": 0.044921875, "IZZX": 0.005859375, "IZZI": -0.052734375, "IZIX": 0.0, "XYXY": 0.15234375, "XYXI": -0.046875, "XYIY": 0.068359375, "XIXY": 0.048828125, "IYXY": -0.31640625, "IYXI": 0.01953125, "ZYYZ": -0.009765625, "ZYYI": 0.01953125, "ZYIZ": 0.013671875, "ZIYZ": 0.0546875, "ZIYI": -0.025390625, "ZIIZ": 0.00390625, "IYYZ": -0.04296875, "IYIZ": 0.03515625, "YYXX": -0.15625, "YYXI": -0.0390625, "YYIX": 0.064453125, "YYII": 0.341796875, "YIXX": -0.111328125, "YIIX": 0.05859375, "IYXX": -0.23046875, "IIXX": -0.474609375, "ZZXX": -0.359375, "ZZXI": 0.009765625, "ZZIX": 0.005859375, "ZZII": 0.77734375, "ZIXX": -0.412109375, "ZIXI": 0.02734375, "IZXX": -0.326171875, "YZZY": 0.001953125, "YZZI": -0.04296875, "YZIY": 0.001953125, "YIZY": -0.01171875, "YIZI": 0.001953125, "IZZY": -0.00390625, "IZIY": 0.01171875, "YYZZ": 0.255859375, "YYZI": 0.052734375, "YYIZ": 0.048828125, "YIZZ": 0.171875, "IYZZ": 0.400390625, "ZZYY": 0.306640625, "ZZYI": 0.095703125, "ZZIY": 0.06640625, "ZIYY": 0.318359375, "IZYY": 0.275390625, "YXYX": 0.07421875, "YXYI": 0.02734375, "YXIX": -0.013671875, "YIYX": -0.154296875, "IXYX": -0.10546875, "ZXXZ": -0.01171875, "ZXXI": 0.0234375, "ZXIZ": 0.02734375, "ZIXZ": 0.0234375, "IXXZ": 0.0, "YYYY": 0.158203125, "YYYI": -0.029296875, "YYIY": 0.029296875, "YIYY": 0.0546875, "IYYY": 0.212890625, "ZZZZ": 0.62890625, "ZZZI": 0.025390625, "ZZIZ": 0.01171875, "ZIZZ": 0.6953125, "IZZZ": 0.560546875, "XXXX": 0.10546875, "XXXI": -0.0390625, "XXIX": 0.013671875, "XIXX": 0.005859375, "IXXX": -0.1171875}