{"XYYX": 0.11328125, "XYYI": -0.025390625, "XYIX": -0.00390625, "XYII": -0.173828125, "XIYX": 0.06640625, "XIYI": 0.001953125, "XIIX": 0.0078125, "XIII": -0.111328125, "IYYX": -0.318359375, "IYYI": 0.01171875, "IYIX": 0.009765625, "IYII": 0.46484375, "IIYX": -0.681640625, "IIYI": 0.02734375, "IIIX": 0.033203125, "IIII": 1.0, "XXZZ": -0.2578125, "XXZI": 0.044921875, "XXIZ": 0.048828125, "XXII": -0.2890625, "XIZZ": -0.091796875, "XIZI": 0.01953125, "XIIZ": 0.00390625, "IXZZ": 0.126953125, "IXZI": -0.0078125, "IXIZ": -0.0078125, "IXII": 0.146484375, "IIZZ": 0.796875, "IIZI": -0.044921875, "IIIZ": -0.025390625, "XZXZ": 0.0546875, "XZXI": -0.02734375, "XZIZ": 0.025390625, "XZII": 0.041015625, "XIXZ": -0.009765625, "XIXI": -0.052734375, "IZXZ": -0.015625, "IZXI": 0.01171875, "IZIZ": 0.025390625, "IZII": 0.666015625, "IIXZ": -0.017578125, "IIXI": 0.025390625, "YZYZ": -0.05078125, "YZYI": -0.021484375, "YZIZ": 0.00390625, "YZII": -0.033203125, "YIYZ": -0.0390625, "YIYI": 0.013671875, "YIIZ": 0.046875, "YIII": 0.189453125, "IZYZ": -0.033203125, "IZYI": 0.0078125, "IIYZ": -0.033203125, "ZXZX": -0.005859375, "ZXZI": 0.048828125, "ZXIX": 0.005859375, "ZXII": 0.146484375, "ZIZX": -0.076171875, "ZIZI": -0.033203125, "ZIIX": 0.041015625, "ZIII": 0.873046875, "IXZX": 0.015625, "IXIX": 0.0078125, "IIZX": -0.05859375, "ZYZY": 0.03515625, "ZYZI": -0.0078125, "ZYIY": 0.041015625, "ZYII": 0.337890625, "ZIZY": 0.01171875, "ZIIY": 0.037109375, "IYZY": 0.013671875, "IYZI": 0.013671875, "IYIY": 0.02734375, "IIZY": 0.005859375, "IIIY": 0.015625, "YXXY": 0.140625, "YXXI": 0.0234375, "YXIY": -0.0390625, "YXII": -0.17578125, "YIXY": -0.162109375, "YIXI": -0.037109375, "YIIY": 0.021484375, "IXXY": -0.044921875, "IXXI": 0.017578125, "IXIY": 0.017578125, "IIXY": -0.671875, "XXYY": -0.146484375, "XXYI": 0.001953125, "XXIY": 0.017578125, "XIYY": -0.06640625, "XIIY": 0.00390625, "IXYY": 0.123046875, "IXYI": 0.037109375, "IIYY": 0.42578125, "XZZX": 0.064453125, "XZZI": 0.03515625, "XZIX": -0.033203125, "XIZX": 0.029296875, "IZZX": -0.017578125, "IZZI": -0.0078125, "IZIX": 0.076171875, "XYXY": 0.154296875, "XYXI": 0.1171875, "XYIY": -0.109375, "XIXY": 0.087890625, "IYXY": -0.3046875, "IYXI": 0.033203125, "ZYYZ": 0.02734375, "ZYYI": 0.001953125, "ZYIZ": 0.05859375, "ZIYZ": -0.0078125, "ZIYI": 0.001953125, "ZIIZ": 0.015625, "IYYZ": 0.033203125, "IYIZ": 0.060546875, "YYXX": -0.166015625, "YYXI": -0.029296875, "YYIX": 0.025390625, "YYII": 0.380859375, "YIXX": -0.107421875, "YIIX": -0.005859375, "IYXX": -0.22265625, "IIXX": -0.44140625, "ZZXX": -0.34765625, "ZZXI": 0.01171875, "ZZIX": -0.0078125, "ZZII": 0.79296875, "ZIXX": -0.3515625, "ZIXI": 0.03125, "IZXX": -0.3203125, "YZZY": 0.013671875, "YZZI": 0.013671875, "YZIY": 0.033203125, "YIZY": -0.01171875, "YIZI": 0.02734375, "IZZY": -0.009765625, "IZIY": 0.072265625, "YYZZ": 0.251953125, "YYZI": 0.052734375, "YYIZ": 0.07421875, "YIZZ": 0.1171875, "IYZZ": 0.375, "ZZYY": 0.37109375, "ZZYI": -0.025390625, "ZZIY": 0.041015625, "ZIYY": 0.3828125, "IZYY": 0.3515625, "YXYX": 0.021484375, "YXYI": -0.064453125, "YXIX": 0.072265625, "YIYX": -0.16015625, "IXYX": -0.115234375, "ZXXZ": -0.01953125, "ZXXI": 0.00390625, "ZXIZ": 0.009765625, "ZIXZ": -0.02734375, "IXXZ": -0.013671875, "YYYY": 0.1796875, "YYYI": 0.013671875, "YYIY": -0.0078125, "YIYY": 0.0390625, "IYYY": 0.177734375, "ZZZZ": 0.626953125, "ZZZI": -0.095703125, "ZZIZ": -0.076171875, "ZIZZ": 0.669921875, "IZZZ": 0.58203125, "XXXX": 0.140625, "XXXI": 0.01171875, "XXIX": -0.025390625, "XIXX": 0.046875, "IXXX": -0.044921875}