{"XYYX": 0.158203125, "XYYI": -0.01953125, "XYIX": -0.001953125, "XYII": -0.203125, "XIYX": 0.099609375, "XIYI": -0.05078125, "XIIX": 0.013671875, "XIII": -0.11328125, "IYYX": -0.330078125, "IYYI": 0.03515625, "IYIX": -0.005859375, "IYII": 0.484375, "IIYX": -0.634765625, "IIYI": 0.03125, "IIIX": 0.099609375, "IIII": 1.0, "XXZZ": -0.240234375, "XXZI": 0.044921875, "XXIZ": 0.001953125, "XXII": -0.298828125, "XIZZ": -0.044921875, "XIZI": 0.037109375, "XIIZ": 0.017578125, "IXZZ": 0.1015625, "IXZI": 0.01953125, "IXIZ": 0.02734375, "IXII": 0.1328125, "IIZZ": 0.8125, "IIZI": -0.03515625, "IIIZ": -0.01171875, "XZXZ": 0.02734375, "XZXI": 0.015625, "XZIZ": -0.078125, "XZII": 0.0703125, "XIXZ": 0.021484375, "XIXI": 0.013671875, "IZXZ": -0.037109375, "IZXI": -0.013671875, "IZIZ": -0.025390625, "IZII": 0.712890625, "IIXZ": -0.015625, "IIXI": 0.00390625, "YZYZ": -0.00390625, "YZYI": 0.013671875, "YZIZ": -0.025390625, "YZII": -0.046875, "YIYZ": -0.005859375, "YIYI": -0.01171875, "YIIZ": -0.03515625, "YIII": 0.169921875, "IZYZ": -0.013671875, "IZYI": 0.0, "IIYZ": -0.03125, "ZXZX": -0.021484375, "ZXZI": 0.02734375, "ZXIX": -0.01171875, "ZXII": 0.123046875, "ZIZX": -0.029296875, "ZIZI": -0.078125, "ZIIX": -0.0078125, "ZIII": 0.857421875, "IXZX": 0.01171875, "IXIX": 0.005859375, "IIZX": -0.03125, "ZYZY": -0.056640625, "ZYZI": -0.04296875, "ZYIY": 0.029296875, "ZYII": 0.38671875, "ZIZY": 0.009765625, "ZIIY": 0.044921875, "IYZY": -0.033203125, "IYZI": 0.0, "IYIY": 0.017578125, "IIZY": 0.025390625, "IIIY": 0.033203125, "YXXY": 0.060546875, "YXXI": -0.060546875, "YXIY": 0.03125, "YXII": -0.09765625, "YIXY": -0.10546875, "YIXI": -0.01171875, "YIIY": 0.021484375, "IXXY": -0.09765625, "IXXI": -0.0390625, "IXIY": 0.037109375, "IIXY": -0.650390625, "XXYY": -0.15625, "XXYI": 0.044921875, "XXIY": 0.0, "XIYY": -0.048828125, "XIIY": 0.013671875, "IXYY": 0.0703125, "IXYI": 0.021484375, "IIYY": 0.412109375, "XZZX": 0.0546875, "XZZI": 0.0234375, "XZIX": 0.005859375, "XIZX": 0.0390625, "IZZX": -0.005859375, "IZZI": 0.005859375, "IZIX": -0.01953125, "XYXY": 0.099609375, "XYXI": -0.001953125, "XYIY": -0.00390625, "XIXY": 0.078125, "IYXY": -0.31640625, "IYXI": -0.04296875, "ZYYZ": -0.013671875, "ZYYI": -0.015625, "ZYIZ": -0.001953125, "ZIYZ": -0.001953125, "ZIYI": -0.03125, "ZIIZ": -0.017578125, "IYYZ": 0.009765625, "IYIZ": -0.005859375, "YYXX": -0.166015625, "YYXI": -0.0390625, "YYIX": 0.06640625, "YYII": 0.392578125, "YIXX": -0.08203125, "YIIX": 0.009765625, "IYXX": -0.228515625, "IIXX": -0.46484375, "ZZXX": -0.38671875, "ZZXI": 0.01171875, "ZZIX": -0.009765625, "ZZII": 0.779296875, "ZIXX": -0.435546875, "ZIXI": -0.005859375, "IZXX": -0.3515625, "YZZY": -0.044921875, "YZZI": 0.005859375, "YZIY": -0.044921875, "YIZY": -0.052734375, "YIZI": 0.025390625, "IZZY": -0.01171875, "IZIY": 0.05078125, "YYZZ": 0.265625, "YYZI": -0.0234375, "YYIZ": -0.0234375, "YIZZ": 0.154296875, "IYZZ": 0.376953125, "ZZYY": 0.337890625, "ZZYI": 0.03125, "ZZIY": 0.083984375, "ZIYY": 0.375, "IZYY": 0.30859375, "YXYX": 0.111328125, "YXYI": -0.017578125, "YXIX": 0.015625, "YIYX": -0.12890625, "IXYX": -0.05859375, "ZXXZ": 0.00390625, "ZXXI": 0.017578125, "ZXIZ": 0.013671875, "ZIXZ": -0.013671875, "IXXZ": -0.001953125, "YYYY": 0.185546875, "YYYI": -0.046875, "YYIY": -0.029296875, "YIYY": 0.109375, "IYYY": 0.20703125, "ZZZZ": 0.607421875, "ZZZI": -0.033203125, "ZZIZ": 0.009765625, "ZIZZ": 0.703125, "IZZZ": 0.560546875, "XXXX": 0.09375, "XXXI": -0.0234375, "XXIX": 0.00390625, "XIXX": 0.068359375, "IXXX": -0.056640625}