{"XYYX": 0.138671875, "XYYI": -0.03515625, "XYIX": -0.01953125, "XYII": -0.189453125, "XIYX": 0.06640625, "XIYI": -0.037109375, "XIIX": -0.009765625, "XIII": -0.09375, "IYYX": -0.298828125, "IYYI": -0.01171875, "IYIX": 0.015625, "IYII": 0.416015625, "IIYX": -0.703125, "IIYI": 0.005859375, "IIIX": 0.021484375, "IIII": 1.0, "XXZZ": -0.205078125, "XXZI": -0.03515625, "XXIZ": -0.048828125, "XXII": -0.296875, "XIZZ": -0.10546875, "XIZI": -0.029296875, "XIIZ": -0.046875, "IXZZ": 0.13671875, "IXZI": -0.013671875, "IXIZ": 0.00390625, "IXII": 0.138671875, "IIZZ": 0.806640625, "IIZI": 0.0078125, "IIIZ": 0.044921875, "XZXZ": 0.021484375, "XZXI": -0.005859375, "XZIZ": -0.021484375, "XZII": 0.025390625, "XIXZ": -0.0078125, "XIXI": -0.00390625, "IZXZ": -0.025390625, "IZXI": -0.009765625, "IZIZ": 0.013671875, "IZII": 0.712890625, "IIXZ": -0.015625, "IIXI": 0.0234375, "YZYZ": -0.013671875, "YZYI": 0.015625, "YZIZ": 0.01171875, "YZII": 0.068359375, "YIYZ": -0.041015625, "YIYI": 0.0390625, "YIIZ": 0.046875, "YIII": 0.224609375, "IZYZ": 0.015625, "IZYI": -0.017578125, "IIYZ": 0.0, "ZXZX": 0.01171875, "ZXZI": 0.013671875, "ZXIX": -0.041015625, "ZXII": 0.140625, "ZIZX": -0.0078125, "ZIZI": -0.025390625, "ZIIX": -0.005859375, "ZIII": 0.8828125, "IXZX": -0.00390625, "IXIX": -0.033203125, "IIZX": -0.01171875, "ZYZY": 0.025390625, "ZYZI": -0.021484375, "ZYIY": 0.0078125, "ZYII": 0.3984375, "ZIZY": 0.0234375, "ZIIY": -0.013671875, "IYZY": 0.0078125, "IYZI": -0.01171875, "IYIY": 0.005859375, "IIZY": 0.009765625, "IIIY": -0.01171875, "YXXY": 0.095703125, "YXXI": -0.025390625, "YXIY": 0.0390625, "YXII": -0.1484375, "YIXY": -0.203125, "YIXI": 0.02734375, "YIIY": -0.009765625, "IXXY": -0.05078125, "IXXI": 0.0, "IXIY": 0.021484375, "IIXY": -0.658203125, "XXYY": -0.142578125, "XXYI": 0.03125, "XXIY": 0.033203125, "XIYY": -0.00390625, "XIIY": -0.03515625, "IXYY": 0.078125, "IXYI": 0.037109375, "IIYY": 0.404296875, "XZZX": 0.037109375, "XZZI": -0.068359375, "XZIX": 0.0078125, "XIZX": 0.0546875, "IZZX": -0.015625, "IZZI": -0.015625, "IZIX": -0.001953125, "XYXY": 0.138671875, "XYXI": -0.015625, "XYIY": 0.041015625, "XIXY": 0.068359375, "IYXY": -0.333984375, "IYXI": -0.05078125, "ZYYZ": 0.017578125, "ZYYI": -0.00390625, "ZYIZ": -0.044921875, "ZIYZ": 0.00390625, "ZIYI": -0.025390625, "ZIIZ": -0.05078125, "IYYZ": 0.0390625, "IYIZ": -0.03125, "YYXX": -0.123046875, "YYXI": -0.001953125, "YYIX": 0.0546875, "YYII": 0.3828125, "YIXX": -0.08203125, "YIIX": 0.001953125, "IYXX": -0.1875, "IIXX": -0.408203125, "ZZXX": -0.376953125, "ZZXI": -0.015625, "ZZIX": 0.0546875, "ZZII": 0.740234375, "ZIXX": -0.431640625, "ZIXI": 0.0234375, "IZXX": -0.359375, "YZZY": -0.00390625, "YZZI": 0.037109375, "YZIY": 0.001953125, "YIZY": -0.0234375, "YIZI": 0.052734375, "IZZY": 0.0, "IZIY": -0.037109375, "YYZZ": 0.27734375, "YYZI": 0.015625, "YYIZ": -0.005859375, "YIZZ": 0.1875, "IYZZ": 0.412109375, "ZZYY": 0.337890625, "ZZYI": 0.044921875, "ZZIY": 0.072265625, "ZIYY": 0.353515625, "IZYY": 0.31640625, "YXYX": 0.078125, "YXYI": -0.01171875, "YXIX": 0.033203125, "YIYX": -0.13671875, "IXYX": -0.087890625, "ZXXZ": -0.029296875, "ZXXI": -0.01953125, "ZXIZ": 0.056640625, "ZIXZ": -0.0234375, "IXXZ": -0.00390625, "YYYY": 0.17578125, "YYYI": -0.005859375, "YYIY": 0.01171875, "YIYY": 0.11328125, "IYYY": 0.197265625, "ZZZZ": 0.625, "ZZZI": -0.029296875, "ZZIZ": -0.03125, "ZIZZ": 0.70703125, "IZZZ": 0.564453125, "XXXX": 0.2421875, "XXXI": -0.029296875, "XXIX": 0.0078125, "XIXX": 0.025390625, "IXXX": -0.0625}