{"XYYX": 0.0390625, "XYYI": 0.013671875, "XYIX": -0.013671875, "XYII": -0.1171875, "XIYX": 0.017578125, "XIYI": 0.03515625, "XIIX": -0.03125, "XIII": -0.068359375, "IYYX": -0.341796875, "IYYI": 0.015625, "IYIX": 0.015625, "IYII": 0.498046875, "IIYX": -0.67578125, "IIYI": -0.009765625, "IIIX": 0.013671875, "IIII": 1.0, "XXZZ": -0.267578125, "XXZI": 0.029296875, "XXIZ": 0.00390625, "XXII": -0.28125, "XIZZ": -0.11328125, "XIZI": 0.0, "XIIZ": -0.001953125, "IXZZ": 0.11328125, "IXZI": -0.015625, "IXIZ": -0.001953125, "IXII": 0.162109375, "IIZZ": 0.833984375, "IIZI": -0.017578125, "IIIZ": 0.01171875, "XZXZ": 0.06640625, "XZXI": 0.0234375, "XZIZ": 0.029296875, "XZII": -0.033203125, "XIXZ": 0.005859375, "XIXI": 0.009765625, "IZXZ": 0.0, "IZXI": -0.046875, "IZIZ": 0.041015625, "IZII": 0.740234375, "IIXZ": 0.037109375, "IIXI": -0.025390625, "YZYZ": -0.041015625, "YZYI": -0.05859375, "YZIZ": 0.00390625, "YZII": 0.037109375, "YIYZ": -0.041015625, "YIYI": -0.05078125, "YIIZ": 0.015625, "YIII": 0.220703125, "IZYZ": -0.03515625, "IZYI": 0.001953125, "IIYZ": -0.04296875, "ZXZX": 0.07421875, "ZXZI": -0.04296875, "ZXIX": -0.033203125, "ZXII": 0.185546875, "ZIZX": -0.00390625, "ZIZI": -0.03125, "ZIIX": 0.001953125, "ZIII": 0.880859375, "IXZX": 0.072265625, "IXIX": -0.015625, "IIZX": -0.005859375, "ZYZY": -0.01953125, "ZYZI": -0.025390625, "ZYIY": 0.03125, "ZYII": 0.419921875, "ZIZY": -0.00390625, "ZIIY": 0.046875, "IYZY": -0.017578125, "IYZI": -0.0234375, "IYIY": 0.017578125, "IIZY": -0.044921875, "IIIY": 0.029296875, "YXXY": 0.052734375, "YXXI": -0.044921875, "YXIY": 0.060546875, "YXII": -0.072265625, "YIXY": -0.185546875, "YIXI": 0.064453125, "YIIY": -0.001953125, "IXXY": -0.10546875, "IXXI": -0.0390625, "IXIY": 0.04296875, "IIXY": -0.6875, "XXYY": -0.158203125, "XXYI": -0.09765625, "XXIY": -0.017578125, "XIYY": -0.0234375, "XIIY": 0.01171875, "IXYY": 0.0625, "IXYI": -0.029296875, "IIYY": 0.447265625, "XZZX": 0.017578125, "XZZI": 0.0546875, "XZIX": -0.001953125, "XIZX": -0.00390625, "IZZX": -0.00390625, "IZZI": -0.107421875, "IZIX": -0.02734375, "XYXY": 0.068359375, "XYXI": 0.00390625, "XYIY": -0.009765625, "XIXY": 0.041015625, "IYXY": -0.318359375, "IYXI": -0.01953125, "ZYYZ": 0.021484375, "ZYYI": 0.025390625, "ZYIZ": -0.041015625, "ZIYZ": 0.052734375, "ZIYI": 0.013671875, "ZIIZ": -0.083984375, "IYYZ": 0.01171875, "IYIZ": -0.0625, "YYXX": -0.197265625, "YYXI": -0.025390625, "YYIX": 0.033203125, "YYII": 0.369140625, "YIXX": -0.109375, "YIIX": -0.00390625, "IYXX": -0.228515625, "IIXX": -0.4609375, "ZZXX": -0.349609375, "ZZXI": 0.0, "ZZIX": 0.103515625, "ZZII": 0.80078125, "ZIXX": -0.388671875, "ZIXI": -0.0234375, "IZXX": -0.318359375, "YZZY": 0.03125, "YZZI": -0.0078125, "YZIY": -0.01171875, "YIZY": 0.04296875, "YIZI": 0.015625, "IZZY": 0.0390625, "IZIY": 0.03125, "YYZZ": 0.28515625, "YYZI": -0.0234375, "YYIZ": -0.02734375, "YIZZ": 0.19140625, "IYZZ": 0.41796875, "ZZYY": 0.34375, "ZZYI": 0.015625, "ZZIY": 0.04296875, "ZIYY": 0.357421875, "IZYY": 0.306640625, "YXYX": 0.0703125, "YXYI": -0.0078125, "YXIX": 0.021484375, "YIYX": -0.10546875, "IXYX": -0.072265625, "ZXXZ": -0.0078125, "ZXXI": -0.04296875, "ZXIZ": 0.01171875, "ZIXZ": 0.044921875, "IXXZ": -0.025390625, "YYYY": 0.150390625, "YYYI": -0.013671875, "YYIY": -0.017578125, "YIYY": 0.109375, "IYYY": 0.236328125, "ZZZZ": 0.611328125, "ZZZI": -0.044921875, "ZZIZ": -0.025390625, "ZIZZ": 0.685546875, "IZZZ": 0.5703125, "XXXX": 0.130859375, "XXXI": -0.001953125, "XXIX": -0.08984375, "XIXX": 0.087890625, "IXXX": -0.068359375}