{"XYYX": 0.095703125, "XYYI": -0.01171875, "XYIX": 0.0, "XYII": -0.119140625, "XIYX": 0.056640625, "XIYI": -0.0078125, "XIIX": -0.0078125, "XIII": -0.076171875, "IYYX": -0.3671875, "IYYI": 0.013671875, "IYIX": 0.044921875, "IYII": 0.4921875, "IIYX": -0.68359375, "IIYI": 0.044921875, "IIIX": -0.005859375, "IIII": 1.0, "XXZZ": -0.2421875, "XXZI": 0.017578125, "XXIZ": -0.017578125, "XXII": -0.31640625, "XIZZ": -0.091796875, "XIZI": -0.00390625, "XIIZ": 0.015625, "IXZZ": 0.150390625, "IXZI": -0.01953125, "IXIZ": 0.0078125, "IXII": 0.154296875, "IIZZ": 0.80859375, "IIZI": -0.009765625, "IIIZ": 0.025390625, "XZXZ": 0.01953125, "XZXI": 0.001953125, "XZIZ": -0.03515625, "XZII": 0.029296875, "XIXZ": 0.01953125, "XIXI": 0.001953125, "IZXZ": 0.009765625, "IZXI": -0.01953125, "IZIZ": -0.009765625, "IZII": 0.71484375, "IIXZ": -0.005859375, "IIXI": -0.01171875, "YZYZ": 0.0, "YZYI": 0.015625, "YZIZ": 0.013671875, "YZII": 0.029296875, "YIYZ": -0.005859375, "YIYI": 0.021484375, "YIIZ": 0.015625, "YIII": 0.16796875, "IZYZ": -0.078125, "IZYI": 0.015625, "IIYZ": -0.041015625, "ZXZX": -0.056640625, "ZXZI": -0.009765625, "ZXIX": -0.009765625, "ZXII": 0.099609375, "ZIZX": -0.05859375, "ZIZI": -0.06640625, "ZIIX": 0.0546875, "ZIII": 0.8515625, "IXZX": -0.056640625, "IXIX": 0.001953125, "IIZX": -0.05078125, "ZYZY": 0.056640625, "ZYZI": 0.0234375, "ZYIY": -0.01171875, "ZYII": 0.423828125, "ZIZY": 0.03125, "ZIIY": 0.064453125, "IYZY": 0.052734375, "IYZI": 0.0390625, "IYIY": -0.015625, "IIZY": 0.0390625, "IIIY": 0.056640625, "YXXY": 0.078125, "YXXI": 0.009765625, "YXIY": 0.00390625, "YXII": -0.130859375, "YIXY": -0.162109375, "YIXI": 0.046875, "YIIY": -0.091796875, "IXXY": -0.0546875, "IXXI": -0.048828125, "IXIY": 0.07421875, "IIXY": -0.693359375, "XXYY": -0.130859375, "XXYI": -0.0390625, "XXIY": -0.02734375, "XIYY": -0.005859375, "XIIY": 0.0, "IXYY": 0.08203125, "IXYI": 0.025390625, "IIYY": 0.41015625, "XZZX": -0.0234375, "XZZI": 0.01953125, "XZIX": 0.0390625, "XIZX": -0.04296875, "IZZX": 0.0390625, "IZZI": -0.0703125, "IZIX": 0.046875, "XYXY": 0.14453125, "XYXI": 0.017578125, "XYIY": -0.03515625, "XIXY": 0.0546875, "IYXY": -0.279296875, "IYXI": -0.00390625, "ZYYZ": -0.03125, "ZYYI": 0.0, "ZYIZ": 0.017578125, "ZIYZ": 0.0, "ZIYI": -0.01171875, "ZIIZ": 0.037109375, "IYYZ": -0.037109375, "IYIZ": 0.01953125, "YYXX": -0.20703125, "YYXI": 0.00390625, "YYIX": 0.025390625, "YYII": 0.376953125, "YIXX": -0.142578125, "YIIX": 0.01171875, "IYXX": -0.2265625, "IIXX": -0.458984375, "ZZXX": -0.38671875, "ZZXI": 0.029296875, "ZZIX": -0.0078125, "ZZII": 0.759765625, "ZIXX": -0.39453125, "ZIXI": 0.044921875, "IZXX": -0.349609375, "YZZY": -0.02734375, "YZZI": -0.033203125, "YZIY": -0.02734375, "YIZY": -0.01171875, "YIZI": 0.025390625, "IZZY": 0.041015625, "IZIY": 0.025390625, "YYZZ": 0.298828125, "YYZI": 0.01171875, "YYIZ": 0.017578125, "YIZZ": 0.130859375, "IYZZ": 0.357421875, "ZZYY": 0.34765625, "ZZYI": -0.0234375, "ZZIY": 0.078125, "ZIYY": 0.373046875, "IZYY": 0.326171875, "YXYX": 0.1484375, "YXYI": 0.009765625, "YXIX": -0.0390625, "YIYX": -0.154296875, "IXYX": -0.08984375, "ZXXZ": -0.064453125, "ZXXI": 0.017578125, "ZXIZ": 0.0234375, "ZIXZ": -0.013671875, "IXXZ": -0.060546875, "YYYY": 0.16796875, "YYYI": -0.029296875, "YYIY": -0.021484375, "YIYY": 0.125, "IYYY": 0.1640625, "ZZZZ": 0.62109375, "ZZZI": 0.025390625, "ZZIZ": 0.03515625, "ZIZZ": 0.685546875, "IZZZ": 0.5703125, "XXXX": 0.1328125, "XXXI": 0.037109375, "XXIX": -0.056640625, "XIXX": -0.025390625, "IXXX": -0.037109375}