{"XYYX": 0.123046875, "XYYI": 0.021484375, "XYIX": -0.013671875, "XYII": -0.173828125, "XIYX": 0.0859375, "XIYI": -0.015625, "XIIX": 0.0078125, "XIII": -0.10546875, "IYYX": -0.298828125, "IYYI": -0.001953125, "IYIX": 0.013671875, "IYII": 0.455078125, "IIYX": -0.6796875, "IIYI": -0.0078125, "IIIX": 0.02734375, "IIII": 1.0, "XXZZ": -0.26953125, "XXZI": -0.01953125, "XXIZ": -0.046875, "XXII": -0.34375, "XIZZ": -0.052734375, "XIZI": 0.017578125, "XIIZ": 0.001953125, "IXZZ": 0.115234375, "IXZI": 0.009765625, "IXIZ": 0.017578125, "IXII": 0.146484375, "IIZZ": 0.80078125, "IIZI": 0.0078125, "IIIZ": -0.00390625, "XZXZ": 0.01171875, "XZXI": 0.037109375, "XZIZ": 0.044921875, "XZII": 0.0546875, "XIXZ": -0.03125, "XIXI": 0.037109375, "IZXZ": -0.00390625, "IZXI": 0.017578125, "IZIZ": -0.056640625, "IZII": 0.73828125, "IIXZ": 0.015625, "IIXI": -0.013671875, "YZYZ": -0.03125, "YZYI": -0.00390625, "YZIZ": 0.013671875, "YZII": 0.029296875, "YIYZ": -0.05078125, "YIYI": -0.02734375, "YIIZ": 0.001953125, "YIII": 0.185546875, "IZYZ": 0.044921875, "IZYI": 0.025390625, "IIYZ": 0.017578125, "ZXZX": -0.04296875, "ZXZI": 0.05078125, "ZXIX": 0.0390625, "ZXII": 0.109375, "ZIZX": -0.0625, "ZIZI": -0.04296875, "ZIIX": 0.02734375, "ZIII": 0.8828125, "IXZX": -0.03515625, "IXIX": 0.0625, "IIZX": -0.07421875, "ZYZY": 0.01171875, "ZYZI": 0.0078125, "ZYIY": -0.07421875, "ZYII": 0.37890625, "ZIZY": 0.03125, "ZIIY": -0.0078125, "IYZY": -0.0078125, "IYZI": -0.00390625, "IYIY": -0.0625, "IIZY": 0.01953125, "IIIY": 0.04296875, "YXXY": 0.107421875, "YXXI": -0.025390625, "YXIY": 0.0, "YXII": -0.12109375, "YIXY": -0.1484375, "YIXI": -0.078125, "YIIY": 0.083984375, "IXXY": -0.12109375, "IXXI": 0.01953125, "IXIY": -0.037109375, "IIXY": -0.677734375, "XXYY": -0.14453125, "XXYI": -0.072265625, "XXIY": -0.037109375, "XIYY": -0.041015625, "XIIY": -0.03125, "IXYY": 0.091796875, "IXYI": -0.0390625, "IIYY": 0.4375, "XZZX": 0.060546875, "XZZI": 0.029296875, "XZIX": 0.037109375, "XIZX": 0.017578125, "IZZX": -0.0078125, "IZZI": -0.01953125, "IZIX": 0.02734375, "XYXY": 0.154296875, "XYXI": -0.01171875, "XYIY": -0.02734375, "XIXY": 0.087890625, "IYXY": -0.28515625, "IYXI": -0.009765625, "ZYYZ": -0.001953125, "ZYYI": 0.01953125, "ZYIZ": 0.072265625, "ZIYZ": 0.021484375, "ZIYI": 0.01953125, "ZIIZ": 0.001953125, "IYYZ": -0.009765625, "IYIZ": 0.056640625, "YYXX": -0.1328125, "YYXI": 0.00390625, "YYIX": 0.041015625, "YYII": 0.314453125, "YIXX": -0.09375, "YIIX": 0.009765625, "IYXX": -0.240234375, "IIXX": -0.408203125, "ZZXX": -0.365234375, "ZZXI": 0.052734375, "ZZIX": 0.005859375, "ZZII": 0.787109375, "ZIXX": -0.41015625, "ZIXI": 0.0703125, "IZXX": -0.333984375, "YZZY": 0.001953125, "YZZI": 0.0234375, "YZIY": 0.041015625, "YIZY": -0.005859375, "YIZI": 0.0234375, "IZZY": -0.025390625, "IZIY": 0.037109375, "YYZZ": 0.28125, "YYZI": -0.046875, "YYIZ": -0.03515625, "YIZZ": 0.1640625, "IYZZ": 0.3828125, "ZZYY": 0.3515625, "ZZYI": 0.015625, "ZZIY": 0.0234375, "ZIYY": 0.421875, "IZYY": 0.33203125, "YXYX": 0.021484375, "YXYI": -0.015625, "YXIX": -0.01171875, "YIYX": -0.107421875, "IXYX": -0.13671875, "ZXXZ": -0.017578125, "ZXXI": -0.03515625, "ZXIZ": 0.009765625, "ZIXZ": -0.046875, "IXXZ": -0.01953125, "YYYY": 0.13671875, "YYYI": -0.013671875, "YYIY": 0.01171875, "YIYY": 0.04296875, "IYYY": 0.201171875, "ZZZZ": 0.603515625, "ZZZI": -0.080078125, "ZZIZ": -0.076171875, "ZIZZ": 0.669921875, "IZZZ": 0.5546875, "XXXX": 0.140625, "XXXI": -0.015625, "XXIX": 0.0078125, "XIXX": 0.005859375, "IXXX": -0.107421875}