{"XYYX": 0.1015625, "XYYI": 0.037109375, "XYIX": -0.033203125, "XYII": -0.14453125, "XIYX": 0.04296875, "XIYI": 0.017578125, "XIIX": -0.013671875, "XIII": -0.078125, "IYYX": -0.31640625, "IYYI": -0.025390625, "IYIX": 0.056640625, "IYII": 0.47265625, "IIYX": -0.6171875, "IIYI": -0.005859375, "IIIX": 0.068359375, "IIII": 1.0, "XXZZ": -0.24609375, "XXZI": 0.064453125, "XXIZ": 0.041015625, "XXII": -0.3203125, "XIZZ": -0.1328125, "XIZI": 0.001953125, "XIIZ": 0.021484375, "IXZZ": 0.14453125, "IXZI": 0.009765625, "IXIZ": -0.001953125, "IXII": 0.13671875, "IIZZ": 0.80859375, "IIZI": -0.033203125, "IIIZ": -0.009765625, "XZXZ": 0.005859375, "XZXI": 0.005859375, "XZIZ": -0.03515625, "XZII": 0.01171875, "XIXZ": 0.017578125, "XIXI": 0.029296875, "IZXZ": 0.009765625, "IZXI": 0.017578125, "IZIZ": -0.05078125, "IZII": 0.69921875, "IIXZ": -0.021484375, "IIXI": -0.009765625, "YZYZ": -0.05078125, "YZYI": 0.01953125, "YZIZ": -0.0234375, "YZII": 0.05859375, "YIYZ": -0.029296875, "YIYI": 0.005859375, "YIIZ": 0.052734375, "YIII": 0.208984375, "IZYZ": 0.009765625, "IZYI": -0.072265625, "IIYZ": 0.046875, "ZXZX": -0.041015625, "ZXZI": -0.0390625, "ZXIX": -0.015625, "ZXII": 0.166015625, "ZIZX": -0.01953125, "ZIZI": -0.009765625, "ZIIX": 0.064453125, "ZIII": 0.87109375, "IXZX": -0.025390625, "IXIX": -0.0234375, "IIZX": 0.0, "ZYZY": 0.009765625, "ZYZI": 0.05859375, "ZYIY": 0.037109375, "ZYII": 0.42578125, "ZIZY": 0.037109375, "ZIIY": 0.033203125, "IYZY": -0.001953125, "IYZI": 0.0390625, "IYIY": 0.037109375, "IIZY": -0.001953125, "IIIY": 0.013671875, "YXXY": 0.109375, "YXXI": 0.0078125, "YXIY": 0.01171875, "YXII": -0.125, "YIXY": -0.130859375, "YIXI": -0.037109375, "YIIY": 0.056640625, "IXXY": -0.072265625, "IXXI": -0.013671875, "IXIY": 0.001953125, "IIXY": -0.65625, "XXYY": -0.138671875, "XXYI": -0.015625, "XXIY": -0.025390625, "XIYY": -0.07421875, "XIIY": -0.01171875, "IXYY": 0.1015625, "IXYI": 0.005859375, "IIYY": 0.451171875, "XZZX": 0.017578125, "XZZI": 0.044921875, "XZIX": -0.013671875, "XIZX": 0.01953125, "IZZX": 0.033203125, "IZZI": -0.052734375, "IZIX": -0.005859375, "XYXY": 0.162109375, "XYXI": 0.046875, "XYIY": -0.017578125, "XIXY": 0.076171875, "IYXY": -0.298828125, "IYXI": -0.0234375, "ZYYZ": 0.041015625, "ZYYI": 0.005859375, "ZYIZ": 0.056640625, "ZIYZ": 0.0546875, "ZIYI": 0.0234375, "ZIIZ": 0.046875, "IYYZ": 0.029296875, "IYIZ": 0.044921875, "YYXX": -0.1796875, "YYXI": 0.02734375, "YYIX": 0.01171875, "YYII": 0.3984375, "YIXX": -0.091796875, "YIIX": -0.009765625, "IYXX": -0.197265625, "IIXX": -0.46875, "ZZXX": -0.349609375, "ZZXI": -0.021484375, "ZZIX": 0.017578125, "ZZII": 0.775390625, "ZIXX": -0.36328125, "ZIXI": 0.0, "IZXX": -0.302734375, "YZZY": 0.01171875, "YZZI": -0.017578125, "YZIY": 0.013671875, "YIZY": 0.01953125, "YIZI": -0.029296875, "IZZY": -0.015625, "IZIY": -0.017578125, "YYZZ": 0.29296875, "YYZI": 0.009765625, "YYIZ": 0.021484375, "YIZZ": 0.154296875, "IYZZ": 0.365234375, "ZZYY": 0.337890625, "ZZYI": -0.025390625, "ZZIY": 0.015625, "ZIYY": 0.337890625, "IZYY": 0.283203125, "YXYX": 0.078125, "YXYI": 0.0, "YXIX": 0.021484375, "YIYX": -0.1484375, "IXYX": -0.041015625, "ZXXZ": -0.015625, "ZXXI": 0.03125, "ZXIZ": -0.06640625, "ZIXZ": -0.07421875, "IXXZ": -0.01171875, "YYYY": 0.115234375, "YYYI": 0.001953125, "YYIY": 0.068359375, "YIYY": 0.11328125, "IYYY": 0.244140625, "ZZZZ": 0.62109375, "ZZZI": -0.01171875, "ZZIZ": 0.0234375, "ZIZZ": 0.681640625, "IZZZ": 0.552734375, "XXXX": 0.134765625, "XXXI": -0.056640625, "XXIX": -0.029296875, "XIXX": 0.013671875, "IXXX": -0.0234375}