{"XYYX": 0.140625, "XYYI": -0.02734375, "XYIX": 0.015625, "XYII": -0.1484375, "XIYX": 0.130859375, "XIYI": -0.048828125, "XIIX": 0.017578125, "XIII": -0.119140625, "IYYX": -0.345703125, "IYYI": 0.029296875, "IYIX": -0.013671875, "IYII": 0.466796875, "IIYX": -0.7109375, "IIYI": 0.05859375, "IIIX": 0.0078125, "IIII": 1.0, "XXZZ": -0.240234375, "XXZI": -0.04296875, "XXIZ": -0.056640625, "XXII": -0.31640625, "XIZZ": -0.052734375, "XIZI": 0.0, "XIIZ": 0.021484375, "IXZZ": 0.103515625, "IXZI": 0.0078125, "IXIZ": 0.013671875, "IXII": 0.171875, "IIZZ": 0.802734375, "IIZI": -0.0546875, "IIIZ": -0.013671875, "XZXZ": -0.03515625, "XZXI": 0.00390625, "XZIZ": -0.03125, "XZII": 0.0625, "XIXZ": -0.033203125, "XIXI": -0.017578125, "IZXZ": 0.044921875, "IZXI": 0.005859375, "IZIZ": -0.017578125, "IZII": 0.708984375, "IIXZ": 0.05859375, "IIXI": -0.01953125, "YZYZ": 0.072265625, "YZYI": -0.00390625, "YZIZ": 0.015625, "YZII": 0.029296875, "YIYZ": 0.068359375, "YIYI": 0.04296875, "YIIZ": 0.01953125, "YIII": 0.208984375, "IZYZ": 0.0078125, "IZYI": -0.013671875, "IIYZ": 0.0078125, "ZXZX": 0.0, "ZXZI": 0.033203125, "ZXIX": 0.037109375, "ZXII": 0.09765625, "ZIZX": -0.00390625, "ZIZI": 0.005859375, "ZIIX": -0.005859375, "ZIII": 0.8359375, "IXZX": -0.0234375, "IXIX": 0.044921875, "IIZX": 0.00390625, "ZYZY": -0.064453125, "ZYZI": 0.041015625, "ZYIY": 0.078125, "ZYII": 0.38671875, "ZIZY": -0.029296875, "ZIIY": 0.0546875, "IYZY": -0.041015625, "IYZI": 0.048828125, "IYIY": 0.08203125, "IIZY": -0.037109375, "IIIY": 0.08203125, "YXXY": 0.044921875, "YXXI": -0.005859375, "YXIY": 0.0546875, "YXII": -0.06640625, "YIXY": -0.14453125, "YIXI": 0.01953125, "YIIY": -0.001953125, "IXXY": -0.1328125, "IXXI": 0.04296875, "IXIY": 0.001953125, "IIXY": -0.666015625, "XXYY": -0.197265625, "XXYI": 0.025390625, "XXIY": -0.001953125, "XIYY": -0.005859375, "XIIY": -0.021484375, "IXYY": 0.08984375, "IXYI": 0.0234375, "IIYY": 0.5078125, "XZZX": -0.01171875, "XZZI": -0.0078125, "XZIX": 0.046875, "XIZX": 0.005859375, "IZZX": -0.001953125, "IZZI": 0.029296875, "IZIX": -0.009765625, "XYXY": 0.169921875, "XYXI": 0.009765625, "XYIY": -0.017578125, "XIXY": 0.06640625, "IYXY": -0.294921875, "IYXI": -0.083984375, "ZYYZ": 0.0546875, "ZYYI": 0.037109375, "ZYIZ": -0.0390625, "ZIYZ": 0.037109375, "ZIYI": 0.03125, "ZIIZ": -0.033203125, "IYYZ": 0.03515625, "IYIZ": -0.0234375, "YYXX": -0.1875, "YYXI": 0.044921875, "YYIX": 0.001953125, "YYII": 0.3046875, "YIXX": -0.107421875, "YIIX": 0.0078125, "IYXX": -0.224609375, "IIXX": -0.44921875, "ZZXX": -0.365234375, "ZZXI": -0.0546875, "ZZIX": 0.080078125, "ZZII": 0.765625, "ZIXX": -0.3671875, "ZIXI": -0.029296875, "IZXX": -0.3203125, "YZZY": -0.02734375, "YZZI": -0.0390625, "YZIY": 0.00390625, "YIZY": -0.001953125, "YIZI": -0.029296875, "IZZY": -0.060546875, "IZIY": -0.009765625, "YYZZ": 0.310546875, "YYZI": 0.056640625, "YYIZ": 0.07421875, "YIZZ": 0.12890625, "IYZZ": 0.375, "ZZYY": 0.3203125, "ZZYI": 0.029296875, "ZZIY": 0.017578125, "ZIYY": 0.365234375, "IZYY": 0.310546875, "YXYX": 0.103515625, "YXYI": 0.001953125, "YXIX": 0.005859375, "YIYX": -0.142578125, "IXYX": -0.05859375, "ZXXZ": 0.03515625, "ZXXI": -0.01953125, "ZXIZ": -0.029296875, "ZIXZ": 0.0390625, "IXXZ": 0.029296875, "YYYY": 0.19140625, "YYYI": -0.017578125, "YYIY": -0.001953125, "YIYY": 0.0703125, "IYYY": 0.22265625, "ZZZZ": 0.6328125, "ZZZI": -0.033203125, "ZZIZ": 0.0, "ZIZZ": 0.677734375, "IZZZ": 0.5703125, "XXXX": 0.181640625, "XXXI": -0.025390625, "XXIX": 0.0078125, "XIXX": 0.078125, "IXXX": -0.1015625}