{"XYYX": 0.0390625, "XYYI": -0.037109375, "XYIX": 0.015625, "XYII": -0.134765625, "XIYX": 0.05859375, "XIYI": 0.009765625, "XIIX": 0.0, "XIII": -0.123046875, "IYYX": -0.326171875, "IYYI": 0.03515625, "IYIX": -0.013671875, "IYII": 0.5078125, "IIYX": -0.638671875, "IIYI": 0.046875, "IIIX": 0.044921875, "IIII": 1.0, "XXZZ": -0.298828125, "XXZI": -0.017578125, "XXIZ": 0.01171875, "XXII": -0.34375, "XIZZ": -0.09765625, "XIZI": -0.0234375, "XIIZ": -0.025390625, "IXZZ": 0.140625, "IXZI": -0.015625, "IXIZ": -0.013671875, "IXII": 0.185546875, "IIZZ": 0.798828125, "IIZI": -0.033203125, "IIIZ": 0.015625, "XZXZ": -0.01953125, "XZXI": 0.015625, "XZIZ": 0.095703125, "XZII": 0.111328125, "XIXZ": -0.029296875, "XIXI": 0.005859375, "IZXZ": 0.0390625, "IZXI": -0.015625, "IZIZ": -0.017578125, "IZII": 0.720703125, "IIXZ": 0.037109375, "IIXI": -0.001953125, "YZYZ": 0.033203125, "YZYI": -0.021484375, "YZIZ": -0.04296875, "YZII": 0.0546875, "YIYZ": 0.052734375, "YIYI": -0.021484375, "YIIZ": 0.02734375, "YIII": 0.26171875, "IZYZ": -0.033203125, "IZYI": 0.013671875, "IIYZ": -0.037109375, "ZXZX": 0.021484375, "ZXZI": -0.00390625, "ZXIX": -0.02734375, "ZXII": 0.107421875, "ZIZX": -0.005859375, "ZIZI": -0.02734375, "ZIIX": 0.02734375, "ZIII": 0.861328125, "IXZX": 0.03515625, "IXIX": -0.037109375, "IIZX": -0.0078125, "ZYZY": -0.017578125, "ZYZI": 0.0625, "ZYIY": 0.044921875, "ZYII": 0.4453125, "ZIZY": -0.01171875, "ZIIY": 0.04296875, "IYZY": 0.015625, "IYZI": 0.048828125, "IYIY": 0.0234375, "IIZY": 0.005859375, "IIIY": 0.044921875, "YXXY": 0.08203125, "YXXI": 0.017578125, "YXIY": -0.009765625, "YXII": -0.12109375, "YIXY": -0.1328125, "YIXI": 0.017578125, "YIIY": 0.037109375, "IXXY": -0.078125, "IXXI": -0.017578125, "IXIY": -0.001953125, "IIXY": -0.60546875, "XXYY": -0.125, "XXYI": 0.03125, "XXIY": -0.0625, "XIYY": -0.099609375, "XIIY": -0.029296875, "IXYY": 0.080078125, "IXYI": 0.021484375, "IIYY": 0.4609375, "XZZX": -0.037109375, "XZZI": -0.021484375, "XZIX": -0.03515625, "XIZX": -0.033203125, "IZZX": 0.017578125, "IZZI": 0.021484375, "IZIX": 0.0, "XYXY": 0.087890625, "XYXI": 0.013671875, "XYIY": -0.03125, "XIXY": 0.072265625, "IYXY": -0.259765625, "IYXI": 0.033203125, "ZYYZ": -0.015625, "ZYYI": 0.01953125, "ZYIZ": 0.013671875, "ZIYZ": 0.0, "ZIYI": 0.0234375, "ZIIZ": 0.013671875, "IYYZ": 0.013671875, "IYIZ": 0.015625, "YYXX": -0.2265625, "YYXI": 0.00390625, "YYIX": -0.005859375, "YYII": 0.423828125, "YIXX": -0.068359375, "YIIX": -0.01171875, "IYXX": -0.2109375, "IIXX": -0.494140625, "ZZXX": -0.3203125, "ZZXI": 0.0078125, "ZZIX": 0.025390625, "ZZII": 0.740234375, "ZIXX": -0.376953125, "ZIXI": 0.013671875, "IZXX": -0.30859375, "YZZY": 0.005859375, "YZZI": -0.001953125, "YZIY": -0.013671875, "YIZY": 0.00390625, "YIZI": 0.00390625, "IZZY": 0.025390625, "IZIY": 0.013671875, "YYZZ": 0.291015625, "YYZI": 0.0703125, "YYIZ": 0.080078125, "YIZZ": 0.126953125, "IYZZ": 0.353515625, "ZZYY": 0.3046875, "ZZYI": 0.044921875, "ZZIY": 0.013671875, "ZIYY": 0.349609375, "IZYY": 0.263671875, "YXYX": 0.07421875, "YXYI": -0.0546875, "YXIX": 0.017578125, "YIYX": -0.125, "IXYX": -0.166015625, "ZXXZ": 0.009765625, "ZXXI": -0.0234375, "ZXIZ": 0.01953125, "ZIXZ": -0.044921875, "IXXZ": 0.0, "YYYY": 0.13671875, "YYYI": 0.0, "YYIY": -0.029296875, "YIYY": 0.10546875, "IYYY": 0.228515625, "ZZZZ": 0.607421875, "ZZZI": -0.04296875, "ZZIZ": -0.0390625, "ZIZZ": 0.716796875, "IZZZ": 0.56640625, "XXXX": 0.14453125, "XXXI": -0.037109375, "XXIX": -0.013671875, "XIXX": 0.04296875, "IXXX": -0.078125}