{"XYYX": 0.119140625, "XYYI": 0.064453125, "XYIX": -0.0625, "XYII": -0.19921875, "XIYX": 0.041015625, "XIYI": 0.009765625, "XIIX": -0.0078125, "XIII": -0.09765625, "IYYX": -0.310546875, "IYYI": -0.009765625, "IYIX": 0.0703125, "IYII": 0.484375, "IIYX": -0.630859375, "IIYI": -0.009765625, "IIIX": 0.0390625, "IIII": 1.0, "XXZZ": -0.259765625, "XXZI": -0.001953125, "XXIZ": -0.01171875, "XXII": -0.328125, "XIZZ": -0.103515625, "XIZI": 0.029296875, "XIIZ": -0.0078125, "IXZZ": 0.134765625, "IXZI": -0.072265625, "IXIZ": -0.03515625, "IXII": 0.13671875, "IIZZ": 0.830078125, "IIZI": -0.048828125, "IIIZ": -0.0078125, "XZXZ": -0.078125, "XZXI": -0.021484375, "XZIZ": -0.001953125, "XZII": -0.0078125, "XIXZ": -0.0390625, "XIXI": 0.005859375, "IZXZ": -0.01171875, "IZXI": 0.009765625, "IZIZ": -0.005859375, "IZII": 0.703125, "IIXZ": -0.046875, "IIXI": 0.009765625, "YZYZ": 0.00390625, "YZYI": 0.00390625, "YZIZ": 0.015625, "YZII": 0.00390625, "YIYZ": 0.0234375, "YIYI": 0.0, "YIIZ": 0.04296875, "YIII": 0.1953125, "IZYZ": 0.02734375, "IZYI": 0.01171875, "IIYZ": 0.00390625, "ZXZX": -0.001953125, "ZXZI": 0.033203125, "ZXIX": 0.046875, "ZXII": 0.140625, "ZIZX": 0.0, "ZIZI": -0.03515625, "ZIIX": 0.044921875, "ZIII": 0.826171875, "IXZX": -0.015625, "IXIX": 0.041015625, "IIZX": -0.013671875, "ZYZY": -0.029296875, "ZYZI": -0.021484375, "ZYIY": -0.01171875, "ZYII": 0.4140625, "ZIZY": 0.021484375, "ZIIY": 0.05078125, "IYZY": -0.017578125, "IYZI": -0.021484375, "IYIY": -0.0078125, "IIZY": 0.021484375, "IIIY": 0.07421875, "YXXY": 0.103515625, "YXXI": -0.044921875, "YXIY": 0.044921875, "YXII": -0.146484375, "YIXY": -0.1484375, "YIXI": -0.02734375, "YIIY": 0.0390625, "IXXY": -0.095703125, "IXXI": 0.009765625, "IXIY": 0.052734375, "IIXY": -0.6875, "XXYY": -0.134765625, "XXYI": -0.029296875, "XXIY": -0.001953125, "XIYY": -0.087890625, "XIIY": 0.021484375, "IXYY": 0.07421875, "IXYI": -0.0078125, "IIYY": 0.47265625, "XZZX": -0.064453125, "XZZI": -0.017578125, "XZIX": -0.01171875, "XIZX": -0.06640625, "IZZX": 0.00390625, "IZZI": -0.02734375, "IZIX": 0.033203125, "XYXY": 0.095703125, "XYXI": -0.046875, "XYIY": -0.0078125, "XIXY": 0.052734375, "IYXY": -0.3203125, "IYXI": -0.013671875, "ZYYZ": 0.0078125, "ZYYI": -0.03515625, "ZYIZ": -0.01171875, "ZIYZ": 0.015625, "ZIYI": -0.03515625, "ZIIZ": -0.03125, "IYYZ": -0.01953125, "IYIZ": 0.0078125, "YYXX": -0.185546875, "YYXI": 0.017578125, "YYIX": -0.001953125, "YYII": 0.337890625, "YIXX": -0.078125, "YIIX": 0.01171875, "IYXX": -0.240234375, "IIXX": -0.46484375, "ZZXX": -0.35546875, "ZZXI": -0.01953125, "ZZIX": 0.015625, "ZZII": 0.76953125, "ZIXX": -0.384765625, "ZIXI": -0.013671875, "IZXX": -0.302734375, "YZZY": -0.033203125, "YZZI": -0.01953125, "YZIY": 0.029296875, "YIZY": -0.03515625, "YIZI": 0.029296875, "IZZY": -0.01171875, "IZIY": -0.0234375, "YYZZ": 0.333984375, "YYZI": -0.00390625, "YYIZ": -0.025390625, "YIZZ": 0.15234375, "IYZZ": 0.39453125, "ZZYY": 0.388671875, "ZZYI": -0.046875, "ZZIY": -0.0078125, "ZIYY": 0.44140625, "IZYY": 0.345703125, "YXYX": 0.076171875, "YXYI": 0.0625, "YXIX": -0.068359375, "YIYX": -0.138671875, "IXYX": -0.115234375, "ZXXZ": 0.0078125, "ZXXI": 0.041015625, "ZXIZ": 0.025390625, "ZIXZ": 0.029296875, "IXXZ": -0.021484375, "YYYY": 0.201171875, "YYYI": 0.005859375, "YYIY": 0.025390625, "YIYY": 0.138671875, "IYYY": 0.22265625, "ZZZZ": 0.625, "ZZZI": -0.052734375, "ZZIZ": -0.033203125, "ZIZZ": 0.703125, "IZZZ": 0.578125, "XXXX": 0.15625, "XXXI": 0.0390625, "XXIX": -0.046875, "XIXX": 0.08984375, "IXXX": -0.1171875}