{"XYYX": 0.126953125, "XYYI": -0.005859375, "XYIX": -0.01171875, "XYII": -0.12109375, "XIYX": 0.04296875, "XIYI": -0.01953125, "XIIX": -0.013671875, "XIII": -0.044921875, "IYYX": -0.30078125, "IYYI": 0.0, "IYIX": 0.037109375, "IYII": 0.494140625, "IIYX": -0.658203125, "IIYI": -0.037109375, "IIIX": 0.07421875, "IIII": 1.0, "XXZZ": -0.21484375, "XXZI": 0.060546875, "XXIZ": 0.04296875, "XXII": -0.318359375, "XIZZ": -0.0859375, "XIZI": 0.064453125, "XIIZ": 0.0625, "IXZZ": 0.099609375, "IXZI": -0.0390625, "IXIZ": -0.017578125, "IXII": 0.10546875, "IIZZ": 0.783203125, "IIZI": -0.05078125, "IIIZ": -0.021484375, "XZXZ": 0.017578125, "XZXI": 0.005859375, "XZIZ": -0.00390625, "XZII": 0.04296875, "XIXZ": 0.02734375, "XIXI": -0.015625, "IZXZ": -0.0234375, "IZXI": -0.03125, "IZIZ": -0.013671875, "IZII": 0.724609375, "IIXZ": -0.025390625, "IIXI": -0.048828125, "YZYZ": 0.0234375, "YZYI": 0.02734375, "YZIZ": -0.046875, "YZII": 0.0078125, "YIYZ": -0.015625, "YIYI": 0.015625, "YIIZ": -0.00390625, "YIII": 0.1796875, "IZYZ": 0.05859375, "IZYI": 0.00390625, "IIYZ": 0.03125, "ZXZX": -0.01953125, "ZXZI": 0.064453125, "ZXIX": -0.009765625, "ZXII": 0.16015625, "ZIZX": -0.03515625, "ZIZI": 0.056640625, "ZIIX": 0.080078125, "ZIII": 0.828125, "IXZX": -0.0078125, "IXIX": 0.009765625, "IIZX": -0.03515625, "ZYZY": 0.02734375, "ZYZI": 0.0390625, "ZYIY": 0.017578125, "ZYII": 0.384765625, "ZIZY": -0.052734375, "ZIIY": 0.02734375, "IYZY": 0.0078125, "IYZI": 0.03125, "IYIY": 0.025390625, "IIZY": -0.041015625, "IIIY": 0.00390625, "YXXY": 0.11328125, "YXXI": 0.03125, "YXIY": -0.01171875, "YXII": -0.16015625, "YIXY": -0.173828125, "YIXI": -0.044921875, "YIIY": 0.037109375, "IXXY": -0.087890625, "IXXI": 0.048828125, "IXIY": -0.005859375, "IIXY": -0.66796875, "XXYY": -0.126953125, "XXYI": 0.076171875, "XXIY": 0.078125, "XIYY": -0.033203125, "XIIY": 0.00390625, "IXYY": 0.001953125, "IXYI": -0.029296875, "IIYY": 0.435546875, "XZZX": 0.005859375, "XZZI": 0.01171875, "XZIX": 0.05859375, "XIZX": 0.0390625, "IZZX": 0.021484375, "IZZI": -0.09375, "IZIX": 0.015625, "XYXY": 0.166015625, "XYXI": -0.029296875, "XYIY": 0.005859375, "XIXY": 0.083984375, "IYXY": -0.3515625, "IYXI": 0.0390625, "ZYYZ": 0.037109375, "ZYYI": 0.013671875, "ZYIZ": -0.021484375, "ZIYZ": 0.099609375, "ZIYI": 0.056640625, "ZIIZ": 0.033203125, "IYYZ": 0.02734375, "IYIZ": -0.015625, "YYXX": -0.216796875, "YYXI": 0.017578125, "YYIX": 0.013671875, "YYII": 0.408203125, "YIXX": -0.119140625, "YIIX": 0.001953125, "IYXX": -0.25, "IIXX": -0.46484375, "ZZXX": -0.3984375, "ZZXI": -0.033203125, "ZZIX": 0.013671875, "ZZII": 0.7734375, "ZIXX": -0.40625, "ZIXI": -0.025390625, "IZXX": -0.375, "YZZY": 0.029296875, "YZZI": -0.015625, "YZIY": -0.013671875, "YIZY": 0.03515625, "YIZI": 0.013671875, "IZZY": -0.0234375, "IZIY": 0.05859375, "YYZZ": 0.322265625, "YYZI": 0.0703125, "YYIZ": 0.083984375, "YIZZ": 0.177734375, "IYZZ": 0.376953125, "ZZYY": 0.318359375, "ZZYI": -0.021484375, "ZZIY": 0.015625, "ZIYY": 0.34375, "IZYY": 0.2890625, "YXYX": 0.013671875, "YXYI": 0.025390625, "YXIX": -0.001953125, "YIYX": -0.1015625, "IXYX": -0.107421875, "ZXXZ": 0.005859375, "ZXXI": -0.04296875, "ZXIZ": -0.00390625, "ZIXZ": 0.01953125, "IXXZ": 0.001953125, "YYYY": 0.169921875, "YYYI": -0.01171875, "YYIY": 0.02734375, "YIYY": 0.1015625, "IYYY": 0.177734375, "ZZZZ": 0.634765625, "ZZZI": 0.0546875, "ZZIZ": 0.033203125, "ZIZZ": 0.693359375, "IZZZ": 0.576171875, "XXXX": 0.158203125, "XXXI": -0.052734375, "XXIX": 0.013671875, "XIXX": 0.009765625, "IXXX": -0.06640625}