{"XYYX": 0.14453125, "XYYI": 0.037109375, "XYIX": -0.017578125, "XYII": -0.1484375, "XIYX": 0.076171875, "XIYI": 0.04296875, "XIIX": -0.05078125, "XIII": -0.107421875, "IYYX": -0.357421875, "IYYI": 0.02734375, "IYIX": 0.01171875, "IYII": 0.490234375, "IIYX": -0.67578125, "IIYI": 0.033203125, "IIIX": 0.025390625, "IIII": 1.0, "XXZZ": -0.279296875, "XXZI": -0.052734375, "XXIZ": -0.03515625, "XXII": -0.3671875, "XIZZ": -0.1015625, "XIZI": -0.02734375, "XIIZ": -0.037109375, "IXZZ": 0.125, "IXZI": 0.0, "IXIZ": 0.009765625, "IXII": 0.154296875, "IIZZ": 0.802734375, "IIZI": -0.021484375, "IIIZ": -0.015625, "XZXZ": 0.0078125, "XZXI": 0.009765625, "XZIZ": 0.0234375, "XZII": 0.044921875, "XIXZ": 0.05078125, "XIXI": 0.013671875, "IZXZ": -0.041015625, "IZXI": 0.0390625, "IZIZ": -0.013671875, "IZII": 0.703125, "IIXZ": -0.076171875, "IIXI": 0.04296875, "YZYZ": 0.037109375, "YZYI": -0.041015625, "YZIZ": -0.0078125, "YZII": 0.0, "YIYZ": 0.037109375, "YIYI": -0.009765625, "YIIZ": -0.02734375, "YIII": 0.18359375, "IZYZ": 0.041015625, "IZYI": 0.048828125, "IIYZ": 0.060546875, "ZXZX": 0.033203125, "ZXZI": -0.01953125, "ZXIX": -0.005859375, "ZXII": 0.1171875, "ZIZX": -0.013671875, "ZIZI": -0.04296875, "ZIIX": 0.037109375, "ZIII": 0.84765625, "IXZX": 0.056640625, "IXIX": -0.037109375, "IIZX": -0.013671875, "ZYZY": -0.03515625, "ZYZI": 0.0703125, "ZYIY": 0.013671875, "ZYII": 0.431640625, "ZIZY": -0.009765625, "ZIIY": 0.02734375, "IYZY": -0.01953125, "IYZI": 0.06640625, "IYIY": 0.005859375, "IIZY": -0.029296875, "IIIY": 0.03125, "YXXY": 0.076171875, "YXXI": -0.013671875, "YXIY": 0.033203125, "YXII": -0.091796875, "YIXY": -0.1484375, "YIXI": 0.03515625, "YIIY": -0.00390625, "IXXY": -0.056640625, "IXXI": -0.001953125, "IXIY": 0.021484375, "IIXY": -0.66015625, "XXYY": -0.103515625, "XXYI": -0.0390625, "XXIY": -0.064453125, "XIYY": -0.025390625, "XIIY": -0.041015625, "IXYY": 0.064453125, "IXYI": 0.0546875, "IIYY": 0.416015625, "XZZX": -0.005859375, "XZZI": 0.0078125, "XZIX": 0.033203125, "XIZX": -0.03515625, "IZZX": 0.015625, "IZZI": -0.041015625, "IZIX": 0.01171875, "XYXY": 0.076171875, "XYXI": -0.009765625, "XYIY": -0.029296875, "XIXY": 0.0703125, "IYXY": -0.291015625, "IYXI": 0.029296875, "ZYYZ": 0.0234375, "ZYYI": 0.01171875, "ZYIZ": -0.037109375, "ZIYZ": 0.03515625, "ZIYI": 0.0625, "ZIIZ": -0.001953125, "IYYZ": 0.017578125, "IYIZ": -0.03125, "YYXX": -0.125, "YYXI": 0.05078125, "YYIX": 0.0078125, "YYII": 0.36328125, "YIXX": -0.025390625, "YIIX": -0.005859375, "IYXX": -0.197265625, "IIXX": -0.4453125, "ZZXX": -0.337890625, "ZZXI": -0.041015625, "ZZIX": 0.02734375, "ZZII": 0.765625, "ZIXX": -0.40625, "ZIXI": 0.0078125, "IZXX": -0.34375, "YZZY": -0.005859375, "YZZI": -0.01171875, "YZIY": 0.02734375, "YIZY": -0.02734375, "YIZI": -0.001953125, "IZZY": 0.017578125, "IZIY": 0.08203125, "YYZZ": 0.318359375, "YYZI": 0.0078125, "YYIZ": -0.009765625, "YIZZ": 0.140625, "IYZZ": 0.3984375, "ZZYY": 0.333984375, "ZZYI": -0.0234375, "ZZIY": 0.029296875, "ZIYY": 0.37890625, "IZYY": 0.33203125, "YXYX": 0.1015625, "YXYI": 0.029296875, "YXIX": 0.005859375, "YIYX": -0.087890625, "IXYX": -0.064453125, "ZXXZ": -0.025390625, "ZXXI": 0.064453125, "ZXIZ": -0.037109375, "ZIXZ": 0.017578125, "IXXZ": -0.03125, "YYYY": 0.12890625, "YYYI": 0.00390625, "YYIY": 0.021484375, "YIYY": 0.048828125, "IYYY": 0.2421875, "ZZZZ": 0.6171875, "ZZZI": 0.017578125, "ZZIZ": 0.02734375, "ZIZZ": 0.697265625, "IZZZ": 0.578125, "XXXX": 0.16015625, "XXXI": -0.013671875, "XXIX": 0.005859375, "XIXX": 0.07421875, "IXXX": -0.140625}