{"qwc_energy": [1.80859375, -3.4013566181405523, -5.52983578346123, -6.334497764986792, -6.461582015105401], "qwc_shots": 21504, "qwc_moments": ["1.0", "(1.80859375+0j)", "(7.06640625+0j)", "(9.5+0j)", "(86.6640625+0j)", "(-80.27734375+0j)", "(1771.10546875+0j)", "(-7066.2109375+0j)", "(56261.453125+0j)", "(-322420.73828125+0j)"], "mix_energy": [1.791015625, -3.0197464504732565, -5.797355585482223, -6.3279738142545465, -6.456623248433532], "mix_shots": 21504, "mix_moments": ["(1+0j)", "(1.791015625+0j)", "(6.56640625+0j)", "(9.978515625+0j)", "(80.0390625+0j)", "(-68.068359375+0j)", "(1678.88671875+0j)", "(-6812.068359375+0j)", "(54751.828125+0j)", "(-316700.490234375+0j)"], "cs_energy": [1.863118306208552, -3.561339729201279, -5.744110972823377, -6.357107196250211, -6.461992679092525], "cs_shots": 21465, "cs_moments": ["(1+0j)", "(1.863118306208552+0j)", "(7.134215070282085+0j)", "(9.54483151844415+0j)", "(90.05552477831046+0j)", "(-101.53620171724539+0j)", "(1946.6323869019225+0j)", "(-8231.479649878052+0j)", "(64244.596630244334+0j)", "(-374772.49317595805+0j)"]}