{"qwc_energy": [1.9765625, -2.190058384392325, -5.138362391039628, -6.124501150980356, -6.452077740413627], "qwc_shots": 21504, "qwc_moments": ["1.0", "(1.9765625+0j)", "(6.38671875+0j)", "(13.5703125+0j)", "(63.7265625+0j)", "(57.6953125+0j)", "(920.98828125+0j)", "(-1735.1171875+0j)", "(22396.890625+0j)", "(-105932.5859375+0j)"], "mix_energy": [1.78125, -3.6186284198016008, -5.623639511642207, -6.368514423292872, -6.46443423436607], "mix_shots": 21504, "mix_moments": ["(1+0j)", "(1.78125+0j)", "(7.1484375+0j)", "(8.35546875+0j)", "(91.71875+0j)", "(-119.3828125+0j)", "(1998.3671875+0j)", "(-8593.46484375+0j)", "(65877.25+0j)", "(-385053.921875+0j)"], "cs_energy": [1.8477460059781166, -3.624540426940613, -5.77692413041575, -6.372193968701911, -6.464536758053588], "cs_shots": 21465, "cs_moments": ["(1+0j)", "(1.8477460059781166+0j)", "(7.044972817122163+0j)", "(8.9751264529799+0j)", "(90.10533909815341+0j)", "(-114.1510115615932+0j)", "(1991.3443691543116+0j)", "(-8639.0459052639+0j)", "(66538.33057790538+0j)", "(-390706.14113932813+0j)"]}