{"qwc_energy": [1.830078125, -2.9749783337652214, -5.417308277426894, -6.266932678643011, -6.456684084992083], "qwc_shots": 21504, "qwc_moments": ["1.0", "(1.830078125+0j)", "(6.73828125+0j)", "(10.841796875+0j)", "(77.1015625+0j)", "(-27.833984375+0j)", "(1430.08984375+0j)", "(-4969.447265625+0j)", "(42773.203125+0j)", "(-236524.748046875+0j)"], "mix_energy": [1.72265625, -2.994870050617127, -5.164643879581588, -6.219590302463343, -6.454399615701941], "mix_shots": 21504, "mix_moments": ["(1+0j)", "(1.72265625+0j)", "(6.796875+0j)", "(9.9453125+0j)", "(77.703125+0j)", "(-31.51953125+0j)", "(1398.75+0j)", "(-4711.578125+0j)", "(40441.46875+0j)", "(-220241.13671875+0j)"], "cs_energy": [1.8256735340729002, -1.946553040833915, -3.0526685194572813, -8.566058828346158, -6.522351735013094], "cs_shots": 21465, "cs_moments": ["(1+0j)", "(1.8256735340729002+0j)", "(6.38224964924315+0j)", "(13.748023997121738+0j)", "(55.36382853436546+0j)", "(121.60089285825448+0j)", "(424.781140174512+0j)", "(1664.1766108983+0j)", "(-667.7141123144625+0j)", "(46301.96960646753+0j)"]}