{"qwc_energy": [1.830078125, -3.0858089166555334, -5.729595339296907, -6.318353816126603, -6.4568766878661785], "qwc_shots": 21504, "qwc_moments": ["1.0", "(1.830078125+0j)", "(6.7421875+0j)", "(10.419921875+0j)", "(81.234375+0j)", "(-60.349609375+0j)", "(1662.9453125+0j)", "(-6558.822265625+0j)", "(53381.34375+0j)", "(-306334.841796875+0j)"], "mix_energy": [1.908203125, -3.4052848967174874, -5.803637815975705, -6.359915101425637, -6.463251953668696], "mix_shots": 21504, "mix_moments": ["(1+0j)", "(1.908203125+0j)", "(6.93359375+0j)", "(10.341796875+0j)", "(85.1953125+0j)", "(-76.583984375+0j)", "(1792.53515625+0j)", "(-7317.244140625+0j)", "(58481.453125+0j)", "(-338586.763671875+0j)"], "cs_energy": [1.782884310618067, -3.5773030405892046, -5.832433075068232, -6.363852997869503, -6.460820097953091], "cs_shots": 21465, "cs_moments": ["(1+0j)", "(1.782884310618067+0j)", "(7.046451784782812+0j)", "(8.413488483846525+0j)", "(92.95611648986686+0j)", "(-134.55293347259797+0j)", "(2125.986358141727+0j)", "(-9518.966756840522+0j)", "(72297.16739224871+0j)", "(-428046.5744930355+0j)"]}