{"qwc_energy": [2.0234375, -2.5432064756683723, -4.960466566798381, -6.201247627261871, -6.468513256281729], "qwc_shots": 21504, "qwc_moments": ["1.0", "(2.0234375+0j)", "(6.8046875+0j)", "(13.96875+0j)", "(69.046875+0j)", "(59.6640625+0j)", "(978.7265625+0j)", "(-1727.640625+0j)", "(22878.34375+0j)", "(-105042.1953125+0j)"], "mix_energy": [1.818359375, -3.0035034358127564, -5.357139824444955, -6.270249718302706, -6.456639141014974], "mix_shots": 21504, "mix_moments": ["(1+0j)", "(1.818359375+0j)", "(6.8671875+0j)", "(10.896484375+0j)", "(79.015625+0j)", "(-27.431640625+0j)", "(1451.2578125+0j)", "(-4964.103515625+0j)", "(42921.65625+0j)", "(-235952.306640625+0j)"], "cs_energy": [1.8470681458003173, -3.073508800360629, -4.942100825148278, -6.282761949378101, -6.472085768045597], "cs_shots": 21465, "cs_moments": ["(1+0j)", "(1.8470681458003173+0j)", "(6.917591125198097+0j)", "(10.97543581616482+0j)", "(75.15277437153206+0j)", "(-0.08637581962544516+0j)", "(1218.9949754937038+0j)", "(-3411.3297668384976+0j)", "(32158.684454530983+0j)", "(-165265.63743941864+0j)"]}