{"qwc_energy": [1.791015625, -3.7475902859480317, -5.907472413469305, -6.380800884741796, -6.4621320911159], "qwc_shots": 21504, "qwc_moments": ["1.0", "(1.791015625+0j)", "(7.1484375+0j)", "(7.896484375+0j)", "(97.140625+0j)", "(-161.013671875+0j)", "(2304.4453125+0j)", "(-10674.033203125+0j)", "(79845.03125+0j)", "(-476929.255859375+0j)"], "mix_energy": [1.91796875, -2.7190432697501237, -5.215021116756954, -6.1976963427866405, -6.452846969262551], "mix_shots": 21504, "mix_moments": ["(1+0j)", "(1.91796875+0j)", "(6.80859375+0j)", "(12.6640625+0j)", "(73.0546875+0j)", "(20.78515625+0j)", "(1191.30078125+0j)", "(-3221.65625+0j)", "(32189.859375+0j)", "(-166329.34765625+0j)"], "cs_energy": [1.6973058637083995, -2.3309819957841005, -4.0608716402624285, -5.112597622676208, -6.381074187688878], "cs_shots": 21465, "cs_moments": ["(1+0j)", "(1.6973058637083995+0j)", "(6.375594294770204+0j)", "(11.638668779714742+0j)", "(60.8985736925515+0j)", "(64.9017432646594+0j)", "(712.5879556259899+0j)", "(-379.17908082408803+0j)", "(11776.378763866815+0j)", "(-35630.14421553088+0j)"]}