{"qwc_energy": [1.826171875, -3.2241583654211947, -5.234642242510139, -6.315994032686298, -6.4644591951419965], "qwc_shots": 21504, "qwc_moments": ["1.0", "(1.826171875+0j)", "(7.04296875+0j)", "(10.400390625+0j)", "(81.3203125+0j)", "(-35.603515625+0j)", "(1481.45703125+0j)", "(-5071.435546875+0j)", "(43263.828125+0j)", "(-236894.095703125+0j)"], "mix_energy": [1.7109375, -3.585650216369269, -5.697027376651201, -6.350545566358102, -6.4595815773169605], "mix_shots": 21504, "mix_moments": ["(1+0j)", "(1.7109375+0j)", "(7.2578125+0j)", "(7.83984375+0j)", "(96.546875+0j)", "(-144.546875+0j)", "(2187.2734375+0j)", "(-9746.10546875+0j)", "(73615.59375+0j)", "(-434453.7421875+0j)"], "cs_energy": [1.875594294770206, -3.5005459490210873, -5.745639886271393, -6.375359783650311, -6.465768657902709], "cs_shots": 21465, "cs_moments": ["(1+0j)", "(1.875594294770206+0j)", "(7.017432646592712+0j)", "(9.753248313441556+0j)", "(87.74548933537326+0j)", "(-90.47310345428545+0j)", "(1868.5131694102658+0j)", "(-7760.690837870046+0j)", "(61160.43065720689+0j)", "(-355180.39809688716+0j)"]}