{"qwc_energy": [1.669921875, -3.3068238135383203, -5.124443226002253, -6.287087178408797, -6.461389117088863], "qwc_shots": 21504, "qwc_moments": ["1.0", "(1.669921875+0j)", "(7.0078125+0j)", "(8.373046875+0j)", "(83.125+0j)", "(-67.283203125+0j)", "(1567.9765625+0j)", "(-5773.173828125+0j)", "(46541.6875+0j)", "(-258710.673828125+0j)"], "mix_energy": [1.896484375, -2.835333667302258, -5.41945070982894, -6.275166112281578, -6.4591011171742085], "mix_shots": 21504, "mix_moments": ["(1+0j)", "(1.896484375+0j)", "(6.68359375+0j)", "(11.791015625+0j)", "(74.3671875+0j)", "(-4.314453125+0j)", "(1313.92578125+0j)", "(-4176.044921875+0j)", "(38028.734375+0j)", "(-205670.525390625+0j)"], "cs_energy": [1.8040324277353743, -4.024982419377749, -5.978050784068138, -6.40309644629225, -6.463145695143744], "cs_shots": 21465, "cs_moments": ["(1+0j)", "(1.8040324277353743+0j)", "(7.540113263028424+0j)", "(7.235373096980691+0j)", "(107.66194011176908+0j)", "(-207.99251241498732+0j)", "(2670.1325319353673+0j)", "(-12832.924377818978+0j)", "(94368.91209354842+0j)", "(-568881.6350653527+0j)"]}