{"qwc_energy": [1.74609375, -3.0564240751923033, -5.330152766959273, -6.266104363496842, -6.457146798012939], "qwc_shots": 21504, "qwc_moments": ["1.0", "(1.74609375+0j)", "(6.73828125+0j)", "(9.765625+0j)", "(78.6640625+0j)", "(-45.21484375+0j)", "(1487.71484375+0j)", "(-5377.7578125+0j)", "(44818.078125+0j)", "(-249653.67578125+0j)"], "mix_energy": [1.927734375, -3.340475361185444, -5.930956805992983, -6.370007483560056, -6.464391695818698], "mix_shots": 21504, "mix_moments": ["(1+0j)", "(1.927734375+0j)", "(6.7578125+0j)", "(10.486328125+0j)", "(82.828125+0j)", "(-73.376953125+0j)", "(1761.5546875+0j)", "(-7253.630859375+0j)", "(58053.78125+0j)", "(-337399.244140625+0j)"], "cs_energy": [1.8881487134350772, -1.4892445147424505, -3.1317161544436893, -11.942454663392066, -6.590548186614702], "cs_shots": 21465, "cs_moments": ["(1+0j)", "(1.8881487134350772+0j)", "(6.171720843609124+0j)", "(14.704658374654391+0j)", "(53.79114810466799+0j)", "(127.21834816243273+0j)", "(454.04128286750176+0j)", "(1383.812240822754+0j)", "(2002.5486434703153+0j)", "(27335.113455992323+0j)"]}