{"qwc_energy": [1.818359375, -3.092195776280389, -5.175954648029603, -6.269965088795498, -6.459081081588982], "qwc_shots": 21504, "qwc_moments": ["1.0", "(1.818359375+0j)", "(7.01953125+0j)", "(10.841796875+0j)", "(79.7890625+0j)", "(-21.431640625+0j)", "(1407.33984375+0j)", "(-4549.283203125+0j)", "(40071.453125+0j)", "(-215885.244140625+0j)"], "mix_energy": [1.671875, -3.666250677139689, -5.697441858975338, -6.354358401831085, -6.460558007788643], "mix_shots": 21504, "mix_moments": ["(1+0j)", "(1.671875+0j)", "(7.1640625+0j)", "(6.83984375+0j)", "(96.84375+0j)", "(-164.7109375+0j)", "(2251.6953125+0j)", "(-10334.76171875+0j)", "(76773.375+0j)", "(-456366.59375+0j)"], "cs_energy": [1.8328050713153725, -4.362631431185995, -6.195327586371922, -6.421148726349672, -6.4641882445682], "cs_shots": 21465, "cs_moments": ["(1+0j)", "(1.8328050713153725+0j)", "(7.587832378685436+0j)", "(6.095492385432919+0j)", "(115.19887135346701+0j)", "(-271.4300067350291+0j)", "(3084.022763403764+0j)", "(-15698.424309970702+0j)", "(113059.47082213407+0j)", "(-692081.8462938035+0j)"]}