{"qwc_energy": [1.806640625, -3.6785975430606364, -5.802634312084079, -6.378184820590263, -6.463426431360667], "qwc_shots": 21504, "qwc_moments": ["1.0", "(1.806640625+0j)", "(7.14453125+0j)", "(8.388671875+0j)", "(94.2578125+0j)", "(-136.716796875+0j)", "(2145.90234375+0j)", "(-9582.072265625+0j)", "(72714.140625+0j)", "(-430001.740234375+0j)"], "mix_energy": [1.818359375, -3.563585399909005, -5.853903100522764, -6.366548843145791, -6.462648004156494], "mix_shots": 21504, "mix_moments": ["(1+0j)", "(1.818359375+0j)", "(6.8828125+0j)", "(8.650390625+0j)", "(89.046875+0j)", "(-121.751953125+0j)", "(2015.2734375+0j)", "(-8941.544921875+0j)", "(68322.84375+0j)", "(-403805.884765625+0j)"], "cs_energy": [1.896988906497623, -3.0726014180617836, -5.4303611255378, -6.296694166671605, -6.460408678982378], "cs_shots": 21465, "cs_moments": ["(1+0j)", "(1.896988906497623+0j)", "(6.9041907818485315+0j)", "(11.40984335143035+0j)", "(78.79013847270441+0j)", "(-22.45339197747158+0j)", "(1444.4427553615665+0j)", "(-4911.5234425088565+0j)", "(42843.66433285232+0j)", "(-235605.6825958616+0j)"]}