{"qwc_energy": [1.724609375, -2.863307978432705, -5.01417563247266, -6.167013926923547, -6.452164711495335], "qwc_shots": 21504, "qwc_moments": ["1.0", "(1.724609375+0j)", "(6.70703125+0j)", "(10.353515625+0j)", "(74.2265625+0j)", "(-10.423828125+0j)", "(1253.87109375+0j)", "(-3783.919921875+0j)", "(34354.453125+0j)", "(-180920.947265625+0j)"], "mix_energy": [1.880859375, -2.995715238742199, -5.49039706236846, -6.291743293849678, -6.45728930637906], "mix_shots": 21504, "mix_moments": ["(1+0j)", "(1.880859375+0j)", "(6.90234375+0j)", "(11.552734375+0j)", "(79.4609375+0j)", "(-23.291015625+0j)", "(1473.58203125+0j)", "(-5066.306640625+0j)", "(44114.921875+0j)", "(-243616.400390625+0j)"], "cs_energy": [1.8827258320126785, -2.945399513026089, -5.430652498260292, -6.285147782735672, -6.459664476492984], "cs_shots": 21465, "cs_moments": ["(1+0j)", "(1.8827258320126785+0j)", "(6.746434231378764+0j)", "(11.422504210949597+0j)", "(76.20633715233988+0j)", "(-15.797129956190952+0j)", "(1380.5085968107564+0j)", "(-4597.343698141209+0j)", "(40653.1529611098+0j)", "(-222455.0544765538+0j)"]}