{"qwc_energy": [1.765625, -3.15199167488193, -5.367563718915088, -6.278734022124515, -6.457292801857561], "qwc_shots": 21504, "qwc_moments": ["1.0", "(1.765625+0j)", "(6.91796875+0j)", "(9.8828125+0j)", "(81.7890625+0j)", "(-52.3125+0j)", "(1570.39453125+0j)", "(-5787.1015625+0j)", "(47792.765625+0j)", "(-267700.515625+0j)"], "mix_energy": [1.671875, -3.8240155072297695, -5.600855448191192, -6.388872633315604, -6.46500329145004], "mix_shots": 21504, "mix_moments": ["(1+0j)", "(1.671875+0j)", "(7.41015625+0j)", "(6.33203125+0j)", "(100.7734375+0j)", "(-176.3984375+0j)", "(2322.71484375+0j)", "(-10629.64453125+0j)", "(78492.859375+0j)", "(-465434.53125+0j)"], "cs_energy": [1.8328050713153723, -3.5449172065255232, -5.948100210243284, -6.368972110006927, -6.4595355003909845], "cs_shots": 21465, "cs_moments": ["(1+0j)", "(1.8328050713153723+0j)", "(7.079874213053509+0j)", "(9.180025097633026+0j)", "(93.16677974710642+0j)", "(-128.26425653864328+0j)", "(2141.290547429673+0j)", "(-9573.223621030718+0j)", "(73261.35449908691+0j)", "(-434262.1844246531+0j)"]}