{"qwc_energy": [1.89453125, -2.600456281304559, -5.096757725872094, -6.17440641830451, -6.454062110565198], "qwc_shots": 21504, "qwc_moments": ["1.0", "(1.89453125+0j)", "(6.63671875+0j)", "(12.48828125+0j)", "(69.9609375+0j)", "(29.25390625+0j)", "(1096.00390625+0j)", "(-2705.46484375+0j)", "(28466.796875+0j)", "(-143093.82421875+0j)"], "mix_energy": [1.80078125, -3.057938011450364, -5.191122785018559, -6.260306692490234, -6.458494160880143], "mix_shots": 21504, "mix_moments": ["(1+0j)", "(1.80078125+0j)", "(6.9140625+0j)", "(10.609375+0j)", "(78.578125+0j)", "(-23.72265625+0j)", "(1396.3359375+0j)", "(-4578.7890625+0j)", "(40038.78125+0j)", "(-216663.93359375+0j)"], "cs_energy": [1.6496483717039125, -4.850341056228798, -6.231483535841083, -6.4405340523422385, -6.465843917763208], "cs_shots": 21465, "cs_moments": ["(1+0j)", "(1.6496483717039125+0j)", "(8.211004365942411+0j)", "(0.6109200847045066+0j)", "(145.0240693272316+0j)", "(-474.43688368566677+0j)", "(4341.774788581074+0j)", "(-23895.653212584173+0j)", "(165484.19525236438+0j)", "(-1031247.8652128879+0j)"]}