{"qwc_energy": [1.81640625, -3.2544127117063697, -5.812055986509696, -6.346006358514646, -6.458775285962492], "qwc_shots": 21504, "qwc_moments": ["1.0", "(1.81640625+0j)", "(6.83984375+0j)", "(9.8046875+0j)", "(85.7734375+0j)", "(-87.08203125+0j)", "(1844.30078125+0j)", "(-7698.96875+0j)", "(60838.671875+0j)", "(-354212.73046875+0j)"], "mix_energy": [1.86328125, -3.335872296007506, -5.8987991631510805, -6.366299789233786, -6.461932309465169], "mix_shots": 21504, "mix_moments": ["(1+0j)", "(1.86328125+0j)", "(6.78515625+0j)", "(9.875+0j)", "(85.2578125+0j)", "(-89.14453125+0j)", "(1854.54296875+0j)", "(-7833.9453125+0j)", "(61712.515625+0j)", "(-360686.02734375+0j)"], "cs_energy": [1.724274614914418, -2.557200160862248, -4.123165033840394, -5.486132865854213, -6.435203024881661], "cs_shots": 21465, "cs_moments": ["(1+0j)", "(1.724274614914418+0j)", "(6.593887680622661+0j)", "(11.415860060777103+0j)", "(64.83610100303385+0j)", "(58.3433396035919+0j)", "(774.9615007786986+0j)", "(-561.4962646107142+0j)", "(13031.606897118363+0j)", "(-41208.197636390294+0j)"]}