{"qwc_energy": [1.947265625, -3.3502216929887503, -5.55185352122502, -6.361800079203827, -6.469187797400247], "qwc_shots": 21504, "qwc_moments": ["1.0", "(1.947265625+0j)", "(7.03515625+0j)", "(11.134765625+0j)", "(82.2578125+0j)", "(-42.193359375+0j)", "(1581.26171875+0j)", "(-5784.130859375+0j)", "(48556.390625+0j)", "(-272498.021484375+0j)"], "mix_energy": [1.951171875, -1.8649027076647369, -4.772342796918839, -5.91731461490553, -6.4359329122407685], "mix_shots": 21504, "mix_moments": ["(1+0j)", "(1.951171875+0j)", "(6.25390625+0j)", "(13.982421875+0j)", "(59.7421875+0j)", "(80.826171875+0j)", "(763.12109375+0j)", "(-731.298828125+0j)", "(15840.046875+0j)", "(-63659.673828125+0j)"], "cs_energy": [1.7828843106180665, -3.475268516707, -5.6672933759033075, -6.352385702163135, -6.461096199850253], "cs_shots": 21465, "cs_moments": ["(1+0j)", "(1.7828843106180665+0j)", "(7.088748019017433+0j)", "(8.928684627575283+0j)", "(90.45166402535651+0j)", "(-107.36767036450074+0j)", "(1954.7591125198078+0j)", "(-8281.293185419961+0j)", "(64254.451664025306+0j)", "(-374492.75277337537+0j)"]}