{"qwc_energy": [1.994140625, -2.7553592093168104, -5.797015868915, -6.320580713600457, -6.457969698996452], "qwc_shots": 21504, "qwc_moments": ["1.0", "(1.994140625+0j)", "(6.65234375+0j)", "(12.736328125+0j)", "(74.1484375+0j)", "(-1.818359375+0j)", "(1360.58203125+0j)", "(-4525.763671875+0j)", "(41035.796875+0j)", "(-226307.443359375+0j)"], "mix_energy": [1.857421875, -3.2279260052959113, -5.765135656647648, -6.3341968139561535, -6.458254182603367], "mix_shots": 21504, "mix_moments": ["(1+0j)", "(1.857421875+0j)", "(6.91015625+0j)", "(10.447265625+0j)", "(84.6171875+0j)", "(-70.447265625+0j)", "(1761.68359375+0j)", "(-7084.263671875+0j)", "(57077.421875+0j)", "(-329162.189453125+0j)"], "cs_energy": [1.6117274167987325, -3.930231842692333, -5.986059376213074, -6.386613148493803, -6.460382165741887], "cs_shots": 21465, "cs_moments": ["(1+0j)", "(1.6117274167987325+0j)", "(7.374009508716325+0j)", "(4.927416051778813+0j)", "(111.25294081764+0j)", "(-262.2076741988613+0j)", "(2919.1184070472564+0j)", "(-14714.570725901722+0j)", "(105597.54376710983+0j)", "(-643812.2869234605+0j)"]}