{"qwc_energy": [1.625, -3.663324009602235, -5.485651189582317, -6.364951659817951, -6.462954108879888], "qwc_shots": 21504, "qwc_moments": ["1.0", "(1.625+0j)", "(7.29296875+0j)", "(6.4609375+0j)", "(96.8515625+0j)", "(-154.578125+0j)", "(2152.70703125+0j)", "(-9542.0234375+0j)", "(71150.140625+0j)", "(-417823.15625+0j)"], "mix_energy": [1.76171875, -3.5927143378914015, -5.701875551306493, -6.366264689032705, -6.461673645675473], "mix_shots": 21504, "mix_moments": ["(1+0j)", "(1.76171875+0j)", "(7.20703125+0j)", "(8.328125+0j)", "(94.5703125+0j)", "(-130.88671875+0j)", "(2109.27734375+0j)", "(-9241.9453125+0j)", "(70469.265625+0j)", "(-414216.66015625+0j)"], "cs_energy": [1.8290628349618991, -3.6882325473636866, -5.424249330613206, -6.4351622712336205, -6.481494746417921], "cs_shots": 21465, "cs_moments": ["(1+0j)", "(1.8290628349618991+0j)", "(7.295915534513602+0j)", "(8.828703052424926+0j)", "(90.19831238336633+0j)", "(-94.86569342793064+0j)", "(1840.1358695719805+0j)", "(-7407.398729307821+0j)", "(58064.011750821286+0j)", "(-332573.4504159901+0j)"]}