{"qwc_energy": [1.9453125, -2.5942748065732872, -5.19656903492421, -6.185518868456253, -6.452569580271417], "qwc_shots": 21504, "qwc_moments": ["1.0", "(1.9453125+0j)", "(6.73828125+0j)", "(13.11328125+0j)", "(70.9765625+0j)", "(33.5625+0j)", "(1118.46484375+0j)", "(-2766.33203125+0j)", "(29371.203125+0j)", "(-148390.4453125+0j)"], "mix_energy": [1.82421875, -3.0676404070829624, -5.347759841149645, -6.277710187088685, -6.458259463692457], "mix_shots": 21504, "mix_moments": ["(1+0j)", "(1.82421875+0j)", "(6.87890625+0j)", "(10.7109375+0j)", "(79.2421875+0j)", "(-31.29296875+0j)", "(1462.27734375+0j)", "(-5058.875+0j)", "(43378.671875+0j)", "(-239074.22265625+0j)"], "cs_energy": [1.8114104595879559, -2.63864726371118, -4.794944205192605, -6.1492826111767975, -6.458043543387401], "cs_shots": 21465, "cs_moments": ["(1+0j)", "(1.8114104595879559+0j)", "(6.618066561014259+0j)", "(11.72979335535187+0j)", "(69.36133868981884+0j)", "(30.88425459656447+0j)", "(1028.932270003721+0j)", "(-2240.0305441679575+0j)", "(24800.625880938027+0j)", "(-118449.45384139413+0j)"]}