{"qwc_energy": [1.78125, -3.5263630815549596, -5.482894270343751, -6.367121538644274, -6.465965418903867], "qwc_shots": 21504, "qwc_moments": ["1.0", "(1.78125+0j)", "(7.15625+0j)", "(8.78515625+0j)", "(89.21875+0j)", "(-96.0078125+0j)", "(1847.40625+0j)", "(-7528.81640625+0j)", "(58933.6875+0j)", "(-339079.109375+0j)"], "mix_energy": [1.892578125, -2.7587545197130154, -5.418215328955571, -6.262054314814831, -6.456617424776002], "mix_shots": 21504, "mix_moments": ["(1+0j)", "(1.892578125+0j)", "(6.66796875+0j)", "(11.994140625+0j)", "(73.8359375+0j)", "(0.767578125+0j)", "(1291.97265625+0j)", "(-4019.505859375+0j)", "(37139.796875+0j)", "(-199841.294921875+0j)"], "cs_energy": [1.840306350473008, -2.0056036888824673, -2.950039595092871, -7.290016931547623, -6.475394662532387], "cs_shots": 21465, "cs_moments": ["(1+0j)", "(1.840306350473008+0j)", "(6.360591736454935+0j)", "(13.513417149800249+0j)", "(54.57211025529621+0j)", "(125.46247742022248+0j)", "(371.23378270877623+0j)", "(2020.109438627205+0j)", "(-3309.689549998036+0j)", "(63772.42028326957+0j)"]}