{"qwc_energy": [1.8515625, -3.4257940871123114, -5.536637073706859, -6.342904877663408, -6.463138633327404], "qwc_shots": 21504, "qwc_moments": ["1.0", "(1.8515625+0j)", "(7.10546875+0j)", "(9.9296875+0j)", "(86.2890625+0j)", "(-72.5234375+0j)", "(1742.14453125+0j)", "(-6838.1015625+0j)", "(54990.015625+0j)", "(-313910.6484375+0j)"], "mix_energy": [1.8359375, -3.390090347899591, -5.83014144828973, -6.3511374465871295, -6.460772425542657], "mix_shots": 21504, "mix_moments": ["(1+0j)", "(1.8359375+0j)", "(6.80078125+0j)", "(9.40625+0j)", "(85.4140625+0j)", "(-96.2890625+0j)", "(1865.49609375+0j)", "(-7960.53125+0j)", "(62146.703125+0j)", "(-363863.1015625+0j)"], "cs_energy": [1.9111903573300402, -3.0619710573091736, -5.981063729715721, -6.363399165103809, -6.45734725453906], "cs_shots": 21465, "cs_moments": ["(1+0j)", "(1.9111903573300402+0j)", "(6.77952053063567+0j)", "(11.324629044285626+0j)", "(82.22902959553713+0j)", "(-57.888857696669675+0j)", "(1721.4302613216328+0j)", "(-6891.425825041116+0j)", "(56357.89155357578+0j)", "(-325721.13467133406+0j)"]}