{"qwc_energy": [1.78515625, -2.8861274678825954, -4.719725540424726, -6.146171782539769, -6.461312658486014], "qwc_shots": 21504, "qwc_moments": ["1.0", "(1.78515625+0j)", "(6.78125+0j)", "(10.9140625+0j)", "(71.640625+0j)", "(15.69921875+0j)", "(1081.359375+0j)", "(-2567.265625+0j)", "(26341.71875+0j)", "(-127872.88671875+0j)"], "mix_energy": [1.78515625, -3.0222616716325206, -5.783882489836294, -6.321709154245815, -6.456122585303074], "mix_shots": 21504, "mix_moments": ["(1+0j)", "(1.78515625+0j)", "(6.546875+0j)", "(9.87890625+0j)", "(79.484375+0j)", "(-68.60546875+0j)", "(1667.875+0j)", "(-6784.60546875+0j)", "(54429.53125+0j)", "(-315026.80859375+0j)"], "cs_energy": [1.6935916381060752, -4.632250776506446, -6.1771931762668775, -6.432391423255018, -6.464371222819467], "cs_shots": 21465, "cs_moments": ["(1+0j)", "(1.6935916381060752+0j)", "(8.114244027174164+0j)", "(2.6765113045167133+0j)", "(136.0034870272874+0j)", "(-398.88512044000464+0j)", "(3898.357427144035+0j)", "(-20852.97596864288+0j)", "(146216.4690804878+0j)", "(-904951.728582668+0j)"]}