{"qwc_energy": [1.9375, -2.551621772727785, -5.37250196279507, -6.2235599863179765, -6.45473687991473], "qwc_shots": 21504, "qwc_moments": ["1.0", "(1.9375+0j)", "(6.546875+0j)", "(12.70703125+0j)", "(69.546875+0j)", "(23.6953125+0j)", "(1144.53125+0j)", "(-3135.00390625+0j)", "(31464.53125+0j)", "(-164021.296875+0j)"], "mix_energy": [1.64453125, -3.486263585641035, -5.771533891733596, -6.347028331801036, -6.458570680093393], "mix_shots": 21504, "mix_moments": ["(1+0j)", "(1.64453125+0j)", "(6.98046875+0j)", "(7.16796875+0j)", "(94.5234375+0j)", "(-156.35546875+0j)", "(2210.22265625+0j)", "(-10139.64453125+0j)", "(75745.171875+0j)", "(-450702.41796875+0j)"], "cs_energy": [1.8898573692551506, -2.406109007726253, -5.457557426876228, -6.243481396926546, -6.451969017584322], "cs_shots": 21465, "cs_moments": ["(1+0j)", "(1.8898573692551506+0j)", "(6.465609644661834+0j)", "(12.67464641095133+0j)", "(69.77462051656805+0j)", "(22.029467932669654+0j)", "(1169.816746196451+0j)", "(-3288.8452841721696+0j)", "(32663.73254961323+0j)", "(-171750.47192700222+0j)"]}