{"qwc_energy": [1.720703125, -3.5941582295747825, -5.381942603543752, -6.389890826174804, -6.469203204352921], "qwc_shots": 21504, "qwc_moments": ["1.0", "(1.720703125+0j)", "(7.265625+0j)", "(7.923828125+0j)", "(91.703125+0j)", "(-109.701171875+0j)", "(1900.375+0j)", "(-7809.966796875+0j)", "(60299.34375+0j)", "(-346814.685546875+0j)"], "mix_energy": [1.76171875, -3.505722487295778, -5.777173168879687, -6.352744069228148, -6.460894427692803], "mix_shots": 21504, "mix_moments": ["(1+0j)", "(1.76171875+0j)", "(6.8828125+0j)", "(8.24609375+0j)", "(89.34375+0j)", "(-125.00390625+0j)", "(2014.8828125+0j)", "(-8930.61328125+0j)", "(68011.75+0j)", "(-401477.95703125+0j)"], "cs_energy": [1.832989942272954, -2.585338039485884, -4.268719710358376, -5.707334563070954, -6.445412015120777], "cs_shots": 21465, "cs_moments": ["(1+0j)", "(1.832989942272954+0j)", "(6.71840107162909+0j)", "(12.340931923915328+0j)", "(65.90846460001272+0j)", "(62.602105412548795+0j)", "(813.0345988798177+0j)", "(-744.5704781621853+0j)", "(14895.415701955571+0j)", "(-53133.58120441221+0j)"]}