{"IYYYIY": -0.005839100346020764, "ZZYXYX": 0.2364835640138408, "YXXYII": 0.008758650519031146, "IYIYII": 0.020436851211072665, "YZXYXZ": -0.05255190311418682, "XIZXZI": -0.03503460207612457, "IIZYZY": 0.02043685121107266, "ZXXXXZ": 0.02627595155709342, "XIIXXX": -0.04671280276816609, "IZXIZX": 0.02335640138408305, "YXZYZX": 6.938893903907228e-18, "IZIZII": -0.10283304498269896, "IYIYXX": 0.014597750865051896, "ZYZXXY": 0.1051038062283737, "IYIYZZ": 0.03795415224913495, "YYIZZI": -0.2102076124567474, "XIYYIX": -0.040873702422145324, "ZZZYZY": -0.05255190311418685, "XXYZZY": -0.07882785467128028, "IZYIYZ": -0.011678200692041528, "IIXYYX": -0.6014273356401384, "IYIZYZ": -0.023356401384083042, "XIZIXZ": 0.0029195501730103837, "ZZIYYI": -0.008758650519031158, "ZYZIYI": 0.0029195501730103803, "XXIYIY": 0.01751730103806229, "ZYYZYY": -0.026275951557093433, "YYXXII": 0.2043685121107267, "ZXZYXY": 0.05255190311418686, "YIIYII": 0.010705017301038063, "IYIIYI": 0.006812283737024225, "YIYYIY": -0.01459775086505191, "ZYZYYY": 0.07882785467128028, "IYXYXI": 0.014597750865051898, "XZIZIX": 0.026275951557093415, "YXXZYZ": 0.0, "ZZXYXY": 0.26275951557093424, "ZXYYXZ": -0.05255190311418686, "ZYIYZI": 0.008758650519031139, "ZZYYYY": 0.26275951557093424, "IXXIXX": -0.0029195501730103837, "ZYXXZY": -0.052551903114186845, "YYZIZI": -0.19560986159169552, "ZIZZZI": -0.017517301038062275, "ZYXZXY": -0.05255190311418684, "XXZYYZ": 0.1051038062283737, "IZIXZX": -0.046687560791094776, "YYZYZY": -0.026275951557093412, "ZIZIYY": 0.032115051903114186, "IYZYIZ": 0.005839100346020764, "YXYZZX": -6.938893903907228e-18, "XIXYIY": -0.023356401384083045, "XXZYZY": -0.026275951557093426, "IZZIZZ": -0.07590830449826991, "ZIXZXI": 0.0029195501730103837, "IYZIZY": -0.0321150519031142, "IIIIXX": -0.3941392733564013, "ZIZZIZ": -0.026275951557093426, "XZXXZX": 0.02627595155709342, "ZIIZII": 0.07947664359861592, "ZZIZZI": 0.2160467128027682, "IIXXXX": -0.4846453287197232, "ZYZYXX": 0.02627595155709344, "XIYIYX": 0.00875865051903113, "ZYYIIZ": -0.020425807846103983, "ZXYXZY": 0.026275951557093433, "ZZYZZY": -6.938893903907228e-18, "ZZZIIZ": 0.2188479412082568, "YZIIYZ": -0.02919550173010382, "IYZZYI": 0.020425807846103965, "IZYZIY": -0.02627595155709343, "IZYYIZ": 0.014597750865051898, "XYZZYX": -0.026275951557093433, "XXXZXZ": 0.02626175294499082, "ZIYZYI": -0.020436851211072672, "IZYIZY": 0.0058391003460207605, "XZZZXZ": -1.3877787807814457e-17, "IXXXIX": 0.005839100346020767, "XIXZZI": -0.008758650519031144, "XZIXIZ": -5.204170427930421e-18, "ZZIYIY": 0.023356401384083052, "ZXIZIX": 0.023356401384083052, "YXYXII": 0.026275951557093426, "IIIXIX": -0.012651384083044982, "IXIXZZ": 0.04668756079109478, "IIYXYX": -0.575151384083045, "ZIZYIY": 0.0, "XYXIIY": -0.01751730103806228, "XZXZZZ": -0.05255190311418684, "IZIYZY": -3.469446951953614e-18, "YZYYZY": -0.02627595155709342, "YZXXZY": -0.05255190311418686, "YXIYXI": 0.03211505190311419, "XYIYIX": 0.011678200692041521, "ZZXZXZ": 0.0, "ZYIYIZ": 0.03795415224913496, "IIIZIZ": -0.456098615916955, "YXZZXY": -0.052551903114186886, "IXIXII": 0.04833477508650519, "YYZZYY": 0.15765570934256054, "ZZYYXX": -0.26275951557093424, "YZZZYZ": -0.05255190311418686, "XZYYZX": 0.07882785467128028, "IYXYIX": 0.0029195501730103807, "YYYYYY": -0.26275951557093424, "YZZYZZ": 0.0, "IIZZII": 0.794766435986159, "IIXIXI": -0.005514705882352942, "XIYXYI": 0.0321150519031142, "XXXYXY": -0.4204152249134949, "YIYZZI": -0.03211505190311418, "YYIIXX": -0.2160467128027682, "ZZZYYZ": 0.05255190311418686, "XZXIZI": -0.017517301038062275, "XZYXZY": 0.07882785467128028, "ZZYIIY": 0.0029195501730103768, "XYXXXY": 0.05255190311418684, "YXXIYI": 8.673617379884035e-19, "YYIYYI": 0.023356401384083045, "ZYYZZZ": 0.02627595155709342, "ZIZIII": 0.03860294117647059, "ZXIXZI": 0.017507835296660543, "ZXXZZZ": -0.026275951557093433, "YIIYYY": 0.011678200692041518, "IIXIIX": 0.010380622837370242, "XXIXIX": -0.020425807846103976, "YYYXXY": -0.2890354671280277, "ZXZXZZ": -0.052551903114186845, "YXXYZZ": 0.05255190311418685, "YZZIIY": 0.02919550173010381, "ZXYZXY": 0.02627595155709344, "ZZZZYY": -0.15757051766994487, "ZIZIXX": -0.0175173010380623, "XYIXIY": 0.0058391003460207536, "ZXXIIZ": 0.0, "ZYZIIY": -0.040873702422145324, "YXYXXX": 0.052551903114186865, "IIIIZZ": 0.9227277639684425, "XXYYXX": 0.31531141868512114, "ZIXXZI": -0.01167820069204153, "ZXXYZY": 0.026275951557093433, "IZIZZZ": -0.09342560553633218, "YYYIYI": -0.002919550173010382, "ZZXIXI": 0.008758650519031158, "YIXIYX": 0.008753917648330266, "ZZYYII": 0.22480536332179935, "ZXXXZX": 0.0, "XXIXXI": 0.008758650519031144, "ZIIYZY": 0.02043685121107267, "ZZYIYI": -1.734723475976807e-18, "ZZIXXI": 0.008758650519031137, "IXXYIY": -0.020436851211072665, "ZZZIZI": 0.22188581314878894, "XYYZXZ": 0.052551903114186886, "XIXIII": 0.020436851211072662, "ZIIIIZ": -0.020436851211072662, "IZZXXI": -0.0058391003460207536, "XIIXII": 0.04833477508650519, "ZIYIZY": -0.02917972549443424, "IIZIIZ": -0.4226859861591695, "IIIIYY": 0.4084126297577855, "XYXYYY": 0.026275951557093433, "YIIZYZ": -0.0058391003460207674, "ZIXIZX": -0.023356401384083042, "XIXZIZ": 0.017507835296660543, "XIXYYI": -0.005839100346020757, "XYZYZX": 0.05252350588998164, "IZIXXZ": 0.011678200692041521, "IZIYYZ": 0.029195501730103803, "IYZYZI": 0.0, "IZYYZI": 0.020436851211072672, "ZZXZZX": -0.026275951557093433, "YIZIZY": -0.008758650519031134, "XYZZXY": -0.1313087647249541, "ZZXXZZ": -0.23648356401384082, "YXXXYX": -0.05255190311418686, "IYIXXY": -0.023356401384083045, "YIYZIZ": -0.02335640138408304, "ZZZXXZ": 0.05255190311418684, "YIYXXI": -0.0029195501730103733, "IYIXYX": -0.023356401384083042, "YXYZXZ": 0.0, "IYZIYZ": -0.023356401384083035, "YIXXYI": -0.002919550173010387, "YXZZYX": -0.07882785467128028, "ZIXIXZ": -0.008753917648330264, "IYYZZI": -0.008758650519031142, "XXYXXY": -0.4204152249134948, "XXIIYY": 0.2715181660899654, "XIIYYX": -0.014597750865051896, "IXYXIY": -0.020436851211072665, "ZYYIZI": 0.014597750865051912, "YZZYII": 0.026275951557093426, "XXIIXX": -0.28319636678200694, "YYZZZZ": 0.2890354671280277, "YIZZIY": 0.0058391003460207605, "YZYIIZ": 0.008758650519031142, "XZZYYX": 6.938893903907228e-18, "XXIZZI": -0.3123918685121107, "YYIIZZ": 0.44669117647058826, "IIXYXY": -0.5985077854671281, "XXXYYX": -0.4204152249134948, "YXIXYI": 0.011678200692041528, "YZIYIZ": 0.02627595155709343, "XXYYYY": -0.3941392733564014, "XIYIXY": -0.014597750865051906, "YIYXIX": -0.01751730103806229, "XZIIZX": -0.0029195501730103768, "XZXIIZ": -0.005839100346020764, "XZXYYZ": 6.938893903907228e-18, "ZXZXII": -4.336808689942018e-18, "YXYIXI": -0.017517301038062285, "IIXZZX": 0.01751730103806228, "YXXXXY": -0.13137975778546715, "ZIXXIZ": 0.020436851211072662, "YYYYII": -0.22188581314878897, "YIIIIY": 0.005514705882352939, "IZIZXX": 0.058391003460207605, "ZXIZXI": 0.014597750865051905, "ZXZXXX": 0.02626175294499082, "YYYXYX": -0.3415873702422145, "IZZIXX": 0.046712802768166084, "YZZXYX": 0.052551903114186845, "XXXXII": 0.3211505190311419, "XXZXZX": 0.0, "YIXYXI": -0.0029195501730103785, "ZXYXYZ": -6.938893903907228e-18, "XYIIYX": -0.14298065492272777, "YXXIIY": -0.005839100346020764, "ZXZYYX": -0.02626175294499082, "YZXZXY": -0.052551903114186865, "IXYXYI": 0.014597750865051901, "XYIXYI": -0.01751730103806228, "YIYIYY": -0.017507835296660543, "IXZXIZ": -0.014597750865051898, "ZXIXIZ": 0.014597750865051908, "XXYZYZ": -6.938893903907228e-18, "YIZYIZ": -0.0029195501730103907, "YZYIZI": -0.02335640138408305, "ZZIIYY": -0.23356401384083045, "YZZYYY": -0.05255190311418685, "YIYIXX": 0.029195501730103806, "YIXYIX": -0.00291955017301037, "XIYXIY": 0.0, "XXZZII": 0.5926686851211073, "IIYYZZ": -0.3851723765265319, "YYYIIY": -0.0029195501730103768, "IIZIZI": -0.39219290657439443, "IZXIXZ": 0.008758650519031144, "ZXYYZX": 0.05255190311418686, "ZIYZIY": 0.014597750865051901, "XYYXZZ": 0.13137975778546715, "IIYXXY": -0.5839100346020762, "YYIZIZ": -0.2423226643598616, "ZZYXXY": 0.31531141868512114,