{"IYYYIY": 0.017517301038062275, "ZZYXYX": 0.31531141868512114, "YXXYII": -0.008758650519031137, "IYIYII": 0.015246539792387543, "YZXYXZ": -0.02627595155709342, "XIZXZI": -0.0029195501730103733, "IIZYZY": -0.008758650519031148, "ZXXXXZ": -0.05255190311418686, "XIIXXX": -0.005839100346020762, "IZXIZX": 0.011678200692041531, "YXZYZX": 6.938893903907228e-18, "IZIZII": -0.09764273356401384, "IYIYXX": 0.029195501730103806, "ZYZXXY": -0.026275951557093412, "IYIYZZ": 0.026275951557093426, "YYIZZI": -0.23356401384083045, "XIYYIX": 0.014597750865051898, "ZZZYZY": 0.0, "XXYZZY": -0.05255190311418686, "IZYIYZ": -0.0029195501730103907, "IIXYYX": -0.598507785467128, "IYIZYZ": -0.01167820069204152, "XIZIXZ": -0.04087370242214533, "ZZIYYI": 6.938893903907228e-18, "ZYZIYI": 0.005839100346020752, "XXIYIY": 0.0029195501730103733, "ZYYZYY": 0.05255190311418686, "YYXXII": 0.20436851211072665, "ZXZYXY": 0.05255190311418685, "YIIYII": 0.012002595155709343, "IYIIYI": 0.017841695501730103, "YIYYIY": -0.0058391003460207536, "ZYZYYY": 0.0, "IYXYXI": 0.005839100346020771, "XZIZIX": 0.0029195501730103803, "YXXZYZ": 6.938893903907228e-18, "ZZXYXY": 0.31531141868512114, "ZXYYXZ": 0.07882785467128028, "ZYIYZI": -0.03211505190311419, "ZZYYYY": 0.31531141868512114, "IXXIXX": -0.0058391003460207674, "ZYXXZY": 1.3877787807814457e-17, "YYZIZI": -0.2102076124567474, "ZIZZZI": -0.01167820069204152, "ZYXZXY": 0.02627595155709346, "XXZYYZ": -0.026275951557093412, "IZIXZX": 0.014597750865051894, "YYZYZY": -6.938893903907228e-18, "ZIZIYY": 0.01751730103806228, "IYZYIZ": -0.011678200692041518, "YXYZZX": -0.026275951557093433, "XIXYIY": 0.008758650519031137, "XXZYZY": -0.05255190311418685, "IZZIZZ": -0.08174740484429066, "ZIXZXI": 0.005839100346020764, "IYZIZY": -0.0029195501730103907, "IIIIXX": -0.40484429065743943, "ZIZZIZ": -0.014597750865051901, "XZXXZX": 0.026275951557093412, "ZIIZII": 0.06682525951557093, "ZZIZZI": 0.19269031141868515, "IIXXXX": -0.4466911764705882, "ZYZYXX": -0.02626175294499082, "XIYIYX": -3.469446951953614e-18, "ZYYIIZ": 5.204170427930421e-18, "ZXYXZY": 0.052551903114186845, "ZZYZZY": 0.0, "ZZZIIZ": 0.23356401384083048, "YZIIYZ": 0.011678200692041535, "IYZZYI": 0.026275951557093433, "IZYZIY": -0.046712802768166084, "IZYYIZ": -0.020425807846103962, "XYZZYX": -0.13137975778546712, "XXXZXZ": -0.13137975778546712, "ZIYZYI": 0.008758650519031151, "IZYIZY": -0.0029195501730103803, "XZZZXZ": -0.07882785467128028, "IXXXIX": -3.469446951953614e-18, "XIXZZI": -0.02335640138408305, "XZIXIZ": -0.0029195501730103976, "ZZIYIY": -0.02043685121107267, "ZXIZIX": -0.008758650519031148, "YXYXII": -0.03503460207612457, "IIIXIX": 0.0006487889273356392, "IXIXZZ": 0.05839100346020762, "IIYXYX": -0.5809904844290658, "ZIZYIY": 0.023356401384083042, "XYXIIY": -0.017517301038062275, "XZXZZZ": 0.026275951557093426, "IZIYZY": -0.029195501730103803, "YZYYZY": 0.07882785467128026, "YZXXZY": -0.026275951557093426, "YXIYXI": -0.01751730103806228, "XYIYIX": -0.005839100346020762, "ZZXZXZ": 0.02627595155709342, "ZYIYIZ": -0.014597750865051905, "IIIZIZ": -0.4551254325259515, "YXZZXY": -0.02627595155709342, "IXIXII": 0.05157871972318339, "YYZZYY": 0.183931660899654, "ZZYYXX": -0.26275951557093424, "YZZZYZ": -0.026275951557093433, "XZYYZX": 0.02627595155709346, "IYXYIX": 0.0029195501730103837, "YYYYYY": -0.23648356401384082, "YZZYZZ": 0.02627595155709342, "IIZZII": 0.7921712802768166, "IIXIXI": 0.01362456747404844, "XIYXYI": 0.005839100346020769, "XXXYXY": -0.4204152249134948, "YIYZZI": -0.002919550173010381, "YYIIXX": -0.20436851211072665, "ZZZYYZ": -0.026275951557093426, "XZXIZI": -0.005839100346020769, "XZYXZY": 0.0, "ZZYIIY": 0.0058391003460207536, "XYXXXY": 0.10510380622837373, "YXXIYI": -0.002919550173010363, "YYIYYI": 0.02334378039554738, "ZYYZZZ": 0.1051038062283737, "ZIZIII": 0.04833477508650519, "ZXIXZI": 0.026261752944990814, "ZXXZZZ": 0.05255190311418684, "YIIYYY": 0.03503460207612458, "IIXIIX": -0.0019453150329622792, "XXIXIX": -0.014597750865051898, "YYYXXY": -0.26275951557093424, "ZXZXZZ": -0.026275951557093433, "YXXYZZ": -0.1051038062283737, "YZZIIY": 0.011678200692041521, "ZXYZXY": -0.052551903114186865, "ZZZZYY": -0.2102076124567474, "ZIZIXX": -0.005839100346020764, "XYIXIY": 0.02627595155709342, "ZXXIIZ": 0.011678200692041521, "ZYZIIY": -0.026261752944990814, "YXYXXX": 0.026275951557093426, "IIIIZZ": 0.9254974048442905, "XXYYXX": 0.42041522491349476, "ZIXXZI": 0.017517301038062278, "ZXXYZY": 6.938893903907228e-18, "IZIZZZ": -0.05255190311418686, "YYYIYI": 0.005839100346020757, "ZZXIXI": 0.008758650519031148, "YIXIYX": -0.0058391003460207605, "ZZYYII": 0.21604671280276816, "ZXXXZX": 0.026275951557093433, "XXIXXI": 0.032115051903114186, "ZIIYZY": 0.0029195501730103837, "ZZYIYI": -0.008758650519031158, "ZZIXXI": 0.011671890197773697, "IXXYIY": 0.014597750865051901, "ZZZIZI": 0.21896626297577854, "XYYZXZ": 0.0, "XIXIII": 0.01686851211072664, "ZIIIIZ": -0.032439446366782004, "IZZXXI": 0.005839100346020757, "XIIXII": 0.037629757785467136, "ZIYIZY": 0.005839100346020764, "IIZIIZ": -0.4226859861591695, "IIIIYY": 0.4045198961937716, "XYXYYY": 6.938893903907228e-18, "YIIZYZ": -0.00875865051903114, "ZIXIZX": 0.02043685121107267, "XIXZIZ": -0.029195501730103813, "XIXYYI": 0.017517301038062285, "XYZYZX": -0.05255190311418684, "IZIXXZ": -0.0029195501730103863, "IZIYYZ": -0.011678200692041528, "IYZYZI": -0.01751730103806228, "IZYYZI": 0.005839100346020764, "ZZXZZX": 0.026275951557093433, "YIZIZY": -0.0058391003460207674, "XYZZXY": -0.15765570934256057, "ZZXXZZ": -0.2890354671280277, "YXXXYX": -0.07882785467128028, "IYIXXY": -0.00291955017301038, "YIYZIZ": 0.00875865051903113, "ZZZXXZ": 6.938893903907228e-18, "YIYXXI": -0.023356401384083042, "IYIXYX": -0.014589862747217124, "YXYZXZ": 0.026275951557093433, "IYZIYZ": -0.0029195501730103768, "YIXXYI": 0.014597750865051898, "YXZZYX": 0.0, "ZIXIXZ": 0.008758650519031153, "IYYZZI": -0.01167820069204151, "XXYXXY": -0.3941392733564014, "XXIIYY": 0.28611591695501737, "XIIYYX": -0.03211505190311419, "IXYXIY": 0.017517301038062278, "ZYYIZI": -0.01751730103806229, "YZZYII": 0.026275951557093433, "XXIIXX": -0.29195501730103807, "YYZZZZ": 0.42018804711985314, "YIZZIY": 0.011678200692041531, "YZYIIZ": -0.0029195501730103733, "XZZYYX": -0.052551903114186845, "XXIZZI": -0.3211505190311419, "YYIIZZ": 0.4466911764705882, "IIXYXY": -0.5722318339100347, "XXXYYX": -0.3678633217993079, "YXIXYI": -0.008758650519031144, "YZIYIZ": -0.02919550173010381, "XXYYYY": -0.367863321799308, "XIYIXY": 0.02335640138408304, "YIYXIX": -0.032115051903114186, "XZIIZX": 0.0058391003460207605, "XZXIIZ": 0.008758650519031134, "XZXYYZ": 0.05255190311418686, "ZXZXII": 0.020436851211072665, "YXYIXI": 0.008758650519031144, "IIXZZX": 0.011678200692041521, "YXXXXY": -0.07882785467128028, "ZIXXIZ": 0.023356401384083042, "YYYYII": -0.2188479412082568, "YIIIIY": 0.010056228373702422, "IZIZXX": 0.03211505190311419, "ZXIZXI": -0.011678200692041524, "ZXZXXX": -0.052523505889981635, "YYYXYX": -0.23648356401384082, "IZZIXX": 0.008758650519031132, "YZZXYX": 6.938893903907228e-18, "XXXXII": 0.3445069204152249, "XXZXZX": -0.02627595155709342, "YIXYXI": -0.01751730103806228, "ZXYXYZ": 0.026275951557093426, "XYIIYX": -0.11094290657439446, "YXXIIY": -0.011678200692041528, "ZXZYYX": 0.0, "YZXZXY": 0.07882785467128031, "IXYXYI": 0.011678200692041521, "XYIXYI": 0.0058391003460207605, "YIYIYY": 0.0058391003460207674, "IXZXIZ": -0.014597750865051905, "ZXIXIZ": 0.00583910034602076, "XXYZYZ": -1.3877787807814457e-17, "YIZYIZ": -0.014597750865051901, "YZYIZI": 0.008758650519031137, "ZZIIYY": -0.21312716262975778, "YZZYYY": -0.1051038062283737, "YIYIXX": -0.0029195501730103907, "YIXYIX": 0.023356401384083042, "XIYXIY": -0.008758650519031134, "XXZZII": 0.5926686851211074, "IIYYZZ": -0.4116565743944637, "YYYIIY": 0.0058391003460207605, "IIZIZI": -0.4067906574394463, "IZXIXZ": 0.014597750865051908, "ZXYYZX": 0.026275951557093426, "ZIYZIY": 0.005835945098886852, "XYYXZZ": 0.05255190311418685, "IIYXXY": -0.5839100346020761,