{"IYYYIY": 0.0029195501730103768, "ZZYXYX": 0.4466911764705882, "YXXYII": 0.017517301038062275, "IYIYII": 0.017517301038062285, "YZXYXZ": -0.02627595155709344, "XIZXZI": -0.002919550173010382, "IIZYZY": 0.014597750865051901, "ZXXXXZ": 0.07882785467128028, "XIIXXX": -0.029195501730103796, "IZXIZX": 6.938893903907228e-18, "YXZYZX": -1.3877787807814457e-17, "IZIZII": -0.10607698961937717, "IYIYXX": 0.005839100346020764, "ZYZXXY": -6.938893903907228e-18, "IYIYZZ": -0.002919550173010387, "YYIZZI": -0.19560986159169552, "XIYYIX": 0.017517301038062292, "ZZZYZY": -0.07882785467128026, "XXYZZY": 0.02627595155709342, "IZYIYZ": -0.0029195501730103768, "IIXYYX": -0.5868295847750864, "IYIZYZ": -0.014597750865051915, "XIZIXZ": -0.017517301038062292, "ZZIYYI": 0.029195501730103816, "ZYZIYI": -0.014597750865051898, "XXIYIY": 0.0029195501730103803, "ZYYZYY": -0.026275951557093433, "YYXXII": 0.20144896193771628, "ZXZYXY": 0.026275951557093433, "YIIYII": 0.013300173010380618, "IYIIYI": 0.011678200692041521, "YIYYIY": 0.011678200692041524, "ZYZYYY": 0.026275951557093412, "IYXYXI": 0.011678200692041524, "XZIZIX": 0.02919550173010381, "YXXZYZ": -0.052551903114186845, "ZZXYXY": 0.2627595155709343, "ZXYYXZ": 0.0, "ZYIYZI": 0.0029195501730103837, "ZZYYYY": 0.13137975778546715, "IXXIXX": -0.017517301038062292, "ZYXXZY": 0.026275951557093433, "YYZIZI": -0.18393166089965401, "ZIZZZI": -0.04087370242214533, "ZYXZXY": 0.0, "XXZYYZ": -0.05255190311418685, "IZIXZX": -0.014597750865051908, "YYZYZY": 0.026275951557093412, "ZIZIYY": 0.023356401384083042, "IYZYIZ": -0.02627595155709343, "YXYZZX": -0.026275951557093426, "XIXYIY": 0.029195501730103816, "XXZYZY": 0.02627595155709342, "IZZIZZ": -0.06714965397923876, "ZIXZXI": 0.014597750865051905, "IYZIZY": -0.02043685121107266, "IIIIXX": -0.4003027681660899, "ZIZZIZ": -0.04379325259515571, "XZXXZX": -0.02627595155709342, "ZIIZII": 0.0823961937716263, "ZZIZZI": 0.21896626297577854, "IIXXXX": -0.45836937716262977, "ZYZYXX": -6.938893903907228e-18, "XIYIYX": -0.0029195501730103837, "ZYYIIZ": -0.0321150519031142, "ZXYXZY": -0.026275951557093426, "ZZYZZY": -0.052523505889981635, "ZZZIIZ": 0.23648356401384082, "YZIIYZ": 0.014597750865051908, "IYZZYI": -0.005839100346020759, "IZYZIY": 0.002919550173010375, "IZYYIZ": 0.008758650519031134, "XYZZYX": -0.1051038062283737, "XXXZXZ": -0.07882785467128028, "ZIYZYI": -0.0058391003460207674, "IZYIZY": 0.020436851211072655, "XZZZXZ": -0.026275951557093426, "IXXXIX": -0.017517301038062292, "XIXZZI": -0.02043685121107265, "XZIXIZ": -0.008758650519031144, "ZZIYIY": 0.005839100346020764, "ZXIZIX": -0.011678200692041521, "YXYXII": 0.0029195501730103768, "IIIXIX": 0.0038927335640138415, "IXIXZZ": 0.05255190311418686, "IIYXYX": -0.6014273356401385, "ZIZYIY": 0.005839100346020764, "XYXIIY": -0.017517301038062285, "XZXZZZ": -0.07882785467128028, "IZIYZY": -0.02043685121107265, "YZYYZY": 1.3877787807814457e-17, "YZXXZY": -0.05255190311418685, "YXIYXI": -0.011678200692041528, "XYIYIX": 0.01751730103806229, "ZZXZXZ": -0.02627595155709342, "ZYIYIZ": 0.005839100346020757, "IIIZIZ": -0.4590181660899654, "YXZZXY": 0.07882785467128026, "IXIXII": 0.040549307958477505, "YYZZYY": 0.1051038062283737, "ZZYYXX": -0.26275951557093424, "YZZZYZ": 6.938893903907228e-18, "XZYYZX": -0.026275951557093412, "IYXYIX": 0.011678200692041521, "YYYYYY": -0.18393166089965396, "YZZYZZ": -0.07882785467128028, "IIZZII": 0.793688533448611, "IIXIXI": -0.00616349480968858, "XIYXYI": 0.008758650519031142, "XXXYXY": -0.44669117647058826, "YIYZZI": 0.014597750865051898, "YYIIXX": -0.1867502431643791, "ZZZYYZ": 0.052551903114186886, "XZXIZI": 0.0029195501730103803, "XZYXZY": 0.05255190311418686, "ZZYIIY": 0.0029195501730103803, "XYXXXY": 0.07882785467128028, "YXXIYI": 0.023356401384083035, "YYIYYI": 0.008758650519031144, "ZYYZZZ": 0.026275951557093433, "ZIZIII": 0.042820069204152246, "ZXIXZI": -0.032115051903114186, "ZXXZZZ": -0.02627595155709344, "YIIYYY": 0.0321150519031142, "IIXIIX": 0.0022707612456747406, "XXIXIX": 0.011678200692041524, "YYYXXY": -0.3678633217993079, "ZXZXZZ": 0.026275951557093433, "YXXYZZ": 0.07882785467128028, "YZZIIY": 0.01167820069204151, "ZXYZXY": -0.05255190311418685, "ZZZZYY": -0.2102076124567474, "ZIZIXX": -0.04087370242214533, "XYIXIY": -0.011678200692041528, "ZXXIIZ": 0.0058391003460207536, "ZYZIIY": 0.029195501730103806, "YXYXXX": 0.05255190311418686, "IIIIZZ": 0.9219290657439445, "XXYYXX": 0.4204152249134949, "ZIXXZI": 0.011678200692041523, "ZXXYZY": -0.05255190311418685, "IZIZZZ": -0.08466695501730104, "YYYIYI": -0.017517301038062295, "ZZXIXI": 0.005839100346020774, "YIXIYX": 3.469446951953614e-18, "ZZYYII": 0.23635577650491732, "ZXXXZX": 0.05255190311418686, "XXIXXI": 0.0291955017301038, "ZIIYZY": -0.014597750865051912, "ZZYIYI": 0.02627595155709342, "ZZIXXI": -0.02043685121107266, "IXXYIY": 0.02335640138408305, "ZZZIZI": 0.19269031141868515, "XYYZXZ": 0.052551903114186886, "XIXIII": 0.028871107266435984, "ZIIIIZ": -0.030493079584775085, "IZZXXI": -0.023356401384083042, "XIIXII": 0.046712802768166084, "ZIYIZY": -0.017517301038062292, "IIZIIZ": -0.4294982698961938, "IIIIYY": 0.40549307958477504, "XYXYYY": -0.026275951557093433, "YIIZYZ": -0.03211505190311419, "ZIXIZX": -0.008753917648330268, "XIXZIZ": -0.014597750865051908, "XIXYYI": -0.011678200692041521, "XYZYZX": 0.026275951557093426, "IZIXXZ": 0.005839100346020761, "IZIYYZ": -0.008758650519031139, "IYZYZI": -0.02335640138408305, "IZYYZI": -0.02627595155709343, "ZZXZZX": 0.026275951557093412, "YIZIZY": -0.029195501730103813, "XYZZXY": -0.052551903114186886, "ZZXXZZ": -0.18393166089965404, "YXXXYX": -0.026275951557093433, "IYIXXY": 0.005839100346020757, "YIYZIZ": 0.020436851211072672, "ZZZXXZ": -0.07882785467128026, "YIYXXI": -0.020436851211072665, "IYIXYX": 0.0, "YXYZXZ": 0.026275951557093433, "IYZIYZ": 0.02919550173010381, "YIXXYI": 0.01751730103806228, "YXZZYX": 0.026275951557093426, "ZIXIXZ": -0.014597750865051906, "IYYZZI": -0.01751730103806229, "XXYXXY": -0.42041522491349487, "XXIIYY": 0.28027681660899656, "XIIYYX": -0.02043685121107268, "IXYXIY": -0.005839100346020774, "ZYYIZI": -0.01751730103806228, "YZZYII": -0.023356401384083042, "XXIIXX": -0.29195501730103807, "YYZZZZ": 0.39413927335640137, "YIZZIY": 0.0029195501730103907, "YZYIIZ": -0.005839100346020766, "XZZYYX": -0.026275951557093412, "XXIZZI": -0.30655276816608995, "YYIIZZ": 0.45836937716262977, "IIXYXY": -0.6218641868512111, "XXXYYX": -0.4204152249134949, "YXIXYI": 0.014597750865051901, "YZIYIZ": -0.011678200692041521, "XXYYYY": -0.31514103533988985, "XIYIXY": 0.008758650519031134, "YIYXIX": -0.023343780395547395, "XZIIZX": 0.005839100346020757, "XZXIIZ": -0.023356401384083045, "XZXYYZ": -0.026275951557093426, "ZXZXII": -0.005839100346020757, "YXYIXI": 1.0408340855860843e-17, "IIXZZX": 0.01751730103806228, "YXXXXY": -0.05255190311418686, "ZIXXIZ": -0.00291955017301037, "YYYYII": -0.22188581314878897, "YIIIIY": 0.0006487889273356423, "IZIZXX": 0.0029195501730103837, "ZXIZXI": -0.01751730103806229, "ZXZXXX": -0.026275951557093426, "YYYXYX": -0.3941392733564014, "IZZIXX": -0.0058391003460207605, "YZZXYX": 6.938893903907228e-18, "XXXXII": 0.3094723183391004, "XXZXZX": 6.938893903907228e-18, "YIXYXI": 0.014597750865051901, "ZXYXYZ": 6.938893903907228e-18, "XYIIYX": -0.11094290657439446, "YXXIIY": 0.026275951557093426, "ZXZYYX": -0.052551903114186845, "YZXZXY": 0.026275951557093412, "IXYXYI": 0.0058391003460207536, "XYIXYI": 0.008758650519031137, "YIYIYY": 0.005839100346020757, "IXZXIZ": -0.011678200692041521, "ZXIXIZ": -0.014597750865051901, "XXYZYZ": -0.026275951557093426, "YIZYIZ": 0.0029195501730103907, "YZYIZI": -0.020436851211072644, "ZZIIYY": -0.183931660899654, "YZZYYY": -0.026275951557093412, "YIYIXX": 0.0058391003460207674, "YIXYIX": 0.020436851211072655, "XIYXIY": -0.0058391003460207674, "XXZZII": 0.5634731833910034, "IIYYZZ": -0.4058174740484429, "YYYIIY": -0.014597750865051898, "IIZIZI": -0.3951124567474048, "IZXIXZ": -0.017517301038062285, "ZXYYZX": -0.026275951557093426,