{"IYYYIY": 0.014597750865051894, "ZZYXYX": 0.23648356401384082, "YXXYII": 0.00875865051903114, "IYIYII": 0.016219723183391006, "YZXYXZ": 0.07882785467128028, "XIZXZI": -0.026275951557093426, "IIZYZY": -0.005839100346020771, "ZXXXXZ": -0.05255190311418685, "XIIXXX": -0.0058391003460207536, "IZXIZX": -0.0058391003460207674, "YXZYZX": 0.026275951557093447, "IZIZII": -0.09958910034602075, "IYIYXX": 0.005839100346020757, "ZYZXXY": -0.13137975778546712, "IYIYZZ": 0.03211505190311419, "YYIZZI": -0.2218858131487889, "XIYYIX": 0.011678200692041535, "ZZZYZY": 0.02627595155709342, "XXYZZY": 0.05255190311418686, "IZYIYZ": 0.011678200692041523, "IIXYYX": -0.5955882352941176, "IYIZYZ": 0.0029195501730103803, "XIZIXZ": -0.02335640138408305, "ZZIYYI": -0.029179725494434233, "ZYZIYI": -0.017507835296660532, "XXIYIY": 0.005839100346020764, "ZYYZYY": 0.07882785467128028, "YYXXII": 0.22480536332179932, "ZXZYXY": -0.026275951557093426, "YIIYII": 0.013300173010380625, "IYIIYI": 0.0194636678200692, "YIYYIY": -0.01459775086505189, "ZYZYYY": 6.938893903907228e-18, "IYXYXI": 0.020436851211072662, "XZIZIX": -0.0058391003460207605, "YXXZYZ": 0.02627595155709342, "ZZXYXY": 0.2890354671280277, "ZXYYXZ": -0.13137975778546712, "ZYIYZI": 0.029195501730103806, "ZZYYYY": 0.26275951557093424, "IXXIXX": -0.02335640138408304, "ZYXXZY": 0.10510380622837373, "YYZIZI": -0.1810121107266436, "ZIZZZI": -0.023343780395547395, "ZYXZXY": -0.052551903114186845, "XXZYYZ": 0.05255190311418686, "IZIXZX": -0.014597750865051905, "YYZYZY": 0.026275951557093405, "ZIZIYY": 0.026275951557093426, "IYZYIZ": 0.0, "YXYZZX": 0.026275951557093433, "XIXYIY": -0.014597750865051901, "XXZYZY": -0.05255190311418686, "IZZIZZ": -0.06423010380622837, "ZIXZXI": -0.02043685121107266, "IYZIZY": 0.011678200692041524, "IIIIXX": -0.391219723183391, "ZIZZIZ": -0.032115051903114186, "XZXXZX": 0.05255190311418685, "ZIIZII": 0.0742863321799308, "ZZIZZI": 0.21020761245674743, "IIXXXX": -0.46712802768166095, "ZYZYXX": -0.13137975778546712, "XIYIYX": -0.023356401384083056, "ZYYIIZ": 0.0029195501730103837, "ZXYXZY": 0.05255190311418684, "ZZYZZY": -0.02627595155709344, "ZZZIIZ": 0.23051983140603047, "YZIIYZ": 0.008758650519031144, "IYZZYI": 0.011678200692041514, "IZYZIY": -0.020436851211072665, "IZYYIZ": -0.005839100346020759, "XYZZYX": -0.13137975778546715, "XXXZXZ": 0.07882785467128028, "ZIYZYI": 0.029195501730103806, "IZYIZY": -3.469446951953614e-18, "XZZZXZ": 0.02627595155709344, "IXXXIX": 0.002919550173010375, "XIXZZI": -0.03503460207612458, "XZIXIZ": 0.014597750865051901, "ZZIYIY": 0.014597750865051905, "ZXIZIX": 0.017517301038062275, "YXYXII": -0.011678200692041526, "IIIXIX": 0.002270761245674744, "IXIXZZ": 0.04085161569220795, "IIYXYX": -0.5576340830449827, "ZIZYIY": 0.00875865051903114, "XYXIIY": 0.017507835296660557, "XZXZZZ": 0.0, "IZIYZY": 0.011678200692041507, "YZYYZY": -0.02627595155709342, "YZXXZY": -0.026275951557093398, "YXIYXI": -0.008758650519031144, "XYIYIX": -0.00875391764833027, "ZZXZXZ": 0.026275951557093426, "ZYIYIZ": 0.008758650519031169, "IIIZIZ": -0.4677768166089965, "YXZZXY": -1.3877787807814457e-17, "IXIXII": 0.04476643598615917, "YYZZYY": 0.13137975778546715, "ZZYYXX": -0.31531141868512114, "YZZZYZ": 0.05255190311418686, "XZYYZX": -0.1051038062283737, "IYXYIX": -0.02919550173010381, "YYYYYY": -0.23648356401384082, "YZZYZZ": -1.3877787807814457e-17, "IIZZII": 0.7963884083044981, "IIXIXI": -0.012975778546712802, "XIYXYI": 0.011678200692041528, "XXXYXY": -0.4466911764705883, "YIYZZI": 0.01167820069204151, "YYIIXX": -0.17517301038062286, "ZZZYYZ": -0.026275951557093426, "XZXIZI": -1.0408340855860843e-17, "XZYXZY": -0.07882785467128031, "ZZYIIY": -0.0029195501730103907, "XYXXXY": 0.052551903114186886, "YXXIYI": 0.008758650519031137, "YYIYYI": 0.017517301038062278, "ZYYZZZ": -6.938893903907228e-18, "ZIZIII": 0.04833477508650519, "ZXIXZI": -0.008758650519031142, "ZXXZZZ": 1.3877787807814457e-17, "YIIYYY": 1.734723475976807e-18, "IIXIIX": -0.010380622837370242, "XXIXIX": -0.04087370242214533, "YYYXXY": -0.31531141868512114, "ZXZXZZ": 0.026275951557093433, "YXXYZZ": 0.05255190311418686, "YZZIIY": -0.0029195501730103976, "ZXYZXY": 0.1051038062283737, "ZZZZYY": -0.07882785467128028, "ZIZIXX": -0.01751730103806229, "XYIXIY": 0.005839100346020745, "ZXXIIZ": -0.020425807846103962, "ZYZIIY": 0.0029195501730103768, "YXYXXX": 0.02627595155709342, "IIIIZZ": 0.9284169550173007, "XXYYXX": 0.28903546712802775, "ZIXXZI": 0.023356401384083052, "ZXXYZY": 0.026275951557093426, "IZIZZZ": -0.06714965397923874, "YYYIYI": -0.020436851211072644, "ZZXIXI": -0.01751730103806228, "YIXIYX": -0.008753917648330271, "ZZYYII": 0.21604671280276816, "ZXXXZX": 0.026261752944990814, "XXIXXI": 0.014597750865051898, "ZIIYZY": -0.0029195501730103785, "ZZYIYI": 0.0, "ZZIXXI": 0.029195501730103803, "IXXYIY": 0.011678200692041521, "ZZZIZI": 0.2102076124567474, "XYYZXZ": -0.05255190311418681, "XIXIII": 0.01200259515570934, "ZIIIIZ": -0.023356401384083045, "IZZXXI": 0.02919550173010381, "XIIXII": 0.04119809688581315, "ZIYIZY": -0.01751730103806229, "IIZIIZ": -0.4392301038062284, "IIIIYY": 0.39024653979238755, "XYXYYY": 0.07882785467128027, "YIIZYZ": -0.002917972549443419, "ZIXIZX": -0.02335640138408305, "XIXZIZ": 0.023356401384083045, "XIXYYI": 0.00875865051903113, "XYZYZX": 0.05255190311418686, "IZIXXZ": 1.734723475976807e-18, "IZIYYZ": -0.01751730103806229, "IYZYZI": -0.029195501730103813, "IZYYZI": 0.0029195501730103837, "ZZXZZX": 0.10510380622837373, "YIZIZY": 0.026275951557093412, "XYZZXY": -0.13137975778546715, "ZZXXZZ": -0.2890354671280277, "YXXXYX": 0.026275951557093433, "IYIXXY": -0.03503460207612456, "YIYZIZ": -0.020436851211072686, "ZZZXXZ": -0.13137975778546715, "YIYXXI": -0.011678200692041528, "IYIXYX": -0.011678200692041521, "YXYZXZ": 0.052551903114186845, "IYZIYZ": -0.0058391003460207536, "YIXXYI": 0.017517301038062295, "YXZZYX": -0.026275951557093433, "ZIXIXZ": -0.00875865051903113, "IYYZZI": 0.002919550173010375, "XXYXXY": -0.3941392733564015, "XXIIYY": 0.30363321799307963, "XIIYYX": -0.03795415224913496, "IXYXIY": 0.008758650519031151, "ZYYIZI": -0.011678200692041521, "YZZYII": 0.0058391003460207674, "XXIIXX": -0.2773572664359862, "YYZZZZ": 0.4204152249134948, "YIZZIY": 0.017517301038062295, "YZYIIZ": -0.01751730103806228, "XZZYYX": -0.026275951557093426, "XXIZZI": -0.2977941176470589, "YYIIZZ": 0.46687560791094784, "IIXYXY": -0.5839100346020761, "XXXYYX": -0.3941392733564015, "YXIXYI": -0.002919550173010393, "YZIYIZ": -0.026275951557093426, "XXYYYY": -0.28903546712802763, "XIYIXY": -0.020436851211072665, "YIYXIX": 0.008758650519031144, "XZIIZX": 0.0029195501730103907, "XZXIIZ": 0.014589862747217125, "XZXYYZ": -0.02627595155709342, "ZXZXII": 0.005839100346020764, "YXYIXI": -0.02043685121107267, "IIXZZX": -0.0058391003460207605, "YXXXXY": 0.026275951557093405, "ZIXXIZ": 0.008758650519031144, "YYYYII": -0.20144896193771628, "YIIIIY": 0.008109861591695501, "IZIZXX": 0.03211505190311419, "ZXIZXI": 0.02043685121107268, "ZXZXXX": 0.07882785467128028, "YYYXYX": -0.315311418685121, "IZZIXX": 0.023356401384083056, "YZZXYX": 0.0, "XXXXII": 0.329909169550173, "XXZXZX": -0.026275951557093426, "YIXYXI": 0.0029195501730103837, "ZXYXYZ": 0.026275951557093433, "XYIIYX": -0.1664143598615917, "YXXIIY": 3.469446951953614e-18, "ZXZYYX": -0.026275951557093426, "YZXZXY": 0.0, "IXYXYI": 0.005839100346020757, "XYIXYI": 0.020436851211072672, "YIYIYY": 0.0, "IXZXIZ": 0.005839100346020762, "ZXIXIZ": -0.0029195501730103768, "XXYZYZ": 6.938893903907228e-18, "YIZYIZ": -0.008758650519031134, "YZYIZI": -0.02627595155709342, "ZZIIYY": -0.19560986159169552, "YZZYYY": -0.026275951557093426, "YIYIXX": 0.011678200692041528, "YIXYIX": 0.029195501730103803, "XIYXIY": 0.026275951557093426, "XXZZII": 0.6072664359861591, "IIYYZZ": -0.40289792387543255, "YYYIIY": -0.005839100346020754, "IIZIZI": -0.39576124567474047, "IZXIXZ": -0.005839100346020774, "ZXYYZX": -6.938893903907228e-18, "ZIYZIY": 0.00875865051903115, "XYYXZZ": 0.1576557093425605, "IIYXXY": -0.598507785467128,