{"IYYYIY": 0.023356401384083042, "ZZYXYX": 0.3415873702422146, "YXXYII": 0.005839100346020757, "IYIYII": 0.01719290657439446, "YZXYXZ": 0.026275951557093426, "XIZXZI": -0.011678200692041521, "IIZYZY": 0.01751730103806229, "ZXXXXZ": -0.026275951557093433, "XIIXXX": 0.0, "IZXIZX": 0.0029179725494434226, "YXZYZX": 0.05255190311418685, "IZIZII": -0.09796712802768166, "IYIYXX": 0.0029195501730103733, "ZYZXXY": 0.026275951557093426, "IYIYZZ": -0.020436851211072665, "YYIZZI": -0.20144896193771628, "XIYYIX": -0.008758650519031148, "ZZZYZY": -0.02627595155709342, "XXYZZY": -0.07882785467128028, "IZYIYZ": 0.017517301038062285, "IIXYYX": -0.5751513840830449, "IYIZYZ": -0.03211505190311419, "XIZIXZ": 0.005835945098886859, "ZZIYYI": 2.0816681711721685e-17, "ZYZIYI": 0.0058391003460207605, "XXIYIY": 0.008758650519031137, "ZYYZYY": -0.026275951557093426, "YYXXII": 0.23064446366782007, "ZXZYXY": 0.026275951557093433, "YIIYII": 0.011029411764705883, "IYIIYI": 0.009407439446366784, "YIYYIY": 0.014597750865051912, "ZYZYYY": 0.0, "IYXYXI": -0.023356401384083056, "XZIZIX": -0.0029195501730103837, "YXXZYZ": 0.02627595155709346, "ZZXYXY": 0.26275951557093424, "ZXYYXZ": 6.938893903907228e-18, "ZYIYZI": 0.008758650519031144, "ZZYYYY": 0.15765570934256054, "IXXIXX": 0.005839100346020764, "ZYXXZY": 0.0, "YYZIZI": -0.183931660899654, "ZIZZZI": -0.037954152249134954, "ZYXZXY": 0.05255190311418686, "XXZYYZ": 0.052523505889981635, "IZIXZX": -0.0029195501730103837, "YYZYZY": 0.0, "ZIZIYY": 0.032115051903114186, "IYZYIZ": 0.0058391003460207674, "YXYZZX": 0.0, "XIXYIY": 0.005839100346020757, "XXZYZY": 0.026275951557093426, "IZZIZZ": -0.08462120393385927, "ZIXZXI": 0.0029195501730103907, "IYZIZY": -0.01167820069204152, "IIIIXX": -0.3994380201015887, "ZIZZIZ": -0.052551903114186865, "XZXXZX": 0.05255190311418684, "ZIIZII": 0.07071799307958476, "ZZIZZI": 0.22480536332179932, "IIXXXX": -0.4788062283737024, "ZYZYXX": 0.05255190311418686, "XIYIYX": -0.02043685121107266, "ZYYIIZ": 0.005839100346020757, "ZXYXZY": 0.026275951557093426, "ZZYZZY": 0.07882785467128028, "ZZZIIZ": 0.23648356401384085, "YZIIYZ": 0.00291955017301037, "IYZZYI": 0.008758650519031146, "IZYZIY": -0.0058391003460207605, "IZYYIZ": -1.3877787807814457e-17, "XYZZYX": -0.13137975778546715, "XXXZXZ": -0.05255190311418686, "ZIYZYI": 0.005835945098886852, "IZYIZY": -0.01751730103806229, "XZZZXZ": 0.07878525883497245, "IXXXIX": -0.01167820069204153, "XIXZZI": -0.0029195501730103768, "XZIXIZ": 0.026275951557093426, "ZZIYIY": 0.011678200692041514, "ZXIZIX": -0.03211505190311418, "YXYXII": -6.071532165918825e-18, "IIIXIX": 0.0009731833910034612, "IXIXZZ": 0.02043685121107266, "IIYXYX": -0.5634731833910035, "ZIZYIY": 6.938893903907228e-18, "XYXIIY": 0.0058391003460207536, "XZXZZZ": -0.026275951557093433, "IZIYZY": 0.01751730103806228, "YZYYZY": -0.02627595155709342, "YZXXZY": -0.0262617529449908, "YXIYXI": 0.011678200692041524, "XYIYIX": -0.02043685121107265, "ZZXZXZ": 0.052523505889981635, "ZYIYIZ": 0.011678200692041528, "IIIZIZ": -0.4612889273356401, "YXZZXY": 0.026275951557093433, "IXIXII": 0.03341262975778547, "YYZZYY": 0.13137975778546712, "ZZYYXX": -0.26275951557093424, "YZZZYZ": -0.026275951557093433, "XZYYZX": -0.026275951557093405, "IYXYIX": 0.005839100346020754, "YYYYYY": -0.183931660899654, "YZZYZZ": -0.07882785467128028, "IIZZII": 0.7954152249134947, "IIXIXI": 0.007136678200692038, "XIYXYI": 0.014597750865051903, "XXXYXY": -0.44669117647058837, "YIYZZI": -0.00583910034602076, "YYIIXX": -0.2218858131487889, "ZZZYYZ": 0.07882785467128028, "XZXIZI": -0.008758650519031144, "XZYXZY": -0.026275951557093426, "ZZYIIY": -0.011678200692041528, "XYXXXY": -0.026275951557093433, "YXXIYI": -0.0029195501730103803, "YYIYYI": 0.02335640138408305, "ZYYZZZ": 0.026275951557093426, "ZIZIII": 0.05839100346020761, "ZXIXZI": 0.011671890197773697, "ZXXZZZ": -0.1051038062283737, "YIIYYY": -0.014597750865051898, "IIXIIX": -0.007461072664359858, "XXIXIX": -0.00291955017301037, "YYYXXY": -0.2890354671280277, "ZXZXZZ": -0.07882785467128026, "YXXYZZ": 0.026275951557093426, "YZZIIY": 0.005839100346020781, "ZXYZXY": -0.026275951557093433, "ZZZZYY": -0.18393166089965396, "ZIZIXX": 0.0, "XYIXIY": 0.0029195501730103837, "ZXXIIZ": 0.011678200692041535, "ZYZIIY": -0.03503460207612458, "YXYXXX": 0.026275951557093433, "IIIIZZ": 0.9235510380622836, "XXYYXX": 0.420188047119853, "ZIXXZI": 0.005839100346020764, "ZXXYZY": 0.05255190311418686, "IZIZZZ": -0.10802335640138408, "YYYIYI": -0.011678200692041521, "ZZXIXI": -0.037954152249134954, "YIXIYX": 0.014597750865051919, "ZZYYII": 0.24524221453287198, "ZXXXZX": 6.938893903907228e-18, "XXIXXI": -0.00583910034602076, "ZIIYZY": 0.0029195501730103768, "ZZYIYI": 0.0058391003460207605, "ZZIXXI": 0.014597750865051901, "IXXYIY": -0.014597750865051906, "ZZZIZI": 0.22188581314878897, "XYYZXZ": -0.07882785467128027, "XIXIII": 0.019788062283737022, "ZIIIIZ": -0.034043013076839934, "IZZXXI": -0.023356401384083042, "XIIXII": 0.03795415224913495, "ZIYIZY": -0.026275951557093412, "IIZIIZ": -0.42755190311418684, "IIIIYY": 0.4045198961937716, "XYXYYY": 0.07882785467128028, "YIIZYZ": -0.02043685121107266, "ZIXIZX": -0.008758650519031137, "XIXZIZ": -0.01751730103806229, "XIXYYI": 0.02919550173010382, "XYZYZX": 0.0, "IZIXXZ": -0.011678200692041518, "IZIYYZ": 0.008753917648330271, "IYZYZI": 0.0029195501730103768, "IZYYZI": 0.01751730103806228, "ZZXZZX": 0.10510380622837373, "YIZIZY": 0.037954152249134954, "XYZZXY": -0.13137975778546715, "ZZXXZZ": -0.26275951557093424, "YXXXYX": -0.13137975778546712, "IYIXXY": -0.011671890197773701, "YIYZIZ": 0.029195501730103806, "ZZZXXZ": -0.026275951557093412, "YIYXXI": 0.02043685121107268, "IYIXYX": -0.011678200692041528, "YXYZXZ": 0.0, "IYZIYZ": -0.03795415224913495, "YIXXYI": 0.011671890197773708, "YXZZYX": -0.05255190311418686, "ZIXIXZ": -0.02627595155709343, "IYYZZI": 0.011678200692041521, "XXYXXY": -0.47296712802768176, "XXIIYY": 0.2890354671280277, "XIIYYX": -0.032115051903114186, "IXYXIY": 0.0029195501730103803, "ZYYIZI": 0.00875865051903114, "YZZYII": 0.0058391003460207674, "XXIIXX": -0.2861159169550173, "YYZZZZ": 0.3415873702422145, "YIZZIY": -0.008758650519031137, "YZYIIZ": 0.0058391003460207674, "XZZYYX": -0.026275951557093426, "XXIZZI": -0.3034691451421161, "YYIIZZ": 0.4642084775086506, "IIXYXY": -0.5809904844290658, "XXXYYX": -0.31531141868512114, "YXIXYI": -0.020436851211072665, "YZIYIZ": -0.02043685121107266, "XXYYYY": -0.31531141868512114, "XIYIXY": 0.011678200692041538, "YIYXIX": 0.008758650519031137, "XZIIZX": 0.008758650519031137, "XZXIIZ": 0.020436851211072665, "XZXYYZ": -0.02627595155709342, "ZXZXII": 0.008758650519031148, "YXYIXI": -0.005835945098886845, "IIXZZX": 8.673617379884035e-18, "YXXXXY": -0.15765570934256054, "ZIXXIZ": -0.04087370242214534, "YYYYII": -0.2277249134948097, "YIIIIY": 0.003892733564013845, "IZIZXX": 0.04963235294117647, "ZXIZXI": 0.00583910034602074, "ZXZXXX": 0.0, "YYYXYX": -0.31531141868512114, "IZZIXX": 0.02335640138408304, "YZZXYX": 0.026275951557093405, "XXXXII": 0.329909169550173, "XXZXZX": -0.05255190311418686, "YIXYXI": 0.0029195501730103768, "ZXYXYZ": -0.026275951557093426, "XYIIYX": -0.11970155709342561, "YXXIIY": -0.017517301038062285, "ZXZYYX": -0.026261752944990828, "YZXZXY": 0.07882785467128028, "IXYXYI": -0.0058391003460207605, "XYIXYI": -0.002919550173010394, "YIYIYY": 0.02043685121107266, "IXZXIZ": 0.011678200692041528, "ZXIXIZ": -0.0058391003460207536, "XXYZYZ": 0.05255190311418686, "YIZYIZ": 0.0145977508650519, "YZYIZI": -0.008758650519031144, "ZZIIYY": -0.2306444636678201, "YZZYYY": 0.05255190311418683, "YIYIXX": -0.008758650519031134, "YIXYIX": -0.011678200692041521, "XIYXIY": 0.011678200692041528, "XXZZII": 0.5955882352941178, "IIYYZZ": -0.3999783737024221, "YYYIIY": 0.014597750865051898, "IIZIZI": -0.3973832179930795, "IZXIXZ": -0.011678200692041521, "ZXYYZX": -0.05255190311418685, "ZIYZIY": 0.017507835296660543, "XYYXZZ": 0.1051038062283737, "IIYXXY": -0.589749134948097, "YYIZIZ": -0.20436851211072665, "ZZYXXY": 0.28903546712802775,