{"IYYYIY": -0.008758650519031127, "ZZYXYX": 0.26275951557093424, "YXXYII": -0.014597750865051912, "IYIYII": 0.014922145328719723, "YZXYXZ": -0.05255190311418685, "XIZXZI": -0.002919550173010382, "IIZYZY": 0.032115051903114186, "ZXXXXZ": -0.02627595155709342, "XIIXXX": -0.02335640138408305, "IZXIZX": -0.008758650519031129, "YXZYZX": -0.026275951557093426, "IZIZII": -0.09764273356401384, "IYIYXX": -0.026275951557093433, "ZYZXXY": -6.938893903907228e-18, "IYIYZZ": 0.01751730103806228, "YYIZZI": -0.20728806228373706, "XIYYIX": 0.02042580784610398, "ZZZYZY": -0.05255190311418685, "XXYZZY": -0.02627595155709342, "IZYIYZ": -0.032115051903114186, "IIXYYX": -0.5955882352941176, "IYIZYZ": -0.02043685121107266, "XIZIXZ": 0.00875865051903114, "ZZIYYI": 0.005839100346020764, "ZYZIYI": 0.020436851211072672, "XXIYIY": -0.014597750865051898, "ZYYZYY": 0.026275951557093433, "YYXXII": 0.2277249134948097, "ZXZYXY": -0.05255190311418685, "YIIYII": 0.011678200692041524, "IYIIYI": 0.006163494809688581, "YIYYIY": -0.0058391003460207536, "ZYZYYY": -0.07882785467128028, "IYXYXI": 0.017517301038062292, "XZIZIX": -0.03503460207612457, "YXXZYZ": 0.026275951557093433, "ZZXYXY": 0.31531141868512114, "ZXYYXZ": 6.938893903907228e-18, "ZYIYZI": -0.005839100346020747, "ZZYYYY": 0.26275951557093424, "IXXIXX": -0.002919550173010363, "ZYXXZY": 0.07882785467128028, "YYZIZI": -0.2102076124567474, "ZIZZZI": 0.026275951557093433, "ZYXZXY": 0.026275951557093433, "XXZYYZ": -0.052523505889981635, "IZIXZX": 0.029195501730103813, "YYZYZY": -0.052551903114186886, "ZIZIYY": 0.01751730103806229, "IYZYIZ": 0.03211505190311419, "YXYZZX": 0.052551903114186886, "XIXYIY": -0.008758650519031139, "XXZYZY": 0.05255190311418685, "IZZIZZ": -0.07882785467128028, "ZIXZXI": 0.011678200692041521, "IYZIZY": -0.026275951557093426, "IIIIXX": -0.3895977508650519, "ZIZZIZ": -0.026275951557093433, "XZXXZX": 0.05255190311418685, "ZIIZII": 0.07461072664359861, "ZZIZZI": 0.2277249134948097, "IIXXXX": -0.46128892733564014, "ZYZYXX": -1.3877787807814457e-17, "XIYIYX": -0.026261752944990807, "ZYYIIZ": 0.008758650519031134, "ZXYXZY": -0.07882785467128028, "ZZYZZY": 0.05255190311418686, "ZZZIIZ": 0.21020761245674743, "YZIIYZ": 0.005839100346020766, "IYZZYI": 0.005835945098886847, "IZYZIY": -0.0058391003460207674, "IZYYIZ": -0.02043685121107268, "XYZZYX": -0.07882785467128028, "XXXZXZ": 0.07882785467128031, "ZIYZYI": 0.026275951557093436, "IZYIZY": 0.011678200692041524, "XZZZXZ": 0.026275951557093426, "IXXXIX": -0.037954152249134954, "XIXZZI": 0.0029195501730103837, "XZIXIZ": -6.938893903907228e-18, "ZZIYIY": 0.023356401384083042, "ZXIZIX": -0.0029195501730103768, "YXYXII": -0.008758650519031148, "IIIXIX": 0.0022707612456747397, "IXIXZZ": 0.046712802768166084, "IIYXYX": -0.5809904844290659, "ZIZYIY": 0.005839100346020765, "XYXIIY": -0.005839100346020764, "XZXZZZ": -0.02627595155709344, "IZIYZY": 0.0029195501730103803, "YZYYZY": -1.3877787807814457e-17, "YZXXZY": 0.07882785467128028, "YXIYXI": -0.017517301038062285, "XYIYIX": -0.01751730103806228, "ZZXZXZ": -0.1051038062283737, "ZYIYIZ": -0.0029195501730103768, "IIIZIZ": -0.4551254325259515, "YXZZXY": -0.05255190311418686, "IXIXII": 0.035683391003460206, "YYZZYY": 0.15765570934256057, "ZZYYXX": -0.2890354671280277, "YZZZYZ": 0.0, "XZYYZX": -0.026275951557093433, "IYXYIX": -0.02627595155709343, "YYYYYY": -0.26275951557093424, "YZZYZZ": 0.026275951557093433, "IIZZII": 0.7941176470588234, "IIXIXI": -0.009731833910034602, "XIYXYI": 0.0467128027681661, "XXXYXY": -0.4989733059548255, "YIYZZI": -0.03503460207612457, "YYIIXX": -0.2160467128027682, "ZZZYYZ": -0.05252350588998163, "XZXIZI": 0.023356401384083056, "XZYXZY": 0.02627595155709342, "ZZYIIY": -0.017517301038062295, "XYXXXY": -0.05255190311418684, "YXXIYI": -0.011678200692041528, "YYIYYI": 0.017507835296660536, "ZYYZZZ": -0.05255190311418686, "ZIZIII": 0.041846885813148785, "ZXIXZI": 0.005839100346020771, "ZXXZZZ": -0.026275951557093433, "YIIYYY": -0.03211505190311418, "IIXIIX": 0.001297577854671281, "XXIXIX": -0.020436851211072665, "YYYXXY": -0.2890354671280277, "ZXZXZZ": -1.3877787807814457e-17, "YXXYZZ": -0.026261752944990814, "YZZIIY": -0.014597750865051906, "ZXYZXY": -0.05255190311418685, "ZZZZYY": -0.13137975778546712, "ZIZIXX": -0.014597750865051894, "XYIXIY": 0.0029195501730103837, "ZXXIIZ": 0.020436851211072676, "ZYZIIY": -0.01751730103806228, "YXYXXX": 0.02627595155709342, "IIIIZZ": 0.9206314878892732, "XXYYXX": 0.3415873702422146, "ZIXXZI": 0.026275951557093426, "ZXXYZY": -0.026275951557093426, "IZIZZZ": -0.0934256055363322, "YYYIYI": -0.014597750865051912, "ZZXIXI": 0.03211505190311418, "YIXIYX": -0.017517301038062295, "ZZYYII": 0.245242214532872, "ZXXXZX": -0.13137975778546712, "XXIXXI": -0.0029195501730103907, "ZIIYZY": 0.023356401384083042, "ZZYIYI": -0.002919550173010382, "ZZIXXI": -0.023356401384083042, "IXXYIY": -0.01751730103806229, "ZZZIZI": 0.20436851211072665, "XYYZXZ": -0.026275951557093426, "XIXIII": 0.013300173010380625, "ZIIIIZ": -0.03179065743944637, "IZZXXI": -0.032115051903114186, "XIIXII": 0.04312114989733059, "ZIYIZY": -0.005839100346020764, "IIZIIZ": -0.4265787197231834, "IIIIYY": 0.3999783737024221, "XYXYYY": 0.026275951557093433, "YIIZYZ": -0.020436851211072672, "ZIXIZX": 0.020436851211072665, "XIXZIZ": 0.0, "XIXYYI": 0.014597750865051905, "XYZYZX": -6.938893903907228e-18, "IZIXXZ": 0.0291955017301038, "IZIYYZ": -0.03503460207612456, "IYZYZI": 0.0175173010380623, "IZYYZI": -0.005839100346020763, "ZZXZZX": 0.026275951557093433, "YIZIZY": 0.008758650519031137, "XYZZXY": -0.13137975778546712, "ZZXXZZ": -0.23648356401384088, "YXXXYX": -0.1838322706149357, "IYIXXY": -0.026275951557093426, "YIYZIZ": -0.01167189019777369, "ZZZXXZ": 0.05252350588998164, "YIYXXI": 0.017517301038062278, "IYIXYX": -0.020436851211072672, "YXYZXZ": 0.0, "IYZIYZ": -0.020436851211072676, "YIXXYI": 0.032115051903114186, "YXZZYX": 0.026275951557093426, "ZIXIXZ": 0.014597750865051908, "IYYZZI": 1.734723475976807e-18, "XXYXXY": -0.4729671280276817, "XXIIYY": 0.30071366782006925, "XIIYYX": -0.05839100346020761, "IXYXIY": -0.008758650519031144, "ZYYIZI": -0.011678200692041507, "YZZYII": 0.02335640138408305, "XXIIXX": -0.268598615916955, "YYZZZZ": 0.39413927335640137, "YIZZIY": 0.0, "YZYIIZ": -0.011678200692041521, "XZZYYX": 2.0816681711721685e-17, "XXIZZI": -0.3094723183391004, "YYIIZZ": 0.4437716262975778, "IIXYXY": -0.5780709342560553, "XXXYYX": -0.4729671280276817, "YXIXYI": -0.0029195501730103837, "YZIYIZ": -0.02043685121107267, "XXYYYY": -0.2890354671280277, "XIYIXY": -0.005839100346020757, "YIYXIX": -0.005839100346020771, "XZIIZX": 0.008758650519031142, "XZXIIZ": -0.023356401384083045, "XZXYYZ": -0.026275951557093433, "ZXZXII": -0.014597750865051898, "YXYIXI": -0.017507835296660536, "IIXZZX": -0.023343780395547378, "YXXXXY": -0.05252350588998163, "ZIXXIZ": -0.008758650519031137, "YYYYII": -0.18977076124567477, "YIIIIY": 0.00032439446366782244, "IZIZXX": 0.05839100346020762, "ZXIZXI": -0.0029195501730103768, "ZXZXXX": -0.052551903114186845, "YYYXYX": -0.2890354671280277, "IZZIXX": 0.04379325259515572, "YZZXYX": -0.05255190311418683, "XXXXII": 0.3328287197231834, "XXZXZX": 0.05255190311418686, "YIXYXI": -0.029195501730103813, "ZXYXYZ": 0.026275951557093412, "XYIIYX": -0.1080233564013841, "YXXIIY": 0.01751730103806228, "ZXZYYX": -0.07882785467128028, "YZXZXY": -6.938893903907228e-18, "IXYXYI": -0.005835945098886845, "XYIXYI": -0.005839100346020764, "YIYIYY": -7.806255641895632e-18, "IXZXIZ": -0.037933643142764505, "ZXIXIZ": 3.469446951953614e-18, "XXYZYZ": -0.02627595155709344, "YIZYIZ": -0.008758650519031148, "YZYIZI": -0.02917972549443424, "ZZIIYY": -0.20436851211072668, "YZZYYY": -0.052523505889981635, "YIYIXX": -0.0058391003460207536, "YIXYIX": -0.02043685121107266, "XIYXIY": -1.734723475976807e-18, "XXZZII": 0.5517949826989619, "IIYYZZ": -0.3970588235294118, "YYYIIY": -0.03503460207612456, "IIZIZI": -0.39219290657439443, "IZXIXZ": -0.02334378039554738, "ZXYYZX": -6.938893903907228e-18, "ZIYZIY": 0.011671890197773687,