{"IYYYIY": -0.005839100346020764, "ZZYXYX": 0.31531141868512114, "YXXYII": -0.008758650519031137, "IYIYII": 0.008753917648330275, "YZXYXZ": -0.05255190311418684, "XIZXZI": 0.011678200692041521, "IIZYZY": -0.0058391003460207605, "ZXXXXZ": 0.052523505889981635, "XIIXXX": -0.014597750865051919, "IZXIZX": -0.0029195501730103768, "YXZYZX": 0.05255190311418686, "IZIZII": -0.10121107266435986, "IYIYXX": -0.020436851211072676, "ZYZXXY": -0.05255190311418686, "IYIYZZ": -0.00291955017301037, "YYIZZI": -0.21312716262975778, "XIYYIX": -0.00291955017301038, "ZZZYZY": -0.026275951557093433, "XXYZZY": 0.026275951557093426, "IZYIYZ": -0.032115051903114186, "IIXYYX": -0.5809904844290658, "IYIZYZ": 0.0029195501730103803, "XIZIXZ": -0.008758650519031151, "ZZIYYI": -0.020436851211072662, "ZYZIYI": 0.011678200692041535, "XXIYIY": -0.011678200692041521, "ZYYZYY": 0.026275951557093426, "YYXXII": 0.23064446366782007, "ZXZYXY": -1.3877787807814457e-17, "YIIYII": 0.020761245674740483, "IYIIYI": 0.006812283737024222, "YIYYIY": 0.0058391003460207605, "ZYZYYY": -0.07882785467128028, "IYXYXI": -0.014589862747217124, "XZIZIX": -0.02335640138408304, "YXXZYZ": -0.026275951557093426, "ZZXYXY": 0.26275951557093424, "ZXYYXZ": 0.05255190311418686, "ZYIYZI": -0.011678200692041533, "ZZYYYY": 0.2890354671280277, "IXXIXX": -0.0029195501730103733, "ZYXXZY": -0.052551903114186865, "YYZIZI": -0.1985294117647059, "ZIZZZI": -0.02043685121107267, "ZYXZXY": -0.02627595155709342, "XXZYYZ": -0.026275951557093426, "IZIXZX": 0.011678200692041521, "YYZYZY": -0.05255190311418683, "ZIZIYY": -0.008753917648330264, "IYZYIZ": -0.03503460207612456, "YXYZZX": 0.052551903114186886, "XIXYIY": -0.011678200692041521, "XXZYZY": 0.0, "IZZIZZ": -0.04087370242214533, "ZIXZXI": -0.008758650519031139, "IYZIZY": 0.017517301038062292, "IIIIXX": -0.40419550173010377, "ZIZZIZ": -0.03503460207612457, "XZXXZX": 0.1051038062283737, "ZIIZII": 0.07688148788927336, "ZZIZZI": 0.22480536332179935, "IIXXXX": -0.46712802768166095, "ZYZYXX": 0.07882785467128028, "XIYIYX": -0.020436851211072672, "ZYYIIZ": -0.005839100346020771, "ZXYXZY": -0.026275951557093426, "ZZYZZY": -0.026275951557093405, "ZZZIIZ": 0.18977076124567474, "YZIIYZ": -0.011678200692041518, "IYZZYI": -0.023343780395547388, "IZYZIY": 0.005839100346020757, "IZYYIZ": 0.020436851211072676, "XYZZYX": -0.05255190311418684, "XXXZXZ": 0.026275951557093433, "ZIYZYI": 0.0029195501730103803, "IZYIZY": -0.020436851211072676, "XZZZXZ": 0.026275951557093433, "IXXXIX": 0.0029195501730103907, "XIXZZI": -0.00875865051903115, "XZIXIZ": -0.0058391003460207536, "ZZIYIY": -0.011678200692041528, "ZXIZIX": -0.008758650519031151, "YXYXII": 1.734723475976807e-18, "IIIXIX": -0.0016219723183390983, "IXIXZZ": 0.026261752944990814, "IIYXYX": -0.5955882352941178, "ZIZYIY": -0.008758650519031137, "XYXIIY": 3.469446951953614e-18, "XZXZZZ": -0.026275951557093426, "IZIYZY": -0.008758650519031142, "YZYYZY": 0.026275951557093426, "YZXXZY": -6.938893903907228e-18, "YXIYXI": 0.008758650519031144, "XYIYIX": 0.02334378039554738, "ZZXZXZ": 0.026275951557093433, "ZYIYIZ": -0.03795415224913495, "IIIZIZ": -0.45642301038062283, "YXZZXY": 0.02627595155709342, "IXIXII": 0.040873702422145324, "YYZZYY": 0.18393166089965396, "ZZYYXX": -0.31531141868512114, "YZZZYZ": -0.026275951557093426, "XZYYZX": -0.026275951557093447, "IYXYIX": -0.0029195501730103785, "YYYYYY": -0.2890354671280277, "YZZYZZ": -0.1051038062283737, "IIZZII": 0.7899005190311417, "IIXIXI": -0.007461072664359865, "XIYXYI": 0.01459775086505191, "XXXYXY": -0.49924307958477515, "YIYZZI": -0.008758650519031137, "YYIIXX": -0.19269031141868515, "ZZZYYZ": -0.183931660899654, "XZXIZI": -0.020436851211072662, "XZYXZY": 0.05255190311418686, "ZZYIIY": -0.014597750865051912, "XYXXXY": 0.052551903114186845, "YXXIYI": -0.0029195501730103837, "YYIYYI": 0.0058391003460207674, "ZYYZZZ": 0.0, "ZIZIII": 0.05514705882352941, "ZXIXZI": 0.008758650519031144, "ZXXZZZ": 1.3877787807814457e-17, "YIIYYY": -0.011678200692041514, "IIXIIX": -0.0038927335640138415, "XXIXIX": -0.020436851211072672, "YYYXXY": -0.31531141868512114, "ZXZXZZ": 0.026275951557093426, "YXXYZZ": 0.05255190311418686, "YZZIIY": -0.023356401384083045, "ZXYZXY": -0.07878525883497245, "ZZZZYY": -0.2102076124567474, "ZIZIXX": -0.00875865051903114, "XYIXIY": 0.011678200692041514, "ZXXIIZ": 0.01751730103806228, "ZYZIIY": 0.005839100346020759, "YXYXXX": 0.052551903114186886, "IIIIZZ": 0.9287413494809686, "XXYYXX": 0.31531141868512114, "ZIXXZI": 6.938893903907228e-18, "ZXXYZY": 0.07882785467128028, "IZIZZZ": -0.08466695501730105, "YYYIYI": -0.008758650519031151, "ZZXIXI": 0.014597750865051908, "YIXIYX": -0.011678200692041528, "ZZYYII": 0.2277249134948097, "ZXXXZX": 0.05255190311418684, "XXIXXI": 0.020436851211072665, "ZIIYZY": -0.00583910034602075, "ZZYIYI": 0.008758650519031139, "ZZIXXI": -0.02335640138408305, "IXXYIY": -0.02626175294499081, "ZZZIZI": 0.17517301038062283, "XYYZXZ": 0.052551903114186845, "XIXIII": 0.013624567474048442, "ZIIIIZ": -0.03373702422145329, "IZZXXI": 0.029195501730103803, "XIIXII": 0.04541522491349481, "ZIYIZY": 3.469446951953614e-18, "IIZIIZ": -0.4256055363321799, "IIIIYY": 0.40873702422145325, "XYXYYY": 0.10510380622837368, "YIIZYZ": 0.008758650519031148, "ZIXIZX": 0.01751730103806228, "XIXZIZ": -0.01751730103806228, "XIXYYI": -0.0029195501730103803, "XYZYZX": 0.05255190311418686, "IZIXXZ": -0.0029195501730103768, "IZIYYZ": -0.023356401384083042, "IYZYZI": -0.01751730103806228, "IZYYZI": 0.02043685121107268, "ZZXZZX": 0.05255190311418685, "YIZIZY": -0.0058391003460207605, "XYZZXY": -0.05255190311418685, "ZZXXZZ": -0.15765570934256054, "YXXXYX": 6.938893903907228e-18, "IYIXXY": -0.00875865051903114, "YIYZIZ": -0.0058391003460207605, "ZZZXXZ": 6.938893903907228e-18, "YIYXXI": 0.01751730103806228, "IYIXYX": -0.03503460207612458, "YXYZXZ": -0.026275951557093433, "IYZIYZ": -0.002917972549443419, "YIXXYI": 0.014597750865051908, "YXZZYX": -6.938893903907228e-18, "ZIXIXZ": 0.046712802768166084, "IYYZZI": 0.02335640138408305, "XXYXXY": -0.44669117647058837, "XXIIYY": 0.31531141868512114, "XIIYYX": -0.01751730103806229, "IXYXIY": 0.002919550173010387, "ZYYIZI": -0.04087370242214533, "YZZYII": 0.0029195501730103837, "XXIIXX": -0.27151816608996543, "YYZZZZ": 0.3941392733564014, "YIZZIY": 0.029195501730103803, "YZYIIZ": 0.011678200692041521, "XZZYYX": 0.026275951557093426, "XXIZZI": -0.30363321799307963, "YYIIZZ": 0.4204152249134948, "IIXYXY": -0.5605536332179931, "XXXYYX": -0.4204152249134948, "YXIXYI": 0.023356401384083052, "YZIYIZ": 6.938893903907228e-18, "XXYYYY": -0.23648356401384082, "XIYIXY": -0.02627595155709343, "YIYXIX": 0.002919550173010394, "XZIIZX": 0.01751730103806228, "XZXIIZ": 0.002919550173010387, "XZXYYZ": -0.026261752944990814, "ZXZXII": 0.0058391003460207605, "YXYIXI": -0.017517301038062285, "IIXZZX": 0.01751730103806229, "YXXXXY": -0.07882785467128028, "ZIXXIZ": 0.0029195501730103768, "YYYYII": -0.20728806228373703, "YIIIIY": -0.0006487889273356466, "IZIZXX": 0.06714965397923876, "ZXIZXI": -0.011678200692041518, "ZXZXXX": 0.05255190311418686, "YYYXYX": -0.23648356401384082, "IZZIXX": 0.0467128027681661, "YZZXYX": 0.026275951557093426, "XXXXII": 0.2919550173010381, "XXZXZX": 0.026275951557093426, "YIXYXI": -0.026275951557093415, "ZXYXYZ": -0.026275951557093412, "XYIIYX": -0.12554065743944637, "YXXIIY": 0.0, "ZXZYYX": -0.026275951557093426, "YZXZXY": -0.026275951557093433, "IXYXYI": 0.023356401384083042, "XYIXYI": -0.0029195501730103833, "YIYIYY": -0.0058391003460207536, "IXZXIZ": -0.0029195501730103768, "ZXIXIZ": -0.005839100346020774, "XXYZYZ": -0.02627595155709344, "YIZYIZ": 0.002919550173010387, "YZYIZI": -0.020436851211072665, "ZZIIYY": -0.1956098615916955, "YZZYYY": 0.026275951557093412, "YIYIXX": -0.037954152249134954, "YIXYIX": -0.0029179725494434226, "XIYXIY": -0.01751730103806229, "XXZZII": 0.575151384083045, "IIYYZZ": -0.37954152249134954, "YYYIIY": 0.014597750865051898, "IIZIZI": -0.3951124567474048, "IZXIXZ": -0.008758650519031134, "ZXYYZX": -0.02627595155709342,