{"XIXXIX": 0.0036606860396800264, "YXXYII": 0.01098205811904009, "IIXXYY": 0.4758891851584038, "YZZYII": 0.003660686039680023, "XYIYXI": 0.01098205811904008, "ZXYXZY": -0.09883852307136078, "IIIYIY": 0.00244045735978669, "IIZYYZ": 0.018303430198400146, "YYZZZZ": 0.36240791792832294, "XZXZYY": 0.0, "XZZXII": -0.010979577082956792, "YIXIYX": 0.00732137207936006, "ZZXYXY": 0.26356939485696207, "XZXIIZ": -0.03660686039680029, "ZYZYII": 0.0036606860396800264, "ZZYIIY": -0.018303430198400153, "YXIYXI": -0.007321372079360053, "XZZYYX": -0.03294617435712026, "ZXYYXZ": 0.0329387312488704, "XXIXIX": -6.938893903907228e-18, "YIZIZY": 0.007321372079360074, "YZYYYZ": -0.06589234871424052, "XYXXXY": 0.09883852307136078, "YYZZII": 0.3990147783251232, "XXIIZZ": 0.6882089754598455, "YIYIII": 0.0036606860396800316, "IYXYXI": 0.01464274415872011, "IYIZZY": 0.021964116238080176, "YXZZYX": -0.06589234871424052, "IYYZIZ": -5.204170427930421e-18, "XXXXZZ": 0.32946174357120267, "XZZYXY": -0.03294617435712026, "ZZXZXZ": 0.0, "IZZYIY": -2.6020852139652106e-18, "IIZZYY": 0.34410448772992275, "YXIXIY": -0.01464274415872011, "ZYYZXX": -0.03294617435712026, "ZIXXZI": -0.014642744158720113, "YYYYXX": 0.2306232204998418, "IZZIYY": -0.06589234871424052, "XYXIIY": -0.0036606860396800264, "IZYZIY": -0.032946174357120266, "YYXZXZ": -0.06589234871424052, "YZYIZI": 0.0036606860396800264, "IIIIII": 0.9999999999999998, "YZZXXY": 0.0, "IYXIYX": -0.01098205811904009, "YZYZZZ": -0.06589234871424052, "XXZYYZ": 0.06589234871424052, "IYYXIX": -0.0036606860396800195, "XXIIII": 0.7154607493107967, "IYZIYZ": -0.0073213720793600685, "IYXXYI": -1.0408340855860843e-17, "XZZXZZ": -0.03294617435712026, "XZXZXX": 0.0, "YYXIIX": 0.03294617435712027, "IZIZZZ": -0.09881619374661124, "ZZIIZZ": -0.4832105572377639, "XZIZXI": 0.018303430198400153, "ZXZIIX": -0.007321372079360046, "ZZZYYZ": -0.09883852307136078, "XIYXYI": 0.03294617435712026, "YIIIYI": 0.011388801012337864, "ZZXIXI": -0.018303430198400143, "ZYZXXY": 0.09883852307136078, "XIIIXI": 0.026845030957653546, "ZIXXIZ": -0.01463943611060908, "XXXZXZ": 0.09883852307136078, "XXIZZI": -0.3110880173504428, "YYZYZY": 0.1647308717856013, "IYXYIX": -0.0109820581190401, "XXXZZX": 0.03294617435712026, "IIXYYX": -0.5564242780313644, "YIYIXX": 0.010982058119040086, "XZYZYX": -0.03294617435712026, "YIXYXI": 0.010982058119040083, "ZIYYIZ": -0.014642744158720113, "IZXZXI": -0.01464274415872012, "YZXXYZ": -0.06589234871424052, "ZZZZXX": 0.13178469742848098, "ZYIIYZ": -0.010982058119040083, "ZZYYZZ": 0.2306232204998418, "IIXXZZ": 0.40633615040448323, "YYXXII": 0.24526596465856193, "YXYIIX": 0.007321372079360056, "XZZXYY": -0.03294617435712026, "XYYXZZ": 0.13178469742848103, "XXXIXI": -0.010982058119040083, "YYYIIY": 0.01098205811904008, "XYXXYX": 0.0, "XXIIYY": 0.3001762552537624, "XYYYXY": 0.03294617435712026, "XYYIXI": -0.03294617435712026, "ZZYYII": 0.22696253446016185, "IYYIXX": 0.00732137207936006, "YZZIYI": 0.0109820581190401, "YXXZYZ": 0.0, "IYIYYY": 0.007321372079360053, "XZYYXZ": -0.03294617435712026, "XXXIIX": -0.03294617435712026, "YIIYII": 0.007728114972657836, "XZIZIX": 0.014642744158720133, "ZXZYYX": 0.0, "IIZIZI": -0.38721923441948747, "IYYYIY": -0.014642744158720116, "ZXYYZX": 0.0, "XYIYIX": -0.03293873124887042, "XXZZXX": -0.2306232204998418, "XYYXXX": 0.0, "YYYXXY": -0.29651556921408234, "ZXZXYY": -0.09883852307136078, "XZZZZX": -0.13178469742848103, "XZIXIZ": -0.01464274415872011, "YIXXYI": 0.014642744158720113, "IXIYYX": -0.047588918515840385, "YZYXXZ": 0.0, "IYIXXY": -0.058570976634880485, "XXXXII": 0.3404438016902427, "ZXYZXY": 0.09883852307136078, "XYZZXY": -0.13178469742848103, "IXXYIY": -0.01830343019840014, "ZIIIZI": -0.011388801012337869, "IZZXXI": -0.01830343019840015, "ZXXXZX": 0.13178469742848103, "YXXZZY": 0.03294617435712026, "IYZZYI": 0.043928232476160345, "ZZXXII": -0.2818728250553622, "ZIXZXI": 0.007321372079360046, "ZIXZIX": 0.007321372079360063, "YYYYZZ": -0.23057111874209285, "YZZXYX": 0.03294617435712026, "ZZXXXX": 0.3624079179283229, "ZIZIYY": 0.02195915416591361, "YYYZYZ": -0.06589234871424052, "ZIZXIX": -0.025624802277760202, "YYZZXX": -0.13178469742848103, "ZIZYYI": 0.00366068603968003, "ZXZXII": -0.014642744158720127, "XIIZZX": 0.021964116238080172, "XXZZYY": 0.23062322049984185, "ZIXIXZ": 0.025619013193565895, "XZXYYZ": -0.03294617435712026, "YXZXYZ": 0.06589234871424052, "XIXIYY": 0.007321372079360046, "XXZIZI": -0.27455145297600214, "XIZXZI": -0.0036606860396800334, "XIYIXY": -0.010982058119040086, "ZZXYYX": 0.29651556921408234, "ZYIYZI": -0.014639436110609078, "ZZYZYZ": 0.0, "IXIXXX": -0.04758891851584037, "YXYXYY": -0.06589234871424052, "YYIZZI": -0.17205224386496137, "IZXXZI": 0.0036606860396800264, "IXZZXI": 0.01830343019840014, "XXYYYY": -0.29651556921408234, "YZYZII": -0.0036606860396800195, "YIXXIY": 0.01830343019840014, "IIYIYI": 0.004880914719573374, "ZZIXXI": -0.007321372079360056, "XXXXXX": -0.3293873124887041, "YYXXYY": 0.19767704614272155, "ZZZZYY": -0.26356939485696207, "IIYYYY": -0.46490712703936365, "IZYYZI": -0.040267546436480325, "ZIZZIZ": -0.014642744158720114, "YIYIYY": 0.010982058119040086, "ZZZIZI": 0.20865910426176165, "IZIXXZ": 0.0036606860396800472, "YXIIXY": -0.04758891851584039, "YYIIII": 0.4925656437836127, "IZXXIZ": 3.469446951953614e-18, "YXIIYX": -0.025624802277760206, "IIXXXX": -0.4722284991187238, "ZXXIIZ": -0.0036606860396800316, "XIXIXX": 0.007321372079360053, "YXXYZZ": 0.06589234871424052, "XXIIXX": -0.28553351109504227, "IIIZIZ": -0.4563655262801103, "YIZYZI": 0.0036606860396800334, "IZYYIZ": -0.0036598590276522656, "YZZYZZ": 0.03294617435712026, "XYXZYZ": -0.06589234871424052, "ZIIIIZ": -0.03497988882360916, "IXYIYX": 0.00732137207936006, "IIXYXY": -0.5930311384281648, "IZZYYI": -0.007321372079360055, "YXYYYX": 0.03294617435712026, "ZYZIYI": 0.0036606860396800212, "XZXZII": 0.007321372079360064, "XXYIIY": 0.018303430198400153, "XIIIIX": 0.004067428932977812, "IXIIXI": 0.027251773850951327, "YXXXYX": 0.0, "IZYZYI": 0.0036606860396800334, "ZZYXXY": 0.29651556921408234, "ZXXYYZ": 0.06589234871424052, "ZYYZZZ": 0.03294617435712026, "XXIXXI": -0.021964116238080172, "IYIYZZ": 3.469446951953614e-18, "IXIXII": 0.04555520404935147, "YZXXZY": -0.03294617435712026, "IXXZZI": -0.05491029059520043, "ZZIZZI": 0.2123197903014417, "YYYZZY": -0.03294617435712026, "IXYYIX": -0.00366068603968003, "XIZZIX": 0.018303430198400153, "XXIYIY": 0.0, "ZZZZZZ": -0.42830026664256343, "XIXYYI": 0.032946174357120266, "IIZYZY": 0.0036606860396800195, "ZZZIIZ": 0.19767704614272155, "ZIZYIY": -0.02196411623808018, "YIXIXY": -0.01464274415872012, "XXZIIZ": -0.28187282505536226, "IIIIXX": -0.4047091788312921, "ZYYYYZ": -0.032938731248870416, "IXXZIZ": -0.032946174357120266, "IXXIZZ": 0.00732137207936006, "YYYYII": -0.21231979030144166, "XXZZZZ": 0.5271387897139241, "YZYYZY": 0.03294617435712026, "ZYIZYI": 0.007321372079360053, "IZIZII": -0.10697338093731638, "XZXZZZ": 0.03294617435712026, "ZZXZZX": 0.06589234871424052, "ZIYZYI": 0.007321372079360053, "XIXIZZ": 0.04758891851584038, "IZIYYZ": -0.025624802277760206, "IIIXXI": 0.0032539431463822497, "IYYIII": 0.015049487052017897, "XIXIII": 0.019930401771591274, "ZXZXXX": -0.03294617435712026, "XIIYXY": -0.025624802277760206, "IYYIYY": -0.021964116238080183, "IIZXXZ": -0.01830343019840014, "YYIIZZ": 0.4684619555394903, "XIZIXZ": -0.014642744158720113, "YIYXXI": -0.01830343019840014, "IXZXZI": 6.938893903907228e-18, "YZIYIZ": 0.0036606860396800264, "YYIIXX": -0.21959154165913608, "IYIYXX": 0.0036606860396800264, "IZIZXX": 0.021964116238080176, "IIYXXY": -0.6003525105075248, "ZYXZYX": -0.19767704614272152, "IYIYII": 0.014639436110609074, "YIYYYI": 0.010982058119040088, "YYZIIZ": -0.20499841822208165, "XZZIIX": 0.003660686039680028, "YYZYYZ": -0.09883852307136078, "YIIIIY": 0.006101143399466711, "YZYZYY": -0.03294617435712026, "XZYXYZ": 0.03294617435712026, "ZYXXYZ": 0.0, "ZIZIXX": -0.018303430198400153, "YYIYYI": 0.018303430198400153, "IYZYZI": -0.04026754643648032,