{"IYYYIY": -0.008758650519031151, "ZZYXYX": 0.26275951557093424, "YXXYII": 0.01751730103806229, "IYIYII": 0.011678200692041524, "YZXYXZ": 0.02627595155709344, "XIZXZI": -0.005835945098886856, "IIZYZY": 0.014597750865051912, "ZXXXXZ": 0.026275951557093426, "XIIXXX": -0.02043685121107266, "IZXIZX": 0.011678200692041524, "YXZYZX": 0.07882785467128028, "IZIZII": -0.10575259515570933, "IYIYXX": -0.008758650519031137, "ZYZXXY": -0.02627595155709342, "IYIYZZ": 0.0058391003460207605, "YYIZZI": -0.21312716262975778, "XIYYIX": -0.023356401384083056, "ZZZYZY": 0.026275951557093426, "XXYZZY": -0.1051038062283737, "IZYIYZ": 6.938893903907228e-18, "IIXYYX": -0.6072664359861593, "IYIZYZ": 3.469446951953614e-18, "XIZIXZ": -0.0058391003460207536, "ZZIYYI": -0.0029195501730103803, "ZYZIYI": 0.005839100346020757, "XXIYIY": -0.005839100346020757, "ZYYZYY": -6.938893903907228e-18, "YYXXII": 0.20144896193771628, "ZXZYXY": -0.026275951557093426, "YIIYII": 0.007785467128027683, "IYIIYI": 0.007461072664359864, "YIYYIY": 0.008758650519031137, "ZYZYYY": -0.07882785467128028, "IYXYXI": 0.002919550173010387, "XZIZIX": 0.01751730103806229, "YXXZYZ": 0.05255190311418686, "ZZXYXY": 0.4204152249134949, "ZXYYXZ": 0.052551903114186845, "ZYIYZI": 0.0058391003460207536, "ZZYYYY": 0.23648356401384082, "IXXIXX": -0.0058391003460207605, "ZYXXZY": -0.052551903114186845, "YYZIZI": -0.19269031141868515, "ZIZZZI": 0.0058391003460207605, "ZYXZXY": 0.07882785467128028, "XXZYYZ": 0.026275951557093426, "IZIXZX": 0.005839100346020764, "YYZYZY": -0.026275951557093433, "ZIZIYY": 0.02043685121107266, "IYZYIZ": -0.03503460207612458, "YXYZZX": 0.026275951557093433, "XIXYIY": -0.0029195501730103833, "XXZYZY": 0.026275951557093426, "IZZIZZ": -0.07006920415224914, "ZIXZXI": 0.0058391003460207674, "IYZIZY": 0.008758650519031144, "IIIIXX": -0.3996539792387543, "ZIZZIZ": -0.02334378039554738, "XZXXZX": 0.0, "ZIIZII": 0.08174740484429065, "ZZIZZI": 0.21896626297577856, "IIXXXX": -0.4758866782006921, "ZYZYXX": -0.07882785467128027, "XIYIYX": -0.023356401384083042, "ZYYIIZ": -0.026275951557093433, "ZXYXZY": 0.0, "ZZYZZY": -0.026275951557093426, "ZZZIIZ": 0.22772491349480972, "YZIIYZ": -0.023356401384083056, "IYZZYI": 0.008758650519031136, "IZYZIY": -0.017517301038062295, "IZYYIZ": 0.0, "XYZZYX": -0.1051038062283737, "XXXZXZ": 0.02626175294499082, "ZIYZYI": -0.002919550173010387, "IZYIZY": -0.008758650519031151, "XZZZXZ": -0.026275951557093433, "IXXXIX": -0.032115051903114186, "XIXZZI": -0.026275951557093415, "XZIXIZ": 0.014597750865051905, "ZZIYIY": -0.0058391003460207605, "ZXIZIX": 0.002919550173010389, "YXYXII": -0.03795415224913493, "IIIXIX": -0.0003243944636678181, "IXIXZZ": 0.01458986274721711, "IIYXYX": -0.5868295847750865, "ZIZYIY": -0.002917972549443419, "XYXIIY": 0.043793252595155714, "XZXZZZ": -0.052551903114186845, "IZIYZY": 0.020436851211072665, "YZYYZY": 0.026275951557093412, "YZXXZY": 0.026275951557093433, "YXIYXI": 0.0058391003460207674, "XYIYIX": 0.0029195501730103768, "ZZXZXZ": 0.026275951557093412, "ZYIYIZ": 0.02627595155709342, "IIIZIZ": -0.4580449826989619, "YXZZXY": -0.05255190311418685, "IXIXII": 0.03827854671280277, "YYZZYY": 0.10510380622837372, "ZZYYXX": -0.26275951557093424, "YZZZYZ": -0.1051038062283737, "XZYYZX": 0.07882785467128028, "IYXYIX": -0.023356401384083042, "YYYYYY": -0.2364835640138408, "YZZYZZ": 0.0, "IIZZII": 0.7983347750865051, "IIXIXI": 0.005190311418685117, "XIYXYI": 0.02919550173010381, "XXXYXY": -0.3941392733564015, "YIYZZI": 0.017517301038062285, "YYIIXX": -0.20436851211072665, "ZZZYYZ": 0.02627595155709342, "XZXIZI": -0.014597750865051912, "XZYXZY": 1.3877787807814457e-17, "ZZYIIY": 0.005839100346020755, "XYXXXY": -0.026275951557093426, "YXXIYI": -0.020436851211072665, "YYIYYI": 0.011678200692041524, "ZYYZZZ": -0.05255190311418685, "ZIZIII": 0.04314446366782007, "ZXIXZI": -0.02335640138408303, "ZXXZZZ": 0.05255190311418686, "YIIYYY": 1.3877787807814457e-17, "IIXIIX": 0.009083044982698964, "XXIXIX": -0.0029195501730103803, "YYYXXY": -0.2364835640138408, "ZXZXZZ": -0.02627595155709344, "YXXYZZ": 0.0, "YZZIIY": -0.026275951557093426, "ZXYZXY": 0.0, "ZZZZYY": -0.18393166089965396, "ZIZIXX": -0.02917972549443424, "XYIXIY": -0.00875865051903115, "ZXXIIZ": 0.0, "ZYZIIY": 0.0058391003460207605, "YXYXXX": 0.026275951557093447, "IIIIZZ": 0.9232266435986157, "XXYYXX": 0.26275951557093424, "ZIXXZI": 0.020425807846103965, "ZXXYZY": -0.026275951557093433, "IZIZZZ": -0.07298875432525952, "YYYIYI": 0.0, "ZZXIXI": -0.014597750865051901, "YIXIYX": -0.008758650519031137, "ZZYYII": 0.2218858131487889, "ZXXXZX": -0.026275951557093433, "XXIXXI": -0.032115051903114186, "ZIIYZY": 0.005839100346020764, "ZZYIYI": 0.008758650519031137, "ZZIXXI": 0.02043685121107266, "IXXYIY": 0.026275951557093433, "ZZZIZI": 0.2189662629757786, "XYYZXZ": -0.026275951557093426, "XIXIII": 0.012326989619377164, "ZIIIIZ": -0.026275951557093426, "IZZXXI": 0.0, "XIIXII": 0.03535899653979239, "ZIYIZY": 0.017517301038062278, "IIZIIZ": -0.43014705882352944, "IIIIYY": 0.40938581314878897, "XYXYYY": 0.07882785467128028, "YIIZYZ": 0.017517301038062295, "ZIXIZX": -0.023356401384083035, "XIXZIZ": -0.029195501730103813, "XIXYYI": -0.011678200692041528, "XYZYZX": 0.0, "IZIXXZ": 0.04379325259515571, "IZIYYZ": 0.03211505190311416, "IYZYZI": -0.0029195501730103803, "IZYYZI": 1.0408340855860843e-17, "ZZXZZX": -0.05255190311418686, "YIZIZY": -0.008758650519031146, "XYZZXY": -0.13137975778546712, "ZZXXZZ": -0.23648356401384082, "YXXXYX": -0.13137975778546712, "IYIXXY": -0.014597750865051896, "YIYZIZ": 0.008758650519031144, "ZZZXXZ": -0.02627595155709342, "YIYXXI": 0.046712802768166084, "IYIXYX": 0.011678200692041524, "YXYZXZ": 0.0, "IYZIYZ": -0.02627595155709343, "YIXXYI": 0.008758650519031146, "YXZZYX": -0.052551903114186845, "ZIXIXZ": -0.01751730103806229, "IYYZZI": -0.017517301038062275, "XXYXXY": -0.2890354671280277, "XXIIYY": 0.2831963667820069, "XIIYYX": -0.011678200692041524, "IXYXIY": 0.005839100346020764, "ZYYIZI": 0.002919550173010387, "YZZYII": -0.01751730103806229, "XXIIXX": -0.28611591695501726, "YYZZZZ": 0.42041522491349487, "YIZZIY": -0.014597750865051905, "YZYIIZ": -0.008758650519031144, "XZZYYX": 0.02627595155709344, "XXIZZI": -0.31531141868512114, "YYIIZZ": 0.44085207612456745, "IIXYXY": -0.5955882352941176, "XXXYYX": -0.4729671280276817, "YXIXYI": 0.00875865051903114, "YZIYIZ": 0.03503460207612456, "XXYYYY": -0.3941392733564015, "XIYIXY": 0.01167820069204152, "YIYXIX": 8.673617379884035e-19, "XZIIZX": 0.0058391003460207674, "XZXIIZ": 0.02042580784610396, "XZXYYZ": 0.0, "ZXZXII": -0.0029195501730103837, "YXYIXI": 0.026275951557093426, "IIXZZX": 0.005839100346020764, "YXXXXY": -0.05255190311418685, "ZIXXIZ": 0.014597750865051919, "YYYYII": -0.23940311418685123, "YIIIIY": 0.0009731833910034595, "IZIZXX": 0.04379325259515571, "ZXIZXI": 0.011678200692041524, "ZXZXXX": 0.0, "YYYXYX": -0.3678633217993079, "IZZIXX": 0.023356401384083045, "YZZXYX": 0.07878525883497245, "XXXXII": 0.32698961937716264, "XXZXZX": 0.026275951557093426, "YIXYXI": -0.005839100346020757, "ZXYXYZ": -0.05255190311418685, "XYIIYX": -0.13137975778546715, "YXXIIY": -0.005839100346020755, "ZXZYYX": 0.05255190311418681, "YZXZXY": 0.026275951557093433, "IXYXYI": 0.0029195501730103716, "XYIXYI": 0.011678200692041514, "YIYIYY": 0.014597750865051901, "IXZXIZ": 0.011678200692041528, "ZXIXIZ": 0.020436851211072665, "XXYZYZ": 0.0, "YIZYIZ": -0.023356401384083056, "YZYIZI": -0.005839100346020757, "ZZIIYY": -0.23356401384083048, "YZZYYY": 0.026275951557093426, "YIYIXX": 0.040873702422145344, "YIXYIX": -1.3877787807814457e-17, "XIYXIY": 0.00875865051903113, "XXZZII": 0.5693122837370242, "IIYYZZ": -0.3999783737024222, "YYYIIY": 0.026275951557093422, "IIZIZI": -0.39381487889273353, "IZXIXZ": -0.014597750865051894, "ZXYYZX": 0.07882785467128028, "ZIYZIY": -0.0029195501730103907, "XYYXZZ": 0.10510380622837369, "IIYXXY": -0.5897491349480968, "YYIZIZ": -0.24524221453287198, "ZZYXXY": 0.36786332179930803, "IYIIIY": 0.0006487889273356397,