{"XIXXIX": -0.007321372079360046, "YXXYII": -0.021964116238080172, "IIXXYY": 0.4649071270393637, "YZZYII": 0.01098205811904008, "XYIYXI": -0.025624802277760202, "ZXYXZY": -0.03294617435712026, "IIIYIY": -0.0085416007592534, "IIZYYZ": 0.0036606860396800403, "YYZZZZ": 0.42830026664256343, "XZXZYY": 0.0, "XZZXII": -0.021964116238080176, "YIXIYX": -0.02196411623808018, "ZZXYXY": 0.29651556921408234, "XZXIIZ": -0.03660686039680029, "ZYZYII": 0.003660686039680023, "ZZYIIY": -0.021964116238080186, "YXIYXI": 0.0, "XZZYYX": -0.03294617435712026, "ZXYYXZ": 0.0329387312488704, "XXIXIX": -0.010982058119040078, "YIZIZY": 0.0036606860396800264, "YZYYYZ": -0.03294617435712026, "XYXXXY": 0.0, "YYZZII": 0.38803272020608304, "XXIIZZ": 0.6662448592217654, "YIYIII": 0.006101143399466712, "IYXYXI": 0.029285488317440236, "IYIZZY": 0.007321372079360058, "YXZZYX": 0.03294617435712026, "IYYZIZ": 0.01830343019840014, "XXXXZZ": 0.2965155692140824, "XZZYXY": -0.06589234871424052, "ZZXZXZ": 0.0, "IZZYIY": 0.014642744158720106, "IIZZYY": 0.34410448772992275, "YXIXIY": 0.0, "ZYYZXX": 0.06589234871424052, "ZIXXZI": 0.029285488317440222, "YYYYXX": 0.3294617435712026, "IZZIYY": -0.03659859027652269, "XYXIIY": -0.010982058119040086, "IZYZIY": -0.021964116238080165, "YYXZXZ": -0.03294617435712026, "YZYIZI": 0.0, "IIIIII": 0.9999999999999998, "YZZXXY": -0.03294617435712026, "IYXIYX": 0.003660686039680037, "YZYZZZ": -0.03294617435712026, "XXZYYZ": 0.03294617435712026, "IYYXIX": 0.0036606860396800195, "XXIIII": 0.7215618927102636, "IYZIYZ": 0.010982058119040093, "IYXXYI": 0.014642744158720127, "XZZXZZ": 0.06587746249774082, "XZXZXX": 0.03294617435712026, "YYXIIX": -0.010982058119040097, "IZIZZZ": -0.06955303475392055, "ZZIIZZ": -0.497853301396484, "XZIZXI": 0.00732137207936006, "ZXZIIX": -0.010982058119040086, "ZZZYYZ": 0.03294617435712026, "XIYXYI": 0.04026754643648032, "YIIIYI": 1.734723475976807e-18, "ZZXIXI": -0.018303430198400146, "ZYZXXY": -0.06589234871424052, "XIIIXI": 0.01382925837212455, "ZIXXIZ": 0.014642744158720123, "XXXZXZ": 0.0, "XXIZZI": -0.30749762733312247, "YYZYZY": -0.03294617435712026, "IYXYIX": 0.02196411623808017, "XXXZZX": 0.0, "IIXYYX": -0.6149952546662449, "YIYIXX": 0.010982058119040093, "XZYZYX": 0.06589234871424052, "YIXYXI": 0.01098205811904009, "ZIYYIZ": 0.0036606860396800264, "IZXZXI": 0.014642744158720107, "YZXXYZ": -0.03294617435712026, "ZZZZXX": 0.06589234871424052, "ZYIIYZ": -0.014642744158720118, "ZZYYZZ": 0.29651556921408234, "IIXXZZ": 0.38428519790348814, "YYXXII": 0.22325140068678836, "YXYIIX": -0.01098205811904009, "XZZXYY": 0.0, "XYYXZZ": 0.06589234871424052, "XXXIXI": -0.014642744158720113, "YYYIIY": -0.003660686039680029, "XYXXYX": -0.03294617435712026, "XXIIYY": 0.25624802277760206, "XYYYXY": 0.0, "XYYIXI": 0.025624802277760206, "ZZYYII": 0.248926650698242, "IYYIXX": -0.0036606860396800308, "YZZIYI": -0.007321372079360058, "YXXZYZ": -0.06589234871424052, "IYIYYY": 0.003660686039680023, "XZYYXZ": -0.03294617435712026, "XXXIIX": 0.021964116238080176, "YIIYII": 0.007728114972657841, "XZIZIX": 0.003660686039680023, "ZXZYYX": -0.03294617435712026, "IIZIZI": -0.4014552356849098, "IYYYIY": -0.03294617435712026, "ZXYYZX": -0.03294617435712026, "XYIYIX": -0.010982058119040074, "XXZZXX": -0.2306232204998418, "XYYXXX": -0.03294617435712026, "YYYXXY": -0.26356939485696207, "ZXZXYY": -0.03294617435712026, "XZZZZX": 0.09881619374661124, "XZIXIZ": 0.0, "YIXXYI": 0.021959154165913604, "IXIYYX": -0.025624802277760206, "YZYXXZ": 0.09883852307136072, "IYIXXY": -0.014642744158720106, "XXXXII": 0.35142585980928276, "ZXYZXY": 0.06589234871424052, "XYZZXY": -0.09883852307136078, "IXXYIY": -0.010982058119040086, "ZIIIZI": -0.01382925837212455, "IZZXXI": -0.007321372079360063, "ZXXXZX": 0.0, "YXXZZY": 0.03294617435712026, "IYZZYI": 0.014642744158720121, "ZZXXII": -0.24160527861888192, "ZIXZXI": 0.007321372079360053, "ZIXZIX": 0.0036606860396800334, "YYYYZZ": -0.13178469742848103, "YZZXYX": 0.0, "ZZXXXX": 0.13178469742848103, "ZIZIYY": -0.010982058119040088, "YYYZYZ": -0.03294617435712026, "ZIZXIX": -0.014642744158720113, "YYZZXX": -0.13178469742848103, "ZIZYYI": -0.007321372079360047, "ZXZXII": 0.010982058119040083, "XIIZZX": -0.018303430198400146, "XXZZYY": 0.2965155692140824, "ZIXIXZ": 0.007321372079360056, "XZXYYZ": 0.09883852307136078, "YXZXYZ": -0.03294617435712026, "XIXIYY": 0.05124960455552041, "XXZIZI": -0.2708907669363222, "XIZXZI": -0.040267546436480325, "XIYIXY": -0.01464274415872011, "ZZXYYX": 0.42820350623531545, "ZYIYZI": -0.021964116238080172, "ZZYZYZ": 0.03294617435712026, "IXIXXX": -0.03294617435712026, "YXYXYY": 0.03294617435712026, "YYIZZI": -0.19401636010304155, "IZXXZI": -0.02928548831744023, "IXZZXI": 0.04392823247616036, "XXYYYY": -0.26356939485696207, "YZYZII": 0.021964116238080165, "YIXXIY": 0.014642744158720121, "IIYIYI": 0.004880914719573366, "ZZIXXI": -0.02928548831744023, "XXXXXX": -0.3294617435712026, "YYXXYY": 0.2965155692140823, "ZZZZYY": -0.1647308717856013, "IIYYYY": -0.47954987119808384, "IZYYZI": 0.04026754643648031, "ZIZZIZ": -0.00732137207936006, "YIYIYY": 0.010982058119040086, "ZZZIZI": 0.21231979030144169, "IZIXXZ": -0.00366068603968003, "YXIIXY": -0.014642744158720113, "YYIIII": 0.4925656437836128, "IZXXIZ": -0.018303430198400153, "YXIIYX": -0.018303430198400132, "IIXXXX": -0.4649071270393637, "ZXXIIZ": 0.03660686039680029, "XIXIXX": -0.010982058119040093, "YXXYZZ": 0.03294617435712026, "XXIIXX": -0.28553351109504227, "IIIZIZ": -0.45544912344117117, "YIZYZI": -0.00732137207936006, "IZYYIZ": -6.938893903907228e-18, "YZZYZZ": -0.06589234871424052, "XYXZYZ": -0.09883852307136078, "ZIIIIZ": -0.02399783070456908, "IXYIYX": 0.003660686039680016, "IIXYXY": -0.6149952546662449, "IZZYYI": 0.007321372079360067, "YXYYYX": 0.0, "ZYZIYI": -0.032946174357120266, "XZXZII": 0.010982058119040114, "XXYIIY": -0.02562480227776021, "XIIIIX": 0.008541600759253394, "IXIIXI": 0.03172594567722692, "YXXXYX": -0.03294617435712026, "IZYZYI": 0.021964116238080172, "ZZYXXY": 0.3294617435712026, "ZXXYYZ": 0.09883852307136078, "ZYYZZZ": -0.06589234871424046, "XXIXXI": 0.010982058119040083, "IYIYZZ": 0.03294617435712026, "IXIXII": 0.03335291725041803, "YZXXZY": -0.09883852307136078, "IXXZZI": -0.018303430198400143, "ZZIZZI": 0.2782121390156822, "YYYZZY": 0.03294617435712026, "IXYYIX": 0.010982058119040086, "XIZZIX": 0.01464274415872012, "XXIYIY": 0.0036606860396800316, "ZZZZZZ": -0.4612464409996836, "XIXYYI": -0.010982058119040086, "IIZYZY": 0.010982058119040083, "ZZZIIZ": 0.24526596465856199, "ZIZYIY": -0.01830343019840015, "YIXIXY": -0.007321372079360072, "XXZIIZ": -0.33678311565056274, "IIIIXX": -0.40064174989831425, "ZYYYYZ": 0.0, "IXXZIZ": -0.010979577082956798, "IXXIZZ": 0.02928548831744024, "YYYYII": -0.18303430198400145, "XXZZZZ": 0.49419261535680387, "YZYYZY": -0.03294617435712026, "ZYIZYI": -0.007321372079360053, "IZIZII": -0.09395760835178742, "XZXZZZ": 0.09881619374661124, "ZZXZZX": -0.06589234871424052, "ZIYZYI": -0.007319718055304524, "XIXIZZ": 0.018303430198400153, "IZIYYZ": 0.007321372079360039, "IIIXXI": 0.00488091471957337, "IYYIII": -0.00040674289329778457, "XIXIII": 0.021964116238080176, "ZXZXXX": 0.03294617435712026, "XIIYXY": -0.036606860396800285, "IYYIYY": 0.029285488317440232, "IIZXXZ": -0.02196411623808017, "YYIIZZ": 0.42830026664256343, "XIZIXZ": -0.040267546436480325, "YIYXXI": -1.734723475976807e-18, "IXZXZI": -0.0036606860396800273, "YZIYIZ": 0.007321372079360058, "YYIIXX": -0.2013377321824016, "IYIYXX": -0.01830343019840015, "IZIZXX": 0.014642744158720095, "IIYXXY": -0.5782577263690584, "ZYXZYX": -0.03294617435712026, "IYIYII": 0.020743887558186833, "YIYYYI": -0.014642744158720114, "YYZIIZ": -0.1903556740633615, "XZZIIX": -0.0036606860396800264, "YYZYYZ": -0.0329461743571202, "YIIIIY": -0.0028472002530844634, "YZYZYY": 0.06589234871424052, "XZYXYZ": -0.06589234871424052, "ZYXXYZ": 0.06589234871424052, "ZIZIXX": -0.04758891851584038, "YYIYYI": -0.007321372079360056, "IYZYZI": -0.0036606860396800273,