{"IYYYIY": 0.023356401384083045, "ZZYXYX": 0.3415873702422146, "YXXYII": -0.017517301038062278, "IYIYII": 0.015570934256055366, "YZXYXZ": -0.026275951557093426, "XIZXZI": 0.01751730103806228, "IIZYZY": 0.011678200692041528, "ZXXXXZ": 0.026275951557093453, "XIIXXX": -0.04087370242214533, "IZXIZX": -0.008758650519031142, "YXZYZX": 0.02627595155709342, "IZIZII": -0.09829152249134948, "IYIYXX": 0.0029195501730103768, "ZYZXXY": -0.07882785467128027, "IYIYZZ": 0.03503460207612457, "YYIZZI": -0.21604671280276821, "XIYYIX": -0.020436851211072665, "ZZZYZY": 0.05255190311418687, "XXYZZY": 0.07882785467128028, "IZYIYZ": 0.023356401384083045, "IIXYYX": -0.5693122837370242, "IYIZYZ": -0.02043685121107267, "XIZIXZ": -0.008758650519031144, "ZZIYYI": -0.0058391003460207674, "ZYZIYI": 0.023356401384083042, "XXIYIY": 0.020436851211072665, "ZYYZYY": -0.05252350588998163, "YYXXII": 0.2189662629757786, "ZXZYXY": 1.3877787807814457e-17, "YIIYII": 0.014273356401384078, "IYIIYI": 0.005514705882352939, "YIYYIY": -0.005839100346020771, "ZYZYYY": 0.07882785467128028, "IYXYXI": 0.026275951557093426, "XZIZIX": -0.011678200692041524, "YXXZYZ": 0.05255190311418686, "ZZXYXY": 0.26275951557093424, "ZXYYXZ": 0.026275951557093405, "ZYIYZI": -0.01751730103806229, "ZZYYYY": 0.23648356401384082, "IXXIXX": 0.0029195501730103768, "ZYXXZY": -0.026275951557093433, "YYZIZI": -0.1868512110726644, "ZIZZZI": -0.02043685121107265, "ZYXZXY": -0.07882785467128031, "XXZYYZ": -0.026275951557093433, "IZIXZX": 0.014597750865051905, "YYZYZY": -6.938893903907228e-18, "ZIZIYY": 0.023356401384083042, "IYZYIZ": -0.023356401384083056, "YXYZZX": 1.3877787807814457e-17, "XIXYIY": 0.011678200692041528, "XXZYZY": -0.026275951557093405, "IZZIZZ": -0.06714965397923875, "ZIXZXI": -0.008758650519031146, "IYZIZY": -0.005839100346020765, "IIIIXX": -0.4113321799307958, "ZIZZIZ": -0.05252350588998163, "XZXXZX": -0.10504701177996326, "ZIIZII": 0.07980103806228372, "ZZIZZI": 0.18685121107266436, "IIXXXX": -0.48172577854671284, "ZYZYXX": 0.026261752944990814, "XIYIYX": -0.014597750865051915, "ZYYIIZ": 0.023356401384083045, "ZXYXZY": -0.026275951557093433, "ZZYZZY": 0.026261752944990814, "ZZZIIZ": 0.20144896193771625, "YZIIYZ": -0.008758650519031127, "IYZZYI": -0.02627595155709343, "IZYZIY": 0.03795415224913495, "IZYYIZ": -0.0029195501730103868, "XYZZYX": -0.13137975778546712, "XXXZXZ": -0.026275951557093412, "ZIYZYI": 0.026275951557093422, "IZYIZY": -0.029179725494434244, "XZZZXZ": 0.026275951557093426, "IXXXIX": 0.011678200692041528, "XIXZZI": -0.0058391003460207674, "XZIXIZ": -0.005839100346020758, "ZZIYIY": 0.02335640138408305, "ZXIZIX": 0.0058391003460207605, "YXYXII": -6.938893903907228e-18, "IIIXIX": 0.0016219723183391035, "IXIXZZ": 0.040873702422145324, "IIYXYX": -0.5897491349480969, "ZIZYIY": -0.011678200692041514, "XYXIIY": -0.017517301038062278, "XZXZZZ": 0.026275951557093426, "IZIYZY": 0.00875865051903114, "YZYYZY": -0.1051038062283737, "YZXXZY": 0.07882785467128028, "YXIYXI": -0.026275951557093433, "XYIYIX": -0.0029195501730103837, "ZZXZXZ": -6.938893903907228e-18, "ZYIYIZ": -0.020436851211072672, "IIIZIZ": -0.45999134948096887, "YXZZXY": -0.07882785467128026, "IXIXII": 0.04279693072517021, "YYZZYY": 0.2102076124567474, "ZZYYXX": -0.2102076124567474, "YZZZYZ": -0.05255190311418683, "XZYYZX": -1.3877787807814457e-17, "IYXYIX": 0.008758650519031134, "YYYYYY": -0.26275951557093424, "YZZYZZ": 0.0, "IIZZII": 0.7918468858131487, "IIXIXI": -0.008434256055363321, "XIYXYI": 0.0029195501730103837, "XXXYXY": -0.5255190311418685, "YIYZZI": -0.032115051903114186, "YYIIXX": -0.20144896193771628, "ZZZYYZ": -0.052523505889981635, "XZXIZI": -0.0058391003460207605, "XZYXZY": -0.07882785467128031, "ZZYIIY": -0.03503460207612458, "XYXXXY": -0.05255190311418685, "YXXIYI": 0.011678200692041526, "YYIYYI": 0.017517301038062285, "ZYYZZZ": 0.026275951557093426, "ZIZIII": 0.04833477508650519, "ZXIXZI": 0.014597750865051901, "ZXXZZZ": -0.026275951557093426, "YIIYYY": 0.017517301038062278, "IIXIIX": 0.004863287582405708, "XXIXIX": -0.0029195501730103803, "YYYXXY": -0.31531141868512114, "ZXZXZZ": -0.05255190311418686, "YXXYZZ": 0.07882785467128026, "YZZIIY": 0.017517301038062285, "ZXYZXY": -0.026275951557093426, "ZZZZYY": -0.183931660899654, "ZIZIXX": -0.01751730103806229, "XYIXIY": 0.0029195501730103907, "ZXXIIZ": -0.0058391003460207605, "ZYZIIY": -0.01167820069204151, "YXYXXX": -0.1051038062283737, "IIIIZZ": 0.9258217993079583, "XXYYXX": 0.3415873702422145, "ZIXXZI": 0.023356401384083056, "ZXXYZY": -0.02627595155709342, "IZIZZZ": -0.07298875432525953, "YYYIYI": -0.011678200692041521, "ZZXIXI": -0.005839100346020766, "YIXIYX": -0.020436851211072665, "ZZYYII": 0.23064446366782007, "ZXXXZX": -0.052551903114186845, "XXIXXI": -0.0058391003460207536, "ZIIYZY": 0.023356401384083042, "ZZYIYI": -0.017517301038062275, "ZZIXXI": -0.011678200692041528, "IXXYIY": 0.014597750865051906, "ZZZIZI": 0.1664143598615917, "XYYZXZ": -0.02627595155709342, "XIXIII": 0.021410034602076126, "ZIIIIZ": -0.040549307958477505, "IZZXXI": -0.014597750865051908, "XIIXII": 0.04314446366782007, "ZIYIZY": -0.02043685121107266, "IIZIIZ": -0.42592993079584773, "IIIIYY": 0.3938148788927336, "XYXYYY": 0.07882785467128028, "YIIZYZ": -0.0437932525951557, "ZIXIZX": -0.008753917648330257, "XIXZIZ": -6.938893903907228e-18, "XIXYYI": 1.3877787807814457e-17, "XYZYZX": 0.1051038062283737, "IZIXXZ": 0.008758650519031146, "IZIYYZ": 0.0029195501730103785, "IYZYZI": 1.734723475976807e-18, "IZYYZI": 0.008753917648330271, "ZZXZZX": 0.05255190311418685, "YIZIZY": 0.008758650519031144, "XYZZXY": -0.10504701177996326, "ZZXXZZ": -0.2890354671280277, "YXXXYX": -0.07882785467128028, "IYIXXY": -0.026275951557093426, "YIYZIZ": -0.02627595155709344, "ZZZXXZ": 1.3877787807814457e-17, "YIYXXI": 0.032115051903114214, "IYIXYX": 0.008758650519031144, "YXYZXZ": 2.0816681711721685e-17, "IYZIYZ": -0.0058391003460207536, "YIXXYI": 0.014597750865051912, "YXZZYX": -0.1051038062283737, "ZIXIXZ": 0.0029195501730103733, "IYYZZI": 0.005839100346020759, "XXYXXY": -0.3941392733564013, "XXIIYY": 0.27428941964768183, "XIIYYX": -0.04963235294117648, "IXYXIY": 0.005839100346020764, "ZYYIZI": 0.011678200692041521, "YZZYII": -0.014597750865051901, "XXIIXX": -0.2715181660899654, "YYZZZZ": 0.44644980006484386, "YIZZIY": -0.020436851211072665, "YZYIIZ": -0.008758650519031144, "XZZYYX": 0.0, "XXIZZI": -0.3036332179930796, "YYIIZZ": 0.452530276816609, "IIXYXY": -0.6043468858131488, "XXXYYX": -0.4204152249134948, "YXIXYI": -0.026275951557093426, "YZIYIZ": 0.002919550173010375, "XXYYYY": -0.31531141868512114, "XIYIXY": -0.014597750865051903, "YIYXIX": 0.005839100346020755, "XZIIZX": -0.02627595155709343, "XZXIIZ": 0.005835945098886843, "XZXYYZ": 0.05255190311418686, "ZXZXII": -0.0058391003460207605, "YXYIXI": 0.026275951557093415, "IIXZZX": -0.002919550173010387, "YXXXXY": -0.07882785467128028, "ZIXXIZ": 0.02919550173010381, "YYYYII": -0.22480536332179932, "YIIIIY": -0.0016219723183391013, "IZIZXX": 0.023356401384083042, "ZXIZXI": -0.0175173010380623, "ZXZXXX": 0.02627595155709344, "YYYXYX": -0.31531141868512114, "IZZIXX": 0.014597750865051912, "YZZXYX": -0.02627595155709346, "XXXXII": 0.35034602076124566, "XXZXZX": 1.3877787807814457e-17, "YIXYXI": -0.017517301038062278, "ZXYXYZ": 0.05255190311418686, "XYIIYX": -0.09926470588235294, "YXXIIY": -0.026275951557093426, "ZXZYYX": -0.05255190311418684, "YZXZXY": -0.05255190311418685, "IXYXYI": -0.032115051903114186, "XYIXYI": 0.0029195501730103803, "YIYIYY": 0.011678200692041521, "IXZXIZ": 0.014597750865051905, "ZXIXIZ": -0.011678200692041514, "XXYZYZ": -6.938893903907228e-18, "YIZYIZ": 0.005839100346020764, "YZYIZI": 0.011678200692041521, "ZZIIYY": -0.20728806228373703, "YZZYYY": 0.026275951557093426, "YIYIXX": 0.02335640138408305, "YIXYIX": -0.017517301038062278, "XIYXIY": -0.029179725494434233, "XXZZII": 0.5663927335640139, "IIYYZZ": -0.41749567474048443, "YYYIIY": -8.673617379884035e-19, "IIZIZI": -0.391219723183391, "IZXIXZ": -0.014597750865051908, "ZXYYZX": 0.0,