{"IYYYIY": -0.023356401384083045, "ZZYXYX": 0.31531141868512114, "YXXYII": -0.049632352941176475, "IYIYII": 0.008758650519031142, "YZXYXZ": 0.026275951557093433, "XIZXZI": -0.02919550173010381, "IIZYZY": 0.00583910034602075, "ZXXXXZ": -0.02627595155709346, "XIIXXX": -0.01751730103806228, "IZXIZX": 0.0029195501730103837, "YXZYZX": -0.026275951557093426, "IZIZII": -0.09180363321799308, "IYIYXX": -0.014597750865051905, "ZYZXXY": -0.07882785467128031, "IYIYZZ": 0.0058391003460207674, "YYIZZI": -0.18977076124567474, "XIYYIX": -0.014597750865051898, "ZZZYZY": -1.3877787807814457e-17, "XXYZZY": -0.026275951557093433, "IZYIYZ": -0.0058391003460207536, "IIXYYX": -0.5868295847750866, "IYIZYZ": 0.026275951557093426, "XIZIXZ": -0.005839100346020758, "ZZIYYI": 0.014589862747217117, "ZYZIYI": -0.02919550173010381, "XXIYIY": -0.01751730103806228, "ZYYZYY": -0.026275951557093426, "YYXXII": 0.26275951557093424, "ZXZYXY": 6.938893903907228e-18, "YIIYII": 0.0097318339100346, "IYIIYI": 0.012326989619377164, "YIYYIY": 0.017517301038062278, "ZYZYYY": 0.026275951557093426, "IYXYXI": 0.0058391003460207536, "XZIZIX": -0.011678200692041528, "YXXZYZ": 0.026275951557093426, "ZZXYXY": 0.34158737024221447, "ZXYYXZ": -0.026275951557093433, "ZYIYZI": 0.011678200692041516, "ZZYYYY": 0.2890354671280277, "IXXIXX": 1.734723475976807e-18, "ZYXXZY": 0.02627595155709342, "YYZIZI": -0.19560986159169552, "ZIZZZI": 0.00875865051903113, "ZYXZXY": -1.3877787807814457e-17, "XXZYYZ": -0.026275951557093433, "IZIXZX": 0.011678200692041518, "YYZYZY": -0.02627595155709342, "ZIZIYY": 0.017517301038062285, "IYZYIZ": -0.03211505190311419, "YXYZZX": -0.13137975778546715, "XIXYIY": -0.011678200692041518, "XXZYZY": -6.938893903907228e-18, "IZZIZZ": -0.07298875432525953, "ZIXZXI": 0.014597750865051889, "IYZIZY": -3.469446951953614e-18, "IIIIXX": -0.40484429065743943, "ZIZZIZ": -0.03211505190311417, "XZXXZX": -0.026275951557093426, "ZIIZII": 0.07590830449826991, "ZZIZZI": 0.22188581314878894, "IIXXXX": -0.43501297577854675, "ZYZYXX": -0.05255190311418685, "XIYIYX": -0.023356401384083042, "ZYYIIZ": 0.008758650519031144, "ZXYXZY": 0.1051038062283737, "ZZYZZY": 0.026275951557093433, "ZZZIIZ": 0.21604671280276821, "YZIIYZ": -0.0029195501730103907, "IYZZYI": 0.014597750865051912, "IZYZIY": -0.01751730103806229, "IZYYIZ": 0.011678200692041521, "XYZZYX": -0.13137975778546712, "XXXZXZ": 0.05255190311418686, "ZIYZYI": -0.01751730103806229, "IZYIZY": 0.011678200692041524, "XZZZXZ": -0.05255190311418686, "IXXXIX": 0.023356401384083045, "XIXZZI": 0.020436851211072662, "XZIXIZ": -0.014597750865051906, "ZZIYIY": -0.023356401384083042, "ZXIZIX": 0.03503460207612458, "YXYXII": -0.0029195501730103907, "IIIXIX": -0.00356833910034602, "IXIXZZ": 0.05839100346020762, "IIYXYX": -0.589749134948097, "ZIZYIY": 0.0029195501730103837, "XYXIIY": 0.0058391003460207536, "XZXZZZ": 0.02627595155709344, "IZIYZY": -0.008753917648330264, "YZYYZY": -0.02627595155709342, "YZXXZY": 0.0, "YXIYXI": 0.008758650519031148, "XYIYIX": 6.938893903907228e-18, "ZZXZXZ": -0.052551903114186845, "ZYIYIZ": 0.017507835296660546, "IIIZIZ": -0.4583693771626297, "YXZZXY": -0.05255190311418685, "IXIXII": 0.04054930795847751, "YYZZYY": 0.1051038062283737, "ZZYYXX": -0.23635577650491732, "YZZZYZ": 0.026275951557093433, "XZYYZX": 0.026275951557093426, "IYXYIX": 0.01751730103806229, "YYYYYY": -0.2102076124567474, "YZZYZZ": -0.02627595155709342, "IIZZII": 0.7983347750865051, "IIXIXI": 0.0025951557093425604, "XIYXYI": 0.023356401384083052, "XXXYXY": -0.4204152249134947, "YIYZZI": 0.0058391003460207674, "YYIIXX": -0.19269031141868515, "ZZZYYZ": -0.026275951557093433, "XZXIZI": -0.0058391003460207536, "XZYXZY": -6.938893903907228e-18, "ZZYIIY": -0.02043685121107267, "XYXXXY": -0.07882785467128028, "YXXIYI": 0.002919550173010387, "YYIYYI": -0.005839100346020764, "ZYYZZZ": 0.05255190311418686, "ZIZIII": 0.05287629757785467, "ZXIXZI": 0.002917972549443428, "ZXXZZZ": 0.052523505889981635, "YIIYYY": 0.02627595155709343, "IIXIIX": 0.002919550173010382, "XXIXIX": -0.017517301038062275, "YYYXXY": -0.2364835640138408, "ZXZXZZ": 0.052551903114186865, "YXXYZZ": -0.05255190311418685, "YZZIIY": 0.014597750865051908, "ZXYZXY": -0.05255190311418686, "ZZZZYY": -0.2102076124567474, "ZIZIXX": -0.026275951557093433, "XYIXIY": -0.026275951557093426, "ZXXIIZ": -0.008758650519031146, "ZYZIIY": -0.005839100346020774, "YXYXXX": 0.05255190311418686, "IIIIZZ": 0.9167387543252593, "XXYYXX": 0.26275951557093424, "ZIXXZI": 0.011678200692041531, "ZXXYZY": 0.02627595155709342, "IZIZZZ": -0.06714965397923876, "YYYIYI": -0.026275951557093426, "ZZXIXI": 0.026275951557093422, "YIXIYX": -3.469446951953614e-18, "ZZYYII": 0.20144896193771628, "ZXXXZX": 0.0, "XXIXXI": 0.008758650519031144, "ZIIYZY": -1.3877787807814457e-17, "ZZYIYI": -0.01751730103806229, "ZZIXXI": -0.011678200692041526, "IXXYIY": -0.023356401384083056, "ZZZIZI": 0.22188581314878894, "XYYZXZ": -0.02627595155709342, "XIXIII": 0.015570934256055362, "ZIIIIZ": -0.01588673943585864, "IZZXXI": 0.0058391003460207674, "XIIXII": 0.03438581314878893, "ZIYIZY": -0.0029195501730103803, "IIZIIZ": -0.41684688581314877, "IIIIYY": 0.394788062283737, "XYXYYY": 0.07882785467128028, "YIIZYZ": 3.469446951953614e-18, "ZIXIZX": -0.0029195501730103837, "XIXZIZ": 0.01751730103806228, "XIXYYI": 0.01459775086505189, "XYZYZX": -0.02627595155709342, "IZIXXZ": 0.0029195501730103768, "IZIYYZ": 0.02919550173010381, "IYZYZI": 0.014597750865051901, "IZYYZI": 0.01459775086505189, "ZZXZZX": -0.026275951557093426, "YIZIZY": -0.011678200692041528, "XYZZXY": -0.13137975778546712, "ZZXXZZ": -0.15765570934256057, "YXXXYX": -1.3877787807814457e-17, "IYIXXY": -0.014597750865051903, "YIYZIZ": -0.008758650519031137, "ZZZXXZ": 0.026275951557093426, "YIYXXI": 0.0029195501730103907, "IYIXYX": -0.01751730103806228, "YXYZXZ": -0.052551903114186845, "IYZIYZ": 0.011671890197773697, "YIXXYI": 0.020436851211072676, "YXZZYX": 0.0, "ZIXIXZ": 0.011671890197773692, "IYYZZI": 0.011678200692041535, "XXYXXY": -0.367863321799308, "XXIIYY": 0.28319636678200694, "XIIYYX": -0.03211505190311418, "IXYXIY": -3.469446951953614e-18, "ZYYIZI": 0.02042580784610397, "YZZYII": 0.0029195501730103837, "XXIIXX": -0.2802768166089965, "YYZZZZ": 0.3415873702422146, "YIZZIY": -0.0321150519031142, "YZYIIZ": 0.04087370242214532, "XZZYYX": -0.02627595155709342, "XXIZZI": -0.2890354671280277, "YYIIZZ": 0.4466911764705882, "IIXYXY": -0.5868295847750865, "XXXYYX": -0.36786332179930803, "YXIXYI": -0.023343780395547374, "YZIYIZ": -0.002919550173010382, "XXYYYY": -0.3153114186851211, "XIYIXY": -0.01751730103806229, "YIYXIX": -0.017517301038062285, "XZIIZX": -0.011678200692041523, "XZXIIZ": -0.01167820069204151, "XZXYYZ": -0.1051038062283737, "ZXZXII": 0.005839100346020774, "YXYIXI": -3.469446951953614e-18, "IIXZZX": -0.02627595155709343, "YXXXXY": -0.052551903114186845, "ZIXXIZ": 0.005839100346020764, "YYYYII": -0.19560986159169552, "YIIIIY": -0.002270761245674737, "IZIZXX": 0.05255190311418685, "ZXIZXI": 0.002919550173010388, "ZXZXXX": 0.026275951557093433, "YYYXYX": -0.31531141868512114, "IZZIXX": 0.0058391003460207605, "YZZXYX": 0.026275951557093433, "XXXXII": 0.32407006920415227, "XXZXZX": -6.938893903907228e-18, "YIXYXI": 0.020436851211072665, "ZXYXYZ": 0.07882785467128028, "XYIIYX": -0.11970155709342561, "YXXIIY": -6.938893903907228e-18, "ZXZYYX": -0.026275951557093412, "YZXZXY": -0.07882785467128027, "IXYXYI": -0.005839100346020757, "XYIXYI": -0.026275951557093422, "YIYIYY": -0.0029195501730103768, "IXZXIZ": -0.03503460207612458, "ZXIXIZ": -0.023356401384083045, "XXYZYZ": 0.10504701177996326, "YIZYIZ": -0.032115051903114186, "YZYIZI": 0.008758650519031142, "ZZIIYY": -0.22480536332179932, "YZZYYY": 0.07882785467128028, "YIYIXX": 0.01751730103806229, "YIXYIX": 0.01751730103806228, "XIYXIY": -0.023356401384083042, "XXZZII": 0.5868295847750865, "IIYYZZ": -0.3941392733564014, "YYYIIY": -0.014597750865051903, "IIZIZI": -0.39868079584775085, "IZXIXZ": -0.01459775086505189, "ZXYYZX": -0.05255190311418685,