{"IYYYIY": -0.04087370242214533, "ZZYXYX": 0.26275951557093424, "YXXYII": -0.02042580784610397, "IYIYII": 0.01492214532871972, "YZXYXZ": -6.938893903907228e-18, "XIZXZI": -0.0029195501730103733, "IIZYZY": 0.005839100346020767, "ZXXXXZ": 0.026275951557093426, "XIIXXX": -0.01751730103806228, "IZXIZX": -0.0058391003460207605, "YXZYZX": -0.026275951557093426, "IZIZII": -0.09829152249134948, "IYIYXX": -0.023356401384083052, "ZYZXXY": 0.052551903114186845, "IYIYZZ": 0.011678200692041521, "YYIZZI": -0.18101211072664364, "XIYYIX": 0.0029195501730103768, "ZZZYZY": 0.02627595155709346, "XXYZZY": -0.052551903114186845, "IZYIYZ": 0.01167820069204152, "IIXYYX": -0.5780709342560555, "IYIZYZ": -0.00291955017301037, "XIZIXZ": 0.02335640138408305, "ZZIYYI": 0.005839100346020764, "ZYZIYI": 0.008758650519031148, "XXIYIY": -0.008758650519031137, "ZYYZYY": 0.0, "YYXXII": 0.2131271626297578, "ZXZYXY": 0.07878525883497245, "YIIYII": 0.004539068410245326, "IYIIYI": 0.012002595155709339, "YIYYIY": 0.0029195501730103768, "ZYZYYY": 0.05255190311418686, "IYXYXI": -0.011678200692041521, "XZIZIX": 0.014597750865051901, "YXXZYZ": 0.052551903114186886, "ZZXYXY": 0.31531141868512114, "ZXYYXZ": 0.0, "ZYIYZI": -0.014597750865051905, "ZZYYYY": 0.31531141868512114, "IXXIXX": -0.014597750865051912, "ZYXXZY": 0.0, "YYZIZI": -0.1985294117647059, "ZIZZZI": -0.020436851211072672, "ZYXZXY": -0.10510380622837368, "XXZYYZ": -0.026275951557093433, "IZIXZX": -0.02627595155709342, "YYZYZY": 0.026275951557093433, "ZIZIYY": -0.00583910034602076, "IYZYIZ": 0.0058391003460207674, "YXYZZX": 0.02627595155709342, "XIXYIY": 0.01459775086505191, "XXZYZY": -0.02627595155709342, "IZZIZZ": -0.05255190311418685, "ZIXZXI": -0.017517301038062292, "IYZIZY": 0.02627595155709342, "IIIIXX": -0.39413927335640137, "ZIZZIZ": -0.049632352941176475, "XZXXZX": -0.02627595155709342, "ZIIZII": 0.08272058823529412, "ZZIZZI": 0.22188581314878897, "IIXXXX": -0.4612889273356402, "ZYZYXX": 0.02627595155709342, "XIYIYX": 0.023356401384083052, "ZYYIIZ": 6.938893903907228e-18, "ZXYXZY": -0.052551903114186865, "ZZYZZY": -0.05255190311418686, "ZZZIIZ": 0.22772491349480972, "YZIIYZ": 0.011678200692041528, "IYZZYI": -0.005839100346020766, "IZYZIY": 0.02043685121107267, "IZYYIZ": -3.469446951953614e-18, "XYZZYX": -0.183931660899654, "XXXZXZ": -6.938893903907228e-18, "ZIYZYI": 0.023356401384083042, "IZYIZY": -0.04087370242214532, "XZZZXZ": 0.05255190311418684, "IXXXIX": -0.017517301038062285, "XIXZZI": 0.011678200692041528, "XZIXIZ": 0.0467128027681661, "ZZIYIY": -0.011678200692041514, "ZXIZIX": 0.0058391003460207605, "YXYXII": -0.0029195501730103803, "IIIXIX": -0.0009726575164811426, "IXIXZZ": 0.055471453287197235, "IIYXYX": -0.5809904844290658, "ZIZYIY": 0.005839100346020756, "XYXIIY": -0.0029195501730103785, "XZXZZZ": -0.05255190311418686, "IZIYZY": -0.011678200692041521, "YZYYZY": -0.02627595155709344, "YZXXZY": -0.07882785467128026, "YXIYXI": 0.008758650519031137, "XYIYIX": 0.0058391003460207605, "ZZXZXZ": 0.05252350588998162, "ZYIYIZ": 0.0029195501730103837, "IIIZIZ": -0.46745242214532867, "YXZZXY": -0.026275951557093426, "IXIXII": 0.044117647058823525, "YYZZYY": 0.15765570934256054, "ZZYYXX": -0.31531141868512114, "YZZZYZ": 0.05255190311418685, "XZYYZX": -0.05255190311418685, "IYXYIX": 0.005839100346020771, "YYYYYY": -0.21020761245674743, "YZZYZZ": -0.07882785467128026, "IIZZII": 0.7963884083044981, "IIXIXI": 0.0006487889273356414, "XIYXYI": 0.01751730103806229, "XXXYXY": -0.44669117647058826, "YIYZZI": 0.01751730103806229, "YYIIXX": -0.19560986159169552, "ZZZYYZ": 0.07882785467128028, "XZXIZI": -0.011678200692041521, "XZYXZY": 0.05255190311418685, "ZZYIIY": -0.014597750865051908, "XYXXXY": 0.026275951557093426, "YXXIYI": 0.008758650519031139, "YYIYYI": 0.0058391003460207536, "ZYYZZZ": -0.02627595155709342, "ZIZIII": 0.047685986159169545, "ZXIXZI": 0.023356401384083056, "ZXXZZZ": 0.026261752944990842, "YIIYYY": -0.011678200692041528, "IIXIIX": -0.00519031141868512, "XXIXIX": 0.014597750865051901, "YYYXXY": -0.2890354671280277, "ZXZXZZ": 0.05255190311418686, "YXXYZZ": 0.02626175294499082, "YZZIIY": -0.01751730103806229, "ZXYZXY": -0.052551903114186865, "ZZZZYY": -0.1313797577854671, "ZIZIXX": 2.6020852139652106e-18, "XYIXIY": -0.043793252595155714, "ZXXIIZ": -0.008758650519031144, "ZYZIIY": 0.005839100346020751, "YXYXXX": 0.02627595155709344, "IIIIZZ": 0.9183607266435985, "XXYYXX": 0.31531141868512114, "ZIXXZI": -0.01751730103806229, "ZXXYZY": -6.938893903907228e-18, "IZIZZZ": -0.08174740484429067, "YYYIYI": -0.0029195501730103803, "ZZXIXI": 0.008758650519031137, "YIXIYX": -0.0029195501730103837, "ZZYYII": 0.2569204152249135, "ZXXXZX": -0.052551903114186845, "XXIXXI": -0.02043685121107266, "ZIIYZY": -0.026275951557093426, "ZZYIYI": 0.0029195501730103907, "ZZIXXI": -0.00875865051903114, "IXXYIY": 0.02335640138408306, "ZZZIZI": 0.23356401384083048, "XYYZXZ": 0.026275951557093426, "XIXIII": 0.012002595155709343, "ZIIIIZ": -0.036980968858131485, "IZZXXI": 0.008758650519031137, "XIIXII": 0.04152249134948097, "ZIYIZY": 0.0029195501730103855, "IIZIIZ": -0.4204152249134948, "IIIIYY": 0.39576124567474047, "XYXYYY": 0.02627595155709344, "YIIZYZ": 0.0029195501730103837, "ZIXIZX": 0.008758650519031144, "XIXZIZ": 0.0029195501730103733, "XIXYYI": 0.011678200692041524, "XYZYZX": -6.938893903907228e-18, "IZIXXZ": 0.017517301038062278, "IZIYYZ": 0.008753917648330271, "IYZYZI": -0.008753917648330271, "IZYYZI": -0.008758650519031144, "ZZXZZX": 0.052551903114186886, "YIZIZY": -0.0058391003460207674, "XYZZXY": -0.07882785467128028, "ZZXXZZ": -0.18393166089965396, "YXXXYX": 0.02627595155709342, "IYIXXY": -0.020436851211072672, "YIYZIZ": 0.011678200692041514, "ZZZXXZ": 0.1051038062283737, "YIYXXI": -0.03211505190311419, "IYIXYX": -0.05255190311418685, "YXYZXZ": -0.026275951557093405, "IYZIYZ": 0.017517301038062268, "YIXXYI": 3.469446951953614e-18, "YXZZYX": -6.938893903907228e-18, "ZIXIXZ": 0.0, "IYYZZI": 0.014597750865051905, "XXYXXY": -0.44669117647058826, "XXIIYY": 0.25692041522491355, "XIIYYX": -0.04379325259515572, "IXYXIY": 0.026275951557093447, "ZYYIZI": -0.020436851211072662, "YZZYII": 0.01751730103806228, "XXIIXX": -0.268598615916955, "YYZZZZ": 0.34140278828488063, "YIZZIY": 0.017517301038062302, "YZYIIZ": -0.0029195501730103803, "XZZYYX": -0.026275951557093426, "XXIZZI": -0.2890354671280277, "YYIIZZ": 0.475886678200692, "IIXYXY": -0.5780709342560554, "XXXYYX": -0.47296712802768176, "YXIXYI": 0.01751730103806229, "YZIYIZ": -1.734723475976807e-18, "XXYYYY": -0.3678633217993079, "XIYIXY": -0.005839100346020765, "YIYXIX": 0.011678200692041524, "XZIIZX": 0.02043685121107268, "XZXIIZ": 0.01751730103806229, "XZXYYZ": 0.0, "ZXZXII": -0.01751730103806228, "YXYIXI": -0.02919550173010381, "IIXZZX": 0.002917972549443421, "YXXXXY": -0.07882785467128028, "ZIXXIZ": 0.011678200692041521, "YYYYII": -0.23064446366782007, "YIIIIY": -0.00713667820069204, "IZIZXX": 0.03211505190311419, "ZXIZXI": 0.037954152249134954, "ZXZXXX": -0.05255190311418685, "YYYXYX": -0.3415873702422146, "IZZIXX": 0.03209769804387765, "YZZXYX": -0.026275951557093426, "XXXXII": 0.32407006920415227, "XXZXZX": -0.026275951557093426, "YIXYXI": -0.008758650519031144, "ZXYXYZ": -0.02627595155709342, "XYIIYX": -0.13137975778546715, "YXXIIY": 0.011678200692041524, "ZXZYYX": -6.938893903907228e-18, "YZXZXY": -0.02627595155709342, "IXYXYI": 0.04379325259515571, "XYIXYI": -0.0029195501730103733, "YIYIYY": -0.0058391003460207605, "IXZXIZ": 0.011678200692041514, "ZXIXIZ": -0.02919550173010381, "XXYZYZ": 0.07882785467128028, "YIZYIZ": -0.014597750865051898, "YZYIZI": -0.008758650519031158, "ZZIIYY": -0.2160467128027682, "YZZYYY": 0.02626175294499082, "YIYIXX": 0.0029195501730103785, "YIXYIX": 0.032115051903114186, "XIYXIY": 0.032115051903114186, "XXZZII": 0.5897491349480968, "IIYYZZ": -0.40873702422145336, "YYYIIY": 0.005839100346020762, "IIZIZI": -0.398356401384083, "IZXIXZ": -0.0145977508650519, "ZXYYZX": -6.938893903907228e-18, "ZIYZIY": -0.014597750865051906, "XYYXZZ": 0.13137975778546712,