{"IYYYIY": -0.00583910034602075, "ZZYXYX": 0.2890354671280277, "YXXYII": -0.032115051903114186, "IYIYII": 0.019788062283737022, "YZXYXZ": 0.052551903114186845, "XIZXZI": -0.00583910034602075, "IIZYZY": -0.01751730103806228, "ZXXXXZ": 0.02627595155709344, "XIIXXX": -0.035034602076124584, "IZXIZX": 0.0, "YXZYZX": -0.026275951557093453, "IZIZII": -0.09277681660899653, "IYIYXX": -0.008758650519031151, "ZYZXXY": 0.026275951557093433, "IYIYZZ": 0.0467128027681661, "YYIZZI": -0.19560986159169552, "XIYYIX": -0.011678200692041514, "ZZZYZY": 0.026275951557093426, "XXYZZY": -0.1051038062283737, "IZYIYZ": 0.02919550173010381, "IIXYYX": -0.5722318339100347, "IYIZYZ": 0.0058391003460207536, "XIZIXZ": 0.01459775086505189, "ZZIYYI": 0.008758650519031155, "ZYZIYI": -0.002919550173010381, "XXIYIY": -0.008758650519031137, "ZYYZYY": -0.026275951557093412, "YYXXII": 0.22480536332179932, "ZXZYXY": -2.0816681711721685e-17, "YIIYII": 0.0016219723183391026, "IYIIYI": 0.010380622837370242, "YIYYIY": -0.0029195501730103785, "ZYZYYY": 6.938893903907228e-18, "IYXYXI": 0.00291955017301037, "XZIZIX": 0.0058391003460207605, "YXXZYZ": 0.05255190311418686, "ZZXYXY": 0.183931660899654, "ZXYYXZ": 0.026275951557093412, "ZYIYZI": 0.014597750865051912, "ZZYYYY": 0.10510380622837373, "IXXIXX": -0.008753917648330264, "ZYXXZY": -0.05255190311418686, "YYZIZI": -0.1780925605536332, "ZIZZZI": -0.014597750865051908, "ZYXZXY": 0.02627595155709342, "XXZYYZ": 0.052551903114186845, "IZIXZX": -0.008758650519031139, "YYZYZY": 0.02627595155709344, "ZIZIYY": 8.673617379884035e-19, "IYZYIZ": -3.469446951953614e-18, "YXYZZX": -0.052551903114186845, "XIXYIY": 0.029179725494434237, "XXZYZY": 0.026275951557093433, "IZZIZZ": -0.07006920415224913, "ZIXZXI": 0.0029195501730103768, "IYZIZY": 0.0029195501730103907, "IIIIXX": -0.39576124567474047, "ZIZZIZ": -0.043793252595155714, "XZXXZX": 0.052551903114186865, "ZIIZII": 0.07493512110726643, "ZZIZZI": 0.23356401384083048, "IIXXXX": -0.48172577854671284, "ZYZYXX": -0.05255190311418683, "XIYIYX": 0.020436851211072672, "ZYYIIZ": -0.02627595155709343, "ZXYXZY": 0.0, "ZZYZZY": -6.938893903907228e-18, "ZZZIIZ": 0.23356401384083048, "YZIIYZ": -0.0029195501730103907, "IYZZYI": 0.011671890197773684, "IZYZIY": -0.014597750865051908, "IZYYIZ": 0.008758650519031132, "XYZZYX": -0.1051038062283737, "XXXZXZ": 6.938893903907228e-18, "ZIYZYI": 0.0029195501730103733, "IZYIZY": 0.02627595155709342, "XZZZXZ": -0.026275951557093426, "IXXXIX": 0.0058391003460207536, "XIXZZI": -0.029179725494434254, "XZIXIZ": 0.0058391003460207536, "ZZIYIY": -0.005839100346020752, "ZXIZIX": 0.002917972549443426, "YXYXII": 0.014597750865051905, "IIIXIX": 8.673617379884035e-19, "IXIXZZ": 0.043793252595155714, "IIYXYX": -0.6043468858131489, "ZIZYIY": -0.032115051903114186, "XYXIIY": -0.008758650519031158, "XZXZZZ": 0.1051038062283737, "IZIYZY": -0.0058391003460207605, "YZYYZY": 0.026275951557093426, "YZXXZY": 0.052551903114186865, "YXIYXI": 0.002917972549443426, "XYIYIX": -0.03503460207612458, "ZZXZXZ": 0.026275951557093412, "ZYIYIZ": 0.005839100346020764, "IIIZIZ": -0.46031574394463665, "YXZZXY": 0.026275951557093426, "IXIXII": 0.050253971684858956, "YYZZYY": 0.183931660899654, "ZZYYXX": -0.2102076124567474, "YZZZYZ": 0.052551903114186865, "XZYYZX": -0.07882785467128026, "IYXYIX": 0.0029195501730103907, "YYYYYY": -0.23648356401384082, "YZZYZZ": 0.026275951557093433, "IIZZII": 0.7934688581314877, "IIXIXI": 0.006487889273356397, "XIYXYI": -0.026275951557093426, "XXXYXY": -0.4729671280276817, "YIYZZI": 0.023343780395547385, "YYIIXX": -0.18393166089965401, "ZZZYYZ": 0.02627595155709342, "XZXIZI": 0.026275951557093436, "XZYXZY": 0.07878525883497245, "ZZYIIY": 0.02627595155709342, "XYXXXY": 0.026275951557093412, "YXXIYI": 0.011678200692041531, "YYIYYI": -0.014597750865051901, "ZYYZZZ": 0.0, "ZIZIII": 0.05028114186851211, "ZXIXZI": -0.008758650519031144, "ZXXZZZ": -0.05255190311418686, "YIIYYY": -0.0029195501730103768, "IIXIIX": 0.0006487889273356431, "XXIXIX": -0.005835945098886845, "YYYXXY": -0.31531141868512114, "ZXZXZZ": -0.07882785467128027, "YXXYZZ": -0.10510380622837373, "YZZIIY": -0.043769588241651364, "ZXYZXY": -0.05255190311418685, "ZZZZYY": -0.2102076124567474, "ZIZIXX": -0.0058391003460207674, "XYIXIY": -0.04085161569220794, "ZXXIIZ": -0.005839100346020759, "ZYZIIY": -0.023356401384083045, "YXYXXX": 0.07882785467128028, "IIIIZZ": 0.9245242214532869, "XXYYXX": 0.367863321799308, "ZIXXZI": -3.469446951953614e-18, "ZXXYZY": -0.026275951557093433, "IZIZZZ": -0.08170323138441588, "YYYIYI": -0.00875865051903113, "ZZXIXI": -0.026275951557093436, "YIXIYX": 0.00583910034602075, "ZZYYII": 0.2160467128027682, "ZXXXZX": -0.026275951557093433, "XXIXXI": -0.02919550173010382, "ZIIYZY": -0.017517301038062275, "ZZYIYI": -0.0029195501730103768, "ZZIXXI": 0.017517301038062275, "IXXYIY": 0.02627595155709343, "ZZZIZI": 0.21020761245674743, "XYYZXZ": 6.938893903907228e-18, "XIXIII": 0.010705017301038061, "ZIIIIZ": -0.030168685121107264, "IZZXXI": 0.017507835296660543, "XIIXII": 0.05092993079584775, "ZIYIZY": -0.02335640138408305, "IIZIIZ": -0.4317690311418685, "IIIIYY": 0.40646626297577854, "XYXYYY": -1.3877787807814457e-17, "YIIZYZ": 0.020436851211072662, "ZIXIZX": 0.02919550173010381, "XIXZIZ": 0.0029195501730103733, "XIXYYI": -0.0029195501730103907, "XYZYZX": 0.026275951557093433, "IZIXXZ": -0.03211505190311419, "IZIYYZ": -0.011678200692041531, "IYZYZI": -0.0233437803955474, "IZYYZI": -0.014597750865051905, "ZZXZZX": 0.026275951557093467, "YIZIZY": -0.0029195501730103837, "XYZZXY": -0.15765570934256054, "ZZXXZZ": -0.183931660899654, "YXXXYX": 0.0, "IYIXXY": 0.011678200692041535, "YIYZIZ": -0.014597750865051905, "ZZZXXZ": 0.05255190311418685, "YIYXXI": -0.014597750865051905, "IYIXYX": -0.026275951557093426, "YXYZXZ": -0.026261752944990828, "IYZIYZ": -0.00291955017301037, "YIXXYI": -0.01751730103806229, "YXZZYX": 0.02627595155709342, "ZIXIXZ": -0.0058391003460207674, "IYYZZI": -3.469446951953614e-18, "XXYXXY": -0.36786332179930803, "XXIIYY": 0.31239186851211076, "XIIYYX": -0.03503460207612456, "IXYXIY": 0.0029195501730103837, "ZYYIZI": -6.938893903907228e-18, "YZZYII": -0.0058391003460207536, "XXIIXX": -0.2861159169550173, "YYZZZZ": 0.26275951557093424, "YIZZIY": 0.014597750865051901, "YZYIIZ": -0.014597750865051908, "XZZYYX": -0.02627595155709346, "XXIZZI": -0.3182309688581315, "YYIIZZ": 0.47880622837370246, "IIXYXY": -0.5868295847750865, "XXXYYX": -0.4466911764705882, "YXIXYI": 0.02043685121107266, "YZIYIZ": -0.005835945098886846, "XXYYYY": -0.3939262941748622, "XIYIXY": -0.0058391003460207605, "YIYXIX": -0.029195501730103796, "XZIIZX": 0.00875865051903114, "XZXIIZ": -0.023356401384083052, "XZXYYZ": 0.05255190311418686, "ZXZXII": -0.02335640138408305, "YXYIXI": 0.01167820069204153, "IIXZZX": -0.011678200692041514, "YXXXXY": -0.026275951557093426, "ZIXXIZ": 0.014597750865051901, "YYYYII": -0.21312716262975778, "YIIIIY": -0.009731833910034604, "IZIZXX": 0.06714965397923875, "ZXIZXI": 0.017517301038062275, "ZXZXXX": -0.026261752944990814, "YYYXYX": -0.3415873702422146, "IZZIXX": 0.02335640138408305, "YZZXYX": 0.1051038062283737, "XXXXII": 0.3357482698961938, "XXZXZX": 0.05255190311418686, "YIXYXI": -0.008758650519031144, "ZXYXYZ": -0.026275951557093433, "XYIIYX": -0.1488970588235294, "YXXIIY": -0.0029195501730103855, "ZXZYYX": -0.026275951557093433, "YZXZXY": -0.05255190311418686, "IXYXYI": 0.005839100346020771, "XYIXYI": 0.020436851211072665, "YIYIYY": 0.026275951557093422, "IXZXIZ": -0.011678200692041538, "ZXIXIZ": -5.204170427930421e-18, "XXYZYZ": 0.02626175294499085, "YIZYIZ": -0.02917972549443424, "YZYIZI": -0.01751730103806228, "ZZIIYY": -0.18977076124567474, "YZZYYY": 0.026275951557093426, "YIYIXX": -0.03503460207612456, "YIXYIX": -0.01751730103806228, "XIYXIY": -0.014597750865051898, "XXZZII": 0.5663927335640139, "IIYYZZ": -0.4204152249134948, "YYYIIY": 0.00875865051903114, "IIZIZI": -0.39705882352941174, "IZXIXZ": -0.00875865051903115, "ZXYYZX": -0.026275951557093433, "ZIYZIY": -8.673617379884035e-19,