{"IYYYIY": 0.002919550173010363, "ZZYXYX": 0.31531141868512114, "YXXYII": -0.008753917648330277, "IYIYII": 0.011678200692041524, "YZXYXZ": 6.938893903907228e-18, "XIZXZI": -0.02043685121107268, "IIZYZY": -0.01167820069204152, "ZXXXXZ": -0.02627595155709342, "XIIXXX": -0.011678200692041528, "IZXIZX": 0.029195501730103796, "YXZYZX": -0.05255190311418684, "IZIZII": -0.09991349480968859, "IYIYXX": -0.02627595155709342, "ZYZXXY": 1.3877787807814457e-17, "IYIYZZ": 0.01751730103806229, "YYIZZI": -0.22480536332179932, "XIYYIX": 0.0029195501730103837, "ZZZYZY": 0.1051038062283737, "XXYZZY": -0.07878525883497245, "IZYIYZ": 0.0058391003460207605, "IIXYYX": -0.6072664359861593, "IYIZYZ": -0.026275951557093436, "XIZIXZ": -0.02917972549443424, "ZZIYYI": -0.0321150519031142, "ZYZIYI": -0.005839100346020747, "XXIYIY": 3.469446951953614e-18, "ZYYZYY": -0.026275951557093412, "YYXXII": 0.2102076124567474, "ZXZYXY": 0.02626175294499082, "YIIYII": 0.005514705882352942, "IYIIYI": 0.02042580784610397, "YIYYIY": -0.005839100346020774, "ZYZYYY": 0.02627595155709342, "IYXYXI": -0.0029195501730103837, "XZIZIX": -0.0029195501730103768, "YXXZYZ": 0.052551903114186845, "ZZXYXY": 0.2890354671280277, "ZXYYXZ": 0.026275951557093426, "ZYIYZI": 0.029195501730103803, "ZZYYYY": 0.31531141868512114, "IXXIXX": 0.02335640138408305, "ZYXXZY": 6.938893903907228e-18, "YYZIZI": -0.20436851211072665, "ZIZZZI": -0.02335640138408305, "ZYXZXY": 0.07882785467128027, "XXZYYZ": 0.07882785467128028, "IZIXZX": 0.008758650519031158, "YYZYZY": -0.05255190311418686, "ZIZIYY": -0.008758650519031144, "IYZYIZ": -0.03503460207612458, "YXYZZX": -3.469446951953614e-17, "XIXYIY": 0.023356401384083042, "XXZYZY": -0.026261752944990828, "IZZIZZ": -0.05547145328719724, "ZIXZXI": -0.005839100346020764, "IYZIZY": -0.011678200692041521, "IIIIXX": -0.4012759515570934, "ZIZZIZ": -0.04087370242214534, "XZXXZX": -6.938893903907228e-18, "ZIIZII": 0.07882785467128028, "ZZIZZI": 0.22468388630714362, "IIXXXX": -0.47296712802768165, "ZYZYXX": 6.938893903907228e-18, "XIYIYX": 0.011678200692041518, "ZYYIIZ": -0.011678200692041528, "ZXYXZY": -0.026275951557093426, "ZZYZZY": -0.1051038062283737, "ZZZIIZ": 0.2306444636678201, "YZIIYZ": -0.014597750865051908, "IYZZYI": 0.026275951557093433, "IZYZIY": -0.008758650519031137, "IZYYIZ": 0.026275951557093398, "XYZZYX": -0.10510380622837373, "XXXZXZ": 0.07882785467128028, "ZIYZYI": -0.002917972549443426, "IZYIZY": 0.0058391003460207674, "XZZZXZ": 0.05255190311418685, "IXXXIX": 0.03503460207612457, "XIXZZI": -0.026275951557093436, "XZIXIZ": -0.0029195501730103855, "ZZIYIY": -0.029195501730103813, "ZXIZIX": 3.469446951953614e-18, "YXYXII": -0.0058391003460207536, "IIIXIX": -0.003568339100346019, "IXIXZZ": 0.0029195501730103768, "IIYXYX": -0.5780709342560555, "ZIZYIY": -0.005839100346020762, "XYXIIY": 0.011678200692041528, "XZXZZZ": 0.0, "IZIYZY": -0.0029195501730103733, "YZYYZY": 0.026275951557093426, "YZXXZY": 0.07882785467128028, "YXIYXI": -0.011678200692041535, "XYIYIX": 0.03503460207612456, "ZZXZXZ": -0.02627595155709342, "ZYIYIZ": 0.008758650519031146, "IIIZIZ": -0.4489619377162629, "YXZZXY": -0.1051038062283737, "IXIXII": 0.04184688581314879, "YYZZYY": 0.2102076124567474, "ZZYYXX": -0.26275951557093424, "YZZZYZ": 0.02627595155709342, "XZYYZX": -0.02627595155709342, "IYXYIX": 0.023356401384083045, "YYYYYY": -0.23648356401384088, "YZZYZZ": -0.02627595155709342, "IIZZII": 0.7941176470588234, "IIXIXI": 0.004865916955017301, "XIYXYI": 0.008758650519031137, "XXXYXY": -0.44669117647058826, "YIYZZI": 0.008758650519031148, "YYIIXX": -0.1810121107266436, "ZZZYYZ": 0.05255190311418685, "XZXIZI": 0.011678200692041524, "XZYXZY": -0.02627595155709342, "ZZYIIY": -0.014597750865051906, "XYXXXY": 1.3877787807814457e-17, "YXXIYI": -0.005839100346020764, "YYIYYI": 6.938893903907228e-18, "ZYYZZZ": -0.02627595155709342, "ZIZIII": 0.046388408304498266, "ZXIXZI": 1.0408340855860843e-17, "ZXXZZZ": -0.026275951557093426, "YIIYYY": 0.0, "IIXIIX": 0.006163494809688579, "XXIXIX": -0.0058391003460207674, "YYYXXY": -0.26275951557093424, "ZXZXZZ": 6.938893903907228e-18, "YXXYZZ": 0.0, "YZZIIY": 0.0, "ZXYZXY": 0.05255190311418686, "ZZZZYY": -0.15765570934256054, "ZIZIXX": -0.029195501730103816, "XYIXIY": 0.008758650519031165, "ZXXIIZ": 0.023356401384083042, "ZYZIIY": -0.0029195501730103837, "YXYXXX": -0.026275951557093426, "IIIIZZ": 0.9271193771626296, "XXYYXX": 0.3415873702422145, "ZIXXZI": 0.014597750865051905, "ZXXYZY": 6.938893903907228e-18, "IZIZZZ": -0.08174740484429066, "YYYIYI": -0.017517301038062285, "ZZXIXI": -0.011678200692041518, "YIXIYX": -0.0058391003460207605, "ZZYYII": 0.22188581314878894, "ZXXXZX": 0.10510380622837368, "XXIXXI": -0.0029195501730103803, "ZIIYZY": -0.011678200692041528, "ZZYIYI": -0.005835945098886845, "ZZIXXI": -0.01751730103806229, "IXXYIY": -0.011678200692041524, "ZZZIZI": 0.1868512110726644, "XYYZXZ": 0.02626175294499082, "XIXIII": 0.020112456747404844, "ZIIIIZ": -0.028546712802768163, "IZZXXI": 0.02043685121107267, "XIIXII": 0.04411764705882353, "ZIYIZY": 0.008758650519031136, "IIZIIZ": -0.42528114186851207, "IIIIYY": 0.3955473900356641, "XYXYYY": 0.0, "YIIZYZ": -0.014597750865051905, "ZIXIZX": -0.0058391003460207605, "XIXZIZ": -0.011678200692041521, "XIXYYI": 0.0058391003460207536, "XYZYZX": 0.026275951557093412, "IZIXXZ": -0.049605533340538195, "IZIYYZ": -0.01751730103806228, "IYZYZI": -0.01751730103806228, "IZYYZI": 0.0058391003460207536, "ZZXZZX": -0.026275951557093447, "YIZIZY": 3.469446951953614e-18, "XYZZXY": -0.13137975778546712, "ZZXXZZ": -0.23648356401384082, "YXXXYX": -0.05255190311418685, "IYIXXY": -0.008758650519031137, "YIYZIZ": -0.008758650519031137, "ZZZXXZ": 0.052551903114186845, "YIYXXI": 0.008758650519031144, "IYIXYX": -0.029195501730103813, "YXYZXZ": -0.07882785467128028, "IYZIYZ": 0.0058391003460207605, "YIXXYI": 0.002919550173010382, "YXZZYX": 0.02627595155709342, "ZIXIXZ": -0.005839100346020771, "IYYZZI": 0.0058391003460207674, "XXYXXY": -0.367863321799308, "XXIIYY": 0.27443771626297575, "XIIYYX": -0.020436851211072665, "IXYXIY": -0.0029195501730103755, "ZYYIZI": -0.0029195501730103803, "YZZYII": -0.0029195501730103768, "XXIIXX": -0.25983996539792387, "YYZZZZ": 0.367863321799308, "YIZZIY": -0.029195501730103806, "YZYIIZ": 0.005839100346020747, "XZZYYX": 0.02627595155709344, "XXIZZI": -0.30071366782006925, "YYIIZZ": 0.4642084775086505, "IIXYXY": -0.5868295847750866, "XXXYYX": -0.4204152249134949, "YXIXYI": -0.01751730103806228, "YZIYIZ": 0.0029195501730103768, "XXYYYY": -0.3415873702422146, "XIYIXY": -0.0058391003460207536, "YIYXIX": -0.014597750865051913, "XZIIZX": 0.008753917648330268, "XZXIIZ": -0.0029195501730103785, "XZXYYZ": -0.026275951557093433, "ZXZXII": 0.011678200692041523, "YXYIXI": -0.005839100346020774, "IIXZZX": -0.011678200692041514, "YXXXXY": -0.026275951557093433, "ZIXXIZ": -3.469446951953614e-18, "YYYYII": -0.20144896193771625, "YIIIIY": 0.00356833910034602, "IZIZXX": 0.05255190311418686, "ZXIZXI": 0.023356401384083035, "ZXZXXX": 0.052551903114186845, "YYYXYX": -0.3415873702422146, "IZZIXX": 0.023356401384083052, "YZZXYX": -0.026275951557093398, "XXXXII": 0.329909169550173, "XXZXZX": 6.938893903907228e-18, "YIXYXI": -0.002919550173010375, "ZXYXYZ": -0.026275951557093426, "XYIIYX": -0.11678200692041522, "YXXIIY": -3.469446951953614e-18, "ZXZYYX": 0.026275951557093426, "YZXZXY": 0.052551903114186845, "IXYXYI": 0.040873702422145344, "XYIXYI": -0.017517301038062278, "YIYIYY": -0.026275951557093433, "IXZXIZ": 0.01458986274721712, "ZXIXIZ": 0.005839100346020764, "XXYZYZ": 0.07882785467128028, "YIZYIZ": -0.008758650519031137, "YZYIZI": -0.008758650519031127, "ZZIIYY": -0.23648356401384085, "YZZYYY": 0.026275951557093433, "YIYIXX": -0.0058391003460207674, "YIXYIX": -0.0058391003460207674, "XIYXIY": 0.014597750865051887, "XXZZII": 0.5693122837370242, "IIYYZZ": -0.3853806228373703, "YYYIIY": 0.0, "IIZIZI": -0.39024653979238755, "IZXIXZ": 0.0, "ZXYYZX": 0.026275951557093398, "ZIYZIY": 3.469446951953614e-18, "XYYXZZ": 0.05255190311418687,