{"IYYYIY": 0.00291955017301037, "ZZYXYX": 0.3415873702422146, "YXXYII": 0.026275951557093433, "IYIYII": 0.012651384083044986, "YZXYXZ": -2.0816681711721685e-17, "XIZXZI": 0.008758650519031144, "IIZYZY": -0.00875865051903113, "ZXXXXZ": 0.02627595155709342, "XIIXXX": -0.02627595155709343, "IZXIZX": 0.02335640138408305, "YXZYZX": -0.05255190311418683, "IZIZII": -0.10088667820069204, "IYIYXX": -0.002919550173010382, "ZYZXXY": -0.026275951557093426, "IYIYZZ": 0.02043685121107267, "YYIZZI": -0.2218858131487889, "XIYYIX": 0.03211505190311418, "ZZZYZY": 0.07882785467128027, "XXYZZY": -0.05255190311418683, "IZYIYZ": -6.071532165918825e-18, "IIXYYX": -0.5780709342560554, "IYIZYZ": 0.02042580784610397, "XIZIXZ": -0.011678200692041528, "ZZIYYI": 0.020436851211072665, "ZYZIYI": 0.02043685121107266, "XXIYIY": 0.011678200692041521, "ZYYZYY": 0.13137975778546715, "YYXXII": 0.20728806228373703, "ZXZYXY": 0.0, "YIIYII": 0.0038927335640138415, "IYIIYI": 0.00875865051903114, "YIYYIY": -0.005835945098886845, "ZYZYYY": 0.0, "IYXYXI": -0.008758650519031142, "XZIZIX": 0.02917972549443424, "YXXZYZ": -0.026275951557093433, "ZZXYXY": 0.3415873702422146, "ZXYYXZ": -6.938893903907228e-18, "ZYIYZI": -0.011678200692041521, "ZZYYYY": 0.31531141868512114, "IXXIXX": -0.008758650519031144, "ZYXXZY": -0.026275951557093433, "YYZIZI": -0.18977076124567477, "ZIZZZI": -0.01751730103806228, "ZYXZXY": 0.02626175294499082, "XXZYYZ": -0.05255190311418686, "IZIXZX": -0.002919550173010375, "YYZYZY": -0.026275951557093433, "ZIZIYY": 0.00875865051903113, "IYZYIZ": -0.020425807846103965, "YXYZZX": -0.05255190311418686, "XIXYIY": 0.02335640138408305, "XXZYZY": 0.05255190311418686, "IZZIZZ": -0.09050605536332179, "ZIXZXI": 0.023356401384083035, "IYZIZY": 0.00875865051903114, "IIIIXX": -0.3944636678200692, "ZIZZIZ": -0.02627595155709343, "XZXXZX": -0.052551903114186865, "ZIIZII": 0.07359775208040635, "ZZIZZI": 0.23356401384083048, "IIXXXX": -0.45544982698961944, "ZYZYXX": 0.026261752944990807, "XIYIYX": -0.03503460207612458, "ZYYIIZ": 6.938893903907228e-18, "ZXYXZY": 0.026275951557093426, "ZZYZZY": -1.3877787807814457e-17, "ZZZIIZ": 0.2423226643598616, "YZIIYZ": -6.938893903907228e-18, "IYZZYI": 0.023356401384083042, "IZYZIY": 0.011671890197773694, "IZYYIZ": -0.011678200692041521, "XYZZYX": -0.13137975778546715, "XXXZXZ": 0.052551903114186845, "ZIYZYI": 0.017517301038062292, "IZYIZY": 6.938893903907228e-18, "XZZZXZ": 0.07882785467128028, "IXXXIX": 0.0058391003460207605, "XIXZZI": 0.008758650519031144, "XZIXIZ": 0.02335640138408306, "ZZIYIY": -0.011678200692041514, "ZXIZIX": 0.005839100346020755, "YXYXII": 0.0029195501730103768, "IIIXIX": 0.0038927335640138398, "IXIXZZ": 0.0029195501730103803, "IIYXYX": -0.5809904844290658, "ZIZYIY": -0.008758650519031146, "XYXIIY": -0.0029195501730103768, "XZXZZZ": -6.938893903907228e-18, "IZIYZY": -0.02335640138408305, "YZYYZY": 0.05255190311418685, "YZXXZY": 0.10510380622837368, "YXIYXI": 0.008758650519031146, "XYIYIX": 0.002919550173010382, "ZZXZXZ": -0.1051038062283737, "ZYIYIZ": -0.052551903114186865, "IIIZIZ": -0.4642084775086505, "YXZZXY": -0.07882785467128028, "IXIXII": 0.04541522491349481, "YYZZYY": 0.15765570934256057, "ZZYYXX": -0.26275951557093424, "YZZZYZ": 0.026275951557093433, "XZYYZX": -0.026275951557093433, "IYXYIX": -0.0029195501730103768, "YYYYYY": -0.2102076124567474, "YZZYZZ": 0.0, "IIZZII": 0.7921712802768165, "IIXIXI": 0.006487889273356402, "XIYXYI": 0.005839100346020764, "XXXYXY": -0.4729671280276817, "YIYZZI": -0.0029195501730103907, "YYIIXX": -0.18977076124567477, "ZZZYYZ": 0.05255190311418686, "XZXIZI": 0.014597750865051893, "XZYXZY": 0.026275951557093433, "ZZYIIY": -0.002919550173010387, "XYXXXY": 0.05255190311418686, "YXXIYI": -0.026275951557093433, "YYIYYI": -0.0058391003460207605, "ZYYZZZ": -0.052523505889981635, "ZIZIII": 0.03990051903114186, "ZXIXZI": 3.469446951953614e-18, "ZXXZZZ": -0.02627595155709342, "YIIYYY": -0.0058391003460207674, "IIXIIX": 0.010380622837370245, "XXIXIX": -5.204170427930421e-18, "YYYXXY": -0.3414027882848807, "ZXZXZZ": 0.02627595155709342, "YXXYZZ": -0.026275951557093412, "YZZIIY": 0.0058391003460207674, "ZXYZXY": 0.02627595155709342, "ZZZZYY": -0.183931660899654, "ZIZIXX": -0.011678200692041526, "XYIXIY": -0.005839100346020747, "ZXXIIZ": -0.014589862747217125, "ZYZIIY": -0.005839100346020774, "YXYXXX": 0.052551903114186865, "IIIIZZ": 0.9251730103806226, "XXYYXX": 0.47296712802768165, "ZIXXZI": 0.020425807846103962, "ZXXYZY": 0.026275951557093412, "IZIZZZ": -0.08758650519031141, "YYYIYI": -0.011678200692041518, "ZZXIXI": -0.0029195501730103837, "YIXIYX": 0.011678200692041521, "ZZYYII": 0.21604671280276816, "ZXXXZX": -0.052551903114186845, "XXIXXI": 0.005839100346020757, "ZIIYZY": -0.008753917648330275, "ZZYIYI": -0.008758650519031144, "ZZIXXI": -0.020436851211072665, "IXXYIY": 0.00875865051903113, "ZZZIZI": 0.1985294117647059, "XYYZXZ": 6.938893903907228e-18, "XIXIII": 0.0009731833910034612, "ZIIIIZ": -0.03276384083044982, "IZZXXI": -0.008758650519031144, "XIIXII": 0.04314446366782007, "ZIYIZY": -6.938893903907228e-18, "IIZIIZ": -0.4350129757785467, "IIIIYY": 0.40484429065743943, "XYXYYY": 0.07882785467128028, "YIIZYZ": -0.011678200692041528, "ZIXIZX": 0.011678200692041521, "XIXZIZ": 0.011678200692041528, "XIXYYI": -0.005839100346020773, "XYZYZX": 0.05255190311418686, "IZIXXZ": 0.005835945098886852, "IZIYYZ": 0.005839100346020762, "IYZYZI": -0.0058391003460207605, "IZYYZI": 0.0029179725494434226, "ZZXZZX": 0.05255190311418686, "YIZIZY": 0.020436851211072662, "XYZZXY": -0.1051038062283737, "ZZXXZZ": -0.2102076124567474, "YXXXYX": -0.026275951557093426, "IYIXXY": -0.04087370242214533, "YIYZIZ": -0.023356401384083056, "ZZZXXZ": -0.026275951557093433, "YIYXXI": 0.023356401384083063, "IYIXYX": -0.01751730103806228, "YXYZXZ": -0.026275951557093433, "IYZIYZ": -0.00583910034602076, "YIXXYI": -0.011678200692041521, "YXZZYX": 6.938893903907228e-18, "ZIXIXZ": 0.011678200692041518, "IYYZZI": 0.03503460207612457, "XXYXXY": -0.4729671280276817, "XXIIYY": 0.29487456747404844, "XIIYYX": -0.040873702422145324, "IXYXIY": 0.008758650519031137, "ZYYIZI": 0.011678200692041524, "YZZYII": -0.0058391003460207605, "XXIIXX": -0.29487456747404844, "YYZZZZ": 0.367863321799308, "YIZZIY": -0.014597750865051903, "YZYIIZ": -0.017517301038062292, "XZZYYX": -0.05255190311418686, "XXIZZI": -0.3094723183391004, "YYIIZZ": 0.4642084775086506, "IIXYXY": -0.6014273356401385, "XXXYYX": -0.39413927335640137, "YXIXYI": -0.00875865051903114, "YZIYIZ": 0.0029195501730103768, "XXYYYY": -0.39413927335640137, "XIYIXY": 0.00875865051903114, "YIYXIX": -0.005839100346020781, "XZIIZX": -0.026275951557093426, "XZXIIZ": 0.0058391003460207605, "XZXYYZ": -0.05255190311418685, "ZXZXII": -0.011678200692041535, "YXYIXI": 0.03503460207612456, "IIXZZX": 0.0058391003460207674, "YXXXXY": -0.05255190311418686, "ZIXXIZ": 0.011678200692041524, "YYYYII": -0.2277249134948097, "YIIIIY": -0.0006487889273356397, "IZIZXX": 0.03503460207612457, "ZXIZXI": -0.005839100346020771, "ZXZXXX": 6.938893903907228e-18, "YYYXYX": -0.2627595155709343, "IZZIXX": 0.002919550173010375, "YZZXYX": -0.07882785467128031, "XXXXII": 0.3209769804387766, "XXZXZX": -0.05255190311418686, "YIXYXI": 0.014597750865051915, "ZXYXYZ": -0.05255190311418685, "XYIIYX": -0.1197015570934256, "YXXIIY": -0.014589862747217134, "ZXZYYX": 0.0, "YZXZXY": 0.05255190311418686, "IXYXYI": -0.0029179725494434226, "XYIXYI": 0.023343780395547395, "YIYIYY": -0.002919550173010374, "IXZXIZ": 3.469446951953614e-18, "ZXIXIZ": 0.01751730103806229, "XXYZYZ": 6.938893903907228e-18, "YIZYIZ": 0.005839100346020757, "YZYIZI": -0.040873702422145324, "ZZIIYY": -0.21604671280276816, "YZZYYY": -0.026275951557093426, "YIYIXX": -0.002919550173010387, "YIXYIX": -0.029195501730103796, "XIYXIY": 0.011678200692041518, "XXZZII": 0.5868295847750865, "IIYYZZ": -0.42917387543252594, "YYYIIY": -5.204170427930421e-18, "IIZIZI": -0.39576124567474047, "IZXIXZ": -0.008758650519031144, "ZXYYZX": 0.07882785467128028, "ZIYZIY": 0.01751730103806227,