{"IYYYIY": 0.029195501730103803, "ZZYXYX": 0.31531141868512114, "YXXYII": -0.008758650519031139, "IYIYII": 0.017192906574394463, "YZXYXZ": -0.026275951557093433, "XIZXZI": -0.014597750865051901, "IIZYZY": -0.005839100346020774, "ZXXXXZ": -0.05255190311418683, "XIIXXX": -0.02335640138408305, "IZXIZX": 3.469446951953614e-18, "YXZYZX": -0.026275951557093433, "IZIZII": -0.10413062283737023, "IYIYXX": 0.011678200692041514, "ZYZXXY": 0.026275951557093433, "IYIYZZ": 0.0029195501730103837, "YYIZZI": -0.23064446366782007, "XIYYIX": -3.469446951953614e-18, "ZZZYZY": 0.07882785467128028, "XXYZZY": -0.026275951557093426, "IZYIYZ": -0.008758650519031142, "IIXYYX": -0.5722318339100347, "IYIZYZ": -0.020436851211072665, "XIZIXZ": -0.011678200692041526, "ZZIYYI": -0.008758650519031137, "ZYZIYI": 0.008758650519031137, "XXIYIY": -0.00875865051903114, "ZYYZYY": 0.07882785467128028, "YYXXII": 0.22772491349480967, "ZXZYXY": -0.07882785467128027, "YIIYII": 0.01816608996539792, "IYIIYI": 0.01232698961937716, "YIYYIY": 0.0029195501730103803, "ZYZYYY": -0.026275951557093412, "IYXYXI": -0.029195501730103803, "XZIZIX": 0.008758650519031137, "YXXZYZ": 0.0, "ZZXYXY": 0.31531141868512114, "ZXYYXZ": -0.07882785467128028, "ZYIYZI": 6.938893903907228e-18, "ZZYYYY": 0.26275951557093424, "IXXIXX": 0.017517301038062278, "ZYXXZY": -0.1051038062283737, "YYZIZI": -0.18685121107266436, "ZIZZZI": -0.005839100346020759, "ZYXZXY": 0.026275951557093426, "XXZYYZ": 0.05252350588998166, "IZIXZX": -0.01751730103806229, "YYZYZY": -0.026275951557093433, "ZIZIYY": 0.008758650519031137, "IYZYIZ": -0.005839100346020764, "YXYZZX": -0.026275951557093433, "XIXYIY": 0.017517301038062292, "XXZYZY": -0.05255190311418686, "IZZIZZ": -0.06714965397923875, "ZIXZXI": 0.00291955017301037, "IYZIZY": 0.0029195501730103837, "IIIIXX": -0.39673442906574397, "ZIZZIZ": -0.023356401384083052, "XZXXZX": 6.938893903907228e-18, "ZIIZII": 0.07457040959688749, "ZZIZZI": 0.22772491349480972, "IIXXXX": -0.4700475778546713, "ZYZYXX": -0.05255190311418686, "XIYIYX": -0.014597750865051912, "ZYYIIZ": -0.0321150519031142, "ZXYXZY": -1.3877787807814457e-17, "ZZYZZY": -0.026275951557093426, "ZZZIIZ": 0.20728806228373703, "YZIIYZ": 0.02043685121107266, "IYZZYI": 0.04087370242214533, "IZYZIY": 0.008758650519031134, "IZYYIZ": 0.0058391003460207674, "XYZZYX": -0.1051038062283737, "XXXZXZ": 0.052551903114186865, "ZIYZYI": 0.02043685121107267, "IZYIZY": 0.03503460207612458, "XZZZXZ": 0.02627595155709342, "IXXXIX": 0.011678200692041518, "XIXZZI": 0.04087370242214534, "XZIXIZ": 3.469446951953614e-18, "ZZIYIY": 0.023356401384083042, "ZXIZIX": 0.011678200692041521, "YXYXII": -0.0029195501730103855, "IIIXIX": -0.006160164271047228, "IXIXZZ": 0.055441478439425054, "IIYXYX": -0.5809904844290658, "ZIZYIY": 6.071532165918825e-18, "XYXIIY": -0.008758650519031144, "XZXZZZ": -6.938893903907228e-18, "IZIYZY": 0.01751730103806229, "YZYYZY": -6.938893903907228e-18, "YZXXZY": -0.05255190311418686, "YXIYXI": -0.011678200692041521, "XYIYIX": 0.008758650519031137, "ZZXZXZ": 0.0, "ZYIYIZ": 0.02919550173010381, "IIIZIZ": -0.46420847750865046, "YXZZXY": 0.052551903114186845, "IXIXII": 0.048659169550173006, "YYZZYY": 0.13137975778546715, "ZZYYXX": -0.2890354671280277, "YZZZYZ": -0.05255190311418686, "XZYYZX": -4.163336342344337e-17, "IYXYIX": -0.008758650519031151, "YYYYYY": -0.2890354671280277, "YZZYZZ": 0.07882785467128028, "IIZZII": 0.7999567474048441, "IIXIXI": 0.007461072664359865, "XIYXYI": 0.005839100346020759, "XXXYXY": -0.3678633217993079, "YIYZZI": -0.011678200692041524, "YYIIXX": -0.18977076124567474, "ZZZYYZ": -0.052523505889981635, "XZXIZI": 0.014597750865051905, "XZYXZY": -0.05255190311418686, "ZZYIIY": -0.005839100346020764, "XYXXXY": 0.0, "YXXIYI": 0.005839100346020766, "YYIYYI": 0.0, "ZYYZZZ": -0.026275951557093405, "ZIZIII": 0.040549307958477505, "ZXIXZI": -0.005839100346020767, "ZXXZZZ": -6.938893903907228e-18, "YIIYYY": -0.0029195501730103768, "IIXIIX": -0.0035683391003460204, "XXIXIX": -0.011678200692041524, "YYYXXY": -0.26275951557093424, "ZXZXZZ": 0.05255190311418685, "YXXYZZ": 0.05255190311418686, "YZZIIY": -0.032115051903114186, "ZXYZXY": -6.938893903907228e-18, "ZZZZYY": -0.21020761245674743, "ZIZIXX": -0.020436851211072672, "XYIXIY": 0.01751730103806228, "ZXXIIZ": 0.011678200692041521, "ZYZIIY": -0.005839100346020759, "YXYXXX": -0.026275951557093433, "IIIIZZ": 0.9229022491349479, "XXYYXX": 0.34158737024221447, "ZIXXZI": -0.0029195501730103837, "ZXXYZY": 0.05252350588998162, "IZIZZZ": -0.06714965397923875, "YYYIYI": 6.938893903907228e-18, "ZZXIXI": 0.02627595155709342, "YIXIYX": 0.029195501730103806, "ZZYYII": 0.245242214532872, "ZXXXZX": -0.026261752944990807, "XXIXXI": 8.673617379884035e-19, "ZIIYZY": 0.011678200692041518, "ZZYIYI": -0.023356401384083045, "ZZIXXI": 0.002917972549443426, "IXXYIY": -0.0058391003460207605, "ZZZIZI": 0.20144896193771628, "XYYZXZ": -0.02626175294499082, "XIXIII": 0.020112456747404847, "ZIIIIZ": -0.026924740484429065, "IZZXXI": -0.0467128027681661, "XIIXII": 0.03665657439446367, "ZIYIZY": -0.0029195501730103733, "IIZIIZ": -0.43339100346020754, "IIIIYY": 0.39641003460207613, "XYXYYY": 0.05252350588998163, "YIIZYZ": 0.0058391003460207605, "ZIXIZX": -0.005835945098886838, "XIXZIZ": -0.01167189019777369, "XIXYYI": 0.014597750865051898, "XYZYZX": -0.026275951557093412, "IZIXXZ": 0.008758650519031137, "IZIYYZ": 0.005839100346020764, "IYZYZI": -0.017517301038062285, "IZYYZI": 0.008758650519031144, "ZZXZZX": -0.07882785467128028, "YIZIZY": 0.020436851211072676, "XYZZXY": -0.10504701177996326, "ZZXXZZ": -0.18393166089965396, "YXXXYX": -0.13137975778546715, "IYIXXY": -0.005839100346020771, "YIYZIZ": 0.023356401384083056, "ZZZXXZ": 0.026275951557093426, "YIYXXI": 0.005839100346020762, "IYIXYX": -0.01167820069204152, "YXYZXZ": 0.02627595155709344, "IYZIYZ": -0.011678200692041514, "YIXXYI": -0.011678200692041521, "YXZZYX": 0.026275951557093426, "ZIXIXZ": -0.00875865051903115, "IYYZZI": -0.005839100346020757, "XXYXXY": -0.3678633217993079, "XXIIYY": 0.3094723183391004, "XIIYYX": -0.04671280276816609, "IXYXIY": 0.014597750865051908, "ZYYIZI": -0.02627595155709343, "YZZYII": 0.002919550173010375, "XXIIXX": -0.2773572664359862, "YYZZZZ": 0.34158737024221447, "YIZZIY": -0.014597750865051905, "YZYIIZ": 0.026275951557093433, "XZZYYX": 0.026275951557093426, "XXIZZI": -0.28027681660899656, "YYIIZZ": 0.4671280276816609, "IIXYXY": -0.5809904844290658, "XXXYYX": -0.44669117647058837, "YXIXYI": 0.023343780395547378, "YZIYIZ": -0.011671890197773694, "XXYYYY": -0.31531141868512114, "XIYIXY": 0.0029195501730103855, "YIYXIX": 0.008758650519031148, "XZIIZX": 0.023356401384083063, "XZXIIZ": -0.008753917648330275, "XZXYYZ": -0.05255190311418686, "ZXZXII": 0.011678200692041528, "YXYIXI": -0.023356401384083052, "IIXZZX": 0.023356401384083045, "YXXXXY": 0.026275951557093412, "ZIXXIZ": 0.017517301038062295, "YYYYII": -0.2160467128027682, "YIIIIY": -0.0006487889273356362, "IZIZXX": 0.04963235294117647, "ZXIZXI": 0.0058391003460207674, "ZXZXXX": -0.026275951557093433, "YYYXYX": -0.3153114186851211, "IZZIXX": 0.04087370242214533, "YZZXYX": 6.938893903907228e-18, "XXXXII": 0.32698961937716264, "XXZXZX": 0.026275951557093433, "YIXYXI": 0.020436851211072665, "ZXYXYZ": 0.026275951557093433, "XYIIYX": -0.13137975778546715, "YXXIIY": -0.026275951557093412, "ZXZYYX": 0.05255190311418684, "YZXZXY": -0.05255190311418686, "IXYXYI": 0.02919550173010381, "XYIXYI": -0.0029195501730103837, "YIYIYY": -0.002919550173010375, "IXZXIZ": -0.002917972549443426, "ZXIXIZ": 0.01458986274721711, "XXYZYZ": 0.0262617529449908, "YIZYIZ": 0.01458986274721712, "YZYIZI": 0.026275951557093422, "ZZIIYY": -0.17517301038062286, "YZZYYY": 0.02627595155709342, "YIYIXX": -0.0058391003460207605, "YIXYIX": 0.01751730103806228, "XIYXIY": -0.005839100346020771, "XXZZII": 0.5926686851211074, "IIYYZZ": -0.40559818437263595, "YYYIIY": -0.005839100346020757, "IIZIZI": -0.3980320069204152, "IZXIXZ": 0.014597750865051898, "ZXYYZX": -0.13137975778546715, "ZIYZIY": -0.011678200692041528,