{"IYYYIY": -0.008758650519031151, "ZZYXYX": 0.31531141868512114, "YXXYII": -0.014597750865051908, "IYIYII": 0.01005622837370242, "YZXYXZ": 0.026275951557093433, "XIZXZI": -0.01751730103806229, "IIZYZY": -0.01751730103806229, "ZXXXXZ": 0.0, "XIIXXX": -0.02043685121107267, "IZXIZX": -0.0029195501730103768, "YXZYZX": 0.0, "IZIZII": -0.10477941176470587, "IYIYXX": 0.0058391003460207674, "ZYZXXY": 0.05255190311418686, "IYIYZZ": -0.043793252595155714, "YYIZZI": -0.2394031141868512, "XIYYIX": -0.011678200692041526, "ZZZYZY": 0.026275951557093426, "XXYZZY": -0.026275951557093433, "IZYIYZ": -0.008753917648330257, "IIXYYX": -0.6072664359861593, "IYIZYZ": -0.011678200692041521, "XIZIXZ": -0.026275951557093426, "ZZIYYI": -0.011678200692041524, "ZYZIYI": 0.008753917648330271, "XXIYIY": -0.026275951557093415, "ZYYZYY": -0.026275951557093433, "YYXXII": 0.22468388630714364, "ZXZYXY": -0.026275951557093412, "YIIYII": 0.00940743944636678, "IYIIYI": 0.00356833910034602, "YIYYIY": 0.014597750865051901, "ZYZYYY": 0.0, "IYXYXI": -0.017517301038062292, "XZIZIX": -0.02043685121107267, "YXXZYZ": -0.026275951557093433, "ZZXYXY": 0.31531141868512114, "ZXYYXZ": 0.026275951557093412, "ZYIYZI": 0.00875865051903115, "ZZYYYY": 0.23648356401384082, "IXXIXX": 0.0058391003460207605, "ZYXXZY": 0.02627595155709342, "YYZIZI": -0.18685121107266436, "ZIZZZI": -0.029179725494434237, "ZYXZXY": 0.05252350588998161, "XXZYYZ": -1.3877787807814457e-17, "IZIXZX": -0.0058391003460207536, "YYZYZY": -1.3877787807814457e-17, "ZIZIYY": -0.005839100346020769, "IYZYIZ": -0.00583910034602076, "YXYZZX": 0.02627595155709342, "XIXYIY": -0.011678200692041523, "XXZYZY": -0.07882785467128028, "IZZIZZ": -0.061310553633217996, "ZIXZXI": 0.008758650519031142, "IYZIZY": 0.005839100346020774, "IIIIXX": -0.39868079584775085, "ZIZZIZ": -0.04087370242214533, "XZXXZX": 0.026275951557093412, "ZIIZII": 0.08044982698961939, "ZZIZZI": 0.22480536332179935, "IIXXXX": -0.49048442906574397, "ZYZYXX": -6.938893903907228e-18, "XIYIYX": 0.008758650519031144, "ZYYIIZ": -0.026275951557093426, "ZXYXZY": 0.02627595155709342, "ZZYZZY": 1.3877787807814457e-17, "ZZZIIZ": 0.22480536332179932, "YZIIYZ": -6.938893903907228e-18, "IYZZYI": -0.032115051903114186, "IZYZIY": -0.026275951557093426, "IZYYIZ": -0.01751730103806229, "XYZZYX": -0.052551903114186845, "XXXZXZ": 0.026275951557093433, "ZIYZYI": -0.03503460207612457, "IZYIZY": 0.03209769804387766, "XZZZXZ": 0.05255190311418685, "IXXXIX": 0.0058391003460207605, "XIXZZI": 0.02919550173010381, "XZIXIZ": -0.005839100346020762, "ZZIYIY": 0.026275951557093433, "ZXIZIX": -0.023356401384083035, "YXYXII": -0.02335640138408305, "IIIXIX": 0.002270761245674741, "IXIXZZ": 0.03503460207612458, "IIYXYX": -0.5985077854671281, "ZIZYIY": 0.008758650519031151, "XYXIIY": -0.035034602076124584, "XZXZZZ": -0.026275951557093412, "IZIYZY": -0.0029195501730103785, "YZYYZY": 0.052523505889981635, "YZXXZY": 0.07882785467128031, "YXIYXI": 0.02043685121107265, "XYIYIX": 0.011678200692041535, "ZZXZXZ": -0.02626175294499082, "ZYIYIZ": 0.008753917648330271, "IIIZIZ": -0.4606401384083045, "YXZZXY": -0.05255190311418685, "IXIXII": 0.05676903114186851, "YYZZYY": 0.15765570934256057, "ZZYYXX": -0.28903546712802775, "YZZZYZ": 0.0, "XZYYZX": 0.026275951557093433, "IYXYIX": 0.005839100346020764, "YYYYYY": -0.26275951557093424, "YZZYZZ": -6.938893903907228e-18, "IIZZII": 0.7873053633217991, "IIXIXI": 0.006487889273356401, "XIYXYI": 0.00875865051903114, "XXXYXY": -0.47296712802768176, "YIYZZI": -0.020436851211072662, "YYIIXX": -0.19560986159169552, "ZZZYYZ": -0.02627595155709346, "XZXIZI": 0.020436851211072644, "XZYXZY": 2.0816681711721685e-17, "ZZYIIY": 0.011678200692041528, "XYXXXY": 0.05255190311418685, "YXXIYI": -0.0029195501730103733, "YYIYYI": 0.02335640138408304, "ZYYZZZ": -0.026275951557093426, "ZIZIII": 0.053525086505190306, "ZXIXZI": -0.008758650519031142, "ZXXZZZ": 0.05255190311418685, "YIIYYY": -0.032115051903114186, "IIXIIX": 0.009083044982698962, "XXIXIX": -0.01751730103806228, "YYYXXY": -0.2890354671280277, "ZXZXZZ": 0.052551903114186845, "YXXYZZ": -0.05255190311418683, "YZZIIY": -0.00291955017301037, "ZXYZXY": 0.026275951557093433, "ZZZZYY": -0.13137975778546712, "ZIZIXX": -0.023356401384083042, "XYIXIY": 0.011678200692041518, "ZXXIIZ": -0.005839100346020764, "ZYZIIY": 1.3010426069826053e-17, "YXYXXX": 0.05255190311418685, "IIIIZZ": 0.9238754325259513, "XXYYXX": 0.367863321799308, "ZIXXZI": 0.017517301038062275, "ZXXYZY": 0.02627595155709342, "IZIZZZ": -0.09634515570934257, "YYYIYI": -0.014597750865051898, "ZZXIXI": -0.008758650519031144, "YIXIYX": -0.02043685121107267, "ZZYYII": 0.2423226643598616, "ZXXXZX": -6.938893903907228e-18, "XXIXXI": 0.01751730103806229, "ZIIYZY": 0.01751730103806229, "ZZYIYI": -0.02043685121107267, "ZZIXXI": 0.014597750865051903, "IXXYIY": -0.0145977508650519, "ZZZIZI": 0.2189662629757786, "XYYZXZ": -0.02626175294499082, "XIXIII": 0.00875865051903114, "ZIIIIZ": -0.024978373702422146, "IZZXXI": 0.008758650519031137, "XIIXII": 0.05255190311418685, "ZIYIZY": 0.0, "IIZIIZ": -0.42917387543252594, "IIIIYY": 0.3990051903114187, "XYXYYY": 0.05255190311418685, "YIIZYZ": -0.008758650519031139, "ZIXIZX": -0.02334378039554738, "XIXZIZ": 0.0029195501730103733, "XIXYYI": 0.014597750865051905, "XYZYZX": -0.026275951557093412, "IZIXXZ": -0.0058391003460207536, "IZIYYZ": 0.02043685121107268, "IYZYZI": 0.037954152249134954, "IZYYZI": -0.020425807846103962, "ZZXZZX": -0.026275951557093426, "YIZIZY": 0.0029195501730103768, "XYZZXY": -0.07882785467128027, "ZZXXZZ": -0.183931660899654, "YXXXYX": -6.938893903907228e-18, "IYIXXY": -0.04087370242214533, "YIYZIZ": -0.02335640138408304, "ZZZXXZ": 0.07882785467128028, "YIYXXI": 0.002919550173010382, "IYIXYX": -0.026275951557093426, "YXYZXZ": 0.026275951557093426, "IYZIYZ": 0.011678200692041514, "YIXXYI": -0.011678200692041528, "YXZZYX": -0.07882785467128026, "ZIXIXZ": 0.005839100346020764, "IYYZZI": 0.017517301038062278, "XXYXXY": -0.3941392733564015, "XXIIYY": 0.2744377162629758, "XIIYYX": -0.02627595155709343, "IXYXIY": 0.0058391003460207536, "ZYYIZI": 0.011678200692041518, "YZZYII": -0.01751730103806229, "XXIIXX": -0.2861159169550173, "YYZZZZ": 0.36786332179930803, "YIZZIY": 0.011678200692041521, "YZYIIZ": -0.0058391003460207674, "XZZYYX": -0.02627595155709342, "XXIZZI": -0.2831963667820069, "YYIIZZ": 0.44669117647058826, "IIXYXY": -0.5955882352941176, "XXXYYX": -0.4729671280276817, "YXIXYI": 0.014597750865051905, "YZIYIZ": 0.002919550173010389, "XXYYYY": -0.34140278828488063, "XIYIXY": -0.002919550173010384, "YIYXIX": 0.014597750865051893, "XZIIZX": -0.011678200692041507, "XZXIIZ": -0.00875865051903114, "XZXYYZ": -0.05255190311418687, "ZXZXII": 0.00875865051903114, "YXYIXI": -0.01751730103806228, "IIXZZX": 0.01167820069204151, "YXXXXY": -0.026275951557093426, "ZIXXIZ": -0.005839100346020771, "YYYYII": -0.2102076124567474, "YIIIIY": -0.004541522491349479, "IZIZXX": 0.037954152249134954, "ZXIZXI": 0.011678200692041521, "ZXZXXX": -0.026275951557093433, "YYYXYX": -0.3415873702422146, "IZZIXX": 0.04379325259515571, "YZZXYX": 0.05255190311418685, "XXXXII": 0.3474264705882353, "XXZXZX": 0.026275951557093412, "YIXYXI": -0.008758650519031137, "ZXYXYZ": 6.938893903907228e-18, "XYIIYX": -0.11386245674740485, "YXXIIY": -0.023356401384083042, "ZXZYYX": 0.052551903114186845, "YZXZXY": 0.05255190311418685, "IXYXYI": -0.002919550173010382, "XYIXYI": -0.0029195501730103768, "YIYIYY": 0.02043685121107266, "IXZXIZ": -0.03503460207612457, "ZXIXIZ": -0.032115051903114186, "XXYZYZ": 0.0, "YIZYIZ": 0.0029195501730103803, "YZYIZI": 0.0029195501730103837, "ZZIIYY": -0.23356401384083048, "YZZYYY": -0.07882785467128026, "YIYIXX": 0.023356401384083045, "YIXYIX": 0.008758650519031134, "XIYXIY": 0.008758650519031144, "XXZZII": 0.5955882352941176, "IIYYZZ": -0.3822544039770885, "YYYIIY": -0.00875865051903113, "IIZIZI": -0.39641003460207613, "IZXIXZ": -0.014597750865051905, "ZXYYZX": 0.0, "ZIYZIY": 0.014597750865051912, "XYYXZZ": 0.18393166089965396, "IIYXXY": -0.5985077854671281,