{"IYYYIY": 0.002919550173010378, "ZZYXYX": 0.3678633217993079, "YXXYII": 0.008758650519031151, "IYIYII": 0.022058823529411763, "YZXYXZ": -0.026275951557093426, "XIZXZI": -6.938893903907228e-18, "IIZYZY": 0.0058391003460207674, "ZXXXXZ": -0.026275951557093433, "XIIXXX": 0.0, "IZXIZX": 0.01459775086505191, "YXZYZX": 0.0, "IZIZII": -0.09699394463667821, "IYIYXX": -0.02335640138408305, "ZYZXXY": 0.0, "IYIYZZ": 0.026275951557093433, "YYIZZI": -0.23064446366782007, "XIYYIX": 0.0029195501730103768, "ZZZYZY": 0.1051038062283737, "XXYZZY": 0.0, "IZYIYZ": -0.0029195501730103803, "IIXYYX": -0.5780709342560554, "IYIZYZ": 0.008758650519031144, "XIZIXZ": -0.017517301038062275, "ZZIYYI": 0.01751730103806229, "ZYZIYI": 0.01167820069204153, "XXIYIY": 0.0029195501730103733, "ZYYZYY": 0.02627595155709344, "YYXXII": 0.2306444636678201, "ZXZYXY": 1.3877787807814457e-17, "YIIYII": 0.012326989619377164, "IYIIYI": 0.01005622837370242, "YIYYIY": -0.011678200692041514, "ZYZYYY": 0.0, "IYXYXI": -0.005839100346020764, "XZIZIX": -1.0408340855860843e-17, "YXXZYZ": 2.0816681711721685e-17, "ZZXYXY": 0.31531141868512114, "ZXYYXZ": -0.026275951557093426, "ZYIYZI": -6.938893903907228e-18, "ZZYYYY": 0.183931660899654, "IXXIXX": 0.0029195501730103716, "ZYXXZY": 0.0, "YYZIZI": -0.2102076124567474, "ZIZZZI": 0.0029179725494434296, "ZYXZXY": -0.02626175294499085, "XXZYYZ": -0.026275951557093426, "IZIXZX": 0.0029195501730103803, "YYZYZY": 0.0, "ZIZIYY": 0.04963235294117648, "IYZYIZ": -0.026275951557093422, "YXYZZX": 0.1051038062283737, "XIXYIY": 0.008758650519031144, "XXZYZY": -6.938893903907228e-18, "IZZIZZ": -0.07882785467128028, "ZIXZXI": -0.011678200692041524, "IYZIZY": -0.014597750865051908, "IIIIXX": -0.3990051903114187, "ZIZZIZ": -0.029195501730103813, "XZXXZX": -0.07882785467128028, "ZIIZII": 0.08077422145328719, "ZZIZZI": 0.21312716262975778, "IIXXXX": -0.4817257785467128, "ZYZYXX": 0.026275951557093426, "XIYIYX": 0.0029195501730103837, "ZYYIIZ": -0.011678200692041521, "ZXYXZY": -0.052551903114186845, "ZZYZZY": -0.026275951557093433, "ZZZIIZ": 0.2306444636678201, "YZIIYZ": 0.0029195501730103803, "IYZZYI": 0.0145977508650519, "IZYZIY": -0.011671890197773689, "IZYYIZ": 6.938893903907228e-18, "XYZZYX": -0.07882785467128027, "XXXZXZ": 0.026275951557093412, "ZIYZYI": 0.0029195501730103785, "IZYIZY": 0.020436851211072655, "XZZZXZ": -0.026275951557093433, "IXXXIX": 0.040873702422145324, "XIXZZI": -0.008758650519031144, "XZIXIZ": 0.008758650519031139, "ZZIYIY": 0.0029195501730103768, "ZXIZIX": 0.011678200692041521, "YXYXII": -0.04087370242214534, "IIIXIX": -0.002919550173010382, "IXIXZZ": 0.03211505190311418, "IIYXYX": -0.6156922079325624, "ZIZYIY": -0.0058391003460207536, "XYXIIY": -0.0058391003460207674, "XZXZZZ": 0.026275951557093433, "IZIYZY": 0.011678200692041521, "YZYYZY": 0.0, "YZXXZY": 0.052551903114186886, "YXIYXI": 0.014597750865051908, "XYIYIX": 0.020436851211072672, "ZZXZXZ": -0.052551903114186845, "ZYIYIZ": -0.02919550173010381, "IIIZIZ": -0.4638840830449827, "YXZZXY": -0.05252350588998163, "IXIXII": 0.041846885813148785, "YYZZYY": 0.15765570934256054, "ZZYYXX": -0.2364835640138408, "YZZZYZ": 0.026275951557093426, "XZYYZX": -6.938893903907228e-18, "IYXYIX": 0.00291955017301037, "YYYYYY": -0.21020761245674743, "YZZYZZ": 0.0, "IIZZII": 0.7918468858131487, "IIXIXI": 0.005190311418685119, "XIYXYI": -0.0058391003460207536, "XXXYXY": -0.4466911764705883, "YIYZZI": 0.00875865051903114, "YYIIXX": -0.20436851211072665, "ZZZYYZ": -0.052551903114186845, "XZXIZI": 0.01750783529666055, "XZYXZY": 0.026275951557093433, "ZZYIIY": 0.0029195501730103837, "XYXXXY": -0.026275951557093426, "YXXIYI": -0.0058391003460207605, "YYIYYI": 0.017517301038062295, "ZYYZZZ": -0.026275951557093433, "ZIZIII": 0.06358131487889272, "ZXIXZI": -0.020436851211072662, "ZXXZZZ": 6.938893903907228e-18, "YIIYYY": 0.0029195501730103907, "IIXIIX": 0.0022707612456747423, "XXIXIX": 0.026275951557093433, "YYYXXY": -0.31531141868512114, "ZXZXZZ": 0.026275951557093426, "YXXYZZ": -0.026275951557093412, "YZZIIY": 0.008758650519031158, "ZXYZXY": 0.026275951557093426, "ZZZZYY": -0.183931660899654, "ZIZIXX": -0.04379325259515572, "XYIXIY": -0.002919550173010379, "ZXXIIZ": 0.0, "ZYZIIY": -0.014597750865051898, "YXYXXX": -6.938893903907228e-18, "IIIIZZ": 0.9232266435986157, "XXYYXX": 0.31531141868512114, "ZIXXZI": 0.005835945098886845, "ZXXYZY": -0.026275951557093433, "IZIZZZ": -0.0759083044982699, "YYYIYI": -0.017517301038062302, "ZZXIXI": -0.020436851211072665, "YIXIYX": -0.0058391003460207605, "ZZYYII": 0.23940311418685123, "ZXXXZX": -0.026275951557093412, "XXIXXI": 0.02043685121107267, "ZIIYZY": 0.0029195501730103837, "ZZYIYI": -0.020436851211072672, "ZZIXXI": -0.017517301038062295, "IXXYIY": -0.02043685121107267, "ZZZIZI": 0.20436851211072665, "XYYZXZ": 0.0, "XIXIII": 0.01751730103806228, "ZIIIIZ": -0.036007785467128024, "IZZXXI": 0.011678200692041516, "XIIXII": 0.04022491349480969, "ZIYIZY": 0.014597750865051905, "IIZIIZ": -0.4317690311418685, "IIIIYY": 0.40387110726643594, "XYXYYY": 0.026275951557093412, "YIIZYZ": 0.008758650519031148, "ZIXIZX": 0.011678200692041528, "XIXZIZ": 0.01751730103806228, "XIXYYI": -0.002919550173010387, "XYZYZX": 0.05255190311418685, "IZIXXZ": -0.029195501730103806, "IZIYYZ": -0.01751730103806228, "IYZYZI": -0.026275951557093433, "IZYYZI": 0.005839100346020757, "ZZXZZX": 0.026275951557093405, "YIZIZY": -2.6020852139652106e-18, "XYZZXY": -0.07882785467128028, "ZZXXZZ": -0.15765570934256054, "YXXXYX": -1.3877787807814457e-17, "IYIXXY": -0.008758650519031144, "YIYZIZ": 0.011678200692041528, "ZZZXXZ": -0.07882785467128028, "YIYXXI": 0.01458986274721713, "IYIXYX": -0.011678200692041523, "YXYZXZ": 0.05255190311418685, "IYZIYZ": -0.023356401384083045, "YIXXYI": 0.0, "YXZZYX": -0.026275951557093426, "ZIXIXZ": 0.011678200692041518, "IYYZZI": 0.02335640138408305, "XXYXXY": -0.4729671280276817, "XXIIYY": 0.31239186851211076, "XIIYYX": -0.06423010380622837, "IXYXIY": 0.0058391003460207536, "ZYYIZI": -0.0058391003460207674, "YZZYII": -0.0058391003460207674, "XXIIXX": -0.25108131487889274, "YYZZZZ": 0.3678633217993079, "YIZZIY": -0.0058391003460207674, "YZYIIZ": 0.026275951557093426, "XZZYYX": 0.0, "XXIZZI": -0.2948745674740485, "YYIIZZ": 0.4642084775086506, "IIXYXY": -0.5868295847750865, "XXXYYX": -0.3941392733564015, "YXIXYI": 0.0029179725494434365, "YZIYIZ": -0.014597750865051908, "XXYYYY": -0.2890354671280277, "XIYIXY": 0.002919550173010387, "YIYXIX": 0.02335640138408305, "XZIIZX": 0.002919550173010387, "XZXIIZ": 0.008758650519031155, "XZXYYZ": 0.07882785467128028, "ZXZXII": 0.01167189019777369, "YXYIXI": 0.0029195501730103837, "IIXZZX": -0.029195501730103816, "YXXXXY": 0.07882785467128028, "ZIXXIZ": -0.014597750865051905, "YYYYII": -0.23356401384083048, "YIIIIY": -0.0058391003460207605, "IZIZXX": 0.03793364314276451, "ZXIZXI": 0.020436851211072672, "ZXZXXX": 0.05255190311418686, "YYYXYX": -0.31531141868512114, "IZZIXX": 0.06423010380622839, "YZZXYX": 0.026275951557093467, "XXXXII": 0.33866782006920415, "XXZXZX": 0.026261752944990807, "YIXYXI": -0.00291955017301037, "ZXYXYZ": -0.026275951557093426, "XYIIYX": -0.16057525951557095, "YXXIIY": 0.0058391003460207605, "ZXZYYX": 6.938893903907228e-18, "YZXZXY": 0.05255190311418684, "IXYXYI": 0.00875865051903113, "XYIXYI": -0.011678200692041521, "YIYIYY": 0.0058391003460207605, "IXZXIZ": -0.011678200692041524, "ZXIXIZ": 6.938893903907228e-18, "XXYZYZ": 0.02627595155709344, "YIZYIZ": -0.02042580784610397, "YZYIZI": -0.014597750865051919, "ZZIIYY": -0.21896626297577856, "YZZYYY": 0.026275951557093426, "YIYIXX": -3.469446951953614e-18, "YIXYIX": -0.014589862747217108, "XIYXIY": 0.00875865051903115, "XXZZII": 0.5488754325259516, "IIYYZZ": -0.37933643142764506, "YYYIIY": -0.0321150519031142, "IIZIZI": -0.40657084188911696, "IZXIXZ": 0.011678200692041538, "ZXYYZX": -0.052551903114186845, "ZIYZIY": -0.011678200692041518, "XYYXZZ": 0.18393166089965396, "IIYXXY": -0.5952664000864584, "YYIZIZ": -0.22188581314878894, "ZZYXXY": 0.367863321799308,