{"IYYYIY": -0.03503460207612456, "ZZYXYX": 0.2890354671280277, "YXXYII": -0.023356401384083045, "IYIYII": 0.011029411764705881, "YZXYXZ": 6.938893903907228e-18, "XIZXZI": 0.011678200692041533, "IIZYZY": -0.005839100346020766, "ZXXXXZ": 1.3877787807814457e-17, "XIIXXX": -0.017517301038062285, "IZXIZX": 0.011678200692041531, "YXZYZX": -0.052551903114186845, "IZIZII": -0.09083044982698962, "IYIYXX": -0.026275951557093426, "ZYZXXY": 0.052551903114186845, "IYIYZZ": 0.017517301038062292, "YYIZZI": -0.20728806228373703, "XIYYIX": -0.005839100346020766, "ZZZYZY": 0.07882785467128027, "XXYZZY": 0.05255190311418686, "IZYIYZ": -0.017517301038062295, "IIXYYX": -0.5809904844290658, "IYIZYZ": -0.029195501730103796, "XIZIXZ": 0.011678200692041514, "ZZIYYI": 0.0029195501730103837, "ZYZIYI": 0.014597750865051912, "XXIYIY": -0.02335640138408305, "ZYYZYY": 0.0, "YYXXII": 0.22480536332179935, "ZXZYXY": 0.1051038062283737, "YIIYII": 0.00940743944636678, "IYIIYI": 0.024653979238754325, "YIYYIY": -0.014597750865051905, "ZYZYYY": -0.052551903114186845, "IYXYXI": -0.01751730103806228, "XZIZIX": -0.0029195501730103785, "YXXZYZ": -0.052551903114186845, "ZZXYXY": 0.23648356401384082, "ZXYYXZ": 0.026261752944990814, "ZYIYZI": 0.0029195501730103733, "ZZYYYY": 0.31531141868512114, "IXXIXX": -0.026275951557093443, "ZYXXZY": 0.026275951557093433, "YYZIZI": -0.20436851211072668, "ZIZZZI": -0.03211505190311419, "ZYXZXY": 0.07882785467128028, "XXZYYZ": 0.026261752944990807, "IZIXZX": 0.011678200692041518, "YYZYZY": -0.026275951557093426, "ZIZIYY": 0.023356401384083045, "IYZYIZ": -0.032115051903114186, "YXYZZX": -0.026275951557093433, "XIXYIY": 0.008758650519031151, "XXZYZY": 0.026275951557093433, "IZZIZZ": -0.06714965397923878, "ZIXZXI": 0.002919550173010394, "IYZIZY": -0.014597750865051898, "IIIIXX": -0.39641003460207613, "ZIZZIZ": -0.06714965397923878, "XZXXZX": -0.02627595155709346, "ZIIZII": 0.08142301038062283, "ZZIZZI": 0.18685121107266436, "IIXXXX": -0.475886678200692, "ZYZYXX": -0.026275951557093426, "XIYIYX": 0.026275951557093433, "ZYYIIZ": -1.3877787807814457e-17, "ZXYXZY": -0.07882785467128026, "ZZYZZY": 0.052523505889981635, "ZZZIIZ": 0.21592996865881336, "YZIIYZ": -0.02335640138408304, "IYZZYI": 0.002919550173010394, "IZYZIY": -0.0029195501730103907, "IZYYIZ": 0.02627595155709343, "XYZZYX": -0.13137975778546715, "XXXZXZ": -0.05255190311418685, "ZIYZYI": 0.02335640138408305, "IZYIZY": 0.04379325259515572, "XZZZXZ": -0.05255190311418686, "IXXXIX": 0.005839100346020757, "XIXZZI": 0.01459775086505189, "XZIXIZ": -0.005839100346020762, "ZZIYIY": 0.014597750865051896, "ZXIZIX": -0.002919550173010381, "YXYXII": -0.011678200692041521, "IIIXIX": -0.0019463667820069216, "IXIXZZ": 0.03503460207612457, "IIYXYX": -0.5780709342560554, "ZIZYIY": 0.020436851211072665, "XYXIIY": -0.020436851211072672, "XZXZZZ": 0.05255190311418685, "IZIYZY": -0.014597750865051912, "YZYYZY": 0.026275951557093426, "YZXXZY": -0.026275951557093426, "YXIYXI": -0.0029195501730103803, "XYIYIX": 0.017517301038062275, "ZZXZXZ": 0.07882785467128028, "ZYIYIZ": -5.204170427930421e-18, "IIIZIZ": -0.46193771626297575, "YXZZXY": 0.05255190311418685, "IXIXII": 0.04054930795847751, "YYZZYY": 0.13137975778546715, "ZZYYXX": -0.26275951557093424, "YZZZYZ": 0.0, "XZYYZX": 0.0, "IYXYIX": -0.008758650519031142, "YYYYYY": -0.26275951557093424, "YZZYZZ": 0.05255190311418686, "IIZZII": 0.7999567474048442, "IIXIXI": -3.469446951953614e-18, "XIYXYI": 0.014597750865051898, "XXXYXY": -0.4729671280276818, "YIYZZI": 0.0029195501730103837, "YYIIXX": -0.1810121107266436, "ZZZYYZ": 0.026275951557093426, "XZXIZI": 0.01751730103806228, "XZYXZY": 0.026275951557093433, "ZZYIIY": -0.01459775086505191, "XYXXXY": -0.026275951557093433, "YXXIYI": -0.020436851211072672, "YYIYYI": 0.005839100346020773, "ZYYZZZ": 0.026275951557093426, "ZIZIII": 0.05287629757785467, "ZXIXZI": 0.020425807846103965, "ZXXZZZ": 0.052551903114186845, "YIIYYY": 6.938893903907228e-18, "IIXIIX": -0.003566410893764183, "XXIXIX": 0.0029195501730103837, "YYYXXY": -0.2102076124567474, "ZXZXZZ": 0.07882785467128027, "YXXYZZ": 6.938893903907228e-18, "YZZIIY": -0.017517301038062275, "ZXYZXY": 6.938893903907228e-18, "ZZZZYY": -0.26275951557093424, "ZIZIXX": 0.014597750865051903, "XYIXIY": 0.005835945098886849, "ZXXIIZ": -0.014597750865051903, "ZYZIIY": -0.02335640138408305, "YXYXXX": 0.05255190311418686, "IIIIZZ": 0.9232266435986156, "XXYYXX": 0.26275951557093424, "ZIXXZI": 0.008758650519031137, "ZXXYZY": -0.07882785467128028, "IZIZZZ": -0.06714965397923876, "YYYIYI": 0.02043685121107266, "ZZXIXI": -0.0291955017301038, "YIXIYX": 0.014597750865051905, "ZZYYII": 0.25108131487889274, "ZXXXZX": 0.07882785467128028, "XXIXXI": -0.005839100346020752, "ZIIYZY": 0.008758650519031139, "ZZYIYI": 0.011678200692041521, "ZZIXXI": -0.011678200692041514, "IXXYIY": -0.002919550173010375, "ZZZIZI": 0.1956098615916955, "XYYZXZ": -0.05255190311418685, "XIXIII": 0.004865916955017302, "ZIIIIZ": -0.033412629757785466, "IZZXXI": 0.00875865051903113, "XIIXII": 0.03600778546712803, "ZIYIZY": -0.01751730103806229, "IIZIIZ": -0.4243079584775087, "IIIIYY": 0.39154411764705876, "XYXYYY": -6.938893903907228e-18, "YIIZYZ": 0.0029195501730103803, "ZIXIZX": -0.026275951557093433, "XIXZIZ": 0.017517301038062275, "XIXYYI": -0.014597750865051905, "XYZYZX": -0.026275951557093453, "IZIXXZ": -0.032115051903114186, "IZIYYZ": -0.026275951557093426, "IYZYZI": 0.020425807846103972, "IZYYZI": 0.011678200692041526, "ZZXZZX": -0.026275951557093433, "YIZIZY": -0.014597750865051905, "XYZZXY": -0.05252350588998162, "ZZXXZZ": -0.2890354671280277, "YXXXYX": 0.0, "IYIXXY": -0.023356401384083045, "YIYZIZ": -0.008758650519031151, "ZZZXXZ": 0.02627595155709346, "YIYXXI": 3.469446951953614e-18, "IYIXYX": -0.011678200692041526, "YXYZXZ": 0.0, "IYZIYZ": -0.008758650519031158, "YIXXYI": 0.02919550173010381, "YXZZYX": -0.07882785467128028, "ZIXIXZ": -0.011678200692041528, "IYYZZI": -0.01751730103806229, "XXYXXY": -0.367863321799308, "XXIIYY": 0.2773572664359862, "XIIYYX": -0.06714965397923876, "IXYXIY": -0.011678200692041526, "ZYYIZI": -0.011678200692041528, "YZZYII": 0.037954152249134954, "XXIIXX": -0.2830433372960121, "YYZZZZ": 0.4466911764705883, "YIZZIY": 0.0058391003460207674, "YZYIIZ": 0.011678200692041518, "XZZYYX": 0.07878525883497245, "XXIZZI": -0.29195501730103807, "YYIIZZ": 0.4671280276816609, "IIXYXY": -0.5809904844290658, "XXXYYX": -0.3941392733564015, "YXIXYI": -0.0058391003460207674, "YZIYIZ": 0.002919550173010389, "XXYYYY": -0.367863321799308, "XIYIXY": 0.017517301038062292, "YIYXIX": -0.002919550173010387, "XZIIZX": -0.00291955017301037, "XZXIIZ": -0.008758650519031144, "XZXYYZ": 0.052551903114186845, "ZXZXII": -5.204170427930421e-18, "YXYIXI": -0.023356401384083052, "IIXZZX": -0.020436851211072665, "YXXXXY": 0.05255190311418684, "ZIXXIZ": -0.04379325259515569, "YYYYII": -0.2277249134948097, "YIIIIY": -0.000973183391003456, "IZIZXX": 0.029195501730103806, "ZXIZXI": 0.014597750865051908, "ZXZXXX": 0.07878525883497245, "YYYXYX": -0.2890354671280277, "IZZIXX": -0.005839100346020755, "YZZXYX": -0.07882785467128028, "XXXXII": 0.3415873702422146, "XXZXZX": 0.02627595155709342, "YIXYXI": 0.014597750865051898, "ZXYXYZ": 0.026275951557093426, "XYIIYX": -0.11678200692041524, "YXXIIY": -0.011678200692041518, "ZXZYYX": 1.3877787807814457e-17, "YZXZXY": -0.052551903114186865, "IXYXYI": 3.469446951953614e-18, "XYIXYI": -6.938893903907228e-18, "YIYIYY": -0.0029195501730103855, "IXZXIZ": -0.03503460207612458, "ZXIXIZ": -0.0058391003460207674, "XXYZYZ": 0.07878525883497245, "YIZYIZ": -0.0233437803955474, "YZYIZI": 0.014597750865051905, "ZZIIYY": -0.20144896193771628, "YZZYYY": 0.05255190311418685, "YIYIXX": 0.0437932525951557, "YIXYIX": 0.0029195501730103907, "XIYXIY": -0.005839100346020771, "XXZZII": 0.589749134948097, "IIYYZZ": -0.37954152249134954, "YYYIIY": 0.0029195501730103768, "IIZIZI": -0.3931660899653979, "IZXIXZ": 0.02626175294499082, "ZXYYZX": -0.07882785467128028, "ZIYZIY": 0.005839100346020774, "XYYXZZ": 0.07882785467128028,