{"IYYYIY": 0.0029179725494434226, "ZZYXYX": 0.2890354671280277, "YXXYII": -0.008758650519031134, "IYIYII": 0.015246539792387544, "YZXYXZ": 0.0, "XIZXZI": -0.008758650519031146, "IIZYZY": -0.008758650519031137, "ZXXXXZ": -0.026275951557093426, "XIIXXX": -0.03211505190311418, "IZXIZX": -0.011678200692041528, "YXZYZX": -0.05255190311418686, "IZIZII": -0.09407439446366782, "IYIYXX": 0.0029195501730103837, "ZYZXXY": 0.0, "IYIYZZ": 0.011671890197773697, "YYIZZI": -0.19560986159169552, "XIYYIX": -0.01751730103806228, "ZZZYZY": -0.02627595155709344, "XXYZZY": 0.07882785467128028, "IZYIYZ": -0.014597750865051903, "IIXYYX": -0.5488754325259516, "IYIZYZ": -0.011678200692041521, "XIZIXZ": 0.011678200692041528, "ZZIYYI": -0.03503460207612456, "ZYZIYI": -0.02043685121107266, "XXIYIY": -0.04963235294117648, "ZYYZYY": 0.026275951557093433, "YYXXII": 0.22188581314878897, "ZXZYXY": 0.07882785467128027, "YIIYII": 0.009402355992651032, "IYIIYI": 0.006163494809688578, "YIYYIY": -0.00875865051903114, "ZYZYYY": 6.938893903907228e-18, "IYXYXI": 0.008753917648330278, "XZIZIX": 0.0058391003460207536, "YXXZYZ": -0.026275951557093426, "ZZXYXY": 0.28903546712802763, "ZXYYXZ": 0.1051038062283737, "ZYIYZI": 0.023356401384083042, "ZZYYYY": 0.31531141868512114, "IXXIXX": -0.02043685121107267, "ZYXXZY": 1.3877787807814457e-17, "YYZIZI": -0.20436851211072665, "ZIZZZI": -0.017517301038062275, "ZYXZXY": -0.026275951557093433, "XXZYYZ": -0.05255190311418686, "IZIXZX": -0.005839100346020759, "YYZYZY": -0.026275951557093426, "ZIZIYY": 0.03503460207612458, "IYZYIZ": 0.014597750865051908, "YXYZZX": 0.05255190311418686, "XIXYIY": -0.037954152249134954, "XXZYZY": 0.07882785467128026, "IZZIZZ": -0.07298875432525952, "ZIXZXI": -0.008758650519031144, "IYZIZY": 0.005839100346020764, "IIIIXX": -0.4078677185777585, "ZIZZIZ": -0.03503460207612456, "XZXXZX": -0.05255190311418685, "ZIIZII": 0.08174740484429066, "ZZIZZI": 0.19560986159169552, "IIXXXX": -0.4554498269896194, "ZYZYXX": 1.3877787807814457e-17, "XIYIYX": -0.023356401384083042, "ZYYIIZ": -0.02043685121107267, "ZXYXZY": 0.05255190311418683, "ZZYZZY": -0.07882785467128028, "ZZZIIZ": 0.2567815843510213, "YZIIYZ": -0.0029195501730103768, "IYZZYI": -0.020436851211072676, "IZYZIY": -0.04376958824165136, "IZYYIZ": 0.023356401384083042, "XYZZYX": -0.13137975778546712, "XXXZXZ": -0.026275951557093426, "ZIYZYI": 0.017517301038062285, "IZYIZY": 0.005839100346020764, "XZZZXZ": -6.938893903907228e-18, "IXXXIX": 3.469446951953614e-18, "XIXZZI": -0.026275951557093426, "XZIXIZ": -0.0029195501730103907, "ZZIYIY": 0.0029195501730103768, "ZXIZIX": -0.020436851211072676, "YXYXII": 0.017517301038062295, "IIIXIX": 0.004217128027681662, "IXIXZZ": 0.043769588241651364, "IIYXYX": -0.5809904844290658, "ZIZYIY": 0.020436851211072665, "XYXIIY": 0.0058391003460207605, "XZXZZZ": -0.02627595155709344, "IZIYZY": 3.469446951953614e-18, "YZYYZY": -0.052551903114186845, "YZXXZY": 0.026275951557093447, "YXIYXI": -0.017517301038062295, "XYIYIX": -0.029195501730103803, "ZZXZXZ": 0.02627595155709342, "ZYIYIZ": -0.0029195501730103733, "IIIZIZ": -0.461613321799308, "YXZZXY": 0.02627595155709344, "IXIXII": 0.03990051903114187, "YYZZYY": 0.183931660899654, "ZZYYXX": -0.13137975778546712, "YZZZYZ": 0.0, "XZYYZX": -6.938893903907228e-18, "IYXYIX": -0.005839100346020771, "YYYYYY": -0.23648356401384082, "YZZYZZ": -0.026275951557093412, "IIZZII": 0.7973615916955015, "IIXIXI": -0.003568339100346019, "XIYXYI": 0.02627595155709342, "XXXYXY": -0.4729671280276818, "YIYZZI": 0.011671890197773701, "YYIIXX": -0.20436851211072665, "ZZZYYZ": 0.052551903114186845, "XZXIZI": -0.005839100346020774, "XZYXZY": 0.026275951557093433, "ZZYIIY": 0.023356401384083042, "XYXXXY": -6.938893903907228e-18, "YXXIYI": -0.023356401384083042, "YYIYYI": -0.0058391003460207605, "ZYYZZZ": 0.02627595155709344, "ZIZIII": 0.053200692041522495, "ZXIXZI": -0.005835945098886842, "ZXXZZZ": -0.07882785467128027, "YIIYYY": -0.0029195501730103768, "IIXIIX": -0.0012975778546712793, "XXIXIX": 0.014597750865051908, "YYYXXY": -0.183931660899654, "ZXZXZZ": 0.05255190311418686, "YXXYZZ": -0.07882785467128028, "YZZIIY": -0.01751730103806229, "ZXYZXY": 0.026275951557093426, "ZZZZYY": -0.183931660899654, "ZIZIXX": -0.03503460207612457, "XYIXIY": 0.029195501730103806, "ZXXIIZ": 0.02335640138408305, "ZYZIIY": -0.011678200692041528, "YXYXXX": -0.026275951557093398, "IIIIZZ": 0.9183607266435984, "XXYYXX": 0.3941392733564014, "ZIXXZI": 0.0058391003460207605, "ZXXYZY": -0.026275951557093412, "IZIZZZ": -0.08174740484429065, "YYYIYI": 0.03211505190311419, "ZZXIXI": -0.023356401384083052, "YIXIYX": 0.02043685121107267, "ZZYYII": 0.21896626297577856, "ZXXXZX": 6.938893903907228e-18, "XXIXXI": -0.017517301038062302, "ZIIYZY": -0.008758650519031148, "ZZYIYI": -0.011678200692041531, "ZZIXXI": -6.938893903907228e-18, "IXXYIY": -0.0029195501730103768, "ZZZIZI": 0.23356401384083048, "XYYZXZ": 0.02627595155709346, "XIXIII": 0.023356401384083042, "ZIIIIZ": -0.048983564013840825, "IZZXXI": -0.01751730103806228, "XIIXII": 0.04963235294117647, "ZIYIZY": -0.011678200692041528, "IIZIIZ": -0.42537555387441905, "IIIIYY": 0.39868079584775085, "XYXYYY": 0.05255190311418686, "YIIZYZ": -0.0058391003460207605, "ZIXIZX": 0.011678200692041512, "XIXZIZ": -0.03503460207612458, "XIXYYI": 0.01751730103806229, "XYZYZX": 0.0, "IZIXXZ": -0.008758650519031137, "IZIYYZ": 0.008758650519031144, "IYZYZI": -0.02335640138408305, "IZYYZI": -0.01751730103806229, "ZZXZZX": 0.026275951557093433, "YIZIZY": -0.005839100346020757, "XYZZXY": -0.10510380622837369, "ZZXXZZ": -0.21020761245674738, "YXXXYX": 0.0, "IYIXXY": -3.469446951953614e-18, "YIYZIZ": 0.002919550173010382, "ZZZXXZ": -0.026275951557093412, "YIYXXI": 0.005839100346020764, "IYIXYX": 0.00875865051903114, "YXYZXZ": 0.05255190311418684, "IYZIYZ": -0.00291955017301037, "YIXXYI": 0.011678200692041523, "YXZZYX": -0.026275951557093426, "ZIXIXZ": -0.0029179725494434226, "IYYZZI": 0.014597750865051915, "XXYXXY": -0.3415873702422146, "XXIIYY": 0.28027681660899656, "XIIYYX": -0.0058391003460207674, "IXYXIY": 0.023356401384083035, "ZYYIZI": -0.026275951557093426, "YZZYII": 0.0029195501730103733, "XXIIXX": -0.29195501730103807, "YYZZZZ": 0.3153114186851211, "YIZZIY": 0.011678200692041528, "YZYIIZ": 0.0029195501730103768, "XZZYYX": 0.1051038062283737, "XXIZZI": -0.31531141868512114, "YYIIZZ": 0.475886678200692, "IIXYXY": -0.5985077854671281, "XXXYYX": -0.4466911764705883, "YXIXYI": 0.052551903114186865, "YZIYIZ": -0.061310553633217996, "XXYYYY": -0.3415873702422146, "XIYIXY": 0.0029195501730103907, "YIYXIX": -0.026275951557093422, "XZIIZX": -0.011678200692041528, "XZXIIZ": 0.023356401384083042, "XZXYYZ": -0.026275951557093384, "ZXZXII": -0.0029195501730103885, "YXYIXI": 1.3877787807814457e-17, "IIXZZX": 0.002919550173010387, "YXXXXY": 0.026275951557093426, "ZIXXIZ": -0.00875865051903114, "YYYYII": -0.21884794120825676, "YIIIIY": -0.0012975778546712793, "IZIZXX": 0.029195501730103813, "ZXIZXI": 0.037954152249134954, "ZXZXXX": -0.05255190311418684, "YYYXYX": -0.31531141868512114, "IZZIXX": 0.029195501730103806, "YZZXYX": 0.05255190311418686, "XXXXII": 0.3532655709342561, "XXZXZX": 0.026275951557093433, "YIXYXI": 0.008753917648330278, "ZXYXYZ": 0.1051038062283737, "XYIIYX": -0.12262110726643598, "YXXIIY": -0.040873702422145344, "ZXZYYX": -0.026275951557093426, "YZXZXY": 0.0, "IXYXYI": 0.035034602076124584, "XYIXYI": 0.02043685121107266, "YIYIYY": 0.0029195501730103803, "IXZXIZ": 0.011678200692041521, "ZXIXIZ": 0.0029195501730103768, "XXYZYZ": 0.05255190311418684, "YIZYIZ": 6.938893903907228e-18, "YZYIZI": -0.002919550173010387, "ZZIIYY": -0.21896626297577856, "YZZYYY": 0.07882785467128028, "YIYIXX": 0.008758650519031136, "YIXYIX": -0.02919550173010381, "XIYXIY": -0.017517301038062285, "XXZZII": 0.5722318339100346, "IIYYZZ": -0.3795415224913495, "YYYIIY": 0.037933643142764505, "IIZIZI": -0.3993295847750865, "IZXIXZ": -0.017517301038062295, "ZXYYZX": -0.10510380622837373, "ZIYZIY": 0.023356401384083056, "XYYXZZ": 0.15765570934256057,