{"IYYYIY": -0.026275951557093433, "ZZYXYX": 0.15765570934256057, "YXXYII": -0.014597750865051884, "IYIYII": 0.015246539792387543, "YZXYXZ": 0.1051038062283737, "XIZXZI": -0.011678200692041528, "IIZYZY": -0.00875865051903113, "ZXXXXZ": -0.026275951557093433, "XIIXXX": -0.01751730103806228, "IZXIZX": -3.469446951953614e-18, "YXZYZX": 0.07882785467128031, "IZIZII": -0.09472318339100345, "IYIYXX": -0.02043685121107266, "ZYZXXY": -0.052551903114186845, "IYIYZZ": -0.008758650519031158, "YYIZZI": -0.22772491349480972, "XIYYIX": -0.02627595155709343, "ZZZYZY": 0.02627595155709342, "XXYZZY": -0.02627595155709342, "IZYIYZ": 0.005835945098886849, "IIXYYX": -0.5751513840830451, "IYIZYZ": 0.011678200692041521, "XIZIXZ": -0.017517301038062275, "ZZIYYI": -0.01751730103806229, "ZYZIYI": -0.008753917648330275, "XXIYIY": -0.02335640138408304, "ZYYZYY": 0.05255190311418684, "YYXXII": 0.22188581314878894, "ZXZYXY": 0.05255190311418685, "YIIYII": 0.014597750865051901, "IYIIYI": 0.0194636678200692, "YIYYIY": -0.026275951557093433, "ZYZYYY": -0.02627595155709344, "IYXYXI": 0.00875865051903114, "XZIZIX": 0.0, "YXXZYZ": -0.1051038062283737, "ZZXYXY": 0.3678633217993079, "ZXYYXZ": -0.052551903114186845, "ZYIYZI": 0.011678200692041528, "ZZYYYY": 0.2102076124567474, "IXXIXX": -0.029179725494434233, "ZYXXZY": 0.026275951557093433, "YYZIZI": -0.17809256055363323, "ZIZZZI": -0.014597750865051894, "ZYXZXY": 0.10510380622837373, "XXZYYZ": 0.0, "IZIXZX": -0.023356401384083042, "YYZYZY": -6.938893903907228e-18, "ZIZIYY": 0.01751730103806229, "IYZYIZ": 0.002919550173010379, "YXYZZX": -0.026275951557093426, "XIXYIY": 0.002919550173010387, "XXZYZY": 0.05255190311418685, "IZZIZZ": -0.08758650519031141, "ZIXZXI": -0.0058391003460207674, "IYZIZY": 0.005839100346020759, "IIIIXX": -0.3980320069204152, "ZIZZIZ": -0.02043685121107268, "XZXXZX": -0.02627595155709342, "ZIIZII": 0.07493512110726644, "ZZIZZI": 0.20728806228373706, "IIXXXX": -0.4496107266435986, "ZYZYXX": -0.05255190311418686, "XIYIYX": -0.008758650519031139, "ZYYIIZ": 1.3877787807814457e-17, "ZXYXZY": 0.10510380622837368, "ZZYZZY": 0.0262617529449908, "ZZZIIZ": 0.2277249134948097, "YZIIYZ": -0.017517301038062295, "IYZZYI": -0.00875865051903114, "IZYZIY": 0.011678200692041528, "IZYYIZ": -0.008758650519031142, "XYZZYX": -0.1051038062283737, "XXXZXZ": 0.0, "ZIYZYI": -1.3877787807814457e-17, "IZYIZY": -0.0029195501730103803, "XZZZXZ": 0.05255190311418686, "IXXXIX": -0.017517301038062292, "XIXZZI": -0.008758650519031137, "XZIXIZ": -0.01459775086505189, "ZZIYIY": -0.014597750865051894, "ZXIZIX": -0.014597750865051912, "YXYXII": 0.01751730103806229, "IIIXIX": -0.00454152249134948, "IXIXZZ": 0.046712802768166084, "IIYXYX": -0.5663927335640139, "ZIZYIY": 3.469446951953614e-18, "XYXIIY": -0.02335640138408305, "XZXZZZ": -1.3877787807814457e-17, "IZIYZY": -0.005839100346020757, "YZYYZY": -0.07882785467128028, "YZXXZY": -0.1051038062283737, "YXIYXI": -0.005839100346020766, "XYIYIX": 0.0029195501730103768, "ZZXZXZ": -0.05252350588998166, "ZYIYIZ": 0.0029195501730103768, "IIIZIZ": -0.4726427335640138, "YXZZXY": -0.07882785467128026, "IXIXII": 0.04087370242214533, "YYZZYY": 0.1051038062283737, "ZZYYXX": -0.2890354671280277, "YZZZYZ": 0.05255190311418686, "XZYYZX": -0.05255190311418685, "IYXYIX": 0.0, "YYYYYY": -0.2102076124567474, "YZZYZZ": 0.02627595155709342, "IIZZII": 0.7976859861591694, "IIXIXI": -0.006160164271047229, "XIYXYI": -6.938893903907228e-18, "XXXYXY": -0.3941392733564014, "YIYZZI": 0.0, "YYIIXX": -0.20728806228373703, "ZZZYYZ": 0.07882785467128027, "XZXIZI": -0.011678200692041507, "XZYXZY": 0.05255190311418683, "ZZYIIY": -0.026275951557093412, "XYXXXY": 0.05255190311418683, "YXXIYI": 0.00291955017301037, "YYIYYI": -0.008758650519031144, "ZYYZZZ": 0.05255190311418686, "ZIZIII": 0.052551903114186845, "ZXIXZI": 0.0029195501730103768, "ZXXZZZ": -0.02627595155709342, "YIIYYY": 6.938893903907228e-18, "IIXIIX": 0.004217128027681659, "XXIXIX": 0.02043685121107267, "YYYXXY": -0.23648356401384082, "ZXZXZZ": -0.026275951557093433, "YXXYZZ": -0.07882785467128031, "YZZIIY": 0.011678200692041521, "ZXYZXY": 0.052551903114186845, "ZZZZYY": -0.13137975778546712, "ZIZIXX": -0.026275951557093436, "XYIXIY": -0.014589862747217122, "ZXXIIZ": -0.00291955017301037, "ZYZIIY": -0.023356401384083042, "YXYXXX": 0.10504701177996328, "IIIIZZ": 0.9225778546712801, "XXYYXX": 0.4204152249134948, "ZIXXZI": 0.0175173010380623, "ZXXYZY": -0.052551903114186845, "IZIZZZ": -0.11094290657439446, "YYYIYI": 0.008758650519031148, "ZZXIXI": 0.026275951557093433, "YIXIYX": -0.0058391003460207536, "ZZYYII": 0.2481617647058824, "ZXXXZX": -0.07882785467128028, "XXIXXI": 0.0029195501730103837, "ZIIYZY": -0.026275951557093433, "ZZYIYI": -0.0029195501730103733, "ZZIXXI": -0.008758650519031142, "IXXYIY": 0.005839100346020765, "ZZZIZI": 0.21896626297577854, "XYYZXZ": -0.026275951557093433, "XIXIII": 0.014273356401384083, "ZIIIIZ": -0.028222318339100345, "IZZXXI": 0.011678200692041523, "XIIXII": 0.04119809688581315, "ZIYIZY": 0.008758650519031153, "IIZIIZ": -0.430795847750865, "IIIIYY": 0.407439446366782, "XYXYYY": 0.052551903114186865, "YIIZYZ": -0.01751730103806229, "ZIXIZX": -0.0029195501730103837, "XIXZIZ": -0.02335640138408305, "XIXYYI": 0.008753917648330271, "XYZYZX": -0.026275951557093426, "IZIXXZ": -0.005839100346020781, "IZIYYZ": 0.014597750865051912, "IYZYZI": -0.008758650519031144, "IZYYZI": 0.008758650519031155, "ZZXZZX": 0.07882785467128028, "YIZIZY": 0.0058391003460207674, "XYZZXY": -0.13137975778546712, "ZZXXZZ": -0.15765570934256057, "YXXXYX": -0.026275951557093426, "IYIXXY": -0.00875865051903114, "YIYZIZ": -1.734723475976807e-18, "ZZZXXZ": -0.026275951557093433, "YIYXXI": 0.017517301038062285, "IYIXYX": 6.938893903907228e-18, "YXYZXZ": -0.07882785467128028, "IYZIYZ": 3.469446951953614e-18, "YIXXYI": 0.011678200692041524, "YXZZYX": -0.1051038062283737, "ZIXIXZ": 0.02043685121107266, "IYYZZI": -0.0029195501730103733, "XXYXXY": -0.44669117647058826, "XXIIYY": 0.31239186851211076, "XIIYYX": -0.04379325259515571, "IXYXIY": 0.005839100346020771, "ZYYIZI": 0.005839100346020757, "YZZYII": 0.023356401384083045, "XXIIXX": -0.2744377162629758, "YYZZZZ": 0.3678633217993079, "YIZZIY": 0.008758650519031137, "YZYIIZ": 0.011678200692041524, "XZZYYX": 0.0, "XXIZZI": -0.31239186851211076, "YYIIZZ": 0.46128892733564014, "IIXYXY": -0.5809904844290659, "XXXYYX": -0.4204152249134949, "YXIXYI": -0.008758650519031137, "YZIYIZ": 0.02627595155709343, "XXYYYY": -0.3153114186851211, "XIYIXY": 0.008758650519031142, "YIYXIX": 0.014597750865051894, "XZIIZX": 0.00875865051903114, "XZXIIZ": -0.0029195501730103837, "XZXYYZ": 0.026275951557093405, "ZXZXII": -0.011678200692041531, "YXYIXI": -0.008758650519031158, "IIXZZX": -0.01751730103806229, "YXXXXY": -2.7755575615628914e-17, "ZIXXIZ": 0.005839100346020765, "YYYYII": -0.24524221453287195, "YIIIIY": 0.0068122837370242165, "IZIZXX": 0.03503460207612458, "ZXIZXI": 0.011678200692041521, "ZXZXXX": 0.026275951557093405, "YYYXYX": -0.36786332179930803, "IZZIXX": 0.032115051903114186, "YZZXYX": -0.07878525883497245, "XXXXII": 0.2977941176470588, "XXZXZX": 0.052551903114186865, "YIXYXI": 0.011678200692041521, "ZXYXYZ": 0.0, "XYIIYX": -0.11088295687885011, "YXXIIY": 0.02627595155709342, "ZXZYYX": -0.07882785467128031, "YZXZXY": -1.3877787807814457e-17, "IXYXYI": 0.005839100346020757, "XYIXYI": -0.04087370242214533, "YIYIYY": -0.0029195501730103768, "IXZXIZ": -0.020436851211072665, "ZXIXIZ": 0.008758650519031151, "XXYZYZ": 0.0, "YIZYIZ": 0.0029195501730103768, "YZYIZI": 0.011678200692041528, "ZZIIYY": -0.23940311418685123, "YZZYYY": 6.938893903907228e-18, "YIYIXX": -0.0029195501730103837, "YIXYIX": 0.008758650519031146, "XIYXIY": -0.014597750865051908, "XXZZII": 0.5839100346020762, "IIYYZZ": -0.391219723183391, "YYYIIY": 0.020436851211072676, "IIZIZI": -0.3931660899653979, "IZXIXZ": -0.02043685121107266, "ZXYYZX": 0.02627595155709342, "ZIYZIY": 0.0, "XYYXZZ": 0.07882785467128023, "IIYXXY": -0.5809904844290658, "YYIZIZ": -0.2306444636678201,