{"IYYYIY": 0.008758650519031137, "ZZYXYX": 0.3415873702422146, "YXXYII": 0.008758650519031146, "IYIYII": 0.013948961937716262, "YZXYXZ": 0.05255190311418685, "XIZXZI": -0.0029195501730103837, "IIZYZY": -0.008758650519031144, "ZXXXXZ": 6.938893903907228e-18, "XIIXXX": -0.055471453287197235, "IZXIZX": -0.0058391003460207605, "YXZYZX": -6.938893903907228e-18, "IZIZII": -0.1051038062283737, "IYIYXX": -0.0058391003460207605, "ZYZXXY": 0.05255190311418685, "IYIYZZ": 0.032115051903114186, "YYIZZI": -0.17809256055363323, "XIYYIX": -0.00583910034602075, "ZZZYZY": 6.938893903907228e-18, "XXYZZY": -0.026261752944990807, "IZYIYZ": -0.002919550173010363, "IIXYYX": -0.5809904844290658, "IYIZYZ": 0.008758650519031144, "XIZIXZ": -0.00875865051903113, "ZZIYYI": -0.00875865051903114, "ZYZIYI": -0.0058391003460207536, "XXIYIY": 0.011678200692041531, "ZYYZYY": 0.05255190311418686, "YYXXII": 0.2102076124567474, "ZXZYXY": -0.07882785467128028, "YIIYII": 0.00746107266435986, "IYIIYI": 0.004865916955017299, "YIYYIY": -0.014597750865051905, "ZYZYYY": -0.026275951557093433, "IYXYXI": 0.026275951557093433, "XZIZIX": 0.008758650519031139, "YXXZYZ": -0.026275951557093412, "ZZXYXY": 0.23648356401384082, "ZXYYXZ": -0.02627595155709342, "ZYIYZI": -0.011678200692041516, "ZZYYYY": 0.26275951557093424, "IXXIXX": -0.0029195501730103803, "ZYXXZY": 6.938893903907228e-18, "YYZIZI": -0.1956098615916955, "ZIZZZI": -0.0029195501730103837, "ZYXZXY": 0.05255190311418684, "XXZYYZ": 0.07882785467128028, "IZIXZX": 0.008758650519031144, "YYZYZY": -0.02627595155709342, "ZIZIYY": 0.020436851211072665, "IYZYIZ": -0.02627595155709343, "YXYZZX": -0.026275951557093426, "XIXYIY": 0.00875865051903114, "XXZYZY": -0.026275951557093433, "IZZIZZ": -0.05547145328719725, "ZIXZXI": -0.01751730103806228, "IYZIZY": -0.014597750865051898, "IIIIXX": -0.40419550173010377, "ZIZZIZ": -0.03211505190311418, "XZXXZX": -0.07882785467128028, "ZIIZII": 0.07169117647058823, "ZZIZZI": 0.23064446366782007, "IIXXXX": -0.48756487889273353, "ZYZYXX": -0.026275951557093412, "XIYIYX": -0.014597750865051894, "ZYYIIZ": 0.023356401384083042, "ZXYXZY": 0.026261752944990814, "ZZYZZY": 0.052523505889981635, "ZZZIIZ": 0.21896626297577856, "YZIIYZ": 0.014597750865051906, "IYZZYI": 0.0058391003460207674, "IZYZIY": -0.008758650519031151, "IZYYIZ": 0.020436851211072665, "XYZZYX": -0.07882785467128031, "XXXZXZ": -0.026275951557093426, "ZIYZYI": 0.005839100346020771, "IZYIZY": 0.00875865051903114, "XZZZXZ": -0.07882785467128028, "IXXXIX": 0.002919550173010383, "XIXZZI": -0.017517301038062285, "XZIXIZ": -0.023343780395547388, "ZZIYIY": -0.023356401384083056, "ZXIZIX": 0.0029195501730103993, "YXYXII": -0.0029195501730103803, "IIIXIX": -0.0012975778546712798, "IXIXZZ": 0.01167820069204152, "IIYXYX": -0.5955882352941176, "ZIZYIY": 0.0029195501730103803, "XYXIIY": -0.026275951557093433, "XZXZZZ": 0.026275951557093433, "IZIYZY": 0.03503460207612457, "YZYYZY": -0.07882785467128028, "YZXXZY": -0.026275951557093426, "YXIYXI": 0.005839100346020781, "XYIYIX": 0.03503460207612456, "ZZXZXZ": -0.026275951557093426, "ZYIYIZ": -0.014597750865051901, "IIIZIZ": -0.46193771626297575, "YXZZXY": -0.07882785467128028, "IXIXII": 0.033412629757785466, "YYZZYY": 0.23648356401384082, "ZZYYXX": -0.26275951557093424, "YZZZYZ": -0.05255190311418685, "XZYYZX": 0.026275951557093412, "IYXYIX": 0.008758650519031129, "YYYYYY": -0.23648356401384082, "YZZYZZ": 0.0, "IIZZII": 0.7924956747404843, "IIXIXI": 0.002919550173010383, "XIYXYI": 0.04668756079109478, "XXXYXY": -0.44669117647058826, "YIYZZI": -0.008758650519031148, "YYIIXX": -0.17809256055363323, "ZZZYYZ": -0.026275951557093433, "XZXIZI": 0.005835945098886849, "XZYXZY": -0.026275951557093426, "ZZYIIY": 0.0058391003460207674, "XYXXXY": -0.05255190311418685, "YXXIYI": 6.938893903907228e-18, "YYIYYI": -6.938893903907228e-18, "ZYYZZZ": 0.07882785467128028, "ZIZIII": 0.05028114186851211, "ZXIXZI": -0.017517301038062275, "ZXXZZZ": 0.026275951557093412, "YIIYYY": 0.014597750865051908, "IIXIIX": -0.0035683391003460234, "XXIXIX": -0.002917972549443426, "YYYXXY": -0.2102076124567474, "ZXZXZZ": 0.05255190311418686, "YXXYZZ": 0.02627595155709342, "YZZIIY": 0.011671890197773687, "ZXYZXY": -0.052551903114186824, "ZZZZYY": -0.2364835640138408, "ZIZIXX": -0.020436851211072665, "XYIXIY": 0.011678200692041549, "ZXXIIZ": -6.938893903907228e-18, "ZYZIIY": 2.6020852139652106e-18, "YXYXXX": 0.052551903114186865, "IIIIZZ": 0.9206314878892732, "XXYYXX": 0.3415873702422146, "ZIXXZI": 0.017507835296660546, "ZXXYZY": -0.05255190311418686, "IZIZZZ": -0.08466695501730104, "YYYIYI": -0.014597750865051912, "ZZXIXI": 0.011678200692041521, "YIXIYX": 0.008758650519031146, "ZZYYII": 0.2218858131487889, "ZXXXZX": 0.026275951557093447, "XXIXXI": -0.020436851211072672, "ZIIYZY": -0.05255190311418685, "ZZYIYI": -0.0058391003460207536, "ZZIXXI": 0.008758650519031148, "IXXYIY": 0.02627595155709342, "ZZZIZI": 0.22772491349480967, "XYYZXZ": 6.938893903907228e-18, "XIXIII": 0.011353806228373703, "ZIIIIZ": -0.03179065743944637, "IZZXXI": -0.014597750865051913, "XIIXII": 0.038278546712802765, "ZIYIZY": 0.020436851211072662, "IIZIIZ": -0.4278762975778546, "IIIIYY": 0.4012759515570934, "XYXYYY": 0.1051038062283737, "YIIZYZ": 0.0058391003460207605, "ZIXIZX": -0.008758650519031144, "XIXZIZ": 0.011678200692041531, "XIXYYI": -0.008758650519031144, "XYZYZX": 0.07882785467128028, "IZIXXZ": 0.00291955017301039, "IZIYYZ": 0.005839100346020757, "IYZYZI": -0.011678200692041507, "IZYYZI": -0.005835945098886852, "ZZXZZX": -0.02626175294499082, "YIZIZY": 0.008758650519031144, "XYZZXY": -0.07882785467128028, "ZZXXZZ": -0.13137975778546712, "YXXXYX": -0.05255190311418686, "IYIXXY": -0.04379325259515572, "YIYZIZ": 6.938893903907228e-18, "ZZZXXZ": 0.05255190311418684, "YIYXXI": -0.002919550173010387, "IYIXYX": -0.0058391003460207674, "YXYZXZ": 0.0, "IYZIYZ": 0.002919550173010384, "YIXXYI": 0.0058391003460207674, "YXZZYX": 0.02627595155709342, "ZIXIXZ": 0.011678200692041524, "IYYZZI": 0.0029195501730103733, "XXYXXY": -0.3415873702422146, "XXIIYY": 0.27443771626297575, "XIIYYX": -0.043793252595155714, "IXYXIY": -0.0029195501730103768, "ZYYIZI": -0.005839100346020747, "YZZYII": 0.011678200692041521, "XXIIXX": -0.291955017301038, "YYZZZZ": 0.31531141868512114, "YIZZIY": -0.0058391003460207536, "YZYIIZ": -0.014597750865051898, "XZZYYX": -0.052551903114186865, "XXIZZI": -0.2861159169550173, "YYIIZZ": 0.46712802768166095, "IIXYXY": -0.5722318339100346, "XXXYYX": -0.5517949826989619, "YXIXYI": -0.00875865051903114, "YZIYIZ": -0.00875865051903114, "XXYYYY": -0.3415873702422146, "XIYIXY": 0.017517301038062285, "YIYXIX": -0.002919550173010375, "XZIIZX": -0.008758650519031151, "XZXIIZ": -0.011678200692041518, "XZXYYZ": -0.05255190311418683, "ZXZXII": -0.017507835296660543, "YXYIXI": -0.0029195501730103733, "IIXZZX": 0.023356401384083042, "YXXXXY": -0.07882785467128028, "ZIXXIZ": 0.014597750865051908, "YYYYII": -0.20144896193771628, "YIIIIY": -0.0009731833910034612, "IZIZXX": 0.058391003460207605, "ZXIZXI": -0.011678200692041528, "ZXZXXX": -0.026275951557093433, "YYYXYX": -0.23648356401384082, "IZZIXX": 0.03211505190311419, "YZZXYX": 0.0, "XXXXII": 0.3182309688581315, "XXZXZX": -0.07882785467128028, "YIXYXI": -0.02042580784610397, "ZXYXYZ": -2.7755575615628914e-17, "XYIIYX": -0.11970155709342561, "YXXIIY": 3.469446951953614e-18, "ZXZYYX": -0.05252350588998163, "YZXZXY": 0.05255190311418686, "IXYXYI": 0.029195501730103806, "XYIXYI": 0.023356401384083052, "YIYIYY": 0.04087370242214533, "IXZXIZ": -0.011678200692041521, "ZXIXIZ": -0.00291955017301037, "XXYZYZ": 0.0, "YIZYIZ": -0.04087370242214533, "YZYIZI": 3.469446951953614e-18, "ZZIIYY": -0.23648356401384085, "YZZYYY": -0.052551903114186886, "YIYIXX": 0.026275951557093422, "YIXYIX": 0.037954152249134954, "XIYXIY": -0.0058391003460207605, "XXZZII": 0.5693122837370242, "IIYYZZ": -0.43501297577854675, "YYYIIY": 6.938893903907228e-18, "IIZIZI": -0.3951124567474048, "IZXIXZ": 0.014597750865051905, "ZXYYZX": -2.0816681711721685e-17,