{"IYYYIY": -0.023356401384083042, "ZZYXYX": 0.26275951557093424, "YXXYII": -0.008758650519031127, "IYIYII": 0.0194636678200692, "YZXYXZ": 6.938893903907228e-18, "XIZXZI": -0.014597750865051905, "IIZYZY": 0.005839100346020766, "ZXXXXZ": -0.02627595155709342, "XIIXXX": 0.005839100346020757, "IZXIZX": -0.023356401384083042, "YXZYZX": -0.026275951557093412, "IZIZII": -0.09569636678200691, "IYIYXX": -0.014597750865051908, "ZYZXXY": 0.05255190311418683, "IYIYZZ": 0.00291955017301037, "YYIZZI": -0.20728806228373703, "XIYYIX": 0.017517301038062285, "ZZZYZY": -0.02627595155709344, "XXYZZY": -0.05255190311418686, "IZYIYZ": -0.017517301038062275, "IIXYYX": -0.598507785467128, "IYIZYZ": -0.011678200692041507, "XIZIXZ": -0.005839100346020757, "ZZIYYI": 0.011678200692041521, "ZYZIYI": -0.008753917648330257, "XXIYIY": 0.008758650519031137, "ZYYZYY": 0.05255190311418686, "YYXXII": 0.21604671280276816, "ZXZYXY": -0.05255190311418685, "YIIYII": 0.006163494809688581, "IYIIYI": 0.011353806228373701, "YIYYIY": 0.005839100346020764, "ZYZYYY": -0.05255190311418686, "IYXYXI": 0.01459775086505189, "XZIZIX": -0.005839100346020757, "YXXZYZ": -0.05255190311418686, "ZZXYXY": 0.3678633217993079, "ZXYYXZ": 6.938893903907228e-18, "ZYIYZI": 0.011678200692041521, "ZZYYYY": 0.26275951557093424, "IXXIXX": 0.0058391003460207605, "ZYXXZY": 0.0, "YYZIZI": -0.17799632551604885, "ZIZZZI": -0.023356401384083042, "ZYXZXY": 0.05255190311418686, "XXZYYZ": -0.026275951557093426, "IZIXZX": 0.03211505190311418, "YYZYZY": 0.07882785467128028, "ZIZIYY": 0.011678200692041514, "IYZYIZ": -0.0058391003460207674, "YXYZZX": -0.05255190311418686, "XIXYIY": -0.014597750865051905, "XXZYZY": 0.026275951557093433, "IZZIZZ": -0.0934256055363322, "ZIXZXI": 0.0029195501730103837, "IYZIZY": 0.008753917648330278, "IIIIXX": -0.3931660899653979, "ZIZZIZ": -0.037954152249134954, "XZXXZX": 0.05255190311418685, "ZIIZII": 0.07521884794120826, "ZZIZZI": 0.18977076124567477, "IIXXXX": -0.4671280276816609, "ZYZYXX": 0.026275951557093433, "XIYIYX": 0.008758650519031137, "ZYYIIZ": 0.01751730103806229, "ZXYXZY": 0.026275951557093412, "ZZYZZY": 0.05255190311418683, "ZZZIIZ": 0.2423226643598616, "YZIIYZ": 0.008758650519031148, "IYZZYI": 0.0029195501730103855, "IZYZIY": 0.01751730103806229, "IZYYIZ": 0.014597750865051903, "XYZZYX": -0.15765570934256054, "XXXZXZ": -0.026275951557093433, "ZIYZYI": -0.011678200692041528, "IZYIZY": 0.011678200692041533, "XZZZXZ": -0.026275951557093433, "IXXXIX": 0.014597750865051919, "XIXZZI": -0.014597750865051913, "XZIXIZ": -0.032115051903114186, "ZZIYIY": 0.008758650519031148, "ZXIZIX": 0.032115051903114186, "YXYXII": 0.017517301038062278, "IIIXIX": 0.0058391003460207605, "IXIXZZ": 0.032115051903114186, "IIYXYX": -0.5576340830449827, "ZIZYIY": 0.005839100346020759, "XYXIIY": -0.011678200692041535, "XZXZZZ": 0.026275951557093426, "IZIYZY": 0.023343780395547395, "YZYYZY": 0.052551903114186886, "YZXXZY": 0.05255190311418686, "YXIYXI": 0.0, "XYIYIX": 0.03503460207612456, "ZZXZXZ": 0.0, "ZYIYIZ": 0.0029195501730103907, "IIIZIZ": -0.4664792387543253, "YXZZXY": 0.05255190311418686, "IXIXII": 0.0421712802768166, "YYZZYY": 0.13137975778546712, "ZZYYXX": -0.2102076124567474, "YZZZYZ": 0.02626175294499082, "XZYYZX": 0.0, "IYXYIX": 0.01751730103806228, "YYYYYY": -0.26275951557093424, "YZZYZZ": -0.10510380622837368, "IIZZII": 0.7999567474048441, "IIXIXI": 0.013948961937716262, "XIYXYI": 0.05255190311418685, "XXXYXY": -0.4729671280276817, "YIYZZI": -0.02335640138408305, "YYIIXX": -0.1985294117647059, "ZZZYYZ": -6.938893903907228e-18, "XZXIZI": -0.02627595155709343, "XZYXZY": 0.052551903114186845, "ZZYIIY": 0.014597750865051912, "XYXXXY": 6.938893903907228e-18, "YXXIYI": 0.023343780395547388, "YYIYYI": 0.020436851211072672, "ZYYZZZ": -0.052551903114186886, "ZIZIII": 0.047037197231833916, "ZXIXZI": 0.02042580784610397, "ZXXZZZ": -0.026275951557093433, "YIIYYY": -0.011678200692041526, "IIXIIX": 0.0019463667820069173, "XXIXIX": 0.0029195501730103855, "YYYXXY": -0.28903546712802763, "ZXZXZZ": -0.026275951557093412, "YXXYZZ": -0.026261752944990814, "YZZIIY": 0.03503460207612458, "ZXYZXY": 0.10510380622837368, "ZZZZYY": -0.15765570934256057, "ZIZIXX": -0.026275951557093433, "XYIXIY": 0.002919550173010389, "ZXXIIZ": 0.008758650519031137, "ZYZIIY": -0.014597750865051905, "YXYXXX": -0.05255190311418685, "IIIIZZ": 0.9203070934256053, "XXYYXX": 0.3151410353398898, "ZIXXZI": 0.0, "ZXXYZY": 0.052551903114186845, "IZIZZZ": -0.1051038062283737, "YYYIYI": -0.026275951557093426, "ZZXIXI": 0.011678200692041535, "YIXIYX": -0.02919550173010381, "ZZYYII": 0.22772491349480972, "ZXXXZX": -0.052551903114186845, "XXIXXI": -0.020436851211072665, "ZIIYZY": -0.03211505190311419, "ZZYIYI": -0.0029195501730103803, "ZZIXXI": -0.00583910034602074, "IXXYIY": -0.011678200692041528, "ZZZIZI": 0.22772491349480972, "XYYZXZ": -0.07882785467128028, "XIXIII": 0.019139273356401386, "ZIIIIZ": -0.027897923875432523, "IZZXXI": 0.014597750865051908, "XIIXII": 0.047037197231833916, "ZIYIZY": 0.04963235294117646, "IIZIIZ": -0.43079584775086505, "IIIIYY": 0.4129541522491349, "XYXYYY": 0.026275951557093433, "YIIZYZ": 0.008758650519031144, "ZIXIZX": -0.011678200692041526, "XIXZIZ": -0.0029195501730103837, "XIXYYI": 0.02043685121107266, "XYZYZX": -0.026275951557093426, "IZIXXZ": 0.035034602076124584, "IZIYYZ": 0.005835945098886849, "IYZYZI": -0.017517301038062278, "IZYYZI": 0.01751730103806228, "ZZXZZX": 0.02626175294499082, "YIZIZY": -0.0029195501730103785, "XYZZXY": -0.07882785467128028, "ZZXXZZ": -0.183931660899654, "YXXXYX": -6.938893903907228e-18, "IYIXXY": -0.04085161569220794, "YIYZIZ": 0.01751730103806229, "ZZZXXZ": -6.938893903907228e-18, "YIYXXI": -0.008753917648330261, "IYIXYX": -0.029195501730103806, "YXYZXZ": 0.026275951557093433, "IYZIYZ": -0.02335640138408305, "YIXXYI": 0.011678200692041524, "YXZZYX": -0.13137975778546712, "ZIXIXZ": -3.469446951953614e-18, "IYYZZI": -0.0029195501730103837, "XXYXXY": -0.4204152249134948, "XXIIYY": 0.2861159169550173, "XIIYYX": -0.029195501730103816, "IXYXIY": -0.005839100346020757, "ZYYIZI": -0.0029195501730103794, "YZZYII": -0.014597750865051903, "XXIIXX": -0.28903546712802775, "YYZZZZ": 0.3678633217993079, "YIZZIY": -0.01751730103806229, "YZYIIZ": 0.029195501730103792, "XZZYYX": 0.05255190311418686, "XXIZZI": -0.29195501730103807, "YYIIZZ": 0.46712802768166095, "IIXYXY": -0.589749134948097, "XXXYYX": -0.49924307958477515, "YXIXYI": -0.008758650519031144, "YZIYIZ": -0.01751730103806228, "XXYYYY": -0.42041522491349476, "XIYIXY": -0.032115051903114186, "YIYXIX": 0.005839100346020771, "XZIIZX": -0.0029195501730103716, "XZXIIZ": -0.014597750865051908, "XZXYYZ": -0.026275951557093433, "ZXZXII": -0.0029195501730103837, "YXYIXI": -0.005839100346020757, "IIXZZX": 0.014597750865051912, "YXXXXY": 6.938893903907228e-18, "ZIXXIZ": -0.0029195501730103837, "YYYYII": -0.20728806228373703, "YIIIIY": 0.007136678200692043, "IZIZXX": 0.049632352941176475, "ZXIZXI": 0.002919550173010389, "ZXZXXX": 0.0, "YYYXYX": -0.2627595155709342, "IZZIXX": 0.05547145328719724, "YZZXYX": 0.05255190311418685, "XXXXII": 0.3474264705882353, "XXZXZX": -0.026275951557093426, "YIXYXI": 0.023356401384083056, "ZXYXYZ": 0.052523505889981635, "XYIIYX": -0.13137975778546712, "YXXIIY": -0.008758650519031137, "ZXZYYX": -0.026275951557093426, "YZXZXY": 0.13137975778546718, "IXYXYI": 0.029195501730103806, "XYIXYI": 0.03503460207612457, "YIYIYY": 0.02919550173010381, "IXZXIZ": -0.008758650519031144, "ZXIXIZ": 0.023356401384083042, "XXYZYZ": 0.0, "YIZYIZ": 0.005839100346020761, "YZYIZI": 0.023356401384083045, "ZZIIYY": -0.21020761245674743, "YZZYYY": -0.026275951557093433, "YIYIXX": 0.011678200692041523, "YIXYIX": -0.0029195501730103803, "XIYXIY": 0.011678200692041518, "XXZZII": 0.5663927335640139, "IIYYZZ": -0.3941392733564014, "YYYIIY": -0.0029195501730103837, "IIZIZI": -0.39024653979238755, "IZXIXZ": 0.014597750865051908, "ZXYYZX": -0.026275951557093412, "ZIYZIY": -0.02627595155709343, "XYYXZZ": 0.2102076124567474, "IIYXXY": -0.5663927335640138,