{"IYYYIY": 0.0029195501730103816, "ZZYXYX": 0.3153114186851212, "YXXYII": 0.0058391003460207536, "IYIYII": 0.016868512110726642, "YZXYXZ": 6.938893903907228e-18, "XIZXZI": 0.008758650519031148, "IIZYZY": 0.023343780395547374, "ZXXXXZ": 6.938893903907228e-18, "XIIXXX": -0.023356401384083052, "IZXIZX": -0.00291955017301037, "YXZYZX": 0.026275951557093433, "IZIZII": -0.10542820069204152, "IYIYXX": -0.005839100346020764, "ZYZXXY": 0.10510380622837373, "IYIYZZ": 0.01751730103806228, "YYIZZI": -0.19550416081270938, "XIYYIX": 0.014597750865051898, "ZZZYZY": 6.938893903907228e-18, "XXYZZY": -0.05255190311418686, "IZYIYZ": -0.01751730103806229, "IIXYYX": -0.5751513840830449, "IYIZYZ": -0.026275951557093433, "XIZIXZ": -0.008758650519031144, "ZZIYYI": 0.011678200692041535, "ZYZIYI": 0.0058391003460207605, "XXIYIY": -0.032115051903114186, "ZYYZYY": 0.02627595155709342, "YYXXII": 0.22188581314878894, "ZXZYXY": -0.05255190311418685, "YIIYII": 0.011678200692041521, "IYIIYI": 0.01654411764705882, "YIYYIY": -0.01751730103806229, "ZYZYYY": 0.02627595155709339, "IYXYXI": 0.02919550173010381, "XZIZIX": -0.03503460207612458, "YXXZYZ": -0.05252350588998166, "ZZXYXY": 0.3676645412298714, "ZXYYXZ": 0.026275951557093433, "ZYIYZI": 0.002919550173010375, "ZZYYYY": 0.2890354671280277, "IXXIXX": -0.0029195501730103768, "ZYXXZY": 0.052551903114186845, "YYZIZI": -0.1985294117647059, "ZIZZZI": -0.011678200692041514, "ZYXZXY": -0.1051038062283737, "XXZYYZ": -0.026275951557093412, "IZIXZX": -0.026275951557093426, "YYZYZY": 0.1051038062283737, "ZIZIYY": 0.03503460207612458, "IYZYIZ": 0.023356401384083042, "YXYZZX": 0.026275951557093433, "XIXYIY": -0.011678200692041514, "XXZYZY": 0.026275951557093426, "IZZIZZ": -0.07590830449826987, "ZIXZXI": 0.03503460207612456, "IYZIZY": 0.0, "IIIIXX": -0.40387110726643594, "ZIZZIZ": -0.011678200692041535, "XZXXZX": 0.05255190311418686, "ZIIZII": 0.07136678200692041, "ZZIZZI": 0.21604671280276816, "IIXXXX": -0.4758866782006921, "ZYZYXX": 0.026275951557093426, "XIYIYX": 1.3877787807814457e-17, "ZYYIIZ": -0.026275951557093426, "ZXYXZY": -0.026275951557093433, "ZZYZZY": -0.026275951557093433, "ZZZIIZ": 0.22480536332179932, "YZIIYZ": -0.00875865051903114, "IYZZYI": 0.011671890197773708, "IZYZIY": 0.014597750865051905, "IZYYIZ": -0.0029195501730103837, "XYZZYX": -0.07882785467128031, "XXXZXZ": 0.07882785467128028, "ZIYZYI": -0.005839100346020774, "IZYIZY": -0.008758650519031144, "XZZZXZ": 0.07882785467128028, "IXXXIX": -0.020436851211072672, "XIXZZI": -0.01459775086505189, "XZIXIZ": -0.0058391003460207536, "ZZIYIY": 0.01751730103806228, "ZXIZIX": 0.03211505190311417, "YXYXII": -0.005839100346020747, "IIIXIX": 0.003892733564013839, "IXIXZZ": 0.05255190311418686, "IIYXYX": -0.5809904844290659, "ZIZYIY": 0.0029195501730103768, "XYXIIY": -0.011678200692041524, "XZXZZZ": 0.026275951557093433, "IZIYZY": 3.469446951953614e-18, "YZYYZY": -0.026275951557093433, "YZXXZY": -0.05255190311418685, "YXIYXI": -0.0058391003460207536, "XYIYIX": 0.0, "ZZXZXZ": 0.026275951557093426, "ZYIYIZ": -1.0408340855860843e-17, "IIIZIZ": -0.4690743944636678, "YXZZXY": -0.07882785467128027, "IXIXII": 0.025627162629757783, "YYZZYY": 0.2100940235599265, "ZZYYXX": -0.23648356401384082, "YZZZYZ": 0.026275951557093433, "XZYYZX": -0.026275951557093426, "IYXYIX": 0.023356401384083035, "YYYYYY": -0.2102076124567474, "YZZYZZ": 0.0, "IIZZII": 0.7989835640138407, "IIXIXI": 0.005514705882352939, "XIYXYI": 0.032115051903114186, "XXXYXY": -0.4729671280276817, "YIYZZI": -0.0058391003460207605, "YYIIXX": -0.19560986159169552, "ZZZYYZ": 0.026275951557093426, "XZXIZI": -0.0058391003460207674, "XZYXZY": 0.0, "ZZYIIY": 1.3877787807814457e-17, "XYXXXY": -0.026261752944990828, "YXXIYI": -0.0029195501730103768, "YYIYYI": 0.008758650519031137, "ZYYZZZ": -0.07878525883497245, "ZIZIII": 0.040224913494809694, "ZXIXZI": 0.00875865051903113, "ZXXZZZ": -0.052551903114186865, "YIIYYY": -0.017517301038062278, "IIXIIX": -0.0051903114186851226, "XXIXIX": -0.0029195501730103837, "YYYXXY": -0.26275951557093424, "ZXZXZZ": 6.938893903907228e-18, "YXXYZZ": -0.05255190311418684, "YZZIIY": -0.02043685121107267, "ZXYZXY": -0.026275951557093426, "ZZZZYY": -0.183931660899654, "ZIZIXX": -0.020436851211072665, "XYIXIY": -0.011678200692041535, "ZXXIIZ": -0.005839100346020747, "ZYZIIY": 0.008758650519031148, "YXYXXX": -0.10510380622837368, "IIIIZZ": 0.9160899653979236, "XXYYXX": 0.3415873702422145, "ZIXXZI": 0.043793252595155714, "ZXXYZY": -0.05255190311418686, "IZIZZZ": -0.10510380622837372, "YYYIYI": 0.0029195501730103768, "ZZXIXI": 6.938893903907228e-18, "YIXIYX": 0.0029195501730103803, "ZZYYII": 0.21604671280276816, "ZXXXZX": 0.02627595155709342, "XXIXXI": 0.026275951557093412, "ZIIYZY": 0.005839100346020759, "ZZYIYI": -0.0029195501730103803, "ZZIXXI": 0.005839100346020761, "IXXYIY": 0.0029195501730103768, "ZZZIZI": 0.1810121107266436, "XYYZXZ": -0.07882785467128028, "XIXIII": 0.014597750865051903, "ZIIIIZ": -0.030817474048442907, "IZZXXI": 0.008758650519031148, "XIIXII": 0.04119809688581314, "ZIYIZY": 0.0029195501730103837, "IIZIIZ": -0.42861774559602284, "IIIIYY": 0.3960856401384083, "XYXYYY": -0.052523505889981635, "YIIZYZ": -0.0058391003460207605, "ZIXIZX": -0.014597750865051901, "XIXZIZ": -0.017517301038062285, "XIXYYI": -0.02919550173010382, "XYZYZX": -6.938893903907228e-18, "IZIXXZ": -0.023356401384083056, "IZIYYZ": 0.01751730103806229, "IYZYZI": 0.017517301038062278, "IZYYZI": 0.02627595155709343, "ZZXZZX": -0.05255190311418686, "YIZIZY": 0.008758650519031144, "XYZZXY": -0.1051038062283737, "ZZXXZZ": -0.23648356401384082, "YXXXYX": -0.052551903114186865, "IYIXXY": -0.0029195501730103768, "YIYZIZ": -0.023356401384083045, "ZZZXXZ": 0.07882785467128026, "YIYXXI": -0.002917972549443419, "IYIXYX": -0.014597750865051898, "YXYZXZ": 0.026275951557093426, "IYZIYZ": -0.01751730103806229, "YIXXYI": 0.020436851211072662, "YXZZYX": 0.02627595155709342, "ZIXIXZ": 0.005835945098886849, "IYYZZI": 0.008758650519031148, "XXYXXY": -0.4992430795847752, "XXIIYY": 0.2627595155709343, "XIIYYX": -0.023356401384083028, "IXYXIY": -0.005839100346020759, "ZYYIZI": -0.01751730103806228, "YZZYII": -0.005839100346020764, "XXIIXX": -0.30363321799307963, "YYZZZZ": 0.28903546712802763, "YIZZIY": -0.0029195501730103803, "YZYIIZ": 0.008758650519031144, "XZZYYX": -0.026275951557093433, "XXIZZI": -0.3328287197231834, "YYIIZZ": 0.44085207612456745, "IIXYXY": -0.5780709342560555, "XXXYYX": -0.44669117647058826, "YXIXYI": -0.0029195501730103837, "YZIYIZ": 0.011678200692041512, "XXYYYY": -0.367863321799308, "XIYIXY": -0.020436851211072662, "YIYXIX": -0.002919550173010376, "XZIIZX": 0.011678200692041524, "XZXIIZ": 0.011678200692041524, "XZXYYZ": 0.05255190311418685, "ZXZXII": 0.01751730103806229, "YXYIXI": -0.008758650519031151, "IIXZZX": 0.02043685121107266, "YXXXXY": 0.05255190311418685, "ZIXXIZ": 0.02627595155709343, "YYYYII": -0.20728806228373703, "YIIIIY": 0.008109861591695501, "IZIZXX": 0.07298875432525952, "ZXIZXI": -1.3877787807814457e-17, "ZXZXXX": 0.0, "YYYXYX": -0.21020761245674738, "IZZIXX": 0.014597750865051901, "YZZXYX": -0.026275951557093426, "XXXXII": 0.3357482698961938, "XXZXZX": 0.026275951557093433, "YIXYXI": -0.017517301038062285, "ZXYXYZ": 0.07882785467128028, "XYIIYX": -0.1342993079584775, "YXXIIY": 0.032115051903114186, "ZXZYYX": 6.938893903907228e-18, "YZXZXY": -2.7755575615628914e-17, "IXYXYI": 0.01751730103806229, "XYIXYI": -0.011678200692041514, "YIYIYY": 0.02919550173010381, "IXZXIZ": 0.0, "ZXIXIZ": -0.0029195501730103837, "XXYZYZ": 0.05255190311418685, "YIZYIZ": -0.011678200692041535, "YZYIZI": -0.00875865051903115, "ZZIIYY": -0.20144896193771628, "YZZYYY": 2.0816681711721685e-17, "YIYIXX": 0.023356401384083042, "YIXYIX": 0.026275951557093433, "XIYXIY": -0.029195501730103803, "XXZZII": 0.5693122837370241, "IIYYZZ": -0.3970588235294118, "YYYIIY": -0.011678200692041521, "IIZIZI": -0.38505622837370246, "IZXIXZ": -0.0029195501730103803, "ZXYYZX": -0.026275951557093433, "ZIYZIY": -0.03211505190311419, "XYYXZZ": 0.15765570934256057,