{"XIXXIX": -0.014642744158720116, "YXXYII": -0.007321372079360063, "IIXXYY": 0.508835359515524, "YZZYII": -0.021959154165913614, "XYIYXI": 0.0036606860396800334, "ZXYXZY": 1.3877787807814457e-17, "IIIYIY": 0.0, "IIZYYZ": -0.018303430198400146, "YYZZZZ": 0.39535409228544316, "XZXZYY": -0.03294617435712026, "XZZXII": 0.01464274415872012, "YIXIYX": -0.02928548831744024, "ZZXYXY": 0.3294617435712026, "XZXIIZ": 0.0036606860396800195, "ZYZYII": -0.003660686039680016, "ZZYIIY": -0.0036606860396800334, "YXIYXI": -0.01464274415872012, "XZZYYX": -0.06589234871424052, "ZXYYXZ": -0.03294617435712026, "XXIXIX": -0.03660686039680029, "YIZIZY": 0.0036606860396800195, "YZYYYZ": -0.09883852307136078, "XYXXXY": -0.06589234871424052, "YYZZII": 0.38803272020608304, "XXIIZZ": 0.6589234871424052, "YIYIII": 0.005694400506168935, "IYXYXI": -0.010982058119040076, "IYIZZY": -0.0036606860396800334, "YXZZYX": -0.13178469742848103, "IYYZIZ": -0.03294617435712025, "XXXXZZ": 0.3953540922854431, "XZZYXY": -0.06587746249774082, "ZZXZXZ": 0.0, "IZZYIY": 0.01098205811904008, "IIZZYY": 0.3294617435712026, "YXIXIY": -0.01830343019840015, "ZYYZXX": 0.06589234871424052, "ZIXXZI": 0.018303430198400146, "YYYYXX": 0.19767704614272155, "IZZIYY": -0.01830343019840014, "XYXIIY": 0.007321372079360065, "IZYZIY": -0.018303430198400146, "YYXZXZ": 0.13178469742848103, "YZYIZI": 0.0036606860396800316, "IIIIII": 0.9999999999999998, "YZZXXY": 0.03294617435712026, "IYXIYX": -0.021964116238080172, "YZYZZZ": -0.06589234871424052, "XXZYYZ": -0.09883852307136078, "IYYXIX": 0.0036606860396800264, "XXIIII": 0.7191214353504769, "IYZIYZ": 0.010982058119040086, "IYXXYI": 0.03660686039680029, "XZZXZZ": 0.0, "XZXZXX": 0.06589234871424052, "YYXIIX": -0.014642744158720116, "IZIZZZ": -0.09151715099200072, "ZZIIZZ": -0.4795498711980838, "XZIZXI": 0.010982058119040083, "ZXZIIX": -0.04758891851584039, "ZZZYYZ": 0.09883852307136072, "XIYXYI": 0.014642744158720116, "YIIIYI": 0.007728114972657841, "ZZXIXI": -0.025624802277760202, "ZYZXXY": 0.0, "XIIIXI": 0.020743887558186833, "ZIXXIZ": 0.025624802277760213, "XXXZXZ": 0.0, "XXIZZI": -0.3294617435712026, "YYZYZY": -0.06589234871424052, "IYXYIX": 0.014642744158720106, "XXXZZX": -0.03294617435712026, "IIXYYX": -0.5966918244678449, "YIYIXX": -0.010982058119040097, "XZYZYX": 0.0, "YIXYXI": -0.0036606860396800264, "ZIYYIZ": 0.025624802277760206, "IZXZXI": -0.00732137207936006, "YZXXYZ": -0.06589234871424052, "ZZZZXX": 0.2964485812398337, "ZYIIYZ": -0.01098205811904009, "ZZYYZZ": 0.1647308717856013, "IIXXZZ": 0.42463958060288337, "YYXXII": 0.21598047634112172, "YXYIIX": 0.04026754643648031, "XZZXYY": -0.032938731248870375, "XYYXZZ": 0.09883852307136078, "XXXIXI": 0.03660686039680029, "YYYIIY": 0.01464274415872012, "XYXXYX": 0.0, "XXIIYY": 0.2745514529760022, "XYYYXY": 0.03294617435712026, "XYYIXI": -0.007321372079360058, "ZZYYII": 0.23428390653952186, "IYYIXX": -0.014642744158720113, "YZZIYI": 1.734723475976807e-18, "YXXZYZ": 2.7755575615628914e-17, "IYIYYY": 0.010982058119040086, "XZYYXZ": -0.13178469742848103, "XXXIIX": 3.469446951953614e-18, "YIIYII": 0.0024404573597866797, "XZIZIX": -0.01829929513826134, "ZXZYYX": 0.032938731248870444, "IIZIZI": -0.3961675780720387, "IYYYIY": -0.0036606860396800195, "ZXYYZX": 0.09883852307136072, "XYIYIX": -0.007321372079360055, "XXZZXX": -0.1647308717856013, "XYYXXX": -0.2306232204998418, "YYYXXY": -0.23062322049984185, "ZXZXYY": 0.13178469742848103, "XZZZZX": 0.0, "XZIXIZ": 0.0036606860396800334, "YIXXYI": -0.02196411623808017, "IXIYYX": -0.025624802277760202, "YZYXXZ": 0.06589234871424052, "IYIXXY": -0.05491029059520043, "XXXXII": 0.3221403714918426, "ZXYZXY": 0.0, "XYZZXY": -0.09883852307136078, "IXXYIY": 0.007321372079360053, "ZIIIZI": -0.0020337144664889038, "IZZXXI": 0.014642744158720106, "ZXXXZX": -0.09883852307136078, "YXXZZY": -0.03294617435712026, "IYZZYI": -0.003660686039680028, "ZZXXII": -0.22330184842048179, "ZIXZXI": 0.0036606860396800334, "ZIXZIX": -0.007321372079360061, "YYYYZZ": -0.09883852307136078, "YZZXYX": -0.06589234871424052, "ZZXXXX": 0.3624079179283229, "ZIZIYY": 0.04758891851584039, "YYYZYZ": -0.03294617435712026, "ZIZXIX": -0.007321372079360053, "YYZZXX": -0.13178469742848103, "ZIZYYI": -0.010982058119040083, "ZXZXII": 0.014642744158720116, "XIIZZX": -0.01098205811904008, "XXZZYY": 0.09883852307136078, "ZIXIXZ": -0.01464274415872012, "XZXYYZ": -0.03294617435712026, "YXZXYZ": -0.06589234871424052, "XIXIYY": 0.0256248022777602, "XXZIZI": -0.2891941971347223, "XIZXZI": 0.007321372079360067, "XIYIXY": 0.00732137207936006, "ZZXYYX": 0.3624079179283229, "ZYIYZI": -0.0036606860396800256, "ZZYZYZ": -0.03294617435712026, "IXIXXX": -0.029285488317440232, "YXYXYY": -0.03294617435712026, "YYIZZI": -0.2269625344601618, "IZXXZI": -0.025624802277760192, "IXZZXI": 6.938893903907228e-18, "XXYYYY": -0.42830026664256343, "YZYZII": -0.018299295138261337, "YIXXIY": -0.02928548831744023, "IIYIYI": 0.00894834365255118, "ZZIXXI": -0.010982058119040078, "XXXXXX": -0.3294617435712026, "YYXXYY": 0.26356939485696207, "ZZZZYY": -0.19767704614272152, "IIYYYY": -0.48321055723776385, "IZYYZI": 0.014642744158720118, "ZIZZIZ": -0.058570976634880464, "YIYIYY": -3.469446951953614e-18, "ZZZIZI": 0.23062322049984185, "IZIXXZ": 0.01830343019840014, "YXIIXY": 0.0036606860396800264, "YYIIII": 0.48524427170425266, "IZXXIZ": 0.018303430198400143, "YXIIYX": -0.036606860396800285, "IIXXXX": -0.49053192931712386, "ZXXIIZ": 0.0036606860396800334, "XIXIXX": 0.007321372079360063, "YXXYZZ": 0.0, "XXIIXX": -0.2891941971347223, "IIIZIZ": -0.46246666967957695, "YIZYZI": 0.029285488317440232, "IZYYIZ": -0.0256248022777602, "YZZYZZ": -0.06589234871424052, "XYXZYZ": -0.03294617435712026, "ZIIIIZ": -0.03334538225194288, "IXYIYX": -0.007321372079360067, "IIXYXY": -0.5820490803091247, "IZZYYI": -0.014642744158720113, "YXYYYX": -0.03294617435712026, "ZYZIYI": 0.00732137207936006, "XZXZII": -0.0036606860396800264, "XXYIIY": 0.010982058119040086, "XIIIIX": 0.0, "IXIIXI": 0.021964116238080176, "YXXXYX": 0.03294617435712026, "IZYZYI": -0.0036606860396800264, "ZZYXXY": 0.23062322049984185, "ZXXYYZ": -0.13175492499548164, "ZYYZZZ": -0.03294617435712026, "XXIXXI": 0.032946174357120266, "IYIYZZ": 0.0036606860396800264, "IXIXII": 0.03782708907669363, "YZXXZY": 0.13178469742848103, "IXXZZI": -0.010982058119040088, "ZZIZZI": 0.2269625344601618, "YYYZZY": -0.09883852307136078, "IXYYIX": -0.00732137207936006, "XIZZIX": -0.04026754643648032, "XXIYIY": -0.029285488317440236, "ZZZZZZ": -0.39535409228544316, "XIXYYI": 0.021964116238080176, "IIZYZY": -0.007321372079360061, "ZZZIIZ": 0.25624802277760206, "ZIZYIY": 0.01098205811904009, "YIXIXY": -0.01464274415872011, "XXZIIZ": -0.3221403714918426, "IIIIXX": -0.393727120712252, "ZYYYYZ": -0.03294617435712026, "IXXZIZ": 0.003660686039680037, "IXXIZZ": 0.01098205811904008, "YYYYII": -0.1757129299046414, "XXZZZZ": 0.5271387897139241, "YZYYZY": 0.13178469742848103, "ZYIZYI": 0.0036606860396800334, "IZIZII": -0.10005875175125414, "XZXZZZ": 0.03294617435712026, "ZZXZZX": -0.09883852307136078, "ZIYZYI": 5.204170427930421e-18, "XIXIZZ": 0.018303430198400132, "IZIYYZ": 0.010982058119040083, "IIIXXI": 0.0048809147195733715, "IYYIII": 0.015049487052017899, "XIXIII": 0.027658516744249108, "ZXZXXX": 0.03293873124887043, "XIIYXY": -0.0622316626745605, "IYYIYY": -0.0036606860396800195, "IIZXXZ": -0.0036606860396800472, "YYIIZZ": 0.44660369684096357, "XIZIXZ": -0.0036606860396800195, "YIYXXI": 0.010982058119040093, "IXZXZI": -0.00732137207936006, "YZIYIZ": 0.007321372079360058, "YYIIXX": -0.1939725284655702, "IYIYXX": 0.0036606860396800334, "IZIZXX": 0.08053509287296064, "IIYXXY": -0.5710670221900846, "ZYXZYX": 0.03294617435712026, "IYIYII": 0.0085416007592534, "YIYYYI": 0.029285488317440246, "YYZIIZ": -0.20865910426176165, "XZZIIX": -0.00732137207936006, "YYZYYZ": 0.0, "YIIIIY": -0.00488091471957338, "YZYZYY": -0.13178469742848103, "XZYXYZ": 0.03294617435712026, "ZYXXYZ": 0.0, "ZIZIXX": -0.025624802277760223, "YYIYYI": -0.021964116238080172,