{"XIXXIX": -8.673617379884035e-19, "YXXYII": -0.01829929513826134, "IIXXYY": 0.4612464409996837, "YZZYII": -0.010982058119040083, "XYIYXI": -0.021964116238080165, "ZXYXZY": 0.0, "IIIYIY": -0.006099765046087115, "IIZYYZ": 0.007321372079360059, "YYZZZZ": 0.39535409228544316, "XZXZYY": -0.03294617435712026, "XZZXII": 9.540979117872439e-18, "YIXIYX": -0.0036606860396800264, "ZZXYXY": 0.4283002666425633, "XZXIIZ": 0.021964116238080183, "ZYZYII": -0.007321372079360056, "ZZYIIY": -0.02561901319356588, "YXIYXI": 0.007321372079360067, "XZZYYX": -0.09883852307136078, "ZXYYXZ": 0.06589234871424052, "XXIXIX": 1.214306433183765e-17, "YIZIZY": -0.0036598590276522673, "YZYYYZ": 0.06589234871424052, "XYXXXY": 0.03294617435712026, "YYZZII": 0.38803272020608315, "XXIIZZ": 0.6734140610880173, "YIYIII": -0.0036606860396800325, "IYXYXI": -0.014642744158720123, "IYIZZY": 0.0073213720793600615, "YXZZYX": -0.03294617435712026, "IYYZIZ": 0.00732137207936006, "XXXXZZ": 0.3624079179283229, "XZZYXY": 0.0, "ZZXZXZ": -0.03294617435712026, "IZZYIY": 6.938893903907228e-18, "IIZZYY": 0.32214037149184255, "YXIXIY": 0.00732137207936006, "ZYYZXX": 0.03294617435712026, "ZIXXZI": 0.010979577082956797, "YYYYXX": 0.29651556921408234, "IZZIYY": -0.021964116238080183, "XYXIIY": 0.036606860396800285, "IZYZIY": -0.018299295138261337, "YYXZXZ": -0.03294617435712026, "YZYIZI": 0.007321372079360068, "IIIIII": 0.9999999999999998, "YZZXXY": 0.03294617435712026, "IYXIYX": -0.018299295138261337, "YZYZZZ": -0.06589234871424052, "XXZYYZ": 0.06589234871424052, "IYYXIX": -0.0366068603968003, "XXIIII": 0.7199349211370725, "IYZIYZ": -0.007321372079360065, "IYXXYI": -0.014642744158720116, "XZZXZZ": 0.0, "XZXZXX": -0.06589234871424052, "YYXIIX": 0.007321372079360053, "IZIZZZ": -0.07321372079360058, "ZZIIZZ": -0.4868712432774438, "XZIZXI": -0.02196411623808018, "ZXZIIX": -2.6020852139652106e-18, "ZZZYYZ": 0.03294617435712026, "XIYXYI": -0.0036606860396800316, "YIIIYI": 0.00040674289329777936, "ZZXIXI": 0.0036606860396800178, "ZYZXXY": 0.06589234871424052, "XIIIXI": 0.019930401771591267, "ZIXXIZ": -0.025624802277760206, "XXXZXZ": -0.06587746249774086, "XXIZZI": -0.3111583133728024, "YYZYZY": 0.0, "IYXYIX": 0.032946174357120266, "XXXZZX": -0.09883852307136078, "IIXYYX": -0.5893704523884847, "YIYIXX": 0.007319718055304528, "XZYZYX": 0.03294617435712026, "YIXYXI": -0.021964116238080162, "ZIYYIZ": 0.021964116238080176, "IZXZXI": -0.03294617435712026, "YZXXYZ": 0.13178469742848103, "ZZZZXX": 0.13178469742848103, "ZYIIYZ": -0.02196411623808018, "ZZYYZZ": 0.29651556921408234, "IIXXZZ": 0.39535409228544316, "YYXXII": 0.24526596465856196, "YXYIIX": 0.018303430198400153, "XZZXYY": -0.03294617435712026, "XYYXZZ": 0.06589234871424052, "XXXIXI": -0.03294617435712026, "YYYIIY": 0.01830343019840015, "XYXXYX": -0.03294617435712026, "XXIIYY": 0.3001762552537624, "XYYYXY": 0.03294617435712026, "XYYIXI": 0.007321372079360039, "ZZYYII": 0.20499841822208165, "IYYIXX": -0.010982058119040086, "YZZIYI": -0.0036606860396800438, "YXXZYZ": 1.3877787807814457e-17, "IYIYYY": 0.007321372079360053, "XZYYXZ": -0.06589234871424052, "XXXIIX": -0.007321372079360063, "YIIYII": 0.0052876576128711526, "XZIZIX": 0.014642744158720127, "ZXZYYX": 0.03294617435712026, "IIZIZI": -0.40633615040448323, "IYYYIY": -0.032946174357120266, "ZXYYZX": 0.03294617435712026, "XYIYIX": -0.00732137207936006, "XXZZXX": -0.23062322049984185, "XYYXXX": -0.09883852307136078, "YYYXXY": -0.26356939485696207, "ZXZXYY": 0.06589234871424052, "XZZZZX": 0.0, "XZIXIZ": 9.540979117872439e-18, "YIXXYI": -0.0036606860396800264, "IXIYYX": -0.021964116238080176, "YZYXXZ": 0.06589234871424052, "IYIXXY": -0.029285488317440225, "XXXXII": 0.3550865458489628, "ZXYZXY": -0.032938731248870444, "XYZZXY": 0.0, "IXXYIY": 0.00366068603968003, "ZIIIZI": -0.017083201518506803, "IZZXXI": 0.0073213720793600615, "ZXXXZX": -0.03294617435712026, "YXXZZY": 0.0, "IYZZYI": 0.0036606860396800334, "ZZXXII": -0.25990870881728206, "ZIXZXI": 0.0, "ZIXZIX": -0.040267546436480325, "YYYYZZ": -0.29651556921408234, "YZZXYX": -0.03294617435712026, "ZZXXXX": 0.29651556921408234, "ZIZIYY": 0.02196411623808018, "YYYZYZ": 0.09883852307136078, "ZIZXIX": 0.00366068603968003, "YYZZXX": -0.19767704614272155, "ZIZYYI": -0.01098205811904009, "ZXZXII": -0.04025844930417496, "XIIZZX": 0.04392823247616034, "XXZZYY": 0.1647308717856013, "ZIXIXZ": -0.00366068603968003, "XZXYYZ": 0.03294617435712026, "YXZXYZ": 0.09881619374661121, "XIXIYY": 0.014642744158720107, "XXZIZI": -0.2782121390156822, "XIZXZI": -0.021964116238080176, "XIYIXY": -0.051249604555520405, "ZZXYYX": 0.3294617435712026, "ZYIYZI": -0.0036606860396800195, "ZZYZYZ": 0.06589234871424052, "IXIXXX": -0.021964116238080172, "YXYXYY": 0.0, "YYIZZI": -0.20865910426176165, "IZXXZI": 0.0036606860396800195, "IXZZXI": 0.025624802277760192, "XXYYYY": -0.3294617435712026, "YZYZII": 0.0, "YIXXIY": 0.021964116238080172, "IIYIYI": -0.005287657612871154, "ZZIXXI": -0.014642744158720123, "XXXXXX": -0.3294617435712026, "YYXXYY": 0.19767704614272158, "ZZZZYY": -0.13178469742848103, "IIYYYY": -0.46124644099968365, "IZYYZI": 0.0036606860396800264, "ZIZZIZ": -0.014642744158720121, "YIYIYY": 0.007319718055304537, "ZZZIZI": 0.24526596465856193, "IZIXXZ": 0.003660686039680029, "YXIIXY": -0.018303430198400143, "YYIIII": 0.4868712432774438, "IZXXIZ": 1.734723475976807e-18, "YXIIYX": -0.03294617435712028, "IIXXXX": -0.49053192931712386, "ZXXIIZ": -0.0036606860396800334, "XIXIXX": 0.01464274415872011, "YXXYZZ": -0.03294617435712026, "XXIIXX": -0.2708907669363222, "IIIZIZ": -0.4689745559723415, "YIZYZI": -0.014642744158720113, "IZYYIZ": -0.010982058119040093, "YZZYZZ": -0.09883852307136078, "XYXZYZ": 0.06589234871424052, "ZIIIIZ": -0.03701360329009807, "IXYIYX": -0.01829929513826134, "IIXYXY": -0.5857097663488046, "IZZYYI": -0.02196411623808018, "YXYYYX": 0.09883852307136078, "ZYZIYI": -0.025624802277760195, "XZXZII": 0.025624802277760206, "XXYIIY": -0.007321372079360046, "XIIIIX": 0.01301577258552899, "IXIIXI": 0.024404573597866856, "YXXXYX": 0.0, "IZYZYI": 0.02195915416591361, "ZZYXXY": 0.3294617435712026, "ZXXYYZ": -0.03294617435712026, "ZYYZZZ": 0.0, "XXIXXI": 0.021964116238080165, "IYIYZZ": -0.0036606860396800264, "IXIXII": 0.03904731775658697, "YZXXZY": -0.03294617435712026, "IXXZZI": 0.0036606860396800403, "ZZIZZI": 0.248926650698242, "YYYZZY": 0.0329387312488704, "IXYYIX": 0.0, "XIZZIX": 0.007321372079360046, "XXIYIY": -0.021964116238080186, "ZZZZZZ": -0.39535409228544316, "XIXYYI": 0.021964116238080172, "IIZYZY": 0.0036606860396800334, "ZZZIIZ": 0.22330184842048179, "ZIZYIY": -0.018303430198400146, "YIXIXY": 0.010982058119040086, "XXZIIZ": -0.3294617435712026, "IIIIXX": -0.4022687214715054, "ZYYYYZ": 0.06589234871424052, "IXXZIZ": -0.029285488317440246, "IXXIZZ": 0.03294617435712027, "YYYYII": -0.20865910426176165, "XXZZZZ": 0.5271387897139241, "YZYYZY": -0.06589234871424052, "ZYIZYI": 0.0036606860396800334, "IZIZII": -0.09965200885795633, "XZXZZZ": 0.03294617435712026, "ZZXZZX": 0.0, "ZIYZYI": -0.003660686039680023, "XIXIZZ": 0.03660686039680029, "IZIYYZ": -0.018303430198400153, "IIIXXI": 0.008539671064521961, "IYYIII": 0.011388801012337869, "XIXIII": 0.03497988882360916, "ZXZXXX": 0.06589234871424052, "XIIYXY": -0.025624802277760192, "IYYIYY": -0.021964116238080162, "IIZXXZ": 3.469446951953614e-18, "YYIIZZ": 0.44660369684096357, "XIZIXZ": -0.06223166267456048, "YIYXXI": 0.0036606860396800403, "IXZXZI": -0.040267546436480325, "YZIYIZ": 0.032946174357120266, "YYIIXX": -0.1903556740633615, "IYIYXX": -0.01464274415872012, "IZIZXX": 0.054910290595200445, "IIYXXY": -0.6003525105075248, "ZYXZYX": 0.0, "IYIYII": 0.010575315225742302, "YIYYYI": 0.02562480227776022, "YYZIIZ": -0.18303430198400145, "XZZIIX": 0.01830343019840015, "YYZYYZ": -0.06589234871424052, "YIIIIY": -0.0008134857865955622, "YZYZYY": -0.06589234871424052, "XZYXYZ": 0.03294617435712026, "ZYXXYZ": 0.06589234871424052, "ZIZIXX": -0.003660686039680023, "YYIYYI": 0.02928548831744023, "IYZYZI": 0.0, "ZXIIZX": -0.007321372079360053,