{"XXIIII": 0.7195099818511799, "XZYZYX": 0.06615245009074411, "XYIIYX": -0.147005444646098, "ZXZYYX": -0.06615245009074411, "ZZZZII": -0.44836660617059887, "XIIXYY": 0.04410163339382941, "XZXYYZ": 0.0, "ZXZIIX": 0.029401088929219603, "IZIZXX": 0.0220508166969147, "XZXZZZ": -0.06615245009074411, "YYIIZZ": 0.41161524500907437, "YXYYYX": 0.13230490018148822, "ZIZIXX": -0.029401088929219613, "XZZXII": 0.014683223058098431, "YXYZZX": 0.06615245009074411, "YYXXZZ": 0.13230490018148822, "IYZYIZ": 0.0367513611615245, "YYZZZZ": 0.26460980036297643, "YXYZXZ": -0.13230490018148822, "YYZYZY": 0.06615245009074411, "IYIYYY": 1.0408340855860843e-17, "IZXZIX": -0.051451905626134296, "XZYXYZ": -0.06615245009074411, "XXXXXX": -0.33076225045372054, "ZYZIYI": 0.051451905626134296, "ZYIIZY": 0.014700544464609803, "XIXZZI": -0.014700544464609786, "IYIYII": -0.004083484573502726, "YYIIYY": 0.19845735027223232, "YXZXYZ": 0.06615245009074411, "ZZZIZI": 0.2352087114337568, "YYIXXI": 3.469446951953614e-18, "XZZYXY": 0.06615245009074411, "YXYYXY": 0.06615245009074411, "IIIIXX": -0.40998185117967334, "XZZXZZ": 0.0, "IIIIYY": 0.4050816696914701, "YYYYZZ": -0.33076225045372054, "XYZZYX": -0.1321490075228859, "ZYZXYX": 0.0, "IIXXII": 0.4271324863883848, "IZZIXX": 0.06615245009074411, "IYYIII": 0.018784029038112528, "IYXYXI": 0.0588021778584392, "IZZYYI": -0.014700544464609805, "ZIXZXI": -0.007350272232304889, "XZZZZX": 0.0, "XYXZZY": 0.1321490075228859, "YZXXZY": 0.0, "IIIXIX": 0.013067150635208706, "XXXIXI": -0.022050816696914697, "IZXZXI": 0.022050816696914687, "IXXIII": 0.021234119782214157, "YZIZYI": 0.0514519056261343, "IZIXXZ": 0.0073502722323048955, "XYZYXZ": 0.0, "XYYYYX": 0.1321490075228859, "XXZIZI": -0.31606170598911065, "IXIYYX": -0.029401088929219603, "XIXIYY": 0.0073502722323049025, "YXYXZZ": 0.0, "YZIIZY": 0.03675136116152451, "XXIZZI": -0.31606170598911065, "XIIXII": 0.046551724137931044, "YYYYXX": 0.26460980036297643, "IXXIZZ": 3.469446951953614e-18, "YXZZXY": 0.13230490018148822, "YZYZII": 0.036751361161524505, "ZZXIXI": -0.014700544464609794, "IIYXYX": -0.5953720508166969, "XYXXXY": 0.0, "ZYYYZY": 0.13230490018148822, "ZZYYXX": -0.19845735027223232, "ZIIZII": 0.07350272232304901, "IXYXYI": 0.0220508166969147, "ZIZXIX": 0.014700544464609798, "YYIZZI": -0.19845735027223232, "XIXZIZ": -8.673617379884035e-18, "XZYYXZ": 0.0, "YIXXYI": -0.007350272232304905, "XXZXXZ": 0.06615245009074411, "IXZIZX": -0.029401088929219596, "ZXZZZX": 0.06615245009074411, "XYYXII": 0.147005444646098, "IYXXYI": -0.0441016333938294, "ZIYYZI": 0.007350272232304905, "XXYIYI": 0.007350272232304903, "XXXZZX": 0.0, "IXYYXI": 0.014700544464609805, "YIXIXY": -0.014700544464609801, "ZXIZIX": 6.938893903907228e-18, "IIXIIX": 0.004900181488203265, "IIIYIY": 0.013067150635208713, "ZIXIXZ": 0.007350272232304907, "XXIYYI": -0.0073416115290492225, "ZZZYYZ": -0.06615245009074411, "ZZYYII": 0.1911070780399274, "IIZIIZ": -0.4181488203266789, "YYXZXZ": -0.13230490018148822, "XXYXXY": -0.39691470054446465, "XIZIXZ": 3.469446951953614e-18, "YXYXYY": 0.0, "XYYIXI": 0.029401088929219603, "IZXXIZ": -1.734723475976807e-18, "ZIZYIY": 6.938893903907228e-18, "IZIZII": -0.11760435571687841, "IZYIYZ": 1.0408340855860843e-17, "IXZZIX": -0.03670805764524608, "ZYYIZI": -1.734723475976807e-18, "ZZIZIZ": 0.2866606170598911, "IYIIIY": 0.01388384754990926, "YZYXXZ": -0.06615245009074411, "YYZZYY": 0.19845735027223232, "ZZZXZX": 0.06615245009074411, "YXXIYI": 0.02936644611619687, "XXIIXX": -0.2646098003629764, "YZZXYX": 0.0, "ZZIIYY": -0.2058076225045372, "XXXXZZ": 0.33076225045372054, "YIXIYX": -0.0073502722323049025, "YIZIYZ": -0.007350272232304895, "XYIYIX": 0.0514519056261343, "ZXXZZZ": 0.0, "YXXYXX": 0.0, "YXIYXI": 0.029401088929219586, "IIXIXI": 0.0008166969147005449, "XZZXYY": 0.13230490018148822, "ZYYXXZ": 0.19845735027223232, "XZXZII": -0.014700544464609796, "YYIIII": 0.4802177858439202, "IZIYYZ": 0.05145190562613429, "IZXIZX": -0.04410163339382939, "ZYYXZX": 0.06615245009074411, "YXZYXZ": -0.06615245009074411, "XZZYYX": 0.06615245009074411, "ZZZYZY": 0.0, "ZIYZYI": 0.029401088929219592, "YIIZZY": 0.014700544464609794, "YZZZYZ": 0.06615245009074411, "IZIZZZ": -0.08085299455535391, "XXIXXI": 0.007341611529049205, "XIZIZX": -0.04410163339382941, "ZIZYYI": -0.022050816696914697, "IIIYYI": 0.005716878402903814, "ZZYXYX": 0.39691470054446465, "ZXZXZZ": 0.0, "YXIXIY": -0.022050816696914704, "IXXXIX": 0.0220508166969147, "XXZXZX": 0.0, "ZZIXXI": -0.007350272232304906, "YZIYZI": -0.014700544464609808, "XXXYYX": -0.46306715063520876, "XXYYYY": -0.33076225045372054, "XYXYZZ": 0.26460980036297643, "ZIYIZY": 0.0367513611615245, "XXZIIZ": -0.2793103448275862, "XYIXIY": -0.0441016333938294, "XYXYII": 0.1394906190519351, "YYXYYX": -0.39691470054446465, "XZXIIZ": -0.014700544464609805, "XZXXZX": -0.06615245009074411, "YXYXII": 0.0367513611615245, "ZXZIXI": 0.036751361161524485, "ZXXZXX": 0.0, "YZZYYY": 0.0, "ZZYYYY": 0.19845735027223232, "ZYZYII": 0.058802177858439206, "ZYIYIZ": 0.0073502722323048955, "IIIIZZ": 0.922050816696915, "XYIYXI": 0.014700544464609791, "XIXXIX": 0.022050816696914707, "XYZXYZ": 0.0, "XYXZYZ": 0.06615245009074411, "XIZZIX": -8.673617379884035e-18, "YYIYYI": 0.0441016333938294, "IYIZYZ": -0.04410163339382939, "IIYYYY": -0.4924682395644283, "IIYYII": -0.4320326678765881, "YIYXIX": 0.0, "IIXZXZ": -3.469446951953614e-18, "XIYYXI": -0.014683223058098435, "ZIIZYY": 0.022050816696914704, "ZIZZIZ": -0.051451905626134296, "XZZZXZ": 0.06615245009074411, "YZYZXX": 0.06615245009074411, "YYZIIZ": -0.19110707803992735, "IZYYIZ": 0.0, "XZIXZI": -0.05880217785843919, "ZIIIIZ": -0.023684210526315794, "IXYIYX": 0.0073502722323049025, "ZIXZIX": -0.0367513611615245, "YIYYYI": -0.014700544464609798, "YZZIIY": -3.469446951953614e-18, "YYZZXX": -0.19845735027223232, "ZZIXIX": 0.0073502722323049025, "YYYZYZ": -0.06615245009074411, "YXXYYY": -0.06607450376144294, "ZZXYYX": 0.33076225045372054, "ZXYZYX": -0.06615245009074411, "YIYZZI": -0.014700544464609798, "XIYIXY": 0.02940108892921961, "XZYYZX": -0.13230490018148822, "ZYYYYZ": -0.06615245009074411, "IXXZZI": 0.0, "YZIIYZ": 0.03675136116152449, "XIIZXZ": -0.029401088929219592, "IZIIZI": 0.03511796733212341, "YYXXXX": -0.26460980036297643, "ZYXYZX": 0.06615245009074411, "IXIXXX": -0.06615245009074411, "YZYZZZ": 0.13230490018148822, "YIYIXX": 0.044101633393829415, "XXZZYY": 0.26460980036297643, "IXYYIX": 0.007350272232304889, "XZIZXI": -0.029401088929219582, "ZYZZZY": 0.19845735027223232, "YIYIII": 0.006533575317604352, "XXYXYX": -0.595372050816697, "YXIIYX": -0.0441016333938294, "ZIIXZX": 0.0073502722323049, "IZZIZZ": -0.0882032667876588, "IIZYZY": -0.022050816696914693, "XXXZXZ": 0.06615245009074411, "ZZXIIX": 0.014700544464609798, "ZXZYXY": -0.06615245009074411, "ZIIZZZ": 0.09555353901996369, "ZZYIYI": 0.0, "IXIXII": 0.03348457350272233, "XXZZZZ": 0.595372050816697, "YYZIZI": -0.19845735027223232, "ZYZZYZ": 0.13230490018148822, "YXXXYX": -0.1321490075228859, "XYYIIX": 0.0367513611615245, "XXXXII": 0.34546279491833026, "YYXZZX": 0.13230490018148822, "YIYXXI": 0.007350272232304875, "YYYXXY": -0.26460980036297643, "ZIXIZX": 0.0147005444646098, "XIXYIY": -0.0367513611615245, "ZXZXII": 0.0073502722323048955, "ZZYIIY": 0.0073502722323049025, "IZXIXZ": -0.014700544464609794, "YYZXXZ": -0.06615245009074411, "ZYYZXX": -0.13230490018148822, "IXYXIY": -0.007350272232304909, "XIYYIX": 0.0, "ZZIYYI": -0.014700544464609801, "XIIXXX": 0.029366446116196862, "YZZYXX": 0.0, "YYYYYY": -0.19845735027223232, "XYYYXY": 0.06615245009074411, "YZZYZZ": 0.0, "YYYXYX": -0.19845735027223232, "XIIYXY": -0.0367513611615245, "ZYIZIY": -0.0441016333938294, "XYXYYY": 0.13230490018148822, "ZZZZXX": 0.13230490018148822, "YZYIIZ": -0.007350272232304889, "XXXIIX": 0.014700544464609784, "ZIZIZZ": 0.073502722323049, "XZXIZI": -0.0147005444646098, "XXZZII": 0.5733212341197822, "IYZZYI": -0.014700544464609791, "IZXXZI": -0.022050816696914707, "ZXZZXZ": 0.0, "XXXXYY": 0.3964470225686577, "XXYYZZ": -0.2642980150457718,