{"XXIIII": 0.7129764065335755, "XZYZYX": 0.06607450376144294, "XYIIYX": -0.1617059891107078, "ZXZYYX": 0.06615245009074411, "ZZZZII": -0.44836660617059887, "XIIXYY": 0.036751361161524485, "XZXYYZ": -0.06615245009074411, "ZXZIIX": -0.02940108892921961, "IZIZXX": 0.044101633393829394, "XZXZZZ": 0.06615245009074411, "YYIIZZ": 0.4777676950998185, "YXYYYX": 0.0, "ZIZIXX": -0.029401088929219606, "XZZXII": 0.029401088929219596, "YXYZZX": 0.13230490018148822, "YYXXZZ": 0.26460980036297643, "IYZYIZ": -0.014700544464609805, "YYZZZZ": 0.33076225045372054, "YXYZXZ": -0.06615245009074411, "YYZYZY": 0.0, "IYIYYY": 0.007350272232304895, "IZXZIX": 0.022050816696914707, "XZYXYZ": 0.0, "XXXXXX": -0.39691470054446465, "ZYZIYI": 0.014700544464609777, "ZYIIZY": -0.014700544464609794, "XIXZZI": -0.007350272232304898, "IYIYII": 0.008166969147005442, "YYIIYY": 0.220508166969147, "YXZXYZ": -0.06615245009074411, "ZZZIZI": 0.2352087114337568, "YYIXXI": -0.022050816696914697, "XZZYXY": 0.06615245009074411, "YXYYXY": 0.06615245009074411, "IIIIXX": -0.39283121597096193, "XZZXZZ": 0.0, "IIIIYY": 0.3903811252268603, "YYYYZZ": -0.13230490018148822, "XYZZYX": -0.13230490018148822, "ZYZXYX": -0.06615245009074411, "IIXXII": 0.4238656987295826, "IZZIXX": 0.02940108892921961, "IYYIII": 0.013883847549909253, "IYXYXI": -0.0367513611615245, "IZZYYI": 0.014683223058098436, "ZIXZXI": 0.05139128070334452, "XZZZZX": -0.13230490018148822, "XYXZZY": 0.0, "YZXXZY": -0.06615245009074411, "IIIXIX": -0.018784029038112528, "XXXIXI": 0.0, "IZXZXI": -0.007350272232304903, "IXXIII": 0.033484573502722326, "YZIZYI": 0.022050816696914697, "IZIXXZ": -3.469446951953614e-18, "XYZYXZ": -0.13230490018148822, "XYYYYX": -0.06615245009074411, "XXZIZI": -0.294010889292196, "IXIYYX": -0.022050816696914707, "XIXIYY": 0.007350272232304902, "YXYXZZ": 0.13230490018148822, "YZIIZY": -0.0367513611615245, "XXIZZI": -0.3381125226860254, "XIIXII": 0.04165154264972777, "YYYYXX": 0.19845735027223232, "IXXIZZ": 0.022050816696914693, "YXZZXY": -0.13230490018148822, "YZYZII": 0.014700544464609801, "ZZXIXI": 0.0294010889292196, "IIYXYX": -0.6174228675136115, "XYXXXY": -0.06615245009074411, "ZYYYZY": 0.13230490018148822, "ZZYYXX": -0.33076225045372054, "ZIIZII": 0.08330308529945554, "IXYXYI": 0.022050816696914693, "ZIZXIX": -0.014700544464609798, "YYIZZI": -0.19845735027223232, "XIXZIZ": -0.022050816696914687, "XZYYXZ": 0.0, "YIXXYI": 0.05145190562613432, "XXZXXZ": -0.06615245009074411, "IXZIZX": -6.938893903907228e-18, "ZXZZZX": -0.13230490018148822, "XYYXII": 0.11025408348457351, "IYXXYI": -0.02202483458714764, "ZIYYZI": -0.0367513611615245, "XXYIYI": 0.03675136116152451, "XXXZZX": -0.06615245009074411, "IXYYXI": -0.014700544464609807, "YIXIXY": 0.007350272232304909, "ZXIZIX": 0.022050816696914693, "IIXIIX": -0.008983666061705989, "IIIYIY": -0.010617059891107075, "ZIXIXZ": -0.0220508166969147, "XXIYYI": -0.007350272232304905, "ZZZYYZ": -0.06615245009074411, "ZZYYII": 0.25725952813067154, "IIZIIZ": -0.44591651542649735, "YYXZXZ": 0.13230490018148822, "XXYXXY": -0.39691470054446465, "XIZIXZ": 0.014700544464609791, "YXYXYY": -0.06615245009074411, "XYYIXI": 0.0, "IZXXIZ": -0.0073502722323049085, "ZIZYIY": -0.029401088929219603, "IZIZII": -0.08738656987295827, "IZYIYZ": 0.014700544464609812, "IXZZIX": -0.007350272232304902, "ZYYIZI": -0.03675136116152451, "ZZIZIZ": 0.2058076225045372, "IYIIIY": -0.008166969147005449, "YZYXXZ": -0.06615245009074411, "YYZZYY": 0.13230490018148822, "ZZZXZX": 0.0, "YXXIYI": -0.007350272232304906, "XXIIXX": -0.2866606170598911, "YZZXYX": 0.06615245009074411, "ZZIIYY": -0.22050816696914705, "XXXXZZ": 0.39691470054446465, "YIXIYX": -0.007350272232304909, "YIZIYZ": -0.014700544464609805, "XYIYIX": 1.734723475976807e-18, "ZXXZZZ": -0.06615245009074411, "YXXYXX": 0.13230490018148822, "YXIYXI": -0.014700544464609801, "IIXIXI": -0.01633393829401089, "XZZXYY": 0.0, "ZYYXXZ": -0.06607450376144294, "XZXZII": -0.022050816696914707, "YYIIII": 0.4998185117967333, "IZIYYZ": -0.0073502722323049, "IZXIZX": 0.0073502722323049025, "ZYYXZX": 0.06615245009074411, "YXZYXZ": 0.06615245009074411, "XZZYYX": 0.0, "ZZZYZY": 0.19845735027223232, "ZIYZYI": 0.014700544464609805, "YIIZZY": 0.022050816696914707, "YZZZYZ": 0.0, "IZIZZZ": -0.0882032667876588, "XXIXXI": 0.014700544464609794, "XIZIZX": 0.007350272232304905, "ZIZYYI": -0.014700544464609798, "IIIYYI": -0.0016333938294010864, "ZZYXYX": 0.33076225045372054, "ZXZXZZ": 0.06615245009074411, "YXIXIY": -0.007350272232304892, "IXXXIX": 0.014700544464609788, "XXZXZX": -0.06615245009074411, "ZZIXXI": 0.0294010889292196, "YZIYZI": -0.0220508166969147, "XXXYYX": -0.39691470054446465, "XXYYYY": -0.33076225045372054, "XYXYZZ": 0.13230490018148822, "ZIYIZY": 0.0147005444646098, "XXZIIZ": -0.29401088929219593, "XYIXIY": 0.036708057645246095, "XYXYII": 0.12495462794918333, "YYXYYX": -0.33037251880721474, "XZXIIZ": -0.014700544464609805, "XZXXZX": -0.06615245009074411, "YXYXII": -0.0367513611615245, "ZXZIXI": 0.0073502722323049025, "ZXXZXX": 0.0, "YZZYYY": 0.0, "ZZYYYY": 0.26460980036297643, "ZYZYII": -0.014683223058098438, "ZYIYIZ": 0.014700544464609793, "IIIIZZ": 0.9245009074410167, "XYIYXI": 0.014700544464609808, "XIXXIX": 1.3877787807814457e-17, "XYZXYZ": 0.13230490018148822, "XYXZYZ": -0.1321490075228859, "XIZZIX": 0.0220508166969147, "YYIYYI": -0.007350272232304916, "IYIZYZ": -0.029401088929219586, "IIYYYY": -0.4410163339382939, "IIYYII": -0.439382940108893, "YIYXIX": -0.051391280703344526, "IIXZXZ": 0.014700544464609808, "XIYYXI": -0.007350272232304893, "ZIIZYY": 0.0514519056261343, "ZIZZIZ": -0.04410163339382941, "XZZZXZ": 0.0, "YZYZXX": -0.06615245009074411, "YYZIIZ": -0.19845735027223232, "IZYYIZ": -0.014700544464609788, "XZIXZI": -0.058802177858439206, "ZIIIIZ": -0.02286751361161525, "IXYIYX": 0.0147005444646098, "ZIXZIX": -0.029401088929219596, "YIYYYI": -0.05145190562613429, "YZZIIY": -0.029366446116196876, "YYZZXX": -0.06615245009074411, "ZZIXIX": 0.0294010889292196, "YYYZYZ": 0.13230490018148822, "YXXYYY": 0.0, "ZZXYYX": 0.5292196007259529, "ZXYZYX": 0.13230490018148822, "YIYZZI": 0.029401088929219596, "XIYIXY": -0.022050816696914704, "XZYYZX": 0.0, "ZYYYYZ": 0.0, "IXXZZI": -0.06607450376144294, "YZIIYZ": -0.014700544464609791, "XIIZXZ": 0.03675136116152451, "IZIIZI": 0.028584392014519067, "YYXXXX": -0.26460980036297643, "ZYXYZX": -0.06615245009074411, "IXIXXX": -0.0294010889292196, "YZYZZZ": 0.0, "YIYIXX": 0.0073502722323048955, "XXZZYY": 0.19845735027223232, "IXYYIX": 0.029366446116196862, "XZIZXI": -0.007341611529049218, "ZYZZZY": -0.06615245009074411, "YIYIII": 0.009800362976406537, "XXYXYX": -0.39691470054446465, "YXIIYX": -0.0441016333938294, "ZIIXZX": -5.204170427930421e-18, "IZZIZZ": -0.02940108892921961, "IIZYZY": -0.0073502722323049025, "XXXZXZ": 0.13230490018148822, "ZZXIIX": 0.029401088929219603, "ZXZYXY": -0.13230490018148822, "ZIIZZZ": 0.03675136116152449, "ZZYIYI": 0.014700544464609798, "IXIXII": 0.03185117967332124, "XXZZZZ": 0.46306715063520876, "YYZIZI": -0.2646098003629764, "ZYZZYZ": 0.13230490018148822, "YXXXYX": 0.0, "XYYIIX": 1.734723475976807e-18, "XXXXII": 0.31606170598911065, "YYXZZX": -0.06615245009074411, "YIYXXI": -0.007350272232304899, "YYYXXY": -0.26460980036297643, "ZIXIZX": -0.0441016333938294, "XIXYIY": -0.014700544464609796, "ZXZXII": 0.007350272232304902, "ZZYIIY": -0.007350272232304892, "IZXIXZ": 0.014700544464609798, "YYZXXZ": -0.06615245009074411, "ZYYZXX": 0.0, "IXYXIY": -0.014700544464609805, "XIYYIX": 0.007350272232304903, "ZZIYYI": 0.022050816696914687, "XIIXXX": -0.014700544464609805, "YZZYXX": 0.0, "YYYYYY": -0.39691470054446465, "XYYYXY": 0.0, "YZZYZZ": 0.0, "YYYXYX": -0.26460980036297643, "XIIYXY": -0.0440496691742953, "ZYIZIY": 0.029401088929219603, "XYXYYY": 0.19845735027223232, "ZZZZXX": 0.2642980150457718, "YZYIIZ": -0.014700544464609805, "XXXIIX": 0.036751361161524505, "ZIZIZZ": -0.007350272232304916, "XZXIZI": 0.0073502722323049025, "XXZZII": 0.6027223230490018, "IYZZYI": -0.022050816696914693, "IZXXZI": -0.014700544464609812,