{"XXIIII": 0.7154264972776772, "XZYZYX": -0.13230490018148822, "XYIIYX": -0.0808529945553539, "ZXZYYX": 0.0, "ZZZZII": -0.4116152450090744, "XIIXYY": 0.05880217785843921, "XZXYYZ": 0.0, "ZXZIIX": -0.0367513611615245, "IZIZXX": 0.06615245009074411, "XZXZZZ": -0.06615245009074411, "YYIIZZ": 0.46306715063520876, "YXYYYX": -0.1321490075228859, "ZIZIXX": 0.0073502722323049, "XZZXII": 0.007350272232304889, "YXYZZX": 0.0, "YYXXZZ": 0.19845735027223232, "IYZYIZ": 0.007350272232304882, "YYZZZZ": 0.33076225045372054, "YXYZXZ": 0.06615245009074411, "YYZYZY": -0.13230490018148822, "IYIYYY": -0.0073502722323049025, "IZXZIX": 0.0367513611615245, "XZYXYZ": 0.06615245009074411, "XXXXXX": -0.26460980036297643, "ZYZIYI": 6.938893903907228e-18, "ZYIIZY": 5.204170427930421e-18, "XIXZZI": -0.007350272232304899, "IYIYII": 0.012250453720508168, "YYIIYY": 0.220508166969147, "YXZXYZ": -0.06615245009074411, "ZZZIZI": 0.24990925589836663, "YYIXXI": 0.022050816696914707, "XZZYXY": -0.06615245009074411, "YXYYXY": 0.0, "IIIIXX": -0.40099818511796737, "XZZXZZ": -0.06615245009074411, "IIIIYY": 0.394464609800363, "YYYYZZ": -0.13230490018148822, "XYZZYX": 0.06615245009074411, "ZYZXYX": 0.06615245009074411, "IIXXII": 0.44183303085299463, "IZZIXX": 0.022050816696914693, "IYYIII": 0.016333938294010884, "IYXYXI": 0.0073502722323049025, "IZZYYI": 0.022024834587147647, "ZIXZXI": 0.014700544464609791, "XZZZZX": 0.0, "XYXZZY": 0.0, "YZXXZY": -0.19822351128432883, "IIIXIX": 0.0008166969147005432, "XXXIXI": -0.0073502722323049085, "IZXZXI": -0.007350272232304899, "IXXIII": 0.02613430127041743, "YZIZYI": -0.044101633393829394, "IZIXXZ": 0.0073502722323048955, "XYZYXZ": -0.13230490018148822, "XYYYYX": 0.0, "XXZIZI": -0.2793103448275862, "IXIYYX": -0.06615245009074411, "XIXIYY": 0.014700544464609793, "YXYXZZ": 0.06607450376144294, "YZIIZY": -0.0073502722323049025, "XXIZZI": -0.2866606170598911, "XIIXII": 0.014700544464609801, "YYYYXX": 0.19845735027223232, "IXXIZZ": 0.0220508166969147, "YXZZXY": -0.06615245009074411, "YZYZII": 0.014700544464609805, "ZZXIXI": -0.029401088929219603, "IIYXYX": -0.588021778584392, "XYXXXY": 0.0, "ZYYYZY": 0.06615245009074411, "ZZYYXX": -0.26460980036297643, "ZIIZII": 0.06533575317604357, "IXYXYI": -0.05873289223239374, "ZIZXIX": -0.0367513611615245, "YYIZZI": -0.22785843920145188, "XIXZIZ": -3.469446951953614e-18, "XZYYXZ": 0.06615245009074411, "YIXXYI": 3.469446951953614e-18, "XXZXXZ": -0.06615245009074411, "IXZIZX": 0.0220508166969147, "ZXZZZX": 0.0, "XYYXII": 0.15435571687840285, "IYXXYI": 0.007350272232304903, "ZIYYZI": -0.0220508166969147, "XXYIYI": 0.022050816696914693, "XXXZZX": 0.06615245009074411, "IXYYXI": -0.0514519056261343, "YIXIXY": 6.938893903907228e-18, "ZXIZIX": 0.0, "IIXIIX": 0.0008166969147005432, "IIIYIY": -0.008983666061705987, "ZIXIXZ": 0.014700544464609798, "XXIYYI": -0.03675136116152452, "ZZZYYZ": -0.06607450376144294, "ZZYYII": 0.22785843920145188, "IIZIIZ": -0.4246823956442832, "YYXZXZ": 0.19845735027223232, "XXYXXY": -0.46306715063520876, "XIZIXZ": -0.007350272232304889, "YXYXYY": -0.13230490018148822, "XYYIXI": -0.0367513611615245, "IZXXIZ": -0.0073502722323048955, "ZIZYIY": 0.014683223058098452, "IZIZII": -0.10698729582577135, "IZYIYZ": 0.014700544464609794, "IXZZIX": -0.022050816696914687, "ZYYIZI": -0.029401088929219606, "ZZIZIZ": 0.24990925589836663, "IYIIIY": -0.004900181488203269, "YZYXXZ": 0.0, "YYZZYY": 0.26460980036297643, "ZZZXZX": 0.0, "YXXIYI": -0.007350272232304899, "XXIIXX": -0.2793103448275862, "YZZXYX": 0.1321490075228859, "ZZIIYY": -0.220508166969147, "XXXXZZ": 0.46306715063520876, "YIXIYX": -0.04410163339382942, "YIZIYZ": 0.014700544464609791, "XYIYIX": 0.029401088929219592, "ZXXZZZ": 0.0, "YXXYXX": -0.13230490018148822, "YXIYXI": 0.029401088929219603, "IIXIXI": -0.008166969147005442, "XZZXYY": -0.06615245009074411, "ZYYXXZ": 0.0, "XZXZII": -0.007350272232304896, "YYIIII": 0.4924682395644284, "IZIYYZ": -0.007350272232304895, "IZXIZX": -0.022050816696914697, "ZYYXZX": 0.0, "YXZYXZ": 0.0, "XZZYYX": -0.06615245009074411, "ZZZYZY": 0.06615245009074411, "ZIYZYI": 0.02205081669691469, "YIIZZY": -0.007341611529049233, "YZZZYZ": 0.06615245009074411, "IZIZZZ": -0.051451905626134296, "XXIXXI": -0.03675136116152449, "XIZIZX": -0.022050816696914704, "ZIZYYI": 0.014700544464609798, "IIIYYI": -0.0008166969147005449, "ZZYXYX": 0.26460980036297643, "ZXZXZZ": 0.06615245009074411, "YXIXIY": -0.0367513611615245, "IXXXIX": 0.022050816696914707, "XXZXZX": -0.06615245009074411, "ZZIXXI": -0.014700544464609805, "YZIYZI": -0.0367513611615245, "XXXYYX": -0.33076225045372054, "XXYYYY": -0.19845735027223232, "XYXYZZ": 0.1321490075228859, "ZIYIZY": -0.014700544464609803, "XXZIIZ": -0.27196007259528127, "XYIXIY": -1.734723475976807e-18, "XYXYII": 0.1543557168784029, "YYXYYX": -0.13230490018148822, "XZXIIZ": -0.029401088929219596, "XZXXZX": 0.06615245009074411, "YXYXII": -0.0073502722323049025, "ZXZIXI": -0.0367513611615245, "ZXXZXX": 0.19845735027223232, "YZZYYY": 0.0, "ZZYYYY": 0.2642980150457718, "ZYZYII": 0.029401088929219596, "ZYIYIZ": 0.014700544464609798, "IIIIZZ": 0.9228675136116156, "XYIYXI": 0.0588021778584392, "XIXXIX": 0.022050816696914697, "XYZXYZ": 0.2642980150457718, "XYXZYZ": 0.0, "XIZZIX": -0.014700544464609794, "YYIYYI": 0.0661524500907441, "IYIZYZ": 6.938893903907228e-18, "IIYYYY": -0.5071687840290381, "IIYYII": -0.43203266787658806, "YIYXIX": -0.022050816696914693, "IIXZXZ": 0.0220508166969147, "XIYYXI": -0.007341611529049215, "ZIIZYY": 0.0, "ZIZZIZ": -0.0073502722323049025, "XZZZXZ": 0.06615245009074411, "YZYZXX": 0.06615245009074411, "YYZIIZ": -0.2131578947368421, "IZYYIZ": -0.04404966917429529, "XZIXZI": 0.036751361161524505, "ZIIIIZ": -0.01960072595281307, "IXYIYX": -0.022050816696914704, "ZIXZIX": -0.014700544464609801, "YIYYYI": 0.0073502722323049025, "YZZIIY": 0.0220508166969147, "YYZZXX": -0.19845735027223232, "ZZIXIX": -0.029401088929219606, "YYYZYZ": 0.0, "YXXYYY": -0.13230490018148822, "ZZXYYX": 0.26460980036297643, "ZXYZYX": 0.06607450376144294, "YIYZZI": 0.029401088929219596, "XIYIXY": 5.204170427930421e-18, "XZYYZX": 0.06615245009074411, "ZYYYYZ": 0.0, "IXXZZI": -0.03675136116152452, "YZIIYZ": -0.022050816696914697, "XIIZXZ": -0.007350272232304893, "IZIIZI": 0.034301270417422876, "YYXXXX": -0.19845735027223232, "ZYXYZX": 0.06615245009074411, "IXIXXX": 0.014700544464609808, "YZYZZZ": 0.06615245009074411, "YIYIXX": 0.029401088929219596, "XXZZYY": 0.13230490018148822, "IXYYIX": 0.0441016333938294, "XZIZXI": -0.007350272232304895, "ZYZZZY": 0.13230490018148822, "YIYIII": -0.005716878402903809, "XXYXYX": -0.26460980036297643, "YXIIYX": -0.0441016333938294, "ZIIXZX": 0.029401088929219582, "IZZIZZ": -0.04410163339382939, "IIZYZY": 0.014700544464609788, "XXXZXZ": 0.06607450376144294, "ZZXIIX": -0.029401088929219603, "ZXZYXY": 0.0, "ZIIZZZ": 0.014700544464609798, "ZZYIYI": -0.007350272232304916, "IXIXII": 0.030217785843920146, "XXZZZZ": 0.5292196007259529, "YYZIZI": -0.2058076225045372, "ZYZZYZ": 0.06615245009074411, "YXXXYX": 0.0, "XYYIIX": -0.014700544464609798, "XXXXII": 0.367513611615245, "YYXZZX": 0.19845735027223232, "YIYXXI": 0.0220508166969147, "YYYXXY": -0.39691470054446465, "ZIXIZX": 0.029401088929219606, "XIXYIY": 0.0073502722323049085, "ZXZXII": 0.029401088929219603, "ZZYIIY": 0.029366446116196872, "IZXIXZ": -0.007350272232304889, "YYZXXZ": -0.13230490018148822, "ZYYZXX": 0.0, "IXYXIY": 0.0441016333938294, "XIYYIX": -0.007350272232304898, "ZZIYYI": -0.014700544464609819, "XIIXXX": 3.469446951953614e-18, "YZZYXX": 0.0, "YYYYYY": -0.19845735027223232, "XYYYXY": 0.06615245009074411, "YZZYZZ": -0.06615245009074411, "YYYXYX": -0.5292196007259529, "XIIYXY": -0.08085299455535391, "ZYIZIY": -0.0294010889292196, "XYXYYY": 0.06615245009074411, "ZZZZXX": 0.26460980036297643, "YZYIIZ": 0.022050816696914687, "XXXIIX": -0.0367513611615245, "ZIZIZZ": 0.0661524500907441, "XZXIZI": 0.022050816696914707, "XXZZII": 0.5953720508166969, "IYZZYI": 0.0441016333938294, "IZXXZI": -0.029401088929219603, "ZXZZXZ": 0.06615245009074411,