{"XXIIII": 0.7064428312159712, "XZYZYX": 0.0, "XYIIYX": -0.1102540834845735, "ZXZYYX": 0.0, "ZZZZII": -0.4336660617059891, "XIIXYY": 0.0073502722323049025, "XZXYYZ": -0.06607450376144294, "ZXZIIX": -0.0514519056261343, "IZIZXX": 0.073502722323049, "XZXZZZ": -0.06607450376144294, "YYIIZZ": 0.4483666061705989, "YXYYYX": -0.06615245009074411, "ZIZIXX": 0.0, "XZZXII": 0.0220508166969147, "YXYZZX": -0.13230490018148822, "YYXXZZ": 0.26460980036297643, "IYZYIZ": -0.073502722323049, "YYZZZZ": 0.46306715063520876, "YXYZXZ": 0.13230490018148822, "YYZYZY": -0.06615245009074411, "IYIYYY": -0.029401088929219613, "IZXZIX": -0.014700544464609801, "XZYXYZ": 0.13230490018148822, "XXXXXX": -0.46306715063520876, "ZYZIYI": -0.0441016333938294, "ZYIIZY": 0.0147005444646098, "XIXZZI": -0.04410163339382941, "IYIYII": 0.02286751361161525, "YYIIYY": 0.1984573502722323, "YXZXYZ": 0.06615245009074411, "ZZZIZI": 0.21315789473684216, "YYIXXI": -0.022050816696914707, "XZZYXY": -0.06615245009074411, "YXYYXY": 0.0, "IIIIXX": -0.394464609800363, "XZZXZZ": 0.06615245009074411, "IIIIYY": 0.41406533575317606, "YYYYZZ": -0.13230490018148822, "XYZZYX": -0.06615245009074411, "ZYZXYX": -0.06615245009074411, "IIXXII": 0.4352994555353903, "IZZIXX": 0.022050816696914707, "IYYIII": 0.017150635208711434, "IYXYXI": 0.0073502722323049025, "IZZYYI": 0.051451905626134296, "ZIXZXI": -0.029401088929219596, "XZZZZX": -0.06615245009074411, "XYXZZY": 0.0, "YZXXZY": 0.0, "IIIXIX": 0.0008166969147005432, "XXXIXI": 0.022050816696914693, "IZXZXI": -0.0073502722323049, "IXXIII": 0.030217785843920146, "YZIZYI": -0.0147005444646098, "IZIXXZ": 0.014700544464609805, "XYZYXZ": 0.06615245009074411, "XYYYYX": 0.06615245009074411, "XXZIZI": -0.3013611615245009, "IXIYYX": -0.058802177858439206, "XIXIYY": 0.007350272232304895, "YXYXZZ": -0.06615245009074411, "YZIIZY": 0.0073502722323049, "XXIZZI": -0.31606170598911065, "XIIXII": 0.04083484573502722, "YYYYXX": 0.19845735027223232, "IXXIZZ": 0.04410163339382939, "YXZZXY": -0.06615245009074411, "YZYZII": 0.0294010889292196, "ZZXIXI": -0.029401088929219603, "IIYXYX": -0.5659709618874773, "XYXXXY": 0.06615245009074411, "ZYYYZY": 0.06615245009074411, "ZZYYXX": -0.19845735027223232, "ZIIZII": 0.07840290381125228, "IXYXYI": 0.0220508166969147, "ZIZXIX": 0.0441016333938294, "YYIZZI": -0.2131578947368421, "XIXZIZ": -0.022050816696914697, "XZYYXZ": 0.0, "YIXXYI": -0.0073502722323049, "XXZXXZ": 0.19845735027223232, "IXZIZX": 0.014700544464609812, "ZXZZZX": -0.06615245009074411, "XYYXII": 0.1396551724137931, "IYXXYI": 0.029401088929219596, "ZIYYZI": -0.0367513611615245, "XXYIYI": -0.1029038112522686, "XXXZZX": -0.06615245009074411, "IXYYXI": 0.0367513611615245, "YIXIXY": 0.014700544464609791, "ZXIZIX": 0.007350272232304906, "IIXIIX": -0.01143375680580762, "IIIYIY": 0.0065335753176043575, "ZIXIXZ": 0.04410163339382939, "XXIYYI": 0.014700544464609801, "ZZZYYZ": 0.0, "ZZYYII": 0.2499092558983666, "IIZIIZ": -0.4189655172413794, "YYXZXZ": 0.06615245009074411, "XXYXXY": -0.46306715063520876, "XIZIXZ": -0.0073502722323049025, "YXYXYY": 0.0, "XYYIXI": -0.036751361161524505, "IZXXIZ": -0.02202483458714765, "ZIZYIY": -5.204170427930421e-18, "IZIZII": -0.10453720508166969, "IZYIYZ": 3.469446951953614e-18, "IXZZIX": -0.058802177858439206, "ZYYIZI": 0.0294010889292196, "ZZIZIZ": 0.24255898366606168, "IYIIIY": 0.007350272232304897, "YZYXXZ": -0.06615245009074411, "YYZZYY": 0.19845735027223232, "ZZZXZX": 0.0, "YXXIYI": -0.014700544464609805, "XXIIXX": -0.3230309072781655, "YZZXYX": -0.06607450376144294, "ZZIIYY": -0.2425589836660617, "XXXXZZ": 0.19845735027223232, "YIXIYX": 0.014700544464609798, "YIZIYZ": -0.022050816696914687, "XYIYIX": -0.0367513611615245, "ZXXZZZ": -0.06615245009074411, "YXXYXX": 0.0, "YXIYXI": -0.029401088929219603, "IIXIXI": 0.021234119782214164, "XZZXYY": 0.06615245009074411, "ZYYXXZ": 0.0, "XZXZII": -0.036751361161524505, "YYIIII": 0.4875680580762251, "IZIYYZ": -0.014700544464609805, "IZXIZX": -0.022050816696914687, "ZYYXZX": 0.06607450376144294, "YXZYXZ": 0.0, "XZZYYX": 0.13230490018148822, "ZZZYZY": 0.06615245009074411, "ZIYZYI": 0.0, "YIIZZY": -0.014700544464609777, "YZZZYZ": 0.06615245009074411, "IZIZZZ": -0.11025408348457348, "XXIXXI": -0.014700544464609794, "XIZIZX": 0.007350272232304916, "ZIZYYI": -0.014700544464609801, "IIIYYI": 0.014700544464609801, "ZZYXYX": 0.33076225045372054, "ZXZXZZ": 0.0, "YXIXIY": -0.014700544464609803, "IXXXIX": 0.007350272232304902, "XXZXZX": 0.06615245009074411, "ZZIXXI": -0.007350272232304899, "YZIYZI": 0.014700544464609815, "XXXYYX": -0.39691470054446465, "XXYYYY": -0.39691470054446465, "XYXYZZ": -0.06615245009074411, "ZIYIZY": 0.0073502722323048955, "XXZIIZ": -0.3160617059891107, "XYIXIY": -0.022050816696914693, "XYXYII": 0.08820326678765879, "YYXYYX": -0.19845735027223232, "XZXIIZ": 0.007350272232304905, "XZXXZX": 0.0, "YXYXII": -0.0294010889292196, "ZXZIXI": 0.0441016333938294, "ZXXZXX": -0.06615245009074411, "YZZYYY": 0.06615245009074411, "ZZYYYY": 0.26460980036297643, "ZYZYII": 1.0408340855860843e-17, "ZYIYIZ": 0.0073502722323049, "IIIIZZ": 0.9212341197822145, "XYIYXI": -0.0073502722323049025, "XIXXIX": 0.0294010889292196, "XYZXYZ": -0.06607450376144294, "XYXZYZ": -0.06615245009074411, "XIZZIX": 0.0073502722323049, "YYIYYI": -0.022050816696914704, "IYIZYZ": 3.469446951953614e-18, "IIYYYY": -0.47776769509981853, "IIYYII": -0.4320326678765881, "YIYXIX": 0.007350272232304895, "IIXZXZ": -0.022050816696914704, "XIYYXI": 0.0, "ZIIZYY": 0.02205081669691471, "ZIZZIZ": -0.007350272232304906, "XZZZXZ": -0.13230490018148822, "YZYZXX": 0.0, "YYZIIZ": -0.23520871143375682, "IZYYIZ": -0.0367513611615245, "XZIXZI": -0.022050816696914697, "ZIIIIZ": -0.04165154264972777, "IXYIYX": 0.0, "ZIXZIX": 0.03675136116152449, "YIYYYI": 0.029401088929219603, "YZZIIY": -0.05139128070334452, "YYZZXX": -0.19822351128432883, "ZZIXIX": -0.0294010889292196, "YYYZYZ": -0.06615245009074411, "YXXYYY": 0.0, "ZZXYYX": 0.33076225045372054, "ZXYZYX": 0.0, "YIYZZI": -0.02205081669691471, "XIYIXY": -0.007341611529049216, "XZYYZX": 0.0, "ZYYYYZ": -0.13230490018148822, "IXXZZI": -0.0441016333938294, "YZIIYZ": -8.673617379884035e-18, "XIIZXZ": -0.05145190562613429, "IZIIZI": 0.030217785843920146, "YYXXXX": -0.2642980150457718, "ZYXYZX": 0.13230490018148822, "IXIXXX": -0.029366446116196876, "YZYZZZ": 0.0, "YIYIXX": -0.022024834587147647, "XXZZYY": 0.19845735027223232, "IXYYIX": -0.022050816696914704, "XZIZXI": 0.04410163339382941, "ZYZZZY": 0.0, "YIYIII": 0.015517241379310357, "XXYXYX": -0.33076225045372054, "YXIIYX": -0.02205081669691468, "ZIIXZX": 0.0220508166969147, "IZZIZZ": -0.08820326678765882, "IIZYZY": -0.04410163339382941, "XXXZXZ": 0.0, "ZZXIIX": -0.014700544464609805, "ZXZYXY": 0.13230490018148822, "ZIIZZZ": 0.044101633393829415, "ZZYIYI": -1.3877787807814457e-17, "IXIXII": 0.05063520871143376, "XXZZZZ": 0.39691470054446465, "YYZIZI": -0.2058076225045372, "ZYZZYZ": 0.0, "YXXXYX": -0.06615245009074411, "XYYIIX": 0.007350272232304899, "XXXXII": 0.30871143375680576, "YYXZZX": 0.06615245009074411, "YIYXXI": -0.014700544464609801, "YYYXXY": -0.39691470054446465, "ZIXIZX": 0.014700544464609791, "XIXYIY": -0.0220508166969147, "ZXZXII": -0.0367513611615245, "ZZYIIY": 0.014700544464609791, "IZXIXZ": 0.0073502722323049025, "YYZXXZ": 0.0, "ZYYZXX": 0.06615245009074411, "IXYXIY": -0.022050816696914693, "XIYYIX": -0.007350272232304889, "ZZIYYI": -0.0661524500907441, "XIIXXX": -0.022050816696914697, "YZZYXX": 0.06615245009074411, "YYYYYY": -0.19845735027223232, "XYYYXY": 0.1321490075228859, "YZZYZZ": -0.13230490018148822, "YYYXYX": -0.33076225045372054, "XIIYXY": -0.044101633393829394, "ZYIZIY": 0.014700544464609794, "XYXYYY": 0.06615245009074411, "ZZZZXX": 0.06615245009074411, "YZYIIZ": -6.938893903907228e-18, "XXXIIX": 0.0073502722323049025, "ZIZIZZ": 0.05873289223239373, "XZXIZI": 0.007350272232304905, "XXZZII": 0.5365698729582578, "IYZZYI": 0.0367513611615245, "IZXXZI": 0.022050816696914707, "ZXZZXZ": -0.06615245009074411, "XXXXYY": 0.33076225045372054,