{"XXIIII": 0.715399256775129, "XZYZYX": 0.06615245009074411, "XYIIYX": -0.11760435571687841, "ZXZYYX": 0.0, "ZZZZII": -0.441016333938294, "XIIXYY": -0.007350272232304889, "XZXYYZ": -0.13230490018148822, "ZXZIIX": 0.0294010889292196, "IZIZXX": 0.0441016333938294, "XZXZZZ": 0.0, "YYIIZZ": 0.4998185117967332, "YXYYYX": 0.06615245009074411, "ZIZIXX": 0.007350272232304902, "XZZXII": 0.0220508166969147, "YXYZZX": -0.06607450376144294, "YYXXZZ": 0.33076225045372054, "IYZYIZ": 0.05139128070334452, "YYZZZZ": 0.33076225045372054, "YXYZXZ": 0.06615245009074411, "YYZYZY": 0.0, "IYIYYY": -0.014700544464609805, "IZXZIX": 0.0, "XZYXYZ": -0.19845735027223232, "XXXXXX": -0.39691470054446465, "ZYZIYI": 0.0441016333938294, "ZYIIZY": 0.029401088929219603, "XIXZZI": -0.02940108892921959, "IYIYII": 0.0032667876588021744, "YYIIYY": 0.1764065335753176, "YXZXYZ": 0.0, "ZZZIZI": 0.20580762250453719, "YYIXXI": -0.0661524500907441, "XZZYXY": 0.0, "YXYYXY": 0.0, "IIIIXX": -0.39119782214156085, "XZZXZZ": -0.19845735027223232, "IIIIYY": 0.39119782214156085, "YYYYZZ": -0.19845735027223232, "XYZZYX": 0.13230490018148822, "ZYZXYX": 0.0, "IIXXII": 0.4524500907441017, "IZZIXX": 0.0, "IYYIII": 0.005716878402903811, "IYXYXI": -0.0514519056261343, "IZZYYI": 0.014700544464609791, "ZIXZXI": 0.036751361161524505, "XZZZZX": 0.06615245009074411, "XYXZZY": -0.13230490018148822, "YZXXZY": -0.13230490018148822, "IIIXIX": 0.002447203843016407, "XXXIXI": 0.014700544464609798, "IZXZXI": -0.0220508166969147, "IXXIII": 0.03185117967332124, "YZIZYI": -0.0073502722323048955, "IZIXXZ": 0.0073502722323049025, "XYZYXZ": 0.06615245009074411, "XYYYYX": 0.06615245009074411, "XXZIZI": -0.2425589836660617, "IXIYYX": -0.029401088929219603, "XIXIYY": 0.022050816696914707, "YXYXZZ": 0.1321490075228859, "YZIIZY": -0.02205081669691468, "XXIZZI": -0.3454627949183303, "XIIXII": 0.058802177858439206, "YYYYXX": 0.19845735027223232, "IXXIZZ": 0.1029038112522686, "YXZZXY": -0.13230490018148822, "YZYZII": -0.0441016333938294, "ZZXIXI": 0.022050816696914704, "IIYXYX": -0.6027223230490018, "XYXXXY": 0.06615245009074411, "ZYYYZY": 0.0, "ZZYYXX": -0.06615245009074411, "ZIIZII": 0.073502722323049, "IXYXYI": 0.036751361161524505, "ZIZXIX": -0.022050816696914687, "YYIZZI": -0.1543557168784029, "XIXZIZ": 0.014700544464609812, "XZYYXZ": -0.13230490018148822, "YIXXYI": 0.058802177858439206, "XXZXXZ": 0.06615245009074411, "IXZIZX": -0.014700544464609794, "ZXZZZX": -0.13230490018148822, "XYYXII": 0.1249546279491833, "IYXXYI": 0.05145190562613429, "ZIYYZI": 0.06615245009074408, "XXYIYI": -0.0073502722323049025, "XXXZZX": 0.06615245009074411, "IXYYXI": -0.0073502722323048955, "YIXIXY": -0.007350272232304903, "ZXIZIX": -0.014700544464609791, "IIXIIX": -0.0016333938294010898, "IIIYIY": -0.0065335753176043575, "ZIXIXZ": 0.022050816696914687, "XXIYYI": 0.029401088929219606, "ZZZYYZ": -0.1321490075228859, "ZZYYII": 0.2425589836660617, "IIZIIZ": -0.42713248638838486, "YYXZXZ": -0.1321490075228859, "XXYXXY": -0.46306715063520876, "XIZIXZ": -0.0367513611615245, "YXYXYY": -0.19845735027223232, "XYYIXI": -0.0441016333938294, "IZXXIZ": -1.734723475976807e-18, "ZIZYIY": 0.014700544464609812, "IZIZII": -0.11025408348457351, "IZYIYZ": -0.007341611529049205, "IXZZIX": -6.938893903907228e-18, "ZYYIZI": 0.014700544464609798, "ZZIZIZ": 0.26460980036297643, "IYIIIY": 0.006533575317604361, "YZYXXZ": -0.2642980150457718, "YYZZYY": 0.06615245009074411, "ZZZXZX": 0.06607450376144294, "YXXIYI": 0.029401088929219603, "XXIIXX": -0.27931034482758615, "YZZXYX": -0.06615245009074411, "ZZIIYY": -0.23520871143375677, "XXXXZZ": 0.33076225045372054, "YIXIYX": 0.022050816696914707, "YIZIYZ": 0.05880217785843922, "XYIYIX": -0.022050816696914704, "ZXXZZZ": -0.06615245009074411, "YXXYXX": 0.0, "YXIYXI": -0.014700544464609803, "IIXIXI": 0.013067150635208715, "XZZXYY": -0.06615245009074411, "ZYYXXZ": 0.0, "XZXZII": 0.0073502722323049025, "YYIIII": 0.49818511796733217, "IZIYYZ": -0.014700544464609801, "IZXIZX": 0.014700544464609801, "ZYYXZX": 0.0, "YXZYXZ": -0.06607450376144294, "XZZYYX": 0.0, "ZZZYZY": 0.06615245009074411, "ZIYZYI": -0.0441016333938294, "YIIZZY": 0.05880217785843922, "YZZZYZ": 0.13230490018148822, "IZIZZZ": -0.05880217785843922, "XXIXXI": 8.673617379884035e-18, "XIZIZX": 0.022050816696914693, "ZIZYYI": 0.014700544464609794, "IIIYYI": 0.004083484573502719, "ZZYXYX": 0.33076225045372054, "ZXZXZZ": 0.19845735027223232, "YXIXIY": 0.022050816696914693, "IXXXIX": 0.0073502722323048955, "XXZXZX": 0.06615245009074411, "ZZIXXI": 0.0367513611615245, "YZIYZI": 0.029401088929219582, "XXXYYX": -0.39691470054446465, "XXYYYY": -0.33076225045372054, "XYXYZZ": 0.0, "ZIYIZY": -0.036708057645246074, "XXZIIZ": -0.3087114337568058, "XYIXIY": 0.007350272232304861, "XYXYII": 0.06615245009074411, "YYXYYX": -0.19845735027223232, "XZXIIZ": -0.014700544464609798, "XZXXZX": 0.06607450376144294, "YXYXII": 0.014700544464609801, "ZXZIXI": 0.014700544464609803, "ZXXZXX": 0.06615245009074411, "YZZYYY": -0.13230490018148822, "ZZYYYY": 0.26460980036297643, "ZYZYII": 0.02205081669691469, "ZYIYIZ": -6.938893903907228e-18, "IIIIZZ": 0.9187840290381128, "XYIYXI": 0.029366446116196855, "XIXXIX": 0.014700544464609791, "XYZXYZ": 0.26460980036297643, "XYXZYZ": -0.06615245009074411, "XIZZIX": 0.0073502722323049025, "YYIYYI": -1.734723475976807e-18, "IYIZYZ": -0.036751361161524485, "IIYYYY": -0.4998185117967332, "IIYYII": -0.4201033263844829, "YIYXIX": -0.022050816696914693, "IIXZXZ": -6.938893903907228e-18, "XIYYXI": -6.938893903907228e-18, "ZIIZYY": -0.007350272232304907, "ZIZZIZ": -0.029401088929219596, "XZZZXZ": 0.06615245009074411, "YZYZXX": 0.0, "YYZIIZ": -0.1984573502722323, "IZYYIZ": -0.0220508166969147, "XZIXZI": 0.0220508166969147, "ZIIIIZ": -0.013883847549909265, "IXYIYX": 0.022050816696914693, "ZIXZIX": 0.0147005444646098, "YIYYYI": 0.0073502722323049, "YZZIIY": -0.036751361161524485, "YYZZXX": -0.13230490018148822, "ZZIXIX": 0.014700544464609819, "YYYZYZ": 0.19845735027223232, "YXXYYY": 0.0, "ZZXYYX": 0.33076225045372054, "ZXYZYX": 0.0, "YIYZZI": 6.938893903907228e-18, "XIYIXY": 1.0408340855860843e-17, "XZYYZX": -0.06615245009074411, "ZYYYYZ": 0.0, "IXXZZI": 0.02936644611619687, "YZIIYZ": -0.022050816696914707, "XIIZXZ": -0.0073502722323049025, "IZIIZI": 0.01878402903811252, "YYXXXX": -0.26460980036297643, "ZYXYZX": 0.06615245009074411, "IXIXXX": 3.469446951953614e-18, "YZYZZZ": -0.06615245009074411, "YIYIXX": -0.007341611529049212, "XXZZYY": 0.19845735027223232, "IXYYIX": 0.029401088929219596, "XZIZXI": 0.014700544464609803, "ZYZZZY": 0.0, "YIYIII": 0.0008166969147005406, "XXYXYX": -0.33076225045372054, "YXIIYX": -0.05145190562613432, "ZIIXZX": 0.03675136116152451, "IZZIZZ": -0.05873289223239374, "IIZYZY": -0.0294010889292196, "XXXZXZ": 0.0, "ZZXIIX": -0.014700544464609801, "ZXZYXY": -0.06615245009074411, "ZIIZZZ": 0.0808529945553539, "ZZYIYI": -0.014700544464609794, "IXIXII": 0.049818511796733224, "XXZZZZ": 0.46306715063520876, "YYZIZI": -0.16905626134301271, "ZYZZYZ": 0.13230490018148822, "YXXXYX": 0.0, "XYYIIX": -0.03670805764524609, "XXXXII": 0.3523973533943624, "YYXZZX": -0.06615245009074411, "YIYXXI": -0.007350272232304898, "YYYXXY": -0.26460980036297643, "ZIXIZX": 0.0073502722323049025, "XIXYIY": 0.0441016333938294, "ZXZXII": 0.007350272232304899, "ZZYIIY": 0.0367513611615245, "IZXIXZ": -0.014700544464609791, "YYZXXZ": -0.06615245009074411, "ZYYZXX": 0.06615245009074411, "IXYXIY": -0.0073502722323048955, "XIYYIX": -1.734723475976807e-18, "ZZIYYI": -0.05145190562613429, "XIIXXX": -0.02205081669691472, "YZZYXX": 0.06615245009074411, "YYYYYY": -0.19845735027223232, "XYYYXY": 0.0, "YZZYZZ": -0.06615245009074411, "YYYXYX": -0.33076225045372054, "XIIYXY": -0.022050816696914707, "ZYIZIY": 0.0073502722323049025, "XYXYYY": 0.0, "ZZZZXX": 0.19845735027223232, "YZYIIZ": 0.022050816696914704, "XXXIIX": -0.0367513611615245, "ZIZIZZ": 0.0661524500907441, "XZXIZI": -0.051451905626134296, "XXZZII": 0.5953720508166969, "IYZZYI": 0.029401088929219596, "IZXXZI": -0.036751361161524505,