{"ZZYY": 0.4453125, "ZZYI": 0.005859375, "ZZIY": -0.041015625, "ZZII": 0.84765625, "ZIYY": 0.4609375, "ZIYI": -0.029296875, "ZIIY": -0.041015625, "ZIII": 0.8828125, "IZYY": 0.38671875, "IZYI": -0.005859375, "IZIY": -0.037109375, "IZII": 0.7421875, "IIYY": 0.5234375, "IIYI": -0.021484375, "IIIY": -0.041015625, "IIII": 1.0, "XZXZ": -0.0390625, "XZXI": 0.0, "XZIZ": -0.01953125, "XZII": -0.00390625, "XIXZ": -0.005859375, "XIXI": -0.037109375, "XIIZ": 0.009765625, "XIII": -0.162109375, "IZXZ": -0.009765625, "IZXI": 0.017578125, "IZIZ": -0.087890625, "IIXZ": -0.0234375, "IIXI": 0.05859375, "IIIZ": -0.11328125, "ZZXX": -0.509765625, "ZZXI": -0.005859375, "ZZIX": 0.03125, "ZIXX": -0.52734375, "ZIXI": 0.0078125, "ZIIX": 0.013671875, "IZXX": -0.4453125, "IZIX": 0.021484375, "IIXX": -0.603515625, "IIIX": 0.01953125, "YZZY": 0.083984375, "YZZI": 0.021484375, "YZIY": -0.0234375, "YZII": 0.01171875, "YIZY": 0.03515625, "YIZI": 0.01171875, "YIIY": -0.021484375, "YIII": 0.201171875, "IZZY": 0.03125, "IZZI": -0.03125, "IIZY": -0.001953125, "IIZI": -0.033203125, "ZXZX": 0.02734375, "ZXZI": 0.0234375, "ZXIX": 0.029296875, "ZXII": 0.099609375, "ZIZX": -0.021484375, "ZIZI": -0.076171875, "IXZX": 0.015625, "IXZI": 0.02734375, "IXIX": 0.013671875, "IXII": 0.138671875, "IIZX": -0.013671875, "ZYYZ": 0.021484375, "ZYYI": -0.072265625, "ZYIZ": -0.001953125, "ZYII": 0.498046875, "ZIYZ": -0.005859375, "ZIIZ": -0.048828125, "IYYZ": 0.0078125, "IYYI": -0.06640625, "IYIZ": -0.00390625, "IYII": 0.546875, "IIYZ": -0.0078125, "XZZX": -0.046875, "XZZI": 0.029296875, "XZIX": -0.048828125, "XIZX": -0.029296875, "XIZI": 0.00390625, "XIIX": -0.04296875, "IZZX": 0.025390625, "YXYX": 0.173828125, "YXYI": 0.013671875, "YXIX": -0.013671875, "YXII": -0.173828125, "YIYX": -0.134765625, "YIYI": 0.013671875, "YIIX": -0.017578125, "IXYX": -0.08203125, "IXYI": -0.0234375, "IIYX": -0.8359375, "XXYY": -0.244140625, "XXYI": -0.048828125, "XXIY": -0.005859375, "XXII": -0.345703125, "XIYY": -0.134765625, "XIYI": -0.025390625, "XIIY": -0.048828125, "IXYY": 0.12109375, "IXIY": 0.01953125, "XYXY": 0.185546875, "XYXI": -0.029296875, "XYIY": 0.037109375, "XYII": -0.224609375, "XIXY": 0.080078125, "IYXY": -0.3828125, "IYXI": -0.00390625, "IYIY": 0.00390625, "IIXY": -0.8046875, "YYZZ": 0.330078125, "YYZI": -0.029296875, "YYIZ": -0.029296875, "YYII": 0.330078125, "YIZZ": 0.177734375, "YIIZ": -0.044921875, "IYZZ": 0.47265625, "IYZI": -0.01953125, "IIZZ": 1.0, "YZYZ": 0.001953125, "YZYI": -0.0078125, "YZIZ": -0.060546875, "YIYZ": 0.0078125, "IZYZ": 0.0078125, "ZYZY": -0.017578125, "ZYZI": 0.033203125, "ZYIY": 0.005859375, "ZIZY": -0.060546875, "IYZY": 0.00390625, "XYYX": 0.169921875, "XYYI": 0.0390625, "XYIX": -0.056640625, "XIYX": 0.0703125, "IYYX": -0.40625, "IYIX": 0.0, "ZXXZ": -0.078125, "ZXXI": 0.0234375, "ZXIZ": 0.05859375, "ZIXZ": -0.03125, "IXXZ": -0.06640625, "IXXI": 0.03125, "IXIZ": 0.05078125, "XXZZ": -0.4140625, "XXZI": -0.005859375, "XXIZ": -0.005859375, "XIZZ": -0.125, "IXZZ": 0.109375, "YXXY": 0.146484375, "YXXI": -0.0078125, "YXIY": 0.013671875, "YIXY": -0.14453125, "YIXI": 0.044921875, "IXXY": -0.1328125, "YYXX": -0.27734375, "YYXI": -0.01171875, "YYIX": -0.03125, "YIXX": -0.16015625, "IYXX": -0.30859375, "YYYY": 0.244140625, "YYYI": 0.01171875, "YYIY": 0.0234375, "YIYY": 0.09765625, "IYYY": 0.267578125, "XXXX": 0.1640625, "XXXI": 0.046875, "XXIX": -0.048828125, "XIXX": 0.08984375, "IXXX": -0.107421875, "ZZZZ": 0.841796875, "ZZZI": -0.072265625, "ZZIZ": -0.072265625, "ZIZZ": 0.884765625, "IZZZ": 0.7578125}