{"ZZYY": 0.47265625, "ZZYI": 0.001953125, "ZZIY": -0.01171875, "ZZII": 0.853515625, "ZIYY": 0.498046875, "ZIYI": -0.00390625, "ZIIY": -0.025390625, "ZIII": 0.88671875, "IZYY": 0.4140625, "IZYI": -0.009765625, "IZIY": -0.01953125, "IZII": 0.751953125, "IIYY": 0.560546875, "IIYI": 0.01171875, "IIIY": -0.005859375, "IIII": 1.0, "XZXZ": -0.02734375, "XZXI": -0.001953125, "XZIZ": 0.017578125, "XZII": 0.01953125, "XIXZ": -0.025390625, "XIXI": 0.03125, "XIIZ": 0.02734375, "XIII": -0.126953125, "IZXZ": -0.037109375, "IZXI": -0.00390625, "IZIZ": -0.01953125, "IIXZ": -0.03515625, "IIXI": -0.041015625, "IIIZ": -0.025390625, "ZZXX": -0.490234375, "ZZXI": 0.048828125, "ZZIX": -0.02734375, "ZIXX": -0.525390625, "ZIXI": 0.056640625, "ZIIX": -0.0625, "IZXX": -0.455078125, "IZIX": -0.0546875, "IIXX": -0.576171875, "IIIX": -0.02734375, "YZZY": 0.005859375, "YZZI": -0.037109375, "YZIY": 0.0078125, "YZII": -0.0390625, "YIZY": 0.037109375, "YIZI": -0.033203125, "YIIY": -0.0078125, "YIII": 0.17578125, "IZZY": -0.009765625, "IZZI": -0.060546875, "IIZY": 0.017578125, "IIZI": -0.052734375, "ZXZX": 0.0078125, "ZXZI": -0.017578125, "ZXIX": -0.00390625, "ZXII": 0.162109375, "ZIZX": 0.033203125, "ZIZI": -0.01953125, "IXZX": -0.00390625, "IXZI": -0.005859375, "IXIX": -0.0390625, "IXII": 0.166015625, "IIZX": 0.029296875, "ZYYZ": 0.033203125, "ZYYI": -0.00390625, "ZYIZ": 0.029296875, "ZYII": 0.39453125, "ZIYZ": 0.041015625, "ZIIZ": -0.009765625, "IYYZ": 0.037109375, "IYYI": -0.0078125, "IYIZ": 0.021484375, "IYII": 0.45703125, "IIYZ": 0.041015625, "XZZX": -0.0390625, "XZZI": 0.01171875, "XZIX": -0.041015625, "XIZX": -0.021484375, "XIZI": 0.013671875, "XIIX": -0.046875, "IZZX": -0.02734375, "YXYX": 0.119140625, "YXYI": -0.080078125, "YXIX": 0.0390625, "YXII": -0.1328125, "YIYX": -0.15625, "YIYI": 0.03125, "YIIX": -0.052734375, "IXYX": -0.078125, "IXYI": -0.078125, "IIYX": -0.826171875, "XXYY": -0.212890625, "XXYI": 0.080078125, "XXIY": 0.017578125, "XXII": -0.357421875, "XIYY": -0.076171875, "XIYI": -0.001953125, "XIIY": 0.013671875, "IXYY": 0.08203125, "IXIY": -0.00390625, "XYXY": 0.216796875, "XYXI": 0.029296875, "XYIY": -0.03125, "XYII": -0.2578125, "XIXY": 0.115234375, "IYXY": -0.396484375, "IYXI": 0.025390625, "IYIY": -0.01953125, "IIXY": -0.822265625, "YYZZ": 0.408203125, "YYZI": 0.0078125, "YYIZ": 0.0078125, "YYII": 0.408203125, "YIZZ": 0.140625, "YIIZ": -0.021484375, "IYZZ": 0.552734375, "IYZI": 0.05078125, "IIZZ": 1.0, "YZYZ": 0.00390625, "YZYI": 0.01953125, "YZIZ": 0.04296875, "YIYZ": 0.001953125, "IZYZ": -0.017578125, "ZYZY": -0.009765625, "ZYZI": 0.017578125, "ZYIY": 0.02734375, "ZIZY": -0.005859375, "IYZY": 0.025390625, "XYYX": 0.23046875, "XYYI": 0.056640625, "XYIX": -0.03125, "XIYX": 0.216796875, "IYYX": -0.40625, "IYIX": 0.03125, "ZXXZ": -0.013671875, "ZXXI": -0.013671875, "ZXIZ": 0.017578125, "ZIXZ": -0.015625, "IXXZ": -0.001953125, "IXXI": -0.041015625, "IXIZ": 0.017578125, "XXZZ": -0.408203125, "XXZI": 0.064453125, "XXIZ": 0.064453125, "XIZZ": -0.177734375, "IXZZ": 0.12109375, "YXXY": 0.099609375, "YXXI": 0.072265625, "YXIY": -0.05078125, "YIXY": -0.130859375, "YIXI": 0.017578125, "IXXY": -0.142578125, "YYXX": -0.232421875, "YYXI": -0.03125, "YYIX": -0.01171875, "YIXX": -0.107421875, "IYXX": -0.21484375, "YYYY": 0.25, "YYYI": 0.044921875, "YYIY": -0.021484375, "YIYY": 0.109375, "IYYY": 0.30078125, "XXXX": 0.21875, "XXXI": 0.021484375, "XXIX": -0.041015625, "XIXX": 0.07421875, "IXXX": -0.12890625, "ZZZZ": 0.884765625, "ZZZI": -0.064453125, "ZZIZ": -0.064453125, "ZIZZ": 0.892578125, "IZZZ": 0.78125}