{"ZZYY": 0.509765625, "ZZYI": 0.025390625, "ZZIY": 0.029296875, "ZZII": 0.861328125, "ZIYY": 0.53515625, "ZIYI": 0.0625, "ZIIY": 0.03515625, "ZIII": 0.88671875, "IZYY": 0.447265625, "IZYI": 0.033203125, "IZIY": 0.025390625, "IZII": 0.763671875, "IIYY": 0.60546875, "IIYI": 0.0390625, "IIIY": 0.03125, "IIII": 1.0, "XZXZ": -0.001953125, "XZXI": -0.009765625, "XZIZ": 0.052734375, "XZII": -0.033203125, "XIXZ": 0.0078125, "XIXI": 0.03125, "XIIZ": 0.0546875, "XIII": -0.1796875, "IZXZ": -0.013671875, "IZXI": -0.009765625, "IZIZ": -0.080078125, "IIXZ": -0.0390625, "IIXI": -0.05078125, "IIIZ": -0.07421875, "ZZXX": -0.484375, "ZZXI": 0.01171875, "ZZIX": -0.02734375, "ZIXX": -0.482421875, "ZIXI": 0.017578125, "ZIIX": -0.037109375, "IZXX": -0.412109375, "IZIX": -0.037109375, "IIXX": -0.55859375, "IIIX": -0.03125, "YZZY": 0.00390625, "YZZI": -0.017578125, "YZIY": -0.03515625, "YZII": -0.001953125, "YIZY": 0.01953125, "YIZI": -0.013671875, "YIIY": -0.02734375, "YIII": 0.173828125, "IZZY": -0.021484375, "IZZI": -0.078125, "IIZY": -0.005859375, "IIZI": -0.05859375, "ZXZX": -0.03515625, "ZXZI": 0.00390625, "ZXIX": -0.015625, "ZXII": 0.125, "ZIZX": -0.04296875, "ZIZI": -0.078125, "IXZX": -0.05078125, "IXZI": 0.01953125, "IXIX": -0.01171875, "IXII": 0.15234375, "IIZX": -0.05078125, "ZYYZ": 0.044921875, "ZYYI": 0.029296875, "ZYIZ": 0.005859375, "ZYII": 0.435546875, "ZIYZ": 0.0390625, "ZIIZ": -0.01953125, "IYYZ": 0.044921875, "IYYI": 0.029296875, "IYIZ": -0.013671875, "IYII": 0.486328125, "IIYZ": 0.03125, "XZZX": 0.001953125, "XZZI": 0.072265625, "XZIX": 0.0078125, "XIZX": 0.048828125, "XIZI": 0.060546875, "XIIX": 0.00390625, "IZZX": -0.009765625, "YXYX": 0.150390625, "YXYI": 0.0, "YXIX": -0.00390625, "YXII": -0.169921875, "YIYX": -0.14453125, "YIYI": 0.041015625, "YIIX": -0.021484375, "IXYX": -0.126953125, "IXYI": -0.078125, "IIYX": -0.8203125, "XXYY": -0.236328125, "XXYI": 0.03515625, "XXIY": 0.009765625, "XXII": -0.35546875, "XIYY": -0.166015625, "XIYI": 0.03125, "XIIY": 0.021484375, "IXYY": 0.169921875, "IXIY": 0.041015625, "XYXY": 0.1796875, "XYXI": 0.025390625, "XYIY": -0.001953125, "XYII": -0.2109375, "XIXY": 0.17578125, "IYXY": -0.3828125, "IYXI": 0.021484375, "IYIY": -0.029296875, "IIXY": -0.80859375, "YYZZ": 0.38671875, "YYZI": 0.037109375, "YYIZ": 0.037109375, "YYII": 0.38671875, "YIZZ": 0.11328125, "YIIZ": 0.001953125, "IYZZ": 0.4609375, "IYZI": 0.009765625, "IIZZ": 1.0, "YZYZ": 0.05859375, "YZYI": -0.03125, "YZIZ": -0.06640625, "YIYZ": 0.052734375, "IZYZ": -0.017578125, "ZYZY": 0.017578125, "ZYZI": 0.017578125, "ZYIY": -0.013671875, "ZIZY": 0.052734375, "IYZY": 0.015625, "XYYX": 0.201171875, "XYYI": -0.01953125, "XYIX": -0.005859375, "XIYX": 0.078125, "IYYX": -0.3984375, "IYIX": 0.05078125, "ZXXZ": 0.017578125, "ZXXI": 0.04296875, "ZXIZ": -0.015625, "ZIXZ": 0.0234375, "IXXZ": 0.017578125, "IXXI": 0.015625, "IXIZ": -0.015625, "XXZZ": -0.3359375, "XXZI": 0.0859375, "XXIZ": 0.0859375, "XIZZ": -0.171875, "IXZZ": 0.0703125, "YXXY": 0.162109375, "YXXI": 0.001953125, "YXIY": -0.0078125, "YIXY": -0.142578125, "YIXI": 0.021484375, "IXXY": -0.037109375, "YYXX": -0.22265625, "YYXI": 0.02734375, "YYIX": 0.00390625, "YIXX": -0.119140625, "IYXX": -0.330078125, "YYYY": 0.263671875, "YYYI": 0.00390625, "YYIY": -0.025390625, "YIYY": 0.072265625, "IYYY": 0.232421875, "XXXX": 0.19921875, "XXXI": 0.02734375, "XXIX": -0.01953125, "XIXX": 0.09765625, "IXXX": -0.125, "ZZZZ": 0.83203125, "ZZZI": -0.0390625, "ZZIZ": -0.0390625, "ZIZZ": 0.884765625, "IZZZ": 0.732421875}