{"ZZYY": 0.486328125, "ZZYI": -0.041015625, "ZZIY": -0.0078125, "ZZII": 0.86328125, "ZIYY": 0.484375, "ZIYI": -0.01171875, "ZIIY": 0.001953125, "ZIII": 0.873046875, "IZYY": 0.421875, "IZYI": -0.01171875, "IZIY": 0.009765625, "IZII": 0.755859375, "IIYY": 0.560546875, "IIYI": -0.037109375, "IIIY": -0.00390625, "IIII": 1.0, "XZXZ": -0.013671875, "XZXI": 0.03125, "XZIZ": 0.025390625, "XZII": -0.06640625, "XIXZ": -0.03515625, "XIXI": 0.029296875, "XIIZ": 0.00390625, "XIII": -0.208984375, "IZXZ": 0.015625, "IZXI": -0.017578125, "IZIZ": -0.1015625, "IIXZ": 0.017578125, "IIXI": -0.02734375, "IIIZ": -0.068359375, "ZZXX": -0.484375, "ZZXI": 0.02734375, "ZZIX": 0.05078125, "ZIXX": -0.494140625, "ZIXI": 0.029296875, "ZIIX": 0.029296875, "IZXX": -0.431640625, "IZIX": 0.029296875, "IIXX": -0.55859375, "IIIX": 0.0546875, "YZZY": 0.01953125, "YZZI": -0.03125, "YZIY": -0.00390625, "YZII": -0.02734375, "YIZY": -0.001953125, "YIZI": 0.005859375, "YIIY": 0.017578125, "YIII": 0.162109375, "IZZY": 0.005859375, "IZZI": -0.033203125, "IIZY": -0.02734375, "IIZI": -0.0078125, "ZXZX": 0.005859375, "ZXZI": -0.00390625, "ZXIX": -0.00390625, "ZXII": 0.158203125, "ZIZX": -0.017578125, "ZIZI": -0.0546875, "IXZX": -0.03125, "IXZI": 0.017578125, "IXIX": -0.013671875, "IXII": 0.17578125, "IIZX": -0.01953125, "ZYYZ": -0.01953125, "ZYYI": 0.015625, "ZYIZ": -0.01171875, "ZYII": 0.4609375, "ZIYZ": -0.021484375, "ZIIZ": -0.052734375, "IYYZ": -0.033203125, "IYYI": 0.025390625, "IYIZ": 0.001953125, "IYII": 0.490234375, "IIYZ": -0.015625, "XZZX": 0.001953125, "XZZI": 0.01171875, "XZIX": -0.078125, "XIZX": 0.0234375, "XIZI": -0.005859375, "XIIX": -0.072265625, "IZZX": 0.001953125, "YXYX": 0.115234375, "YXYI": -0.041015625, "YXIX": 0.0234375, "YXII": -0.125, "YIYX": -0.212890625, "YIYI": -0.009765625, "YIIX": 0.01171875, "IXYX": -0.111328125, "IXYI": 0.021484375, "IIYX": -0.837890625, "XXYY": -0.22265625, "XXYI": -0.091796875, "XXIY": -0.0546875, "XXII": -0.357421875, "XIYY": -0.083984375, "XIYI": -0.0078125, "XIIY": -0.076171875, "IXYY": 0.08984375, "IXIY": -0.03515625, "XYXY": 0.18359375, "XYXI": 0.02734375, "XYIY": -0.015625, "XYII": -0.19140625, "XIXY": 0.1484375, "IYXY": -0.390625, "IYXI": -0.0625, "IYIY": 0.078125, "IIXY": -0.86328125, "YYZZ": 0.44140625, "YYZI": 0.001953125, "YYIZ": 0.001953125, "YYII": 0.44140625, "YIZZ": 0.185546875, "YIIZ": 0.0078125, "IYZZ": 0.486328125, "IYZI": -0.05859375, "IIZZ": 1.0, "YZYZ": -0.01953125, "YZYI": -0.009765625, "YZIZ": -0.029296875, "YIYZ": -0.0390625, "IZYZ": 0.015625, "ZYZY": 0.017578125, "ZYZI": 0.060546875, "ZYIY": 0.044921875, "ZIZY": -0.013671875, "IYZY": 0.01171875, "XYYX": 0.224609375, "XYYI": 0.0625, "XYIX": -0.07421875, "XIYX": 0.12890625, "IYYX": -0.365234375, "IYIX": 0.046875, "ZXXZ": 0.02734375, "ZXXI": -0.025390625, "ZXIZ": 0.0390625, "ZIXZ": 0.029296875, "IXXZ": 0.00390625, "IXXI": -0.029296875, "IXIZ": 0.0234375, "XXZZ": -0.369140625, "XXZI": -0.037109375, "XXIZ": -0.037109375, "XIZZ": -0.15625, "IXZZ": 0.111328125, "YXXY": 0.1796875, "YXXI": -0.0390625, "YXIY": 0.052734375, "YIXY": -0.203125, "YIXI": 0.01171875, "IXXY": -0.138671875, "YYXX": -0.212890625, "YYXI": -0.017578125, "YYIX": 0.01953125, "YIXX": -0.072265625, "IYXX": -0.306640625, "YYYY": 0.216796875, "YYYI": -0.013671875, "YYIY": -0.015625, "YIYY": 0.099609375, "IYYY": 0.287109375, "XXXX": 0.212890625, "XXXI": 0.01953125, "XXIX": 0.048828125, "XIXX": 0.07421875, "IXXX": -0.1171875, "ZZZZ": 0.849609375, "ZZZI": -0.05078125, "ZZIZ": -0.05078125, "ZIZZ": 0.890625, "IZZZ": 0.763671875}