{"ZZYY": 0.4609375, "ZZYI": 0.009765625, "ZZIY": -0.015625, "ZZII": 0.861328125, "ZIYY": 0.49609375, "ZIYI": 0.021484375, "ZIIY": -0.01171875, "ZIII": 0.896484375, "IZYY": 0.408203125, "IZYI": 0.01953125, "IZIY": -0.013671875, "IZII": 0.76953125, "IIYY": 0.560546875, "IIYI": 0.015625, "IIIY": -0.009765625, "IIII": 1.0, "XZXZ": -0.033203125, "XZXI": 0.03515625, "XZIZ": 0.0078125, "XZII": -0.001953125, "XIXZ": 0.00390625, "XIXI": -0.001953125, "XIIZ": 0.017578125, "XIII": -0.18359375, "IZXZ": 0.072265625, "IZXI": 0.0, "IZIZ": -0.0390625, "IIXZ": 0.01171875, "IIXI": 0.005859375, "IIIZ": -0.041015625, "ZZXX": -0.44921875, "ZZXI": -0.12109375, "ZZIX": 0.060546875, "ZIXX": -0.458984375, "ZIXI": -0.111328125, "ZIIX": 0.0703125, "IZXX": -0.37890625, "IZIX": 0.080078125, "IIXX": -0.529296875, "IIIX": 0.05078125, "YZZY": -0.01953125, "YZZI": 0.017578125, "YZIY": -0.017578125, "YZII": -0.03125, "YIZY": -0.015625, "YIZI": 0.052734375, "YIIY": 0.005859375, "YIII": 0.15625, "IZZY": -0.03125, "IZZI": -0.103515625, "IIZY": -0.01953125, "IIZI": -0.068359375, "ZXZX": 0.03515625, "ZXZI": -0.005859375, "ZXIX": -0.04296875, "ZXII": 0.189453125, "ZIZX": 0.0625, "ZIZI": -0.076171875, "IXZX": 0.033203125, "IXZI": 0.0, "IXIX": -0.037109375, "IXII": 0.21875, "IIZX": 0.033203125, "ZYYZ": 0.0, "ZYYI": -0.03515625, "ZYIZ": -0.037109375, "ZYII": 0.419921875, "ZIYZ": 0.00390625, "ZIIZ": -0.041015625, "IYYZ": 0.017578125, "IYYI": -0.052734375, "IYIZ": -0.0546875, "IYII": 0.484375, "IIYZ": 0.013671875, "XZZX": -0.03515625, "XZZI": -0.0078125, "XZIX": -0.044921875, "XIZX": -0.046875, "XIZI": 0.0, "XIIX": -0.052734375, "IZZX": -0.017578125, "YXYX": 0.14453125, "YXYI": -0.025390625, "YXIX": 0.02734375, "YXII": -0.158203125, "YIYX": -0.162109375, "YIYI": 0.07421875, "YIIX": -0.076171875, "IXYX": -0.13671875, "IXYI": -0.025390625, "IIYX": -0.826171875, "XXYY": -0.21484375, "XXYI": 0.01953125, "XXIY": 0.0078125, "XXII": -0.36328125, "XIYY": -0.064453125, "XIYI": 0.017578125, "XIIY": -0.017578125, "IXYY": 0.115234375, "IXIY": 0.021484375, "XYXY": 0.150390625, "XYXI": 0.013671875, "XYIY": 0.0234375, "XYII": -0.1484375, "XIXY": 0.10546875, "IYXY": -0.4296875, "IYXI": 0.03125, "IYIY": -0.044921875, "IIXY": -0.822265625, "YYZZ": 0.35546875, "YYZI": -0.015625, "YYIZ": -0.015625, "YYII": 0.35546875, "YIZZ": 0.12109375, "YIIZ": -0.046875, "IYZZ": 0.4765625, "IYZI": -0.04296875, "IIZZ": 1.0, "YZYZ": -0.025390625, "YZYI": -0.025390625, "YZIZ": -0.04296875, "YIYZ": -0.01953125, "IZYZ": 0.0234375, "ZYZY": 0.001953125, "ZYZI": -0.01953125, "ZYIY": -0.00390625, "ZIZY": 0.00390625, "IYZY": -0.005859375, "XYYX": 0.1640625, "XYYI": -0.001953125, "XYIX": 0.03515625, "XIYX": 0.10546875, "IYYX": -0.455078125, "IYIX": 0.005859375, "ZXXZ": -0.025390625, "ZXXI": -0.033203125, "ZXIZ": 0.001953125, "ZIXZ": -0.041015625, "IXXZ": -0.01171875, "IXXI": -0.05859375, "IXIZ": -0.02734375, "XXZZ": -0.38671875, "XXZI": 0.037109375, "XXIZ": 0.037109375, "XIZZ": -0.197265625, "IXZZ": 0.220703125, "YXXY": 0.16015625, "YXXI": 0.017578125, "YXIY": -0.015625, "YIXY": -0.17578125, "YIXI": 0.048828125, "IXXY": -0.080078125, "YYXX": -0.232421875, "YYXI": -0.03515625, "YYIX": 0.017578125, "YIXX": -0.119140625, "IYXX": -0.251953125, "YYYY": 0.2734375, "YYYI": 0.0390625, "YYIY": 0.015625, "YIYY": 0.083984375, "IYYY": 0.287109375, "XXXX": 0.142578125, "XXXI": 0.015625, "XXIX": -0.005859375, "XIXX": 0.09375, "IXXX": -0.06640625, "ZZZZ": 0.849609375, "ZZZI": -0.0625, "ZZIZ": -0.0625, "ZIZZ": 0.869140625, "IZZZ": 0.7265625}