{"ZZYY": 0.46875, "ZZYI": -0.037109375, "ZZIY": -0.02734375, "ZZII": 0.841796875, "ZIYY": 0.498046875, "ZIYI": -0.046875, "ZIIY": -0.017578125, "ZIII": 0.875, "IZYY": 0.3984375, "IZYI": -0.041015625, "IZIY": -0.01953125, "IZII": 0.728515625, "IIYY": 0.564453125, "IIYI": -0.0390625, "IIIY": -0.021484375, "IIII": 1.0, "XZXZ": -0.025390625, "XZXI": -0.037109375, "XZIZ": 0.0625, "XZII": -0.01171875, "XIXZ": -0.01171875, "XIXI": -0.05078125, "XIIZ": 0.072265625, "XIII": -0.177734375, "IZXZ": -0.03125, "IZXI": 0.02734375, "IZIZ": -0.060546875, "IIXZ": -0.044921875, "IIXI": 0.025390625, "IIIZ": -0.0625, "ZZXX": -0.478515625, "ZZXI": 0.044921875, "ZZIX": 0.009765625, "ZIXX": -0.505859375, "ZIXI": 0.052734375, "ZIIX": -0.021484375, "IZXX": -0.4296875, "IZIX": -0.01171875, "IIXX": -0.55078125, "IIIX": -0.00390625, "YZZY": 0.0234375, "YZZI": -0.05078125, "YZIY": 0.029296875, "YZII": 0.009765625, "YIZY": 0.037109375, "YIZI": -0.021484375, "YIIY": 0.03515625, "YIII": 0.203125, "IZZY": 0.03125, "IZZI": -0.01171875, "IIZY": 0.041015625, "IIZI": 0.021484375, "ZXZX": -0.02734375, "ZXZI": 0.0, "ZXIX": 0.00390625, "ZXII": 0.125, "ZIZX": 0.01171875, "ZIZI": -0.046875, "IXZX": 0.00390625, "IXZI": 0.00390625, "IXIX": 0.01171875, "IXII": 0.17578125, "IIZX": 0.0, "ZYYZ": 0.01171875, "ZYYI": 0.048828125, "ZYIZ": -0.0078125, "ZYII": 0.466796875, "ZIYZ": 0.001953125, "ZIIZ": 0.005859375, "IYYZ": 0.01953125, "IYYI": 0.029296875, "IYIZ": -0.015625, "IYII": 0.533203125, "IIYZ": 0.013671875, "XZZX": 0.0234375, "XZZI": 0.0234375, "XZIX": -0.01953125, "XIZX": 0.025390625, "XIZI": 0.025390625, "XIIX": -0.013671875, "IZZX": 0.041015625, "YXYX": 0.146484375, "YXYI": 0.044921875, "YXIX": -0.033203125, "YXII": -0.185546875, "YIYX": -0.208984375, "YIYI": -0.056640625, "YIIX": 0.060546875, "IXYX": -0.05859375, "IXYI": 0.08984375, "IIYX": -0.84765625, "XXYY": -0.189453125, "XXYI": -0.009765625, "XXIY": 0.01171875, "XXII": -0.36328125, "XIYY": -0.052734375, "XIYI": 0.029296875, "XIIY": 0.0, "IXYY": 0.111328125, "IXIY": -0.0078125, "XYXY": 0.19140625, "XYXI": -0.00390625, "XYIY": -0.00390625, "XYII": -0.1953125, "XIXY": 0.166015625, "IYXY": -0.431640625, "IYXI": -0.033203125, "IYIY": 0.017578125, "IIXY": -0.83203125, "YYZZ": 0.416015625, "YYZI": -0.029296875, "YYIZ": -0.029296875, "YYII": 0.416015625, "YIZZ": 0.232421875, "YIIZ": -0.056640625, "IYZZ": 0.52734375, "IYZI": -0.03125, "IIZZ": 1.0, "YZYZ": 0.04296875, "YZYI": -0.037109375, "YZIZ": -0.01171875, "YIYZ": 0.0078125, "IZYZ": 0.005859375, "ZYZY": 0.009765625, "ZYZI": 0.025390625, "ZYIY": -0.013671875, "ZIZY": 0.01171875, "IYZY": 0.005859375, "XYYX": 0.1484375, "XYYI": 0.013671875, "XYIX": -0.03125, "XIYX": 0.115234375, "IYYX": -0.359375, "IYIX": 0.01171875, "ZXXZ": 0.02734375, "ZXXI": -0.001953125, "ZXIZ": -0.009765625, "ZIXZ": 0.009765625, "IXXZ": 0.009765625, "IXXI": -0.01953125, "IXIZ": -0.00390625, "XXZZ": -0.3984375, "XXZI": -0.0234375, "XXIZ": -0.0234375, "XIZZ": -0.17578125, "IXZZ": 0.21875, "YXXY": 0.099609375, "YXXI": -0.025390625, "YXIY": 0.025390625, "YIXY": -0.111328125, "YIXI": 0.041015625, "IXXY": -0.10546875, "YYXX": -0.224609375, "YYXI": -0.03515625, "YYIX": 0.0078125, "YIXX": -0.08203125, "IYXX": -0.275390625, "YYYY": 0.283203125, "YYYI": 0.013671875, "YYIY": -0.00390625, "YIYY": 0.09375, "IYYY": 0.29296875, "XXXX": 0.201171875, "XXXI": -0.00390625, "XXIX": 0.005859375, "XIXX": 0.0859375, "IXXX": -0.1171875, "ZZZZ": 0.83984375, "ZZZI": -0.033203125, "ZZIZ": -0.033203125, "ZIZZ": 0.9296875, "IZZZ": 0.78125}