{"ZZYY": 0.4609375, "ZZYI": -0.0625, "ZZIY": -0.04296875, "ZZII": 0.86328125, "ZIYY": 0.498046875, "ZIYI": -0.025390625, "ZIIY": -0.017578125, "ZIII": 0.912109375, "IZYY": 0.408203125, "IZYI": -0.037109375, "IZIY": -0.029296875, "IZII": 0.791015625, "IIYY": 0.55078125, "IIYI": -0.05078125, "IIIY": -0.03125, "IIII": 1.0, "XZXZ": -0.0078125, "XZXI": -0.013671875, "XZIZ": 0.0, "XZII": -0.009765625, "XIXZ": 0.001953125, "XIXI": -0.0078125, "XIIZ": 0.025390625, "XIII": -0.21484375, "IZXZ": -0.0234375, "IZXI": 0.025390625, "IZIZ": -0.07421875, "IIXZ": -0.037109375, "IIXI": 0.0234375, "IIIZ": -0.041015625, "ZZXX": -0.50390625, "ZZXI": -0.041015625, "ZZIX": 0.0234375, "ZIXX": -0.51953125, "ZIXI": -0.029296875, "ZIIX": 0.00390625, "IZXX": -0.455078125, "IZIX": 0.033203125, "IIXX": -0.587890625, "IIIX": -0.001953125, "YZZY": -0.00390625, "YZZI": -0.064453125, "YZIY": -0.02734375, "YZII": -0.013671875, "YIZY": 0.01171875, "YIZI": -0.044921875, "YIIY": -0.01171875, "YIII": 0.201171875, "IZZY": -0.005859375, "IZZI": -0.03515625, "IIZY": -0.001953125, "IIZI": -0.01171875, "ZXZX": 0.013671875, "ZXZI": -0.021484375, "ZXIX": -0.0234375, "ZXII": 0.11328125, "ZIZX": -0.03125, "ZIZI": -0.05078125, "IXZX": 0.02734375, "IXZI": -0.01953125, "IXIX": -0.025390625, "IXII": 0.130859375, "IIZX": -0.033203125, "ZYYZ": 0.041015625, "ZYYI": 0.03125, "ZYIZ": 0.025390625, "ZYII": 0.46875, "ZIYZ": 0.046875, "ZIIZ": 0.0234375, "IYYZ": 0.04296875, "IYYI": 0.029296875, "IYIZ": 0.02734375, "IYII": 0.490234375, "IIYZ": 0.056640625, "XZZX": 0.037109375, "XZZI": 0.060546875, "XZIX": 0.025390625, "XIZX": 0.01953125, "XIZI": 0.05859375, "XIIX": 0.0390625, "IZZX": -0.005859375, "YXYX": 0.150390625, "YXYI": -0.005859375, "YXIX": 0.029296875, "YXII": -0.162109375, "YIYX": -0.15234375, "YIYI": -0.01953125, "YIIX": 0.0390625, "IXYX": -0.099609375, "IXYI": -0.033203125, "IIYX": -0.84375, "XXYY": -0.189453125, "XXYI": -0.013671875, "XXIY": -0.015625, "XXII": -0.421875, "XIYY": -0.134765625, "XIYI": -0.037109375, "XIIY": -0.01171875, "IXYY": 0.130859375, "IXIY": 0.015625, "XYXY": 0.171875, "XYXI": -0.03515625, "XYIY": 0.025390625, "XYII": -0.212890625, "XIXY": 0.142578125, "IYXY": -0.3828125, "IYXI": 0.03515625, "IYIY": -0.037109375, "IIXY": -0.810546875, "YYZZ": 0.38671875, "YYZI": -0.025390625, "YYIZ": -0.025390625, "YYII": 0.38671875, "YIZZ": 0.16796875, "YIIZ": 0.013671875, "IYZZ": 0.4921875, "IYZI": 0.013671875, "IIZZ": 1.0, "YZYZ": -0.017578125, "YZYI": 0.064453125, "YZIZ": -0.02734375, "YIYZ": 0.00390625, "IZYZ": 0.01171875, "ZYZY": 0.02734375, "ZYZI": -0.015625, "ZYIY": -0.009765625, "ZIZY": 0.01171875, "IYZY": 0.041015625, "XYYX": 0.20703125, "XYYI": -0.01171875, "XYIX": -0.01171875, "XIYX": 0.12890625, "IYYX": -0.421875, "IYIX": 0.0, "ZXXZ": 0.029296875, "ZXXI": -0.015625, "ZXIZ": 0.01171875, "ZIXZ": -0.03515625, "IXXZ": 0.005859375, "IXXI": 0.00390625, "IXIZ": 0.01953125, "XXZZ": -0.365234375, "XXZI": 0.013671875, "XXIZ": 0.013671875, "XIZZ": -0.154296875, "IXZZ": 0.09375, "YXXY": 0.142578125, "YXXI": 0.037109375, "YXIY": -0.037109375, "YIXY": -0.115234375, "YIXI": 0.013671875, "IXXY": -0.08203125, "YYXX": -0.25390625, "YYXI": -0.025390625, "YYIX": 0.03515625, "YIXX": -0.080078125, "IYXX": -0.27734375, "YYYY": 0.224609375, "YYYI": -0.01171875, "YYIY": -0.03515625, "YIYY": 0.1015625, "IYYY": 0.271484375, "XXXX": 0.26171875, "XXXI": 0.001953125, "XXIX": 0.03125, "XIXX": 0.171875, "IXXX": -0.166015625, "ZZZZ": 0.859375, "ZZZI": -0.078125, "ZZIZ": -0.078125, "ZIZZ": 0.888671875, "IZZZ": 0.755859375}