{"ZZYY": 0.421875, "ZZYI": -0.005859375, "ZZIY": 0.04296875, "ZZII": 0.865234375, "ZIYY": 0.4609375, "ZIYI": -0.009765625, "ZIIY": 0.01171875, "ZIII": 0.876953125, "IZYY": 0.392578125, "IZYI": -0.015625, "IZIY": 0.029296875, "IZII": 0.76171875, "IIYY": 0.509765625, "IIYI": 0.01953125, "IIIY": 0.044921875, "IIII": 1.0, "XZXZ": -0.029296875, "XZXI": 0.009765625, "XZIZ": 0.005859375, "XZII": -0.009765625, "XIXZ": -0.0390625, "XIXI": 0.00390625, "XIIZ": -0.00390625, "XIII": -0.1640625, "IZXZ": 0.001953125, "IZXI": -0.001953125, "IZIZ": -0.103515625, "IIXZ": 0.00390625, "IIXI": -0.02734375, "IIIZ": -0.1015625, "ZZXX": -0.4765625, "ZZXI": -0.015625, "ZZIX": 0.041015625, "ZIXX": -0.5, "ZIXI": -0.0234375, "ZIIX": 0.056640625, "IZXX": -0.431640625, "IZIX": 0.05078125, "IIXX": -0.564453125, "IIIX": 0.05078125, "YZZY": 0.009765625, "YZZI": -0.03515625, "YZIY": -0.03515625, "YZII": -0.013671875, "YIZY": 0.01953125, "YIZI": -0.037109375, "YIIY": -0.025390625, "YIII": 0.1796875, "IZZY": -0.021484375, "IZZI": -0.0625, "IIZY": -0.0078125, "IIZI": -0.044921875, "ZXZX": -0.013671875, "ZXZI": 0.056640625, "ZXIX": 0.0390625, "ZXII": 0.1484375, "ZIZX": 0.015625, "ZIZI": -0.0625, "IXZX": -0.0078125, "IXZI": 0.0546875, "IXIX": 0.037109375, "IXII": 0.185546875, "IIZX": 0.013671875, "ZYYZ": 0.0078125, "ZYYI": 0.0078125, "ZYIZ": -0.0234375, "ZYII": 0.38671875, "ZIYZ": -0.0234375, "ZIIZ": -0.09765625, "IYYZ": 0.01953125, "IYYI": -0.00390625, "IYIZ": -0.02734375, "IYII": 0.453125, "IIYZ": -0.0234375, "XZZX": -0.037109375, "XZZI": -0.00390625, "XZIX": -0.078125, "XIZX": -0.00390625, "XIZI": -0.021484375, "XIIX": -0.087890625, "IZZX": 0.013671875, "YXYX": 0.138671875, "YXYI": -0.0234375, "YXIX": 0.0234375, "YXII": -0.111328125, "YIYX": -0.1171875, "YIYI": -0.013671875, "YIIX": 0.041015625, "IXYX": -0.091796875, "IXYI": 0.07421875, "IIYX": -0.8046875, "XXYY": -0.177734375, "XXYI": -0.01953125, "XXIY": -0.03125, "XXII": -0.369140625, "XIYY": -0.095703125, "XIYI": -0.0859375, "XIIY": -0.05859375, "IXYY": 0.109375, "IXIY": 0.029296875, "XYXY": 0.1328125, "XYXI": 0.0, "XYIY": 0.013671875, "XYII": -0.181640625, "XIXY": 0.0390625, "IYXY": -0.365234375, "IYXI": -0.033203125, "IYIY": -0.01953125, "IIXY": -0.787109375, "YYZZ": 0.384765625, "YYZI": -0.01171875, "YYIZ": -0.01171875, "YYII": 0.384765625, "YIZZ": 0.142578125, "YIIZ": -0.0078125, "IYZZ": 0.44921875, "IYZI": -0.013671875, "IIZZ": 1.0, "YZYZ": 0.0, "YZYI": -0.060546875, "YZIZ": -0.064453125, "YIYZ": -0.0078125, "IZYZ": -0.01171875, "ZYZY": 0.03515625, "ZYZI": 0.009765625, "ZYIY": -0.04296875, "ZIZY": -0.01171875, "IYZY": 0.017578125, "XYYX": 0.203125, "XYYI": -0.015625, "XYIX": 0.05078125, "XIYX": 0.1171875, "IYYX": -0.421875, "IYIX": 0.01171875, "ZXXZ": -0.01953125, "ZXXI": 0.01953125, "ZXIZ": 0.015625, "ZIXZ": 0.021484375, "IXXZ": -0.009765625, "IXXI": 0.017578125, "IXIZ": 0.013671875, "XXZZ": -0.384765625, "XXZI": 0.015625, "XXIZ": 0.015625, "XIZZ": -0.16015625, "IXZZ": 0.138671875, "YXXY": 0.138671875, "YXXI": 0.04296875, "YXIY": -0.01953125, "YIXY": -0.12109375, "YIXI": 0.009765625, "IXXY": -0.095703125, "YYXX": -0.203125, "YYXI": -0.009765625, "YYIX": 0.01171875, "YIXX": -0.060546875, "IYXX": -0.26953125, "YYYY": 0.228515625, "YYYI": -0.00390625, "YYIY": -0.0078125, "YIYY": 0.083984375, "IYYY": 0.21484375, "XXXX": 0.236328125, "XXXI": 0.029296875, "XXIX": -0.001953125, "XIXX": 0.072265625, "IXXX": -0.078125, "ZZZZ": 0.876953125, "ZZZI": -0.017578125, "ZZIZ": -0.017578125, "ZIZZ": 0.896484375, "IZZZ": 0.7890625}