{"ZZYY": 0.544921875, "ZZYI": 0.03125, "ZZIY": 0.013671875, "ZZII": 0.85546875, "ZIYY": 0.5546875, "ZIYI": 0.048828125, "ZIIY": 0.03125, "ZIII": 0.873046875, "IZYY": 0.4765625, "IZYI": 0.044921875, "IZIY": 0.015625, "IZII": 0.751953125, "IIYY": 0.630859375, "IIYI": 0.02734375, "IIIY": 0.021484375, "IIII": 1.0, "XZXZ": 0.021484375, "XZXI": 0.01171875, "XZIZ": -0.01171875, "XZII": -0.013671875, "XIXZ": 0.05078125, "XIXI": 0.029296875, "XIIZ": -0.041015625, "XIII": -0.1484375, "IZXZ": -0.009765625, "IZXI": 0.0, "IZIZ": -0.03125, "IIXZ": -0.02734375, "IIXI": -0.013671875, "IIIZ": -0.013671875, "ZZXX": -0.51171875, "ZZXI": -0.05078125, "ZZIX": 0.044921875, "ZIXX": -0.533203125, "ZIXI": -0.091796875, "ZIIX": 0.05859375, "IZXX": -0.47265625, "IZIX": 0.060546875, "IIXX": -0.568359375, "IIIX": 0.046875, "YZZY": 0.017578125, "YZZI": -0.0078125, "YZIY": -0.052734375, "YZII": 0.0, "YIZY": 0.001953125, "YIZI": 0.01953125, "YIIY": -0.064453125, "YIII": 0.21875, "IZZY": 0.064453125, "IZZI": -0.0625, "IIZY": 0.029296875, "IIZI": -0.03125, "ZXZX": -0.017578125, "ZXZI": -0.029296875, "ZXIX": -0.0390625, "ZXII": 0.18359375, "ZIZX": -0.025390625, "ZIZI": -0.080078125, "IXZX": -0.005859375, "IXZI": -0.041015625, "IXIX": -0.02734375, "IXII": 0.1796875, "IIZX": -0.033203125, "ZYYZ": -0.00390625, "ZYYI": 0.046875, "ZYIZ": 0.0234375, "ZYII": 0.4140625, "ZIYZ": 0.0, "ZIIZ": -0.04296875, "IYYZ": 0.00390625, "IYYI": 0.04296875, "IYIZ": 0.03125, "IYII": 0.46484375, "IIYZ": 0.0078125, "XZZX": 0.02734375, "XZZI": 0.08203125, "XZIX": 0.005859375, "XIZX": -0.015625, "XIZI": 0.0703125, "XIIX": -0.021484375, "IZZX": -0.029296875, "YXYX": 0.138671875, "YXYI": 0.01953125, "YXIX": -0.0078125, "YXII": -0.166015625, "YIYX": -0.140625, "YIYI": -0.080078125, "YIIX": 0.056640625, "IXYX": -0.072265625, "IXYI": 0.05078125, "IIYX": -0.828125, "XXYY": -0.19140625, "XXYI": 0.033203125, "XXIY": 0.03125, "XXII": -0.369140625, "XIYY": -0.080078125, "XIYI": 0.05859375, "XIIY": 0.029296875, "IXYY": 0.12109375, "IXIY": 0.0078125, "XYXY": 0.162109375, "XYXI": -0.009765625, "XYIY": 0.01171875, "XYII": -0.2265625, "XIXY": 0.109375, "IYXY": -0.4140625, "IYXI": -0.01953125, "IYIY": 0.048828125, "IIXY": -0.822265625, "YYZZ": 0.421875, "YYZI": -0.01171875, "YYIZ": -0.01171875, "YYII": 0.421875, "YIZZ": 0.185546875, "YIIZ": -0.041015625, "IYZZ": 0.529296875, "IYZI": -0.037109375, "IIZZ": 1.0, "YZYZ": 0.021484375, "YZYI": 0.033203125, "YZIZ": 0.015625, "YIYZ": -0.001953125, "IZYZ": -0.001953125, "ZYZY": -0.009765625, "ZYZI": -0.00390625, "ZYIY": -0.03515625, "ZIZY": -0.044921875, "IYZY": -0.015625, "XYYX": 0.208984375, "XYYI": 0.0, "XYIX": -0.033203125, "XIYX": 0.158203125, "IYYX": -0.455078125, "IYIX": -0.013671875, "ZXXZ": -0.025390625, "ZXXI": -0.033203125, "ZXIZ": 0.009765625, "ZIXZ": -0.0546875, "IXXZ": -0.009765625, "IXXI": -0.033203125, "IXIZ": 0.017578125, "XXZZ": -0.416015625, "XXZI": 0.0078125, "XXIZ": 0.0078125, "XIZZ": -0.19921875, "IXZZ": 0.181640625, "YXXY": 0.15625, "YXXI": 0.0, "YXIY": 0.0078125, "YIXY": -0.10546875, "YIXI": -0.04296875, "IXXY": -0.12890625, "YYXX": -0.25390625, "YYXI": -0.00390625, "YYIX": 0.013671875, "YIXX": -0.099609375, "IYXX": -0.296875, "YYYY": 0.1953125, "YYYI": 0.017578125, "YYIY": 0.02734375, "YIYY": 0.05859375, "IYYY": 0.244140625, "XXXX": 0.228515625, "XXXI": -0.01171875, "XXIX": -0.021484375, "XIXX": 0.0859375, "IXXX": -0.125, "ZZZZ": 0.859375, "ZZZI": -0.1015625, "ZZIZ": -0.1015625, "ZIZZ": 0.86328125, "IZZZ": 0.734375}