{"ZZYY": 0.484375, "ZZYI": -0.021484375, "ZZIY": 0.0, "ZZII": 0.861328125, "ZIYY": 0.490234375, "ZIYI": -0.03515625, "ZIIY": -0.001953125, "ZIII": 0.88671875, "IZYY": 0.42578125, "IZYI": -0.033203125, "IZIY": -0.01953125, "IZII": 0.755859375, "IIYY": 0.556640625, "IIYI": -0.0234375, "IIIY": 0.017578125, "IIII": 1.0, "XZXZ": -0.01953125, "XZXI": -0.06640625, "XZIZ": 0.041015625, "XZII": -0.005859375, "XIXZ": 0.025390625, "XIXI": -0.076171875, "XIIZ": 0.0234375, "XIII": -0.171875, "IZXZ": 0.03515625, "IZXI": 0.03515625, "IZIZ": -0.080078125, "IIXZ": -0.001953125, "IIXI": 0.052734375, "IIIZ": -0.046875, "ZZXX": -0.45703125, "ZZXI": -0.0078125, "ZZIX": -0.0078125, "ZIXX": -0.494140625, "ZIXI": -0.013671875, "ZIIX": -0.013671875, "IZXX": -0.404296875, "IZIX": -0.017578125, "IIXX": -0.5625, "IIIX": 0.01171875, "YZZY": 0.015625, "YZZI": 0.0, "YZIY": -0.009765625, "YZII": 0.017578125, "YIZY": -0.0078125, "YIZI": -0.0078125, "YIIY": 0.013671875, "YIII": 0.205078125, "IZZY": -0.009765625, "IZZI": -0.064453125, "IIZY": -0.029296875, "IIZI": -0.068359375, "ZXZX": 0.025390625, "ZXZI": 0.025390625, "ZXIX": 0.00390625, "ZXII": 0.19140625, "ZIZX": -0.017578125, "ZIZI": 0.033203125, "IXZX": 0.048828125, "IXZI": 0.021484375, "IXIX": 0.00390625, "IXII": 0.2265625, "IIZX": -0.017578125, "ZYYZ": 0.001953125, "ZYYI": 0.017578125, "ZYIZ": 0.03515625, "ZYII": 0.40234375, "ZIYZ": 0.025390625, "ZIIZ": -0.0390625, "IYYZ": -0.005859375, "IYYI": 0.029296875, "IYIZ": 0.0625, "IYII": 0.46484375, "IIYZ": 0.037109375, "XZZX": -0.017578125, "XZZI": -0.02734375, "XZIX": 0.005859375, "XIZX": -0.029296875, "XIZI": -0.0390625, "XIIX": 0.013671875, "IZZX": -0.029296875, "YXYX": 0.15625, "YXYI": 0.01171875, "YXIX": 0.01171875, "YXII": -0.203125, "YIYX": -0.1796875, "YIYI": 0.04296875, "YIIX": -0.01171875, "IXYX": -0.109375, "IXYI": -0.04296875, "IIYX": -0.8359375, "XXYY": -0.18359375, "XXYI": 0.025390625, "XXIY": 0.03515625, "XXII": -0.333984375, "XIYY": -0.09375, "XIYI": -0.021484375, "XIIY": -0.01171875, "IXYY": 0.056640625, "IXIY": 0.037109375, "XYXY": 0.166015625, "XYXI": 0.01953125, "XYIY": 0.00390625, "XYII": -0.177734375, "XIXY": 0.1640625, "IYXY": -0.447265625, "IYXI": 0.02734375, "IYIY": -0.02734375, "IIXY": -0.828125, "YYZZ": 0.384765625, "YYZI": -0.02734375, "YYIZ": -0.02734375, "YYII": 0.384765625, "YIZZ": 0.185546875, "YIIZ": -0.015625, "IYZZ": 0.49609375, "IYZI": -0.005859375, "IIZZ": 1.0, "YZYZ": 0.01171875, "YZYI": 0.046875, "YZIZ": -0.0390625, "YIYZ": 0.015625, "IZYZ": 0.02734375, "ZYZY": 0.0390625, "ZYZI": 0.02734375, "ZYIY": -0.048828125, "ZIZY": 0.01171875, "IYZY": 0.056640625, "XYYX": 0.173828125, "XYYI": -0.015625, "XYIX": -0.00390625, "XIYX": 0.1484375, "IYYX": -0.435546875, "IYIX": -0.02734375, "ZXXZ": -0.021484375, "ZXXI": -0.015625, "ZXIZ": 0.029296875, "ZIXZ": 0.001953125, "IXXZ": -0.001953125, "IXXI": -0.015625, "IXIZ": 0.025390625, "XXZZ": -0.3828125, "XXZI": 0.025390625, "XXIZ": 0.025390625, "XIZZ": -0.16796875, "IXZZ": 0.09375, "YXXY": 0.12109375, "YXXI": -0.015625, "YXIY": 0.001953125, "YIXY": -0.15625, "YIXI": 0.02734375, "IXXY": -0.119140625, "YYXX": -0.267578125, "YYXI": 0.029296875, "YYIX": -0.03515625, "YIXX": -0.0859375, "IYXX": -0.1796875, "YYYY": 0.251953125, "YYYI": -0.03515625, "YYIY": -0.037109375, "YIYY": 0.12890625, "IYYY": 0.2890625, "XXXX": 0.181640625, "XXXI": 0.017578125, "XXIX": -0.0078125, "XIXX": 0.0859375, "IXXX": -0.125, "ZZZZ": 0.8359375, "ZZZI": -0.119140625, "ZZIZ": -0.119140625, "ZIZZ": 0.875, "IZZZ": 0.73046875}