{"ZZYY": 0.4921875, "ZZYI": 0.009765625, "ZZIY": 0.064453125, "ZZII": 0.828125, "ZIYY": 0.548828125, "ZIYI": 0.04296875, "ZIIY": 0.0625, "ZIII": 0.904296875, "IZYY": 0.443359375, "IZYI": 0.0390625, "IZIY": 0.0859375, "IZII": 0.740234375, "IIYY": 0.58984375, "IIYI": 0.013671875, "IIIY": 0.041015625, "IIII": 1.0, "XZXZ": -0.009765625, "XZXI": -0.033203125, "XZIZ": 0.0625, "XZII": 0.01171875, "XIXZ": -0.03125, "XIXI": -0.0625, "XIIZ": 0.060546875, "XIII": -0.154296875, "IZXZ": -0.0234375, "IZXI": -0.00390625, "IZIZ": -0.068359375, "IIXZ": -0.013671875, "IIXI": 0.021484375, "IIIZ": -0.0234375, "ZZXX": -0.521484375, "ZZXI": 0.017578125, "ZZIX": -0.04296875, "ZIXX": -0.525390625, "ZIXI": 0.017578125, "ZIIX": -0.03125, "IZXX": -0.458984375, "IZIX": -0.03515625, "IIXX": -0.583984375, "IIIX": -0.03515625, "YZZY": 0.04296875, "YZZI": 0.0078125, "YZIY": 0.009765625, "YZII": 0.009765625, "YIZY": 0.052734375, "YIZI": 0.005859375, "YIIY": 0.00390625, "YIII": 0.1953125, "IZZY": 0.0078125, "IZZI": -0.03125, "IIZY": 0.033203125, "IIZI": -0.041015625, "ZXZX": 0.05078125, "ZXZI": -0.001953125, "ZXIX": -0.03125, "ZXII": 0.150390625, "ZIZX": -0.013671875, "ZIZI": -0.0078125, "IXZX": 0.03125, "IXZI": -0.021484375, "IXIX": -0.04296875, "IXII": 0.177734375, "IIZX": -0.021484375, "ZYYZ": -0.0078125, "ZYYI": -0.021484375, "ZYIZ": 0.0078125, "ZYII": 0.458984375, "ZIYZ": 0.017578125, "ZIIZ": -0.029296875, "IYYZ": -0.01953125, "IYYI": -0.005859375, "IYIZ": 0.01171875, "IYII": 0.498046875, "IIYZ": -0.001953125, "XZZX": 0.009765625, "XZZI": -0.025390625, "XZIX": 0.017578125, "XIZX": 0.01953125, "XIZI": 0.015625, "XIIX": -0.0234375, "IZZX": 0.005859375, "YXYX": 0.12109375, "YXYI": 0.0390625, "YXIX": -0.0078125, "YXII": -0.1328125, "YIYX": -0.150390625, "YIYI": 0.037109375, "YIIX": -0.029296875, "IXYX": -0.146484375, "IXYI": 0.001953125, "IIYX": -0.81640625, "XXYY": -0.224609375, "XXYI": 0.05078125, "XXIY": 0.001953125, "XXII": -0.39453125, "XIYY": -0.123046875, "XIYI": 0.0234375, "XIIY": -0.029296875, "IXYY": 0.107421875, "IXIY": 0.001953125, "XYXY": 0.1328125, "XYXI": 0.0078125, "XYIY": 0.001953125, "XYII": -0.166015625, "XIXY": 0.08203125, "IYXY": -0.353515625, "IYXI": 0.060546875, "IYIY": -0.078125, "IIXY": -0.794921875, "YYZZ": 0.44140625, "YYZI": 0.04296875, "YYIZ": 0.04296875, "YYII": 0.44140625, "YIZZ": 0.181640625, "YIIZ": 0.017578125, "IYZZ": 0.466796875, "IYZI": -0.060546875, "IIZZ": 1.0, "YZYZ": -0.013671875, "YZYI": -0.009765625, "YZIZ": 0.05078125, "YIYZ": -0.033203125, "IZYZ": -0.037109375, "ZYZY": 0.037109375, "ZYZI": -0.013671875, "ZYIY": 0.04296875, "ZIZY": -0.00390625, "IYZY": 0.0546875, "XYYX": 0.15234375, "XYYI": 0.017578125, "XYIX": -0.025390625, "XIYX": 0.13671875, "IYYX": -0.453125, "IYIX": 0.037109375, "ZXXZ": -0.01953125, "ZXXI": 0.01171875, "ZXIZ": 0.02734375, "ZIXZ": 0.01171875, "IXXZ": -0.03515625, "IXXI": 0.00390625, "IXIZ": 0.00390625, "XXZZ": -0.361328125, "XXZI": -0.00390625, "XXIZ": -0.00390625, "XIZZ": -0.19140625, "IXZZ": 0.166015625, "YXXY": 0.1484375, "YXXI": 0.048828125, "YXIY": -0.01953125, "YIXY": -0.193359375, "YIXI": 0.01171875, "IXXY": -0.125, "YYXX": -0.19140625, "YYXI": 0.005859375, "YYIX": 0.052734375, "YIXX": -0.095703125, "IYXX": -0.248046875, "YYYY": 0.259765625, "YYYI": 0.01953125, "YYIY": 0.009765625, "YIYY": 0.12890625, "IYYY": 0.2265625, "XXXX": 0.234375, "XXXI": -0.00390625, "XXIX": -0.046875, "XIXX": 0.0703125, "IXXX": -0.09375, "ZZZZ": 0.822265625, "ZZZI": -0.0625, "ZZIZ": -0.0625, "ZIZZ": 0.892578125, "IZZZ": 0.73828125}