{"ZZYY": 0.501953125, "ZZYI": 0.001953125, "ZZIY": -0.0546875, "ZZII": 0.83984375, "ZIYY": 0.501953125, "ZIYI": 0.009765625, "ZIIY": -0.03515625, "ZIII": 0.875, "IZYY": 0.431640625, "IZYI": -0.009765625, "IZIY": -0.05078125, "IZII": 0.72265625, "IIYY": 0.580078125, "IIYI": 0.021484375, "IIIY": -0.0390625, "IIII": 1.0, "XZXZ": -0.00390625, "XZXI": -0.005859375, "XZIZ": -0.078125, "XZII": -0.005859375, "XIXZ": -0.0234375, "XIXI": -0.001953125, "XIIZ": -0.078125, "XIII": -0.232421875, "IZXZ": -0.037109375, "IZXI": -0.04296875, "IZIZ": -0.021484375, "IIXZ": -0.017578125, "IIXI": -0.0234375, "IIIZ": -0.013671875, "ZZXX": -0.447265625, "ZZXI": 0.02734375, "ZZIX": -0.021484375, "ZIXX": -0.498046875, "ZIXI": 0.01953125, "ZIIX": 0.001953125, "IZXX": -0.416015625, "IZIX": 0.005859375, "IIXX": -0.552734375, "IIIX": -0.017578125, "YZZY": 0.0, "YZZI": -0.013671875, "YZIY": -0.01171875, "YZII": -0.005859375, "YIZY": 0.01953125, "YIZI": 0.005859375, "YIIY": 0.01171875, "YIII": 0.173828125, "IZZY": -0.041015625, "IZZI": -0.046875, "IIZY": 0.009765625, "IIZI": -0.00390625, "ZXZX": -0.021484375, "ZXZI": 0.03515625, "ZXIX": 0.0078125, "ZXII": 0.072265625, "ZIZX": -0.009765625, "ZIZI": -0.1171875, "IXZX": 0.0078125, "IXZI": 0.044921875, "IXIX": 0.013671875, "IXII": 0.07421875, "IIZX": -0.0078125, "ZYYZ": 0.03515625, "ZYYI": 0.046875, "ZYIZ": 0.056640625, "ZYII": 0.451171875, "ZIYZ": 0.0546875, "ZIIZ": 0.029296875, "IYYZ": 0.001953125, "IYYI": 0.037109375, "IYIZ": 0.046875, "IYII": 0.50390625, "IIYZ": 0.025390625, "XZZX": -0.02734375, "XZZI": 0.01171875, "XZIX": 0.01953125, "XIZX": 0.025390625, "XIZI": 0.009765625, "XIIX": 0.005859375, "IZZX": 0.037109375, "YXYX": 0.12890625, "YXYI": -0.0625, "YXIX": 0.05859375, "YXII": -0.1015625, "YIYX": -0.158203125, "YIYI": -0.001953125, "YIIX": 0.013671875, "IXYX": -0.111328125, "IXYI": -0.009765625, "IIYX": -0.82421875, "XXYY": -0.21484375, "XXYI": -0.052734375, "XXIY": -0.072265625, "XXII": -0.37890625, "XIYY": -0.154296875, "XIYI": 0.05078125, "XIIY": 0.03515625, "IXYY": 0.119140625, "IXIY": -0.0390625, "XYXY": 0.185546875, "XYXI": -0.044921875, "XYIY": 0.052734375, "XYII": -0.208984375, "XIXY": 0.119140625, "IYXY": -0.43359375, "IYXI": 0.0, "IYIY": -0.0078125, "IIXY": -0.8515625, "YYZZ": 0.443359375, "YYZI": -0.029296875, "YYIZ": -0.029296875, "YYII": 0.443359375, "YIZZ": 0.158203125, "YIIZ": -0.009765625, "IYZZ": 0.4609375, "IYZI": -0.01953125, "IIZZ": 1.0, "YZYZ": 0.033203125, "YZYI": 0.015625, "YZIZ": -0.009765625, "YIYZ": 0.0390625, "IZYZ": 0.03515625, "ZYZY": 0.029296875, "ZYZI": 0.0390625, "ZYIY": -0.009765625, "ZIZY": 0.0546875, "IYZY": 0.046875, "XYYX": 0.212890625, "XYYI": -0.02734375, "XYIX": 0.037109375, "XIYX": 0.134765625, "IYYX": -0.423828125, "IYIX": -0.021484375, "ZXXZ": 0.02734375, "ZXXI": 0.01171875, "ZXIZ": 0.03515625, "ZIXZ": 0.0, "IXXZ": 0.02734375, "IXXI": 0.00390625, "IXIZ": 0.0234375, "XXZZ": -0.427734375, "XXZI": 0.048828125, "XXIZ": 0.048828125, "XIZZ": -0.181640625, "IXZZ": 0.13671875, "YXXY": 0.171875, "YXXI": -0.015625, "YXIY": 0.0078125, "YIXY": -0.177734375, "YIXI": 0.041015625, "IXXY": -0.099609375, "YYXX": -0.24609375, "YYXI": -0.025390625, "YYIX": 0.03515625, "YIXX": -0.12109375, "IYXX": -0.251953125, "YYYY": 0.248046875, "YYYI": -0.00390625, "YYIY": -0.046875, "YIYY": 0.087890625, "IYYY": 0.28125, "XXXX": 0.220703125, "XXXI": -0.005859375, "XXIX": -0.015625, "XIXX": 0.080078125, "IXXX": -0.080078125, "ZZZZ": 0.873046875, "ZZZI": 0.060546875, "ZZIZ": 0.060546875, "ZIZZ": 0.8984375, "IZZZ": 0.779296875}