{"ZZYY": 0.49609375, "ZZYI": -0.03515625, "ZZIY": 0.0, "ZZII": 0.87890625, "ZIYY": 0.515625, "ZIYI": -0.05078125, "ZIIY": -0.01171875, "ZIII": 0.87890625, "IZYY": 0.46484375, "IZYI": -0.046875, "IZIY": -0.0234375, "IZII": 0.7890625, "IIYY": 0.5703125, "IIYI": -0.0546875, "IIIY": 0.00390625, "IIII": 1.0, "XZXZ": -0.005859375, "XZXI": -0.013671875, "XZIZ": -0.005859375, "XZII": 0.033203125, "XIXZ": -0.009765625, "XIXI": -0.033203125, "XIIZ": 0.021484375, "XIII": -0.142578125, "IZXZ": -0.0234375, "IZXI": 0.0, "IZIZ": -0.00390625, "IIXZ": -0.00390625, "IIXI": 0.01171875, "IIIZ": -0.03125, "ZZXX": -0.427734375, "ZZXI": 0.03515625, "ZZIX": -0.021484375, "ZIXX": -0.4453125, "ZIXI": 0.025390625, "ZIIX": -0.03125, "IZXX": -0.390625, "IZIX": -0.01953125, "IIXX": -0.490234375, "IIIX": -0.017578125, "YZZY": -0.00390625, "YZZI": -0.03515625, "YZIY": -0.009765625, "YZII": -0.041015625, "YIZY": 0.01171875, "YIZI": -0.03515625, "YIIY": -0.005859375, "YIII": 0.134765625, "IZZY": 0.029296875, "IZZI": -0.091796875, "IIZY": 0.033203125, "IIZI": -0.080078125, "ZXZX": -0.005859375, "ZXZI": 0.0078125, "ZXIX": 0.01953125, "ZXII": 0.138671875, "ZIZX": 0.013671875, "ZIZI": -0.046875, "IXZX": -0.0078125, "IXZI": 0.013671875, "IXIX": 0.005859375, "IXII": 0.1484375, "IIZX": 0.03125, "ZYYZ": 0.0390625, "ZYYI": -0.046875, "ZYIZ": 0.0390625, "ZYII": 0.46484375, "ZIYZ": 0.017578125, "ZIIZ": -0.009765625, "IYYZ": 0.037109375, "IYYI": -0.064453125, "IYIZ": 0.013671875, "IYII": 0.525390625, "IIYZ": 0.03125, "XZZX": 0.03125, "XZZI": -0.0078125, "XZIX": 0.015625, "XIZX": 0.009765625, "XIZI": -0.017578125, "XIIX": 0.005859375, "IZZX": -0.017578125, "YXYX": 0.115234375, "YXYI": -0.001953125, "YXIX": -0.015625, "YXII": -0.14453125, "YIYX": -0.189453125, "YIYI": -0.001953125, "YIIX": 0.01171875, "IXYX": -0.099609375, "IXYI": -0.001953125, "IIYX": -0.837890625, "XXYY": -0.275390625, "XXYI": 0.02734375, "XXIY": -0.0078125, "XXII": -0.435546875, "XIYY": -0.095703125, "XIYI": -0.0546875, "XIIY": -0.05859375, "IXYY": 0.10546875, "IXIY": 0.021484375, "XYXY": 0.21875, "XYXI": 0.001953125, "XYIY": 0.0234375, "XYII": -0.236328125, "XIXY": 0.125, "IYXY": -0.431640625, "IYXI": 0.00390625, "IYIY": -0.021484375, "IIXY": -0.830078125, "YYZZ": 0.423828125, "YYZI": 0.0078125, "YYIZ": 0.0078125, "YYII": 0.423828125, "YIZZ": 0.189453125, "YIIZ": -0.0078125, "IYZZ": 0.5625, "IYZI": 0.025390625, "IIZZ": 1.0, "YZYZ": -0.02734375, "YZYI": -0.015625, "YZIZ": -0.0390625, "YIYZ": -0.029296875, "IZYZ": 0.001953125, "ZYZY": -0.015625, "ZYZI": -0.001953125, "ZYIY": -0.005859375, "ZIZY": -0.044921875, "IYZY": -0.013671875, "XYYX": 0.19140625, "XYYI": 0.06640625, "XYIX": -0.0546875, "XIYX": 0.125, "IYYX": -0.4140625, "IYIX": 0.0078125, "ZXXZ": -0.033203125, "ZXXI": 0.015625, "ZXIZ": 0.08203125, "ZIXZ": 0.0390625, "IXXZ": -0.029296875, "IXXI": 0.04296875, "IXIZ": 0.0703125, "XXZZ": -0.34375, "XXZI": -0.037109375, "XXIZ": -0.037109375, "XIZZ": -0.14453125, "IXZZ": 0.140625, "YXXY": 0.212890625, "YXXI": -0.00390625, "YXIY": -0.02734375, "YIXY": -0.103515625, "YIXI": -0.03125, "IXXY": -0.09375, "YYXX": -0.16796875, "YYXI": 0.029296875, "YYIX": -0.076171875, "YIXX": -0.111328125, "IYXX": -0.291015625, "YYYY": 0.294921875, "YYYI": -0.017578125, "YYIY": -0.005859375, "YIYY": 0.072265625, "IYYY": 0.28515625, "XXXX": 0.23046875, "XXXI": 0.0625, "XXIX": -0.01953125, "XIXX": 0.119140625, "IXXX": -0.080078125, "ZZZZ": 0.875, "ZZZI": -0.037109375, "ZZIZ": -0.037109375, "ZIZZ": 0.896484375, "IZZZ": 0.791015625}