{"ZZYY": 0.478515625, "ZZYI": 0.00390625, "ZZIY": 0.044921875, "ZZII": 0.84375, "ZIYY": 0.48046875, "ZIYI": -0.001953125, "ZIIY": 0.03125, "ZIII": 0.876953125, "IZYY": 0.421875, "IZYI": 0.001953125, "IZIY": 0.046875, "IZII": 0.759765625, "IIYY": 0.568359375, "IIYI": 0.0, "IIIY": 0.037109375, "IIII": 1.0, "XZXZ": 0.021484375, "XZXI": 0.015625, "XZIZ": 0.05859375, "XZII": -0.056640625, "XIXZ": 0.03125, "XIXI": 0.025390625, "XIIZ": 0.021484375, "XIII": -0.1875, "IZXZ": 0.029296875, "IZXI": 0.02734375, "IZIZ": -0.08203125, "IIXZ": 0.01171875, "IIXI": 0.017578125, "IIIZ": -0.083984375, "ZZXX": -0.533203125, "ZZXI": 0.080078125, "ZZIX": -0.05859375, "ZIXX": -0.5078125, "ZIXI": 0.05859375, "ZIIX": -0.064453125, "IZXX": -0.46875, "IZIX": -0.068359375, "IIXX": -0.583984375, "IIIX": -0.06640625, "YZZY": -0.01953125, "YZZI": -0.0390625, "YZIY": -0.01953125, "YZII": 0.0078125, "YIZY": 0.005859375, "YIZI": -0.005859375, "YIIY": 0.005859375, "YIII": 0.189453125, "IZZY": -0.009765625, "IZZI": -0.099609375, "IIZY": 0.0, "IIZI": -0.08203125, "ZXZX": 0.013671875, "ZXZI": -0.044921875, "ZXIX": 0.03515625, "ZXII": 0.1640625, "ZIZX": -0.0234375, "ZIZI": -0.05078125, "IXZX": 0.03515625, "IXZI": 0.0078125, "IXIX": 0.048828125, "IXII": 0.193359375, "IIZX": -0.005859375, "ZYYZ": -0.0078125, "ZYYI": 0.04296875, "ZYIZ": 0.05859375, "ZYII": 0.4609375, "ZIYZ": 0.0, "ZIIZ": -0.046875, "IYYZ": -0.015625, "IYYI": 0.046875, "IYIZ": 0.04296875, "IYII": 0.50390625, "IIYZ": 0.0, "XZZX": 0.048828125, "XZZI": 0.005859375, "XZIX": 0.025390625, "XIZX": 0.044921875, "XIZI": 0.009765625, "XIIX": 0.025390625, "IZZX": 0.015625, "YXYX": 0.14453125, "YXYI": 0.044921875, "YXIX": -0.029296875, "YXII": -0.1796875, "YIYX": -0.138671875, "YIYI": 0.015625, "YIIX": 0.00390625, "IXYX": -0.103515625, "IXYI": -0.0703125, "IIYX": -0.8046875, "XXYY": -0.21484375, "XXYI": -0.0234375, "XXIY": -0.03515625, "XXII": -0.43359375, "XIYY": -0.02734375, "XIYI": -0.0390625, "XIIY": -0.05078125, "IXYY": 0.05859375, "IXIY": 0.046875, "XYXY": 0.14453125, "XYXI": -0.009765625, "XYIY": 0.0390625, "XYII": -0.134765625, "XIXY": 0.1015625, "IYXY": -0.451171875, "IYXI": 0.00390625, "IYIY": 0.025390625, "IIXY": -0.833984375, "YYZZ": 0.384765625, "YYZI": -0.037109375, "YYIZ": -0.037109375, "YYII": 0.384765625, "YIZZ": 0.216796875, "YIIZ": 0.021484375, "IYZZ": 0.5, "IYZI": 0.00390625, "IIZZ": 1.0, "YZYZ": 0.029296875, "YZYI": 0.05078125, "YZIZ": -0.0234375, "YIYZ": 0.01171875, "IZYZ": 0.001953125, "ZYZY": 0.05078125, "ZYZI": -0.052734375, "ZYIY": -0.01171875, "ZIZY": 0.080078125, "IYZY": 0.0234375, "XYYX": 0.158203125, "XYYI": -0.021484375, "XYIX": 0.021484375, "XIYX": 0.103515625, "IYYX": -0.3515625, "IYIX": 0.0546875, "ZXXZ": -0.0234375, "ZXXI": -0.0078125, "ZXIZ": 0.037109375, "ZIXZ": 0.015625, "IXXZ": -0.025390625, "IXXI": -0.021484375, "IXIZ": 0.015625, "XXZZ": -0.3046875, "XXZI": 0.041015625, "XXIZ": 0.041015625, "XIZZ": -0.138671875, "IXZZ": 0.138671875, "YXXY": 0.072265625, "YXXI": 0.01953125, "YXIY": 0.0078125, "YIXY": -0.197265625, "YIXI": 0.0234375, "IXXY": -0.11328125, "YYXX": -0.255859375, "YYXI": 0.0390625, "YYIX": -0.033203125, "YIXX": -0.138671875, "IYXX": -0.294921875, "YYYY": 0.19921875, "YYYI": -0.03515625, "YYIY": -0.03125, "YIYY": 0.046875, "IYYY": 0.2109375, "XXXX": 0.224609375, "XXXI": -0.029296875, "XXIX": 0.0078125, "XIXX": 0.1171875, "IXXX": -0.13671875, "ZZZZ": 0.857421875, "ZZZI": -0.05859375, "ZZIZ": -0.05859375, "ZIZZ": 0.865234375, "IZZZ": 0.734375}