{"ZZYY": 0.53125, "ZZYI": 0.01953125, "ZZIY": 0.015625, "ZZII": 0.8671875, "ZIYY": 0.55859375, "ZIYI": 0.02734375, "ZIIY": 0.046875, "ZIII": 0.88671875, "IZYY": 0.45703125, "IZYI": 0.03125, "IZIY": 0.03125, "IZII": 0.7578125, "IIYY": 0.63671875, "IIYI": 0.01171875, "IIIY": 0.02734375, "IIII": 1.0, "XZXZ": -0.05078125, "XZXI": 0.0234375, "XZIZ": 0.0, "XZII": -0.00390625, "XIXZ": -0.03515625, "XIXI": 0.015625, "XIIZ": -0.015625, "XIII": -0.19140625, "IZXZ": 0.01171875, "IZXI": -0.01953125, "IZIZ": -0.03125, "IIXZ": 0.01953125, "IIXI": 0.00390625, "IIIZ": -0.015625, "ZZXX": -0.443359375, "ZZXI": 0.029296875, "ZZIX": 0.0390625, "ZIXX": -0.478515625, "ZIXI": 0.021484375, "ZIIX": 0.0234375, "IZXX": -0.404296875, "IZIX": 0.02734375, "IIXX": -0.525390625, "IIIX": 0.04296875, "YZZY": 0.02734375, "YZZI": -0.005859375, "YZIY": -0.001953125, "YZII": 0.00390625, "YIZY": 0.0, "YIZI": -0.017578125, "YIIY": 0.025390625, "YIII": 0.1796875, "IZZY": 0.05078125, "IZZI": -0.064453125, "IIZY": 0.015625, "IIZI": -0.060546875, "ZXZX": -0.015625, "ZXZI": 0.00390625, "ZXIX": 0.001953125, "ZXII": 0.189453125, "ZIZX": 0.009765625, "ZIZI": -0.060546875, "IXZX": -0.01171875, "IXZI": 0.01953125, "IXIX": -0.033203125, "IXII": 0.220703125, "IIZX": 0.025390625, "ZYYZ": 0.013671875, "ZYYI": 0.02734375, "ZYIZ": 0.001953125, "ZYII": 0.40625, "ZIYZ": 0.05078125, "ZIIZ": -0.078125, "IYYZ": 0.01953125, "IYYI": 0.025390625, "IYIZ": 0.0078125, "IYII": 0.490234375, "IIYZ": 0.072265625, "XZZX": 0.04296875, "XZZI": -0.02734375, "XZIX": 0.0078125, "XIZX": 0.02734375, "XIZI": -0.03125, "XIIX": 0.00390625, "IZZX": -0.05078125, "YXYX": 0.19921875, "YXYI": 0.017578125, "YXIX": -0.00390625, "YXII": -0.201171875, "YIYX": -0.123046875, "YIYI": -0.0390625, "YIIX": 0.037109375, "IXYX": -0.046875, "IXYI": -0.009765625, "IIYX": -0.806640625, "XXYY": -0.201171875, "XXYI": 0.029296875, "XXIY": 0.01953125, "XXII": -0.34765625, "XIYY": -0.041015625, "XIYI": -0.017578125, "XIIY": -0.0078125, "IXYY": 0.150390625, "IXIY": -0.00390625, "XYXY": 0.169921875, "XYXI": 0.021484375, "XYIY": -0.017578125, "XYII": -0.212890625, "XIXY": 0.11328125, "IYXY": -0.388671875, "IYXI": -0.001953125, "IYIY": 0.009765625, "IIXY": -0.83203125, "YYZZ": 0.4609375, "YYZI": 0.01171875, "YYIZ": 0.01171875, "YYII": 0.4609375, "YIZZ": 0.23046875, "YIIZ": -0.01171875, "IYZZ": 0.53125, "IYZI": -0.03515625, "IIZZ": 1.0, "YZYZ": -0.025390625, "YZYI": 0.041015625, "YZIZ": -0.005859375, "YIYZ": -0.005859375, "IZYZ": -0.0390625, "ZYZY": -0.017578125, "ZYZI": -0.013671875, "ZYIY": 0.02734375, "ZIZY": -0.033203125, "IYZY": 0.021484375, "XYYX": 0.201171875, "XYYI": -0.005859375, "XYIX": -0.015625, "XIYX": 0.166015625, "IYYX": -0.494140625, "IYIX": 0.01953125, "ZXXZ": -0.001953125, "ZXXI": 0.001953125, "ZXIZ": -0.017578125, "ZIXZ": 0.04296875, "IXXZ": 0.013671875, "IXXI": -0.001953125, "IXIZ": -0.005859375, "XXZZ": -0.388671875, "XXZI": -0.033203125, "XXIZ": -0.033203125, "XIZZ": -0.169921875, "IXZZ": 0.08984375, "YXXY": 0.14453125, "YXXI": -0.005859375, "YXIY": 0.005859375, "YIXY": -0.138671875, "YIXI": 0.02734375, "IXXY": -0.056640625, "YYXX": -0.244140625, "YYXI": -0.01953125, "YYIX": 0.013671875, "YIXX": -0.060546875, "IYXX": -0.240234375, "YYYY": 0.259765625, "YYYI": -0.091796875, "YYIY": -0.0625, "YIYY": 0.083984375, "IYYY": 0.291015625, "XXXX": 0.21875, "XXXI": -0.03125, "XXIX": 0.037109375, "XIXX": 0.017578125, "IXXX": -0.078125, "ZZZZ": 0.849609375, "ZZZI": -0.0390625, "ZZIZ": -0.0390625, "ZIZZ": 0.890625, "IZZZ": 0.755859375}