{"ZZYY": 0.494140625, "ZZYI": -0.029296875, "ZZIY": 0.025390625, "ZZII": 0.853515625, "ZIYY": 0.46875, "ZIYI": -0.05078125, "ZIIY": -0.0078125, "ZIII": 0.85546875, "IZYY": 0.412109375, "IZYI": -0.033203125, "IZIY": 0.025390625, "IZII": 0.736328125, "IIYY": 0.5546875, "IIYI": -0.04296875, "IIIY": 0.01953125, "IIII": 1.0, "XZXZ": -0.009765625, "XZXI": -0.015625, "XZIZ": -0.013671875, "XZII": -0.015625, "XIXZ": 0.0234375, "XIXI": -0.029296875, "XIIZ": 0.0, "XIII": -0.166015625, "IZXZ": 0.00390625, "IZXI": -0.048828125, "IZIZ": -0.03125, "IIXZ": 0.025390625, "IIXI": -0.06640625, "IIIZ": -0.068359375, "ZZXX": -0.498046875, "ZZXI": 0.041015625, "ZZIX": -0.02734375, "ZIXX": -0.529296875, "ZIXI": 0.060546875, "ZIIX": -0.02734375, "IZXX": -0.455078125, "IZIX": -0.01171875, "IIXX": -0.580078125, "IIIX": -0.03515625, "YZZY": 0.0, "YZZI": -0.046875, "YZIY": 0.046875, "YZII": 0.04296875, "YIZY": -0.037109375, "YIZI": -0.017578125, "YIIY": 0.025390625, "YIII": 0.212890625, "IZZY": 0.041015625, "IZZI": -0.115234375, "IIZY": 0.01171875, "IIZI": -0.1015625, "ZXZX": 0.05078125, "ZXZI": 0.03125, "ZXIX": -0.052734375, "ZXII": 0.138671875, "ZIZX": -0.025390625, "ZIZI": -0.080078125, "IXZX": 0.05078125, "IXZI": 0.03515625, "IXIX": -0.056640625, "IXII": 0.154296875, "IIZX": -0.013671875, "ZYYZ": 0.00390625, "ZYYI": -0.005859375, "ZYIZ": -0.005859375, "ZYII": 0.45703125, "ZIYZ": -0.033203125, "ZIIZ": -0.0625, "IYYZ": 0.001953125, "IYYI": 0.0, "IYIZ": -0.01171875, "IYII": 0.505859375, "IIYZ": -0.015625, "XZZX": 0.009765625, "XZZI": 0.0546875, "XZIX": -0.017578125, "XIZX": 0.005859375, "XIZI": 0.0390625, "XIIX": 0.029296875, "IZZX": -0.005859375, "YXYX": 0.15625, "YXYI": -0.05859375, "YXIX": 0.080078125, "YXII": -0.193359375, "YIYX": -0.15234375, "YIYI": -0.01953125, "YIIX": 0.021484375, "IXYX": -0.169921875, "IXYI": 0.033203125, "IIYX": -0.845703125, "XXYY": -0.25, "XXYI": -0.01171875, "XXIY": 0.00390625, "XXII": -0.390625, "XIYY": -0.0625, "XIYI": -0.0078125, "XIIY": -0.04296875, "IXYY": 0.0859375, "IXIY": 0.01953125, "XYXY": 0.2109375, "XYXI": 0.02734375, "XYIY": -0.009765625, "XYII": -0.228515625, "XIXY": 0.1640625, "IYXY": -0.373046875, "IYXI": -0.001953125, "IYIY": -0.04296875, "IIXY": -0.822265625, "YYZZ": 0.3515625, "YYZI": 0.041015625, "YYIZ": 0.041015625, "YYII": 0.3515625, "YIZZ": 0.197265625, "YIIZ": 0.015625, "IYZZ": 0.525390625, "IYZI": 0.015625, "IIZZ": 1.0, "YZYZ": -0.05078125, "YZYI": 0.033203125, "YZIZ": -0.0390625, "YIYZ": -0.033203125, "IZYZ": -0.0078125, "ZYZY": 0.02734375, "ZYZI": 0.01171875, "ZYIY": 0.02734375, "ZIZY": 0.087890625, "IYZY": 0.037109375, "XYYX": 0.193359375, "XYYI": 0.009765625, "XYIX": -0.001953125, "XIYX": 0.146484375, "IYYX": -0.3828125, "IYIX": -0.0078125, "ZXXZ": 0.05078125, "ZXXI": 0.00390625, "ZXIZ": -0.005859375, "ZIXZ": 0.0546875, "IXXZ": 0.033203125, "IXXI": 0.005859375, "IXIZ": -0.00390625, "XXZZ": -0.3984375, "XXZI": -0.025390625, "XXIZ": -0.025390625, "XIZZ": -0.16015625, "IXZZ": 0.140625, "YXXY": 0.107421875, "YXXI": 0.0390625, "YXIY": -0.033203125, "YIXY": -0.22265625, "YIXI": 0.041015625, "IXXY": -0.078125, "YYXX": -0.193359375, "YYXI": -0.009765625, "YYIX": -0.025390625, "YIXX": -0.083984375, "IYXX": -0.21875, "YYYY": 0.17578125, "YYYI": -0.037109375, "YYIY": -0.009765625, "YIYY": -0.009765625, "IYYY": 0.208984375, "XXXX": 0.21484375, "XXXI": 0.033203125, "XXIX": -0.01171875, "XIXX": 0.1015625, "IXXX": -0.123046875, "ZZZZ": 0.853515625, "ZZZI": 0.0, "ZZIZ": 0.0, "ZIZZ": 0.884765625, "IZZZ": 0.75}