{"ZZYY": 0.494140625, "ZZYI": -0.001953125, "ZZIY": -0.00390625, "ZZII": 0.86328125, "ZIYY": 0.49609375, "ZIYI": -0.0078125, "ZIIY": 0.005859375, "ZIII": 0.873046875, "IZYY": 0.44140625, "IZYI": 0.0, "IZIY": 0.017578125, "IZII": 0.744140625, "IIYY": 0.548828125, "IIYI": -0.001953125, "IIIY": -0.015625, "IIII": 1.0, "XZXZ": -0.044921875, "XZXI": -0.001953125, "XZIZ": 0.029296875, "XZII": -0.021484375, "XIXZ": -0.033203125, "XIXI": -0.025390625, "XIIZ": 0.025390625, "XIII": -0.177734375, "IZXZ": 0.05859375, "IZXI": -0.07421875, "IZIZ": -0.0234375, "IIXZ": 0.0546875, "IIXI": -0.03515625, "IIIZ": -0.02734375, "ZZXX": -0.51953125, "ZZXI": 0.01953125, "ZZIX": -0.0390625, "ZIXX": -0.5390625, "ZIXI": 0.02734375, "ZIIX": -0.03125, "IZXX": -0.4453125, "IZIX": -0.0390625, "IIXX": -0.61328125, "IIIX": -0.0390625, "YZZY": 0.060546875, "YZZI": -0.017578125, "YZIY": 0.03515625, "YZII": 0.078125, "YIZY": 0.064453125, "YIZI": -0.037109375, "YIIY": 0.0390625, "YIII": 0.23046875, "IZZY": 0.037109375, "IZZI": -0.064453125, "IIZY": 0.044921875, "IIZI": -0.080078125, "ZXZX": 0.013671875, "ZXZI": 0.015625, "ZXIX": -0.029296875, "ZXII": 0.125, "ZIZX": 0.0625, "ZIZI": -0.072265625, "IXZX": 0.03125, "IXZI": 0.021484375, "IXIX": -0.03515625, "IXII": 0.177734375, "IIZX": 0.068359375, "ZYYZ": 0.01171875, "ZYYI": -0.04296875, "ZYIZ": -0.048828125, "ZYII": 0.443359375, "ZIYZ": -0.02734375, "ZIIZ": -0.072265625, "IYYZ": 0.013671875, "IYYI": -0.048828125, "IYIZ": -0.0234375, "IYII": 0.4921875, "IIYZ": -0.025390625, "XZZX": 0.0234375, "XZZI": -0.068359375, "XZIX": 0.05078125, "XIZX": 0.0234375, "XIZI": -0.037109375, "XIIX": 0.046875, "IZZX": -0.025390625, "YXYX": 0.138671875, "YXYI": -0.041015625, "YXIX": -0.001953125, "YXII": -0.193359375, "YIYX": -0.146484375, "YIYI": 0.056640625, "YIIX": -0.041015625, "IXYX": -0.109375, "IXYI": -0.078125, "IIYX": -0.8125, "XXYY": -0.20703125, "XXYI": 0.044921875, "XXIY": 0.0234375, "XXII": -0.330078125, "XIYY": -0.095703125, "XIYI": 0.0546875, "XIIY": 0.048828125, "IXYY": 0.0859375, "IXIY": -0.01953125, "XYXY": 0.2109375, "XYXI": 0.015625, "XYIY": -0.02734375, "XYII": -0.2265625, "XIXY": 0.10546875, "IYXY": -0.41796875, "IYXI": -0.046875, "IYIY": 0.01953125, "IIXY": -0.8046875, "YYZZ": 0.447265625, "YYZI": -0.00390625, "YYIZ": -0.00390625, "YYII": 0.447265625, "YIZZ": 0.150390625, "YIIZ": 0.0078125, "IYZZ": 0.49609375, "IYZI": 0.005859375, "IIZZ": 1.0, "YZYZ": -0.03515625, "YZYI": -0.021484375, "YZIZ": 0.017578125, "YIYZ": 0.001953125, "IZYZ": -0.021484375, "ZYZY": 0.001953125, "ZYZI": 0.033203125, "ZYIY": 0.0234375, "ZIZY": -0.02734375, "IYZY": 0.0078125, "XYYX": 0.140625, "XYYI": -0.01953125, "XYIX": 0.025390625, "XIYX": 0.13671875, "IYYX": -0.423828125, "IYIX": -0.01953125, "ZXXZ": 0.001953125, "ZXXI": 0.015625, "ZXIZ": -0.01171875, "ZIXZ": 0.037109375, "IXXZ": 0.01953125, "IXXI": 0.013671875, "IXIZ": -0.009765625, "XXZZ": -0.400390625, "XXZI": 0.02734375, "XXIZ": 0.02734375, "XIZZ": -0.16015625, "IXZZ": 0.158203125, "YXXY": 0.076171875, "YXXI": 0.04296875, "YXIY": -0.0703125, "YIXY": -0.12890625, "YIXI": -0.013671875, "IXXY": -0.189453125, "YYXX": -0.19140625, "YYXI": 0.02734375, "YYIX": -0.025390625, "YIXX": -0.0859375, "IYXX": -0.267578125, "YYYY": 0.232421875, "YYYI": 0.021484375, "YYIY": -0.00390625, "YIYY": 0.01953125, "IYYY": 0.2421875, "XXXX": 0.259765625, "XXXI": -0.005859375, "XXIX": -0.017578125, "XIXX": 0.103515625, "IXXX": -0.1015625, "ZZZZ": 0.869140625, "ZZZI": -0.021484375, "ZZIZ": -0.021484375, "ZIZZ": 0.896484375, "IZZZ": 0.76953125}