{"ZZYY": 0.46875, "ZZYI": 0.025390625, "ZZIY": 0.001953125, "ZZII": 0.86328125, "ZIYY": 0.474609375, "ZIYI": 0.01171875, "ZIIY": -0.0234375, "ZIII": 0.888671875, "IZYY": 0.392578125, "IZYI": 0.01953125, "IZIY": -0.015625, "IZII": 0.775390625, "IIYY": 0.55078125, "IIYI": 0.009765625, "IIIY": -0.005859375, "IIII": 1.0, "XZXZ": -0.015625, "XZXI": -0.0703125, "XZIZ": 0.0625, "XZII": 0.02734375, "XIXZ": -0.01953125, "XIXI": -0.03515625, "XIIZ": 0.01171875, "XIII": -0.1640625, "IZXZ": 0.0390625, "IZXI": 0.0546875, "IZIZ": -0.02734375, "IIXZ": 0.015625, "IIXI": 0.015625, "IIIZ": 0.01171875, "ZZXX": -0.427734375, "ZZXI": -0.046875, "ZZIX": 0.05859375, "ZIXX": -0.466796875, "ZIXI": -0.0078125, "ZIIX": 0.04296875, "IZXX": -0.3828125, "IZIX": 0.048828125, "IIXX": -0.515625, "IIIX": 0.048828125, "YZZY": -0.04296875, "YZZI": -0.0234375, "YZIY": 0.005859375, "YZII": -0.013671875, "YIZY": -0.0078125, "YIZI": -0.00390625, "YIIY": 0.005859375, "YIII": 0.189453125, "IZZY": 0.005859375, "IZZI": -0.017578125, "IIZY": 0.033203125, "IIZI": -0.013671875, "ZXZX": 0.03125, "ZXZI": -0.009765625, "ZXIX": 0.041015625, "ZXII": 0.1171875, "ZIZX": 0.029296875, "ZIZI": -0.0234375, "IXZX": 0.037109375, "IXZI": -0.0078125, "IXIX": 0.046875, "IXII": 0.158203125, "IIZX": 0.01171875, "ZYYZ": 0.005859375, "ZYYI": -0.025390625, "ZYIZ": 0.029296875, "ZYII": 0.443359375, "ZIYZ": 0.041015625, "ZIIZ": -0.041015625, "IYYZ": 0.01953125, "IYYI": -0.03515625, "IYIZ": 0.01171875, "IYII": 0.48828125, "IIYZ": 0.05859375, "XZZX": -0.06640625, "XZZI": 0.033203125, "XZIX": 0.009765625, "XIZX": -0.052734375, "XIZI": -0.0078125, "XIIX": -0.00390625, "IZZX": 0.009765625, "YXYX": 0.119140625, "YXYI": -0.05859375, "YXIX": 0.037109375, "YXII": -0.1484375, "YIYX": -0.1640625, "YIYI": -0.013671875, "YIIX": -0.02734375, "IXYX": -0.11328125, "IXYI": 0.013671875, "IIYX": -0.837890625, "XXYY": -0.236328125, "XXYI": -0.06640625, "XXIY": -0.029296875, "XXII": -0.3828125, "XIYY": -0.154296875, "XIYI": -0.00390625, "XIIY": 0.021484375, "IXYY": 0.138671875, "IXIY": -0.025390625, "XYXY": 0.1875, "XYXI": 0.00390625, "XYIY": -0.009765625, "XYII": -0.193359375, "XIXY": 0.107421875, "IYXY": -0.42578125, "IYXI": -0.015625, "IYIY": 0.029296875, "IIXY": -0.853515625, "YYZZ": 0.376953125, "YYZI": 0.015625, "YYIZ": 0.015625, "YYII": 0.376953125, "YIZZ": 0.1484375, "YIIZ": 0.017578125, "IYZZ": 0.501953125, "IYZI": -0.03125, "IIZZ": 1.0, "YZYZ": -0.078125, "YZYI": -0.064453125, "YZIZ": 0.02734375, "YIYZ": -0.056640625, "IZYZ": 0.03515625, "ZYZY": 0.01953125, "ZYZI": -0.01953125, "ZYIY": 0.0234375, "ZIZY": 0.0390625, "IYZY": 0.02734375, "XYYX": 0.146484375, "XYYI": 0.03125, "XYIX": -0.041015625, "XIYX": 0.11328125, "IYYX": -0.4296875, "IYIX": -0.01953125, "ZXXZ": 0.01953125, "ZXXI": 0.01953125, "ZXIZ": 0.00390625, "ZIXZ": -0.01953125, "IXXZ": 0.01953125, "IXXI": 0.01171875, "IXIZ": -0.01171875, "XXZZ": -0.36328125, "XXZI": 0.0, "XXIZ": 0.0, "XIZZ": -0.181640625, "IXZZ": 0.232421875, "YXXY": 0.123046875, "YXXI": 0.013671875, "YXIY": 0.0, "YIXY": -0.125, "YIXI": 0.07421875, "IXXY": -0.11328125, "YYXX": -0.21484375, "YYXI": -0.01953125, "YYIX": 0.015625, "YIXX": -0.08984375, "IYXX": -0.28125, "YYYY": 0.21484375, "YYYI": 0.0, "YYIY": -0.0078125, "YIYY": 0.03515625, "IYYY": 0.203125, "XXXX": 0.248046875, "XXXI": -0.0078125, "XXIX": 0.015625, "XIXX": 0.07421875, "IXXX": -0.095703125, "ZZZZ": 0.861328125, "ZZZI": 0.01953125, "ZZIZ": 0.01953125, "ZIZZ": 0.89453125, "IZZZ": 0.783203125}