{"IIXX": -0.5562599049128368, "ZZII": 0.8700475435816166, "XXZZ": -0.32091917591125196, "XXII": -0.37083993660855796, "XYYX": 0.25673534072900156, "IYIY": -0.0641838351822504, "XZZX": 0.12836767036450078, "XIXI": 0.028526148969889063, "ZIZI": -0.07844690966719493, "IIYY": 0.5443833464257659, "XXYY": -0.25673534072900156, "YXYX": 0.12836767036450078, "ZXZX": 0.0636292223095051, "YIIY": -0.02852614896988906, "IIII": 1.0, "ZYZY": -0.12836767036450075, "IZIZ": -0.09270998415213945, "IXIX": 0.007131537242472258, "XYXY": 0.06418383518225039, "YYZZ": 0.38510301109350237, "IZZI": -0.04278922345483359, "IIZZ": 1.0055467511885896, "YYXX": -0.12836767036450078, "YYII": 0.40649762282091917, "XZXZ": -0.12836767036450075, "IXXI": -0.03565768621236134, "YIYI": -1.3877787807814457e-17, "ZYYZ": 0.0, "ZZYY": 0.4492868462757527, "XIIX": -0.02852614896988906, "XXXX": 0.12836767036450078, "IYYI": 0.0, "YZYZ": 0.0, "ZIIZ": -0.028526148969889066, "YZZY": -0.06418383518225039, "YXXY": 0.25673534072900156, "ZXXZ": 0.0, "YYYY": 0.06418383518225039, "ZZXX": -0.5134706814580031, "ZZZZ": 0.8985736925515052}