{"IIXX": -0.563391442155309, "ZZII": 0.8483896307934016, "XXZZ": -0.38510301109350237, "XXII": -0.37083993660855785, "XYYX": 0.19255150554675116, "IYIY": -0.014263074484944528, "XZZX": 0.0, "XIXI": 0.028526148969889073, "ZIZI": -0.05705229793977814, "IIYY": 0.613312202852615, "XXYY": -0.1908876669285153, "YXYX": 0.19255150554675116, "ZXZX": 0.0, "YIIY": -0.0427892234548336, "IIII": 1.0, "ZYZY": 0.0, "IZIZ": -0.0636292223095051, "IXIX": 0.0071315372424722735, "XYXY": 0.19255150554675116, "YYZZ": 0.5134706814580031, "IZZI": -0.0641838351822504, "IIZZ": 1.012678288431062, "YYXX": -0.32091917591125196, "YYII": 0.4278922345483359, "XZXZ": 0.0, "IXXI": 0.02852614896988906, "YIYI": -0.007131537242472272, "ZYYZ": 0.0, "ZZYY": 0.4492868462757527, "XIIX": -0.021394611727416808, "XXXX": 0.19255150554675116, "IYYI": -1.3877787807814457e-17, "YZYZ": 0.0, "ZIIZ": -0.0213946117274168, "YZZY": -0.06418383518225039, "YXXY": 0.0, "ZXXZ": 0.0, "YYYY": 0.4492868462757527, "ZZXX": -0.5134706814580031, "ZZZZ": 0.8343898573692549}