{"IIXX": -0.5919175911251982, "ZZII": 0.8629160063391442, "XXZZ": -0.25673534072900156, "XXII": -0.349445324881141, "XYYX": 0.1272584446190102, "IYIY": 0.007131537242472286, "XZZX": 0.0, "XIXI": -0.007131537242472268, "ZIZI": -0.014263074484944543, "IIYY": 0.5990491283676703, "XXYY": -0.32091917591125196, "YXYX": 0.1272584446190102, "ZXZX": -2.7755575615628914e-17, "YIIY": 0.007131537242472275, "IIII": 1.0, "ZYZY": 0.0, "IZIZ": -0.06418383518225039, "IXIX": -0.014263074484944523, "XYXY": 0.25673534072900156, "YYZZ": 0.3851030110935023, "IZZI": -0.08557844690966719, "IIZZ": 0.9841521394611727, "YYXX": -0.32091917591125196, "YYII": 0.3922345483359746, "XZXZ": -0.06418383518225039, "IXXI": 0.03565768621236133, "YIYI": 0.014263074484944533, "ZYYZ": -0.06418383518225039, "ZZYY": 0.4492868462757527, "XIIX": -0.021394611727416787, "XXXX": 0.06418383518225036, "IYYI": -0.007131537242472261, "YZYZ": 0.12836767036450075, "ZIIZ": -0.049920760697305853, "YZZY": 0.0, "YXXY": 0.06418383518225036, "ZXXZ": -0.06418383518225039, "YYYY": 0.12836767036450078, "ZZXX": -0.5134706814580031, "ZZZZ": 0.7702060221870046}