{"IIXX": -0.5919175911251982, "ZZII": 0.8557844690966719, "XXZZ": -0.4492868462757527, "XXII": -0.34944532488114105, "XYYX": 0.06418383518225036, "IYIY": 0.0, "XZZX": -0.06418383518225039, "XIXI": 0.02852614896988906, "ZIZI": -0.0213946117274168, "IIYY": 0.584786053882726, "XXYY": -0.3209191759112519, "YXYX": 0.19255150554675116, "ZXZX": -0.12836767036450075, "YIIY": -0.028526148969889066, "IIII": 1.0, "ZYZY": 0.25673534072900156, "IZIZ": -0.035657686212361345, "IXIX": 0.03565768621236132, "XYXY": 0.0636292223095051, "YYZZ": 0.3851030110935023, "IZZI": -0.07131537242472266, "IIZZ": 0.9556259904912837, "YYXX": -0.2545168892380204, "YYII": 0.3423137876386688, "XZXZ": 0.06418383518225039, "IXXI": -6.938893903907228e-18, "YIYI": 0.01426307448494453, "ZYYZ": 0.0, "ZZYY": 0.5776545166402535, "XIIX": -0.02852614896988906, "XXXX": 0.2567353407290015, "IYYI": -0.035349567949725054, "YZYZ": -0.12836767036450075, "ZIIZ": -0.04992076069730585, "YZZY": -0.06418383518225039, "YXXY": 0.19255150554675116, "ZXXZ": -0.06418383518225039, "YYYY": 0.12836767036450075, "ZZXX": -0.5134706814580031, "ZZZZ": 0.8985736925515052}