{"IIXX": -0.5562599049128367, "ZZII": 0.8557844690966723, "XXZZ": -0.19255150554675116, "XXII": -0.40649762282091917, "XYYX": 0.12836767036450078, "IYIY": -0.014263074484944524, "XZZX": 0.0, "XIXI": 0.035657686212361324, "ZIZI": -0.06418383518225039, "IIYY": 0.579732914375491, "XXYY": -0.19255150554675116, "YXYX": 0.12836767036450078, "ZXZX": -0.06418383518225039, "YIIY": -0.04278922345483359, "IIII": 1.0, "ZYZY": 0.06418383518225036, "IZIZ": -0.0641838351822504, "IXIX": 0.0, "XYXY": 0.19255150554675116, "YYZZ": 0.25673534072900156, "IZZI": -0.03565768621236133, "IIZZ": 1.0055467511885896, "YYXX": -0.12836767036450078, "YYII": 0.40649762282091917, "XZXZ": -0.06418383518225036, "IXXI": -0.0213946117274168, "YIYI": -1.734723475976807e-18, "ZYYZ": -0.25673534072900156, "ZZYY": 0.38510301109350237, "XIIX": 0.021394611727416787, "XXXX": 0.25673534072900156, "IYYI": 5.204170427930421e-18, "YZYZ": 0.06418383518225036, "ZIIZ": -0.0641838351822504, "YZZY": 0.06418383518225039, "YXXY": 0.12836767036450078, "ZXXZ": -0.06418383518225039, "YYYY": 0.32091917591125196, "ZZXX": -0.5776545166402535, "ZZZZ": 0.6418383518225038}