{"IIXX": -0.53486529318542, "ZZII": 0.8486529318541997, "XXZZ": -0.32091917591125196, "XXII": -0.35657686212361334, "XYYX": 0.19255150554675116, "IYIY": 0.035349567949725054, "XZZX": 0.06418383518225036, "XIXI": 0.04278922345483359, "ZIZI": -0.021394611727416794, "IIYY": 0.5562599049128368, "XXYY": -0.3209191759112519, "YXYX": 0.19255150554675116, "ZXZX": 2.7755575615628914e-17, "YIIY": 0.028526148969889045, "IIII": 1.0, "ZYZY": -0.06418383518225039, "IZIZ": -0.04992076069730589, "IXIX": 0.0, "XYXY": 0.12836767036450078, "YYZZ": 0.32091917591125196, "IZZI": -0.04992076069730586, "IIZZ": 0.9984152139461173, "YYXX": -0.3209191759112519, "YYII": 0.42076069730586363, "XZXZ": 0.06418383518225042, "IXXI": -0.014263074484944537, "YIYI": -0.035657686212361345, "ZYYZ": 0.06418383518225039, "ZZYY": 0.5134706814580031, "XIIX": -0.0213946117274168, "XXXX": 0.19255150554675116, "IYYI": 0.0, "YZYZ": 0.06418383518225039, "ZIIZ": -0.03565768621236136, "YZZY": 0.0, "YXXY": 0.19255150554675116, "ZXXZ": -0.06418383518225042, "YYYY": 0.25673534072900156, "ZZXX": -0.5776545166402535, "ZZZZ": 0.7060221870047543}