{"IIXX": -0.5419968304278924, "ZZII": 0.8486529318542, "XXZZ": -0.2545168892380204, "XXII": -0.3851030110935024, "XYYX": 0.19255150554675116, "IYIY": -0.028526148969889063, "XZZX": -0.06418383518225039, "XIXI": -0.007069913589945007, "ZIZI": -0.05705229793977813, "IIYY": 0.5990491283676703, "XXYY": -0.3209191759112519, "YXYX": 0.0, "ZXZX": -0.12836767036450075, "YIIY": 0.007131537242472256, "IIII": 1.0, "ZYZY": 0.06418383518225039, "IZIZ": -0.09270998415213945, "IXIX": -0.021394611727416787, "XYXY": 0.25673534072900156, "YYZZ": 0.3851030110935023, "IZZI": -0.028526148969889073, "IIZZ": 1.0055467511885896, "YYXX": -0.19255150554675116, "YYII": 0.46354992076069734, "XZXZ": -0.12836767036450078, "IXXI": -0.02852614896988907, "YIYI": 0.0, "ZYYZ": 0.0, "ZZYY": 0.3181461115475255, "XIIX": 0.042789223454833596, "XXXX": 0.12836767036450075, "IYYI": -0.0636292223095051, "YZYZ": -0.12836767036450078, "ZIIZ": 0.01426307448494453, "YZZY": -0.12836767036450078, "YXXY": 0.25673534072900156, "ZXXZ": 0.3209191759112519, "YYYY": 0.12836767036450078, "ZZXX": -0.5776545166402535, "ZZZZ": 0.9627575277337556}