{"IIXX": -0.5491283676703647, "ZZII": 0.8272583201267829, "XXZZ": -0.3851030110935023, "XXII": -0.34944532488114105, "XYYX": 0.3209191759112519, "IYIY": 0.06418383518225043, "XZZX": -0.19255150554675116, "XIXI": -0.0427892234548336, "ZIZI": -0.06418383518225039, "IIYY": 0.5705229793977813, "XXYY": -0.2545168892380204, "YXYX": 0.12836767036450075, "ZXZX": 0.0, "YIIY": 6.938893903907228e-18, "IIII": 1.0, "ZYZY": 0.06418383518225039, "IZIZ": -0.07776904948939511, "IXIX": -0.007131537242472272, "XYXY": 0.19255150554675116, "YYZZ": 0.32091917591125196, "IZZI": -0.05705229793977814, "IIZZ": 1.0039277297721918, "YYXX": -0.25673534072900156, "YYII": 0.3494453248811411, "XZXZ": 0.0636292223095051, "IXXI": -8.673617379884035e-18, "YIYI": 0.03565768621236133, "ZYYZ": 0.0636292223095051, "ZZYY": 0.5776545166402535, "XIIX": 0.05705229793977814, "XXXX": 0.12836767036450078, "IYYI": 0.0213946117274168, "YZYZ": 0.0, "ZIIZ": -0.05705229793977813, "YZZY": 0.0641838351822503, "YXXY": 0.0, "ZXXZ": 2.7755575615628914e-17, "YYYY": 0.12836767036450078, "ZZXX": -0.38510301109350237, "ZZZZ": 0.8985736925515052}