{"IIXX": -0.5491283676703645, "ZZII": 0.8415213946117274, "XXZZ": -0.3851030110935023, "XXII": -0.37083993660855785, "XYYX": 0.25673534072900156, "IYIY": -0.03565768621236133, "XZZX": -0.12836767036450078, "XIXI": -0.049920760697305853, "ZIZI": -0.049489395129615095, "IIYY": 0.5776545166402535, "XXYY": -0.19255150554675116, "YXYX": 0.25673534072900156, "ZXZX": 0.06418383518225039, "YIIY": 0.007131537242472261, "IIII": 1.0, "ZYZY": -0.06418383518225036, "IZIZ": -0.042789223454833596, "IXIX": -0.057052297939778125, "XYXY": 0.19255150554675116, "YYZZ": 0.4492868462757527, "IZZI": -0.05705229793977813, "IIZZ": 1.012678288431062, "YYXX": -0.19255150554675116, "YYII": 0.4350237717908082, "XZXZ": -0.12836767036450075, "IXXI": -0.04241948153967009, "YIYI": -0.028526148969889066, "ZYYZ": 0.0, "ZZYY": 0.2545168892380204, "XIIX": 0.0427892234548336, "XXXX": 0.25673534072900156, "IYYI": 0.0, "YZYZ": -0.06418383518225036, "ZIIZ": -0.021394611727416808, "YZZY": -0.12836767036450078, "YXXY": 0.19255150554675116, "ZXXZ": 0.06418383518225039, "YYYY": 0.19255150554675116, "ZZXX": -0.5134706814580031, "ZZZZ": 0.8908091123330715}