{"IIXX": -0.5491283676703644, "ZZII": 0.8557844690966719, "XXZZ": -0.32091917591125196, "XXII": -0.349445324881141, "XYYX": 0.25673534072900156, "IYIY": -0.028526148969889066, "XZZX": 0.0, "XIXI": 0.0213946117274168, "ZIZI": -0.05705229793977814, "IIYY": 0.5705229793977813, "XXYY": -0.19255150554675116, "YXYX": 0.25673534072900156, "ZXZX": -0.06418383518225039, "YIIY": 0.0213946117274168, "IIII": 1.0, "ZYZY": 0.06418383518225039, "IZIZ": -0.0855784469096672, "IXIX": 1.214306433183765e-17, "XYXY": 0.25673534072900156, "YYZZ": 0.5134706814580031, "IZZI": -0.07131537242472266, "IIZZ": 0.9984152139461173, "YYXX": -0.25673534072900156, "YYII": 0.40649762282091917, "XZXZ": 8.326672684688674e-17, "IXXI": -0.03565768621236134, "YIYI": -0.021394611727416805, "ZYYZ": -0.12836767036450075, "ZZYY": 0.5134706814580031, "XIIX": 0.007131537242472258, "XXXX": 0.38177533385703055, "IYYI": -0.014263074484944542, "YZYZ": 0.06418383518225039, "ZIIZ": -0.0855784469096672, "YZZY": 0.0, "YXXY": 0.06418383518225039, "ZXXZ": -0.06418383518225036, "YYYY": 0.32091917591125196, "ZZXX": -0.5776545166402535, "ZZZZ": 0.834389857369255}