{"IIXX": -0.5562599049128367, "ZZII": 0.8415213946117273, "XXZZ": -0.44928684627575277, "XXII": -0.38510301109350237, "XYYX": 0.0, "IYIY": -0.014263074484944523, "XZZX": 0.06418383518225039, "XIXI": -0.007131537242472272, "ZIZI": -0.12123613312202851, "IIYY": 0.5373134328358209, "XXYY": -0.32091917591125196, "YXYX": 0.19255150554675116, "ZXZX": 0.0, "YIIY": 0.014263074484944543, "IIII": 1.0, "ZYZY": -0.06418383518225039, "IZIZ": -0.06418383518225039, "IXIX": 0.021394611727416815, "XYXY": 0.25673534072900156, "YYZZ": 0.3851030110935023, "IZZI": -0.028526148969889073, "IIZZ": 0.9984152139461173, "YYXX": -0.3851030110935023, "YYII": 0.42789223454833597, "XZXZ": -2.7755575615628914e-17, "IXXI": 0.0, "YIYI": 0.02827965435978004, "ZYYZ": 0.0, "ZZYY": 0.3851030110935023, "XIIX": -0.014263074484944542, "XXXX": 0.32091917591125196, "IYYI": 0.028526148969889066, "YZYZ": 0.0, "ZIIZ": -0.02852614896988906, "YZZY": 0.0, "YXXY": 0.12836767036450075, "ZXXZ": 0.0, "YYYY": 0.32091917591125196, "ZZXX": -0.6418383518225038, "ZZZZ": 0.8985736925515052}