{"IIXX": -0.5633914421553091, "ZZII": 0.8343898573692552, "XXZZ": -0.4492868462757527, "XXII": -0.3922345483359747, "XYYX": 0.2567353407290015, "IYIY": 0.04241948153967007, "XZZX": -0.12836767036450075, "XIXI": 0.03565768621236133, "ZIZI": -0.049920760697305853, "IIYY": 0.5419968304278923, "XXYY": -0.3209191759112519, "YXYX": 0.2567353407290015, "ZXZX": -0.06418383518225036, "YIIY": -0.014263074484944531, "IIII": 1.0, "ZYZY": -0.12836767036450078, "IZIZ": -0.05705229793977811, "IXIX": 0.028526148969889073, "XYXY": 0.25673534072900156, "YYZZ": 0.5090337784760408, "IZZI": -0.01426307448494453, "IIZZ": 0.9984152139461173, "YYXX": -0.19255150554675116, "YYII": 0.35657686212361334, "XZXZ": 0.0, "IXXI": -0.02852614896988906, "YIYI": 0.028526148969889045, "ZYYZ": -0.12836767036450075, "ZZYY": 0.5134706814580031, "XIIX": -6.938893903907228e-18, "XXXX": 0.25673534072900156, "IYYI": -0.02852614896988906, "YZYZ": 0.06418383518225039, "ZIIZ": -0.05705229793977812, "YZZY": -0.0636292223095051, "YXXY": 0.06418383518225036, "ZXXZ": 0.0, "YYYY": 0.06418383518225036, "ZZXX": -0.4492868462757527, "ZZZZ": 0.8343898573692551}