{"IIXX": -0.5990491283676704, "ZZII": 0.8415213946117274, "XXZZ": -0.3851030110935023, "XXII": -0.37083993660855785, "XYYX": 0.06418383518225039, "IYIY": 0.035657686212361324, "XZZX": 0.06418383518225039, "XIXI": -0.014263074484944523, "ZIZI": -0.014263074484944523, "IIYY": 0.5562599049128367, "XXYY": -0.25673534072900156, "YXYX": 0.06418383518225039, "ZXZX": -0.19255150554675116, "YIIY": -0.007131537242472258, "IIII": 1.0, "ZYZY": 0.12836767036450078, "IZIZ": -0.04992076069730586, "IXIX": 0.0427892234548336, "XYXY": 0.12836767036450078, "YYZZ": 0.38510301109350237, "IZZI": -0.021394611727416808, "IIZZ": 1.0055467511885896, "YYXX": -0.3209191759112519, "YYII": 0.3993660855784469, "XZXZ": -0.06418383518225039, "IXXI": -0.03565768621236134, "YIYI": -0.0427892234548336, "ZYYZ": 0.0, "ZZYY": 0.3851030110935023, "XIIX": -0.028526148969889052, "XXXX": 0.25673534072900156, "IYYI": 0.007131537242472265, "YZYZ": 0.0636292223095051, "ZIIZ": -0.042789223454833596, "YZZY": -0.1272584446190102, "YXXY": 0.06418383518225039, "ZXXZ": 0.0, "YYYY": 0.25673534072900156, "ZZXX": -0.4492868462757527, "ZZZZ": 0.8985736925515054}