{"IIXX": -0.5776545166402536, "ZZII": 0.884310618066561, "XXZZ": -0.4492868462757527, "XXII": -0.37470542026708564, "XYYX": 0.12836767036450078, "IYIY": 0.014263074484944543, "XZZX": -0.06418383518225039, "XIXI": -0.007131537242472263, "ZIZI": -0.02852614896988906, "IIYY": 0.5776545166402536, "XXYY": -0.19255150554675116, "YXYX": 0.19255150554675116, "ZXZX": 0.0, "YIIY": -0.0213946117274168, "IIII": 1.0, "ZYZY": 0.0, "IZIZ": -0.03565768621236133, "IXIX": -0.02852614896988906, "XYXY": 0.06418383518225036, "YYZZ": 0.3851030110935023, "IZZI": -0.03565768621236134, "IIZZ": 1.0055467511885896, "YYXX": -0.25673534072900156, "YYII": 0.37797147385103, "XZXZ": -0.12836767036450075, "IXXI": -0.007069913589945003, "YIYI": -0.014263074484944533, "ZYYZ": -0.19255150554675116, "ZZYY": 0.4492868462757527, "XIIX": -0.035657686212361324, "XXXX": 0.25673534072900156, "IYYI": 0.014263074484944535, "YZYZ": 0.12836767036450075, "ZIIZ": -0.04992076069730585, "YZZY": 0.06418383518225036, "YXXY": 0.19255150554675116, "ZXXZ": 0.1272584446190102, "YYYY": 0.1908876669285153, "ZZXX": -0.5134706814580031, "ZZZZ": 0.8985736925515052}