{"IIXX": -0.5562599049128367, "ZZII": 0.8700475435816165, "XXZZ": -0.4492868462757527, "XXII": -0.42076069730586363, "XYYX": 0.19255150554675116, "IYIY": -0.049920760697305853, "XZZX": 0.0, "XIXI": 0.007131537242472258, "ZIZI": -0.03565768621236134, "IIYY": 0.563391442155309, "XXYY": -0.32091917591125196, "YXYX": 0.12836767036450078, "ZXZX": 0.06418383518225036, "YIIY": 0.0, "IIII": 1.0, "ZYZY": -2.7755575615628914e-17, "IZIZ": -0.0855784469096672, "IXIX": 0.021394611727416808, "XYXY": 0.12836767036450078, "YYZZ": 0.32091917591125196, "IZZI": -0.03565768621236135, "IIZZ": 1.0198098256735342, "YYXX": -0.19255150554675116, "YYII": 0.38177533385703066, "XZXZ": 0.12836767036450078, "IXXI": 0.0, "YIYI": 0.007131537242472251, "ZYYZ": -0.19255150554675116, "ZZYY": 0.44928684627575277, "XIIX": 0.014263074484944537, "XXXX": 0.19255150554675116, "IYYI": 3.469446951953614e-18, "YZYZ": -0.06418383518225042, "ZIIZ": -0.057052297939778146, "YZZY": 0.06418383518225039, "YXXY": 0.25673534072900156, "ZXXZ": 0.0, "YYYY": 0.12836767036450075, "ZZXX": -0.44928684627575277, "ZZZZ": 0.9627575277337556}