{"IIXX": -0.572663000785546, "ZZII": 0.8629160063391441, "XXZZ": -0.4492868462757527, "XXII": -0.37470542026708564, "XYYX": 0.12836767036450075, "IYIY": -0.014263074484944537, "XZZX": -0.06418383518225039, "XIXI": 0.04278922345483359, "ZIZI": -0.03565768621236133, "IIYY": 0.5562599049128367, "XXYY": -0.19255150554675116, "YXYX": 0.3209191759112519, "ZXZX": 0.06418383518225039, "YIIY": 0.007131537242472216, "IIII": 1.0, "ZYZY": 0.06418383518225039, "IZIZ": -0.0641838351822504, "IXIX": -0.007131537242472265, "XYXY": 0.19255150554675116, "YYZZ": 0.38177533385703055, "IZZI": -0.0427892234548336, "IIZZ": 1.012678288431062, "YYXX": -0.25673534072900156, "YYII": 0.427892234548336, "XZXZ": 0.12836767036450075, "IXXI": -0.007069913589945007, "YIYI": -0.0070699135899450136, "ZYYZ": 0.0, "ZZYY": 0.5134706814580031, "XIIX": 0.01426307448494453, "XXXX": 0.25673534072900156, "IYYI": -0.007131537242472272, "YZYZ": 0.06418383518225036, "ZIIZ": -0.07131537242472266, "YZZY": 0.06418383518225036, "YXXY": 0.19255150554675116, "ZXXZ": 0.06418383518225033, "YYYY": 0.12836767036450078, "ZZXX": -0.38510301109350237, "ZZZZ": 0.8343898573692549}