{"IIXX": -0.5919175911251983, "ZZII": 0.8343898573692552, "XXZZ": -0.4492868462757527, "XXII": -0.34944532488114105, "XYYX": 0.19255150554675116, "IYIY": -0.014263074484944521, "XZZX": 0.06418383518225039, "XIXI": 0.0, "ZIZI": -0.014263074484944517, "IIYY": 0.5919175911251982, "XXYY": -0.25673534072900156, "YXYX": 0.32091917591125196, "ZXZX": 0.06418383518225036, "YIIY": 0.014139827179890024, "IIII": 1.0, "ZYZY": -0.06418383518225042, "IZIZ": -0.01426307448494453, "IXIX": 0.014263074484944542, "XYXY": 0.2567353407290015, "YYZZ": 0.32091917591125196, "IZZI": -0.04278922345483361, "IIZZ": 0.9841521394611727, "YYXX": -0.32091917591125196, "YYII": 0.3851030110935024, "XZXZ": 0.12836767036450075, "IXXI": 0.014263074484944523, "YIYI": -0.04278922345483358, "ZYYZ": -0.06418383518225039, "ZZYY": 0.5776545166402535, "XIIX": -1.3877787807814457e-17, "XXXX": 0.2567353407290016, "IYYI": -0.03565768621236134, "YZYZ": 0.06418383518225039, "ZIIZ": -0.007131537242472265, "YZZY": -0.06418383518225039, "YXXY": 0.12836767036450075, "ZXXZ": -0.1272584446190102, "YYYY": 0.32091917591125196, "ZZXX": -0.44928684627575277, "ZZZZ": 0.834389857369255}