{"IIXX": -0.5705229793977813, "ZZII": 0.8629160063391441, "XXZZ": -0.32091917591125196, "XXII": -0.3351822503961965, "XYYX": 0.25673534072900156, "IYIY": 0.0070699135899450136, "XZZX": 0.06418383518225036, "XIXI": -0.04992076069730588, "ZIZI": -0.09270998415213945, "IIYY": 0.5491283676703645, "XXYY": -0.12836767036450078, "YXYX": 0.12836767036450078, "ZXZX": -0.06418383518225036, "YIIY": -0.028526148969889073, "IIII": 1.0, "ZYZY": -0.06418383518225039, "IZIZ": -0.035657686212361345, "IXIX": -0.01426307448494453, "XYXY": 0.06418383518225039, "YYZZ": 0.32091917591125196, "IZZI": -0.09984152139461172, "IIZZ": 0.9627575277337559, "YYXX": -0.3851030110935023, "YYII": 0.42789223454833597, "XZXZ": 0.06418383518225039, "IXXI": 6.938893903907228e-18, "YIYI": -0.028526148969889066, "ZYYZ": 0.12836767036450078, "ZZYY": 0.5134706814580031, "XIIX": -0.021394611727416787, "XXXX": 0.25673534072900156, "IYYI": -0.0427892234548336, "YZYZ": -0.06418383518225039, "ZIIZ": -0.028526148969889066, "YZZY": -0.06418383518225039, "YXXY": 0.25673534072900156, "ZXXZ": 0.0, "YYYY": 0.19255150554675116, "ZZXX": -0.44928684627575277, "ZZZZ": 0.8908091123330713}