{"IIXX": -0.5562599049128367, "ZZII": 0.8771790808240887, "XXZZ": -0.44928684627575277, "XXII": -0.3779714738510301, "XYYX": 0.19255150554675116, "IYIY": 0.014263074484944526, "XZZX": -0.06418383518225039, "XIXI": -0.021394611727416787, "ZIZI": -0.06418383518225039, "IIYY": 0.5776545166402536, "XXYY": -0.25673534072900156, "YXYX": 0.1925515055467511, "ZXZX": 0.0, "YIIY": 0.042789223454833596, "IIII": 1.0, "ZYZY": -2.7755575615628914e-17, "IZIZ": -0.0855784469096672, "IXIX": 0.0071315372424722474, "XYXY": 0.2545168892380204, "YYZZ": 0.38177533385703055, "IZZI": -6.938893903907228e-18, "IIZZ": 0.9984152139461173, "YYXX": -0.19255150554675116, "YYII": 0.4064976228209192, "XZXZ": 0.0, "IXXI": 0.021394611727416808, "YIYI": 0.049920760697305853, "ZYYZ": 0.0, "ZZYY": 0.5134706814580031, "XIIX": -0.01426307448494453, "XXXX": 0.25673534072900156, "IYYI": 0.014263074484944531, "YZYZ": 0.0, "ZIIZ": -0.07131537242472265, "YZZY": -0.06418383518225039, "YXXY": 0.1925515055467511, "ZXXZ": 0.0, "YYYY": 0.25673534072900156, "ZZXX": -0.5134706814580031, "ZZZZ": 0.8985736925515052}