{"IIXX": -0.5705229793977813, "ZZII": 0.8486529318541997, "XXZZ": -0.4492868462757527, "XXII": -0.40649762282091917, "XYYX": 0.2567353407290015, "IYIY": 0.03565768621236135, "XZZX": 0.1272584446190102, "XIXI": -0.01426307448494453, "ZIZI": -0.02852614896988906, "IIYY": 0.5990491283676704, "XXYY": -0.32091917591125196, "YXYX": 0.12836767036450075, "ZXZX": -0.06418383518225036, "YIIY": -0.021394611727416798, "IIII": 1.0, "ZYZY": 0.0, "IZIZ": -0.04278922345483361, "IXIX": -0.03565768621236131, "XYXY": 0.19255150554675116, "YYZZ": 0.32091917591125196, "IZZI": -0.021394611727416794, "IIZZ": 0.991283676703645, "YYXX": -0.3209191759112519, "YYII": 0.3922345483359747, "XZXZ": 0.06418383518225039, "IXXI": -3.469446951953614e-18, "YIYI": -0.04992076069730586, "ZYYZ": -0.12836767036450075, "ZZYY": 0.6418383518225038, "XIIX": -0.007131537242472263, "XXXX": 0.12836767036450078, "IYYI": 0.021394611727416808, "YZYZ": 0.0, "ZIIZ": -0.05705229793977814, "YZZY": -0.06418383518225036, "YXXY": 0.0, "ZXXZ": 0.06418383518225039, "YYYY": 0.12836767036450078, "ZZXX": -0.5134706814580031, "ZZZZ": 0.834389857369255}