{"IIXX": -0.5206022187004754, "ZZII": 0.884310618066561, "XXZZ": -0.3851030110935023, "XXII": -0.3922345483359746, "XYYX": 0.12836767036450075, "IYIY": -0.007131537242472268, "XZZX": 0.06418383518225042, "XIXI": -0.014263074484944523, "ZIZI": -0.06418383518225039, "IIYY": 0.5776545166402536, "XXYY": -0.19255150554675116, "YXYX": 0.12836767036450078, "ZXZX": -0.06418383518225039, "YIIY": 0.02852614896988906, "IIII": 1.0, "ZYZY": 0.1925515055467511, "IZIZ": -0.0427892234548336, "IXIX": 0.03565768621236133, "XYXY": 0.19255150554675116, "YYZZ": 0.32091917591125196, "IZZI": -0.04992076069730587, "IIZZ": 1.0055467511885896, "YYXX": -0.25673534072900156, "YYII": 0.427892234548336, "XZXZ": -0.12836767036450075, "IXXI": 6.938893903907228e-18, "YIYI": -0.01426307448494453, "ZYYZ": 0.0636292223095051, "ZZYY": 0.38510301109350237, "XIIX": -0.049920760697305874, "XXXX": 0.12836767036450075, "IYYI": -0.0213946117274168, "YZYZ": -0.06418383518225039, "ZIIZ": -0.05705229793977813, "YZZY": 0.0636292223095051, "YXXY": 0.06418383518225039, "ZXXZ": 0.06418383518225039, "YYYY": 0.12836767036450078, "ZZXX": -0.32091917591125196, "ZZZZ": 0.8343898573692549}