{"IIXX": -0.5562599049128367, "ZZII": 0.8201099764336215, "XXZZ": -0.3851030110935023, "XXII": -0.3565768621236133, "XYYX": 0.12836767036450078, "IYIY": 0.014263074484944537, "XZZX": 0.0, "XIXI": -0.014263074484944537, "ZIZI": -0.057052297939778146, "IIYY": 0.5161036920659859, "XXYY": -0.19255150554675116, "YXYX": 0.3209191759112519, "ZXZX": -0.12836767036450075, "YIIY": -0.007131537242472261, "IIII": 1.0, "ZYZY": 0.0, "IZIZ": -0.05705229793977813, "IXIX": 0.02827965435978004, "XYXY": 0.12836767036450078, "YYZZ": 0.44928684627575277, "IZZI": -0.057052297939778104, "IIZZ": 0.9984152139461173, "YYXX": -0.1908876669285153, "YYII": 0.37797147385103014, "XZXZ": 0.06418383518225039, "IXXI": 0.03565768621236134, "YIYI": -0.028526148969889073, "ZYYZ": 0.0, "ZZYY": 0.38510301109350237, "XIIX": -0.021394611727416794, "XXXX": 0.25673534072900156, "IYYI": -0.021394611727416794, "YZYZ": 0.06418383518225039, "ZIIZ": -0.0641838351822504, "YZZY": 0.06418383518225042, "YXXY": 0.12836767036450078, "ZXXZ": -0.0636292223095051, "YYYY": 0.06418383518225042, "ZZXX": -0.4492868462757527, "ZZZZ": 0.8343898573692549}