{"IIXX": -0.5514532600157109, "ZZII": 0.8700475435816164, "XXZZ": -0.3851030110935023, "XXII": -0.42076069730586374, "XYYX": 0.19255150554675116, "IYIY": -0.0213946117274168, "XZZX": 0.06418383518225036, "XIXI": 1.0408340855860843e-17, "ZIZI": -0.03565768621236134, "IIYY": 0.563391442155309, "XXYY": -0.32091917591125196, "YXYX": 0.3209191759112519, "ZXZX": 2.7755575615628914e-17, "YIIY": 0.01426307448494453, "IIII": 1.0, "ZYZY": -0.12836767036450075, "IZIZ": -0.07131537242472266, "IXIX": 0.007131537242472261, "XYXY": 0.19255150554675116, "YYZZ": 0.4492868462757527, "IZZI": -0.06362922230950512, "IIZZ": 0.9698890649762282, "YYXX": -0.12836767036450078, "YYII": 0.4207606973058637, "XZXZ": 0.0, "IXXI": -0.028526148969889066, "YIYI": 0.007131537242472272, "ZYYZ": -0.06418383518225039, "ZZYY": 0.5134706814580031, "XIIX": 0.014263074484944542, "XXXX": 0.3209191759112519, "IYYI": -0.0213946117274168, "YZYZ": 0.0, "ZIIZ": -0.04992076069730586, "YZZY": 0.06418383518225042, "YXXY": 0.12836767036450078, "ZXXZ": 0.06418383518225036, "YYYY": 0.32091917591125196, "ZZXX": -0.5776545166402535, "ZZZZ": 0.8985736925515052}