{"IIXX": -0.5348652931854201, "ZZII": 0.8486529318541998, "XXZZ": -0.32091917591125196, "XXII": -0.3851030110935024, "XYYX": 0.19255150554675116, "IYIY": -0.035657686212361324, "XZZX": 0.06418383518225039, "XIXI": 0.007131537242472272, "ZIZI": -0.07131537242472266, "IIYY": 0.5491283676703644, "XXYY": -0.12836767036450075, "YXYX": 0.12836767036450075, "ZXZX": 0.0, "YIIY": -0.04278922345483359, "IIII": 1.0, "ZYZY": -0.06418383518225039, "IZIZ": -0.042789223454833596, "IXIX": -0.04278922345483362, "XYXY": 0.25673534072900156, "YYZZ": 0.3851030110935023, "IZZI": -0.05705229793977812, "IIZZ": 1.0198098256735342, "YYXX": -0.19255150554675116, "YYII": 0.36370839936608557, "XZXZ": -2.7755575615628914e-17, "IXXI": 0.03534956794972508, "YIYI": 0.01426307448494453, "ZYYZ": -0.19255150554675116, "ZZYY": 0.44928684627575277, "XIIX": -0.05705229793977813, "XXXX": 0.19255150554675116, "IYYI": -0.014263074484944523, "YZYZ": 0.0, "ZIIZ": -0.028526148969889073, "YZZY": 0.0, "YXXY": 0.12836767036450078, "ZXXZ": 0.06418383518225039, "YYYY": 0.1925515055467512, "ZZXX": -0.44928684627575277, "ZZZZ": 0.8343898573692549}