{"IIXX": -0.5206022187004754, "ZZII": 0.8415213946117275, "XXZZ": -0.32091917591125196, "XXII": -0.36370839936608557, "XYYX": 0.12836767036450075, "IYIY": 0.035657686212361324, "XZZX": 0.0, "XIXI": 0.014263074484944537, "ZIZI": -0.07844690966719493, "IIYY": 0.5206022187004754, "XXYY": -0.3851030110935023, "YXYX": 0.12836767036450078, "ZXZX": 0.0, "YIIY": 0.03565768621236133, "IIII": 1.0, "ZYZY": 0.0, "IZIZ": -0.07844690966719493, "IXIX": -0.0213946117274168, "XYXY": 0.19255150554675116, "YYZZ": 0.4492868462757527, "IZZI": -0.0855784469096672, "IIZZ": 0.9770206022187005, "YYXX": -0.2567353407290015, "YYII": 0.3993660855784469, "XZXZ": 0.0, "IXXI": 1.214306433183765e-17, "YIYI": -0.007131537242472265, "ZYYZ": -0.06418383518225036, "ZZYY": 0.5134706814580031, "XIIX": 0.02852614896988906, "XXXX": 0.25673534072900156, "IYYI": 0.014263074484944526, "YZYZ": 0.0, "ZIIZ": -0.02852614896988906, "YZZY": -0.06418383518225039, "YXXY": 0.25673534072900156, "ZXXZ": -0.06418383518225039, "YYYY": 0.1925515055467511, "ZZXX": -0.44928684627575277, "ZZZZ": 0.8343898573692549}