{"IIXX": -0.5419968304278923, "ZZII": 0.8700475435816165, "XXZZ": -0.38510301109350237, "XXII": -0.3851030110935024, "XYYX": 0.19255150554675116, "IYIY": 0.014139827179890012, "XZZX": -0.12836767036450078, "XIXI": -0.049920760697305874, "ZIZI": -0.035657686212361345, "IIYY": 0.5419968304278923, "XXYY": -0.12836767036450078, "YXYX": 0.0, "ZXZX": 0.06418383518225036, "YIIY": 0.028526148969889066, "IIII": 1.0, "ZYZY": -0.0636292223095051, "IZIZ": -0.03565768621236133, "IXIX": 0.007131537242472258, "XYXY": 0.19255150554675116, "YYZZ": 0.4492868462757527, "IZZI": -0.014263074484944535, "IIZZ": 0.9984152139461173, "YYXX": -0.19255150554675116, "YYII": 0.36370839936608557, "XZXZ": -0.0641838351822503, "IXXI": 0.007131537242472268, "YIYI": 0.02852614896988907, "ZYYZ": -0.06418383518225039, "ZZYY": 0.4492868462757526, "XIIX": 0.007131537242472272, "XXXX": 0.2567353407290015, "IYYI": 0.028526148969889073, "YZYZ": 0.0, "ZIIZ": -0.014263074484944523, "YZZY": 0.12836767036450078, "YXXY": 0.19255150554675116, "ZXXZ": 0.06418383518225039, "YYYY": 0.19255150554675116, "ZZXX": -0.44928684627575277, "ZZZZ": 0.7702060221870046}