{"IIXX": -0.5990491283676704, "ZZII": 0.8343898573692551, "XXZZ": -0.3209191759112519, "XXII": -0.36370839936608557, "XYYX": 0.12836767036450075, "IYIY": -0.035349567949725054, "XZZX": 0.06418383518225036, "XIXI": -0.00713153724247223, "ZIZI": -0.04992076069730587, "IIYY": 0.5419968304278922, "XXYY": -0.19255150554675116, "YXYX": 0.12836767036450075, "ZXZX": 0.0, "YIIY": -0.02852614896988907, "IIII": 1.0, "ZYZY": -0.06418383518225039, "IZIZ": -0.028526148969889087, "IXIX": -3.469446951953614e-18, "XYXY": 0.12836767036450078, "YYZZ": 0.5134706814580031, "IZZI": -0.05705229793977814, "IIZZ": 0.9984152139461173, "YYXX": -0.3209191759112519, "YYII": 0.44928684627575277, "XZXZ": 0.12836767036450075, "IXXI": -0.028526148969889073, "YIYI": -0.049920760697305874, "ZYYZ": 0.0, "ZZYY": 0.4492868462757527, "XIIX": 5.204170427930421e-18, "XXXX": 0.25673534072900156, "IYYI": -0.014263074484944531, "YZYZ": 0.06418383518225039, "ZIIZ": -0.07131537242472266, "YZZY": 0.0, "YXXY": 0.12836767036450078, "ZXXZ": 0.06418383518225039, "YYYY": 0.19255150554675116, "ZZXX": -0.32091917591125196, "ZZZZ": 0.9627575277337558}