{"IIXX": -0.5491283676703644, "ZZII": 0.8415213946117274, "XXZZ": -0.32091917591125196, "XXII": -0.3993660855784469, "XYYX": 0.2545168892380204, "IYIY": 0.028526148969889073, "XZZX": -0.1908876669285153, "XIXI": 0.04992076069730586, "ZIZI": -0.02852614896988908, "IIYY": 0.5491283676703644, "XXYY": -0.12836767036450075, "YXYX": 0.06418383518225039, "ZXZX": 0.06418383518225039, "YIIY": -0.007131537242472265, "IIII": 1.0, "ZYZY": 0.19255150554675116, "IZIZ": -0.0855784469096672, "IXIX": -0.014263074484944537, "XYXY": 0.12836767036450078, "YYZZ": 0.38510301109350237, "IZZI": -0.09270998415213946, "IIZZ": 0.991283676703645, "YYXX": -0.12836767036450078, "YYII": 0.41362916006339145, "XZXZ": 0.0, "IXXI": -0.01426307448494453, "YIYI": 0.02852614896988906, "ZYYZ": -2.7755575615628914e-17, "ZZYY": 0.5776545166402535, "XIIX": -0.028526148969889066, "XXXX": 0.3851030110935023, "IYYI": -0.02852614896988903, "YZYZ": -0.0636292223095051, "ZIIZ": -0.0213946117274168, "YZZY": 0.06418383518225039, "YXXY": 0.06418383518225039, "ZXXZ": 0.0, "YYYY": 0.19255150554675116, "ZZXX": -0.44928684627575277, "ZZZZ": 0.7702060221870045}