{"IIXX": -0.5776545166402536, "ZZII": 0.8557844690966719, "XXZZ": -0.4492868462757527, "XXII": -0.3851030110935023, "XYYX": 0.19255150554675116, "IYIY": -0.0427892234548336, "XZZX": -0.06418383518225036, "XIXI": -0.014263074484944543, "ZIZI": -0.014263074484944543, "IIYY": 0.5491283676703644, "XXYY": 0.0, "YXYX": 0.25673534072900156, "ZXZX": -0.06418383518225039, "YIIY": -0.03565768621236132, "IIII": 1.0, "ZYZY": -0.12836767036450075, "IZIZ": -0.07844690966719492, "IXIX": 0.014263074484944538, "XYXY": 0.12836767036450078, "YYZZ": 0.5134706814580031, "IZZI": -0.0427892234548336, "IIZZ": 1.012678288431062, "YYXX": -0.4492868462757527, "YYII": 0.42076069730586374, "XZXZ": 2.7755575615628914e-17, "IXXI": -0.042789223454833616, "YIYI": 0.0427892234548336, "ZYYZ": 0.06418383518225039, "ZZYY": 0.5776545166402535, "XIIX": 0.0071315372424722735, "XXXX": 0.12836767036450075, "IYYI": -0.014263074484944538, "YZYZ": 0.12836767036450075, "ZIIZ": -0.06418383518225042, "YZZY": 2.7755575615628914e-17, "YXXY": 0.06418383518225036, "ZXXZ": -0.12836767036450075, "YYYY": 0.25673534072900156, "ZZXX": -0.44928684627575277, "ZZZZ": 0.834389857369255}