{"IIXX": -0.563391442155309, "ZZII": 0.8700475435816165, "XXZZ": -0.32091917591125196, "XXII": -0.3565768621236133, "XYYX": 0.1283676703645008, "IYIY": 0.01426307448494453, "XZZX": -0.12836767036450078, "XIXI": 0.014263074484944516, "ZIZI": -0.021394611727416798, "IIYY": 0.5373134328358209, "XXYY": -0.12836767036450075, "YXYX": 0.12836767036450078, "ZXZX": 0.06418383518225036, "YIIY": 0.014139827179890017, "IIII": 1.0, "ZYZY": 0.0, "IZIZ": -0.042789223454833616, "IXIX": -0.028526148969889073, "XYXY": 0.1925515055467511, "YYZZ": 0.32091917591125196, "IZZI": -0.07844690966719493, "IIZZ": 1.0055467511885896, "YYXX": -0.32091917591125196, "YYII": 0.38510301109350237, "XZXZ": -0.06418383518225039, "IXXI": 0.028526148969889052, "YIYI": 0.02139461172741683, "ZYYZ": 0.0, "ZZYY": 0.4492868462757527, "XIIX": 0.007131537242472265, "XXXX": 0.19255150554675116, "IYYI": -0.007131537242472265, "YZYZ": 0.0, "ZIIZ": -0.09270998415213944, "YZZY": 0.0, "YXXY": 0.32091917591125196, "ZXXZ": -0.06418383518225036, "YYYY": 0.4492868462757527, "ZZXX": -0.5134706814580031, "ZZZZ": 0.9544383346425765}