{"YYZZ": 0.31640625, "YYZI": 0.017578125, "YYIZ": -0.0078125, "YYII": 0.408203125, "YIZZ": 0.2109375, "YIZI": -0.001953125, "YIIZ": 0.015625, "YIII": 0.244140625, "IYZZ": 0.408203125, "IYZI": 0.06640625, "IYIZ": 0.091796875, "IYII": 0.50390625, "IIZZ": 0.814453125, "IIZI": 0.05078125, "IIIZ": 0.048828125, "IIII": 1.0, "ZZYY": 0.369140625, "ZZYI": 0.0234375, "ZZIY": -0.048828125, "ZZII": 0.78125, "ZIYY": 0.41015625, "ZIYI": 0.021484375, "ZIIY": -0.0234375, "ZIII": 0.841796875, "IZYY": 0.3359375, "IZYI": 0.017578125, "IZIY": -0.05078125, "IZII": 0.697265625, "IIYY": 0.470703125, "IIYI": 0.0078125, "IIIY": -0.025390625, "YXXY": 0.09375, "YXXI": -0.017578125, "YXIY": 0.005859375, "YXII": -0.12890625, "YIXY": -0.16796875, "YIXI": 0.037109375, "YIIY": -0.041015625, "IXXY": -0.09765625, "IXXI": -0.017578125, "IXIY": 0.005859375, "IXII": 0.140625, "IIXY": -0.65234375, "IIXI": 0.017578125, "ZXXZ": 0.017578125, "ZXXI": 0.056640625, "ZXIZ": 0.05078125, "ZXII": 0.12109375, "ZIXZ": 0.0078125, "ZIXI": -0.0546875, "ZIIZ": 0.048828125, "IXXZ": 0.0234375, "IXIZ": 0.033203125, "IIXZ": -0.013671875, "ZXZX": -0.0546875, "ZXZI": -0.015625, "ZXIX": -0.025390625, "ZIZX": 0.001953125, "ZIZI": -0.056640625, "ZIIX": 0.0, "IXZX": -0.078125, "IXZI": -0.015625, "IXIX": 0.021484375, "IIZX": -0.001953125, "IIIX": 0.01171875, "XZXZ": -0.048828125, "XZXI": 0.013671875, "XZIZ": -0.005859375, "XZII": 0.083984375, "XIXZ": -0.060546875, "XIXI": 0.037109375, "XIIZ": -0.029296875, "XIII": -0.060546875, "IZXZ": -0.03515625, "IZXI": 0.0, "IZIZ": -0.06640625, "ZYYZ": -0.0234375, "ZYYI": -0.03515625, "ZYIZ": 0.056640625, "ZYII": 0.376953125, "ZIYZ": 0.03515625, "IYYZ": -0.021484375, "IYYI": -0.041015625, "IIYZ": 0.009765625, "YYXX": -0.142578125, "YYXI": 0.0078125, "YYIX": 0.0, "YIXX": -0.06640625, "YIIX": -0.001953125, "IYXX": -0.197265625, "IYXI": -0.015625, "IYIX": 0.0, "IIXX": -0.4765625, "ZZXX": -0.31640625, "ZZXI": 0.02734375, "ZZIX": 0.00390625, "ZIXX": -0.365234375, "IZXX": -0.291015625, "IZIX": 0.021484375, "YZZY": 0.01953125, "YZZI": 0.00390625, "YZIY": -0.01953125, "YZII": 0.01171875, "YIZY": 0.041015625, "IZZY": -0.017578125, "IZZI": -0.021484375, "IIZY": 0.0, "YZYZ": 0.017578125, "YZYI": -0.005859375, "YZIZ": 0.029296875, "YIYZ": 0.015625, "YIYI": 0.015625, "IZYZ": 0.041015625, "XXYY": -0.19140625, "XXYI": -0.0078125, "XXIY": -0.060546875, "XXII": -0.373046875, "XIYY": -0.080078125, "XIYI": -0.013671875, "XIIY": -0.03515625, "IXYY": 0.1171875, "IXYI": 0.04296875, "XYXY": 0.125, "XYXI": -0.017578125, "XYIY": -0.0078125, "XYII": -0.162109375, "XIXY": 0.095703125, "IYXY": -0.31640625, "IYIY": 0.015625, "YXYX": 0.087890625, "YXYI": -0.03125, "YXIX": 0.00390625, "YIYX": -0.134765625, "IXYX": -0.10546875, "IIYX": -0.65234375, "XXZZ": -0.2421875, "XXZI": -0.025390625, "XXIZ": -0.033203125, "XIZZ": -0.1171875, "XIZI": -0.017578125, "IXZZ": 0.09375, "XYYX": 0.076171875, "XYYI": -0.033203125, "XYIX": 0.052734375, "XIYX": 0.064453125, "XIIX": -0.005859375, "IYYX": -0.2890625, "ZYZY": 0.005859375, "ZYZI": 0.02734375, "ZYIY": -0.001953125, "ZIZY": 0.0546875, "IYZY": 0.0, "XZZX": -0.015625, "XZZI": 0.056640625, "XZIX": -0.02734375, "XIZX": 0.005859375, "IZZX": -0.015625, "YYYY": 0.16015625, "YYYI": 0.025390625, "YYIY": 0.0078125, "YIYY": 0.12109375, "IYYY": 0.197265625, "XXXX": 0.1640625, "XXXI": 0.015625, "XXIX": -0.041015625, "XIXX": 0.06640625, "IXXX": -0.076171875, "ZZZZ": 0.6640625, "ZZZI": -0.060546875, "ZZIZ": -0.048828125, "ZIZZ": 0.734375, "IZZZ": 0.61328125}