{"YYZZ": 0.26171875, "YYZI": 0.041015625, "YYIZ": 0.03125, "YYII": 0.341796875, "YIZZ": 0.123046875, "YIZI": 0.03125, "YIIZ": 0.029296875, "YIII": 0.171875, "IYZZ": 0.33984375, "IYZI": -0.005859375, "IYIZ": 0.01171875, "IYII": 0.431640625, "IIZZ": 0.806640625, "IIZI": -0.04296875, "IIIZ": -0.025390625, "IIII": 1.0, "ZZYY": 0.36328125, "ZZYI": 0.029296875, "ZZIY": 0.056640625, "ZZII": 0.765625, "ZIYY": 0.408203125, "ZIYI": 0.02734375, "ZIIY": 0.0546875, "ZIII": 0.833984375, "IZYY": 0.330078125, "IZYI": 0.015625, "IZIY": 0.046875, "IZII": 0.697265625, "IIYY": 0.4921875, "IIYI": 0.029296875, "IIIY": 0.052734375, "YXXY": 0.07421875, "YXXI": -0.044921875, "YXIY": 0.03125, "YXII": -0.095703125, "YIXY": -0.140625, "YIXI": 0.001953125, "YIIY": 0.0234375, "IXXY": -0.083984375, "IXXI": -0.03515625, "IXIY": 0.052734375, "IXII": 0.1640625, "IIXY": -0.669921875, "IIXI": -0.015625, "ZXXZ": -0.03515625, "ZXXI": -0.015625, "ZXIZ": 0.037109375, "ZXII": 0.166015625, "ZIXZ": 0.00390625, "ZIXI": -0.00390625, "ZIIZ": 0.021484375, "IXXZ": -0.041015625, "IXIZ": 0.03515625, "IIXZ": -0.017578125, "ZXZX": 0.052734375, "ZXZI": -0.02734375, "ZXIX": 0.02734375, "ZIZX": 0.0, "ZIZI": 0.009765625, "ZIIX": 0.013671875, "IXZX": 0.052734375, "IXZI": -0.03515625, "IXIX": 0.0078125, "IIZX": 0.0234375, "IIIX": 0.017578125, "XZXZ": 0.009765625, "XZXI": 0.03515625, "XZIZ": 0.017578125, "XZII": -0.03515625, "XIXZ": 0.033203125, "XIXI": 0.0078125, "XIIZ": -0.005859375, "XIII": -0.1484375, "IZXZ": -0.021484375, "IZXI": 0.0234375, "IZIZ": -0.025390625, "ZYYZ": 0.0078125, "ZYYI": 0.00390625, "ZYIZ": -0.04296875, "ZYII": 0.37109375, "ZIYZ": 0.052734375, "IYYZ": 0.005859375, "IYYI": 0.021484375, "IIYZ": 0.05078125, "YYXX": -0.18359375, "YYXI": 0.00390625, "YYIX": -0.021484375, "YIXX": -0.13671875, "YIIX": 0.033203125, "IYXX": -0.244140625, "IYXI": -0.005859375, "IYIX": 0.03515625, "IIXX": -0.462890625, "ZZXX": -0.341796875, "ZZXI": 0.03515625, "ZZIX": 0.025390625, "ZIXX": -0.396484375, "IZXX": -0.333984375, "IZIX": 0.025390625, "YZZY": -0.013671875, "YZZI": 0.01953125, "YZIY": -0.0078125, "YZII": 0.037109375, "YIZY": -0.00390625, "IZZY": 0.005859375, "IZZI": -0.0234375, "IIZY": 0.01171875, "YZYZ": -0.00390625, "YZYI": 0.03125, "YZIZ": -0.0390625, "YIYZ": 0.02734375, "YIYI": 0.0390625, "IZYZ": 0.01953125, "XXYY": -0.138671875, "XXYI": -0.00390625, "XXIY": -0.0234375, "XXII": -0.267578125, "XIYY": -0.02734375, "XIYI": 0.052734375, "XIIY": 0.005859375, "IXYY": 0.123046875, "IXYI": 0.046875, "XYXY": 0.091796875, "XYXI": 0.03515625, "XYIY": -0.017578125, "XYII": -0.12890625, "XIXY": -0.029296875, "IYXY": -0.310546875, "IYIY": 0.017578125, "YXYX": 0.068359375, "YXYI": -0.03515625, "YXIX": 0.0078125, "YIYX": -0.154296875, "IXYX": -0.078125, "IIYX": -0.68359375, "XXZZ": -0.25390625, "XXZI": 0.015625, "XXIZ": -0.017578125, "XIZZ": -0.0625, "XIZI": 0.0078125, "IXZZ": 0.150390625, "XYYX": 0.16015625, "XYYI": -0.001953125, "XYIX": 0.013671875, "XIYX": 0.06640625, "XIIX": -0.033203125, "IYYX": -0.3046875, "ZYZY": 0.01953125, "ZYZI": 0.0234375, "ZYIY": 0.0, "ZIZY": -0.046875, "IYZY": 0.0078125, "XZZX": 0.00390625, "XZZI": 0.013671875, "XZIX": 0.005859375, "XIZX": 0.015625, "IZZX": 0.015625, "YYYY": 0.16796875, "YYYI": 0.017578125, "YYIY": -0.05078125, "YIYY": 0.083984375, "IYYY": 0.15625, "XXXX": 0.064453125, "XXXI": 0.0234375, "XXIX": 0.005859375, "XIXX": 0.05078125, "IXXX": -0.0859375, "ZZZZ": 0.658203125, "ZZZI": -0.046875, "ZZIZ": -0.017578125, "ZIZZ": 0.68359375, "IZZZ": 0.6015625}