{"YYZZ": 0.337890625, "YYZI": -0.021484375, "YYIZ": -0.00390625, "YYII": 0.40625, "YIZZ": 0.26171875, "YIZI": -0.02734375, "YIIZ": -0.021484375, "YIII": 0.318359375, "IYZZ": 0.41015625, "IYZI": -0.0546875, "IYIZ": -0.037109375, "IYII": 0.509765625, "IIZZ": 0.826171875, "IIZI": -0.060546875, "IIIZ": -0.046875, "IIII": 1.0, "ZZYY": 0.318359375, "ZZYI": 0.01953125, "ZZIY": 0.041015625, "ZZII": 0.765625, "ZIYY": 0.35546875, "ZIYI": 0.056640625, "ZIIY": 0.05859375, "ZIII": 0.869140625, "IZYY": 0.30078125, "IZYI": 0.021484375, "IZIY": 0.02734375, "IZII": 0.724609375, "IIYY": 0.431640625, "IIYI": 0.02734375, "IIIY": 0.029296875, "YXXY": 0.08203125, "YXXI": 0.021484375, "YXIY": -0.01953125, "YXII": -0.130859375, "YIXY": -0.14453125, "YIXI": -0.025390625, "YIIY": 0.00390625, "IXXY": -0.076171875, "IXXI": 0.03125, "IXIY": -0.029296875, "IXII": 0.16796875, "IIXY": -0.642578125, "IIXI": -0.01953125, "ZXXZ": -0.044921875, "ZXXI": 0.025390625, "ZXIZ": 0.037109375, "ZXII": 0.091796875, "ZIXZ": -0.017578125, "ZIXI": 0.025390625, "ZIIZ": -0.044921875, "IXXZ": -0.046875, "IXIZ": 0.0078125, "IIXZ": -0.0078125, "ZXZX": -0.01953125, "ZXZI": -0.056640625, "ZXIX": 0.0234375, "ZIZX": 0.03515625, "ZIZI": -0.017578125, "ZIIX": -0.0078125, "IXZX": -0.017578125, "IXZI": -0.046875, "IXIX": 0.048828125, "IIZX": 0.056640625, "IIIX": -0.001953125, "XZXZ": -0.013671875, "XZXI": 0.0078125, "XZIZ": -0.00390625, "XZII": 0.083984375, "XIXZ": -0.029296875, "XIXI": 0.0078125, "XIIZ": -0.03125, "XIII": -0.091796875, "IZXZ": -0.015625, "IZXI": -0.009765625, "IZIZ": 0.009765625, "ZYYZ": -0.033203125, "ZYYI": 0.013671875, "ZYIZ": -0.015625, "ZYII": 0.38671875, "ZIYZ": -0.0078125, "IYYZ": 0.01171875, "IYYI": 0.04296875, "IIYZ": 0.013671875, "YYXX": -0.17578125, "YYXI": -0.1015625, "YYIX": 0.11328125, "YIXX": -0.091796875, "YIIX": 0.029296875, "IYXX": -0.185546875, "IYXI": -0.017578125, "IYIX": 0.076171875, "IIXX": -0.4296875, "ZZXX": -0.392578125, "ZZXI": 0.029296875, "ZZIX": 0.0234375, "ZIXX": -0.421875, "IZXX": -0.36328125, "IZIX": 0.021484375, "YZZY": 0.0, "YZZI": 0.001953125, "YZIY": -0.033203125, "YZII": 0.02734375, "YIZY": 0.00390625, "IZZY": -0.01953125, "IZZI": -0.029296875, "IIZY": 0.01171875, "YZYZ": -0.03125, "YZYI": 0.009765625, "YZIZ": -0.005859375, "YIYZ": -0.0078125, "YIYI": 0.009765625, "IZYZ": -0.03125, "XXYY": -0.142578125, "XXYI": 0.01171875, "XXIY": -0.033203125, "XXII": -0.26171875, "XIYY": -0.06640625, "XIYI": -0.009765625, "XIIY": 0.00390625, "IXYY": 0.08203125, "IXYI": 0.029296875, "XYXY": 0.14453125, "XYXI": 0.0078125, "XYIY": -0.005859375, "XYII": -0.181640625, "XIXY": 0.060546875, "IYXY": -0.34765625, "IYIY": 0.037109375, "YXYX": 0.0390625, "YXYI": 0.03515625, "YXIX": -0.025390625, "YIYX": -0.140625, "IXYX": -0.126953125, "IIYX": -0.689453125, "XXZZ": -0.185546875, "XXZI": -0.021484375, "XXIZ": -0.02734375, "XIZZ": -0.08984375, "XIZI": 0.00390625, "IXZZ": 0.140625, "XYYX": 0.0546875, "XYYI": -0.04296875, "XYIX": 0.013671875, "XIYX": 0.048828125, "XIIX": 0.03125, "IYYX": -0.3359375, "ZYZY": 0.0703125, "ZYZI": 0.044921875, "ZYIY": 0.01171875, "ZIZY": 0.0234375, "IYZY": 0.060546875, "XZZX": -0.029296875, "XZZI": -0.025390625, "XZIX": -0.021484375, "XIZX": -0.013671875, "IZZX": 0.04296875, "YYYY": 0.138671875, "YYYI": 0.05078125, "YYIY": 0.046875, "YIYY": 0.072265625, "IYYY": 0.16015625, "XXXX": 0.125, "XXXI": -0.017578125, "XXIX": -0.005859375, "XIXX": 0.08984375, "IXXX": -0.10546875, "ZZZZ": 0.55859375, "ZZZI": -0.064453125, "ZZIZ": -0.005859375, "ZIZZ": 0.693359375, "IZZZ": 0.537109375}