{"YYZZ": 0.318359375, "YYZI": 0.04296875, "YYIZ": 0.0390625, "YYII": 0.384765625, "YIZZ": 0.19140625, "YIZI": 0.052734375, "YIIZ": 0.048828125, "YIII": 0.2421875, "IYZZ": 0.384765625, "IYZI": 0.0546875, "IYIZ": 0.05078125, "IYII": 0.474609375, "IIZZ": 0.82421875, "IIZI": -0.017578125, "IIIZ": 0.017578125, "IIII": 1.0, "ZZYY": 0.3671875, "ZZYI": -0.005859375, "ZZIY": 0.05859375, "ZZII": 0.798828125, "ZIYY": 0.376953125, "ZIYI": -0.03515625, "ZIIY": 0.021484375, "ZIII": 0.87109375, "IZYY": 0.30859375, "IZYI": -0.009765625, "IZIY": 0.03515625, "IZII": 0.712890625, "IIYY": 0.431640625, "IIYI": 0.00390625, "IIIY": 0.048828125, "YXXY": 0.109375, "YXXI": 0.01171875, "YXIY": 0.017578125, "YXII": -0.126953125, "YIXY": -0.16015625, "YIXI": 0.0, "YIIY": 0.029296875, "IXXY": -0.095703125, "IXXI": 0.025390625, "IXIY": -0.01171875, "IXII": 0.171875, "IIXY": -0.658203125, "IIXI": 0.041015625, "ZXXZ": 0.044921875, "ZXXI": -0.03515625, "ZXIZ": 0.03515625, "ZXII": 0.150390625, "ZIXZ": 0.01171875, "ZIXI": -0.029296875, "ZIIZ": -0.025390625, "IXXZ": 0.013671875, "IXIZ": 0.01953125, "IIXZ": 0.0234375, "ZXZX": -0.091796875, "ZXZI": 0.02734375, "ZXIX": 0.0078125, "ZIZX": 0.01171875, "ZIZI": -0.017578125, "ZIIX": 0.029296875, "IXZX": -0.068359375, "IXZI": 0.02734375, "IXIX": -0.00390625, "IIZX": 0.04296875, "IIIX": 0.009765625, "XZXZ": 0.02734375, "XZXI": 0.013671875, "XZIZ": 0.044921875, "XZII": 0.0625, "XIXZ": 0.06640625, "XIXI": 0.017578125, "XIIZ": 0.048828125, "XIII": -0.09375, "IZXZ": 0.05078125, "IZXI": 0.041015625, "IZIZ": -0.029296875, "ZYYZ": 0.0625, "ZYYI": -0.005859375, "ZYIZ": 0.017578125, "ZYII": 0.46875, "ZIYZ": 0.0, "IYYZ": 0.05859375, "IYYI": -0.029296875, "IIYZ": 0.0078125, "YYXX": -0.177734375, "YYXI": 0.025390625, "YYIX": -0.052734375, "YIXX": -0.099609375, "YIIX": -0.017578125, "IYXX": -0.21484375, "IYXI": -0.03515625, "IYIX": 0.03125, "IIXX": -0.4609375, "ZZXX": -0.30078125, "ZZXI": -0.0078125, "ZZIX": 0.048828125, "ZIXX": -0.380859375, "IZXX": -0.30859375, "IZIX": 0.017578125, "YZZY": -0.021484375, "YZZI": -0.060546875, "YZIY": 0.060546875, "YZII": 0.064453125, "YIZY": -0.037109375, "IZZY": -0.0234375, "IZZI": -0.06640625, "IIZY": -0.015625, "YZYZ": 0.021484375, "YZYI": 0.025390625, "YZIZ": -0.009765625, "YIYZ": 0.0234375, "YIYI": -0.015625, "IZYZ": -0.029296875, "XXYY": -0.125, "XXYI": -0.01171875, "XXIY": 0.015625, "XXII": -0.328125, "XIYY": -0.0078125, "XIYI": 0.0078125, "XIIY": 0.0234375, "IXYY": 0.04296875, "IXYI": 0.00390625, "XYXY": 0.115234375, "XYXI": 0.0, "XYIY": -0.03125, "XYII": -0.169921875, "XIXY": 0.052734375, "IYXY": -0.2109375, "IYIY": -0.013671875, "YXYX": 0.107421875, "YXYI": 0.05078125, "YXIX": -0.03515625, "YIYX": -0.115234375, "IXYX": -0.12109375, "IIYX": -0.6953125, "XXZZ": -0.263671875, "XXZI": -0.025390625, "XXIZ": -0.03125, "XIZZ": -0.037109375, "XIZI": 0.009765625, "IXZZ": 0.142578125, "XYYX": 0.12109375, "XYYI": -0.064453125, "XYIX": 0.03125, "XIYX": 0.078125, "XIIX": -0.0078125, "IYYX": -0.330078125, "ZYZY": 0.001953125, "ZYZI": 0.041015625, "ZYIY": 0.0546875, "ZIZY": 0.037109375, "IYZY": 0.017578125, "XZZX": -0.048828125, "XZZI": 0.01171875, "XZIX": -0.02734375, "XIZX": -0.064453125, "IZZX": -0.03515625, "YYYY": 0.20703125, "YYYI": 0.03515625, "YYIY": 0.037109375, "YIYY": 0.12890625, "IYYY": 0.177734375, "XXXX": 0.1875, "XXXI": 0.029296875, "XXIX": -0.05859375, "XIXX": 0.064453125, "IXXX": -0.09375, "ZZZZ": 0.634765625, "ZZZI": -0.00390625, "ZZIZ": -0.01171875, "ZIZZ": 0.66015625, "IZZZ": 0.595703125}