{"YYZZ": 0.333984375, "YYZI": -0.015625, "YYIZ": -0.02734375, "YYII": 0.388671875, "YIZZ": 0.193359375, "YIZI": 0.00390625, "YIIZ": -0.01171875, "YIII": 0.220703125, "IYZZ": 0.359375, "IYZI": 0.060546875, "IYIZ": 0.060546875, "IYII": 0.46484375, "IIZZ": 0.8125, "IIZI": -0.021484375, "IIIZ": 0.005859375, "IIII": 1.0, "ZZYY": 0.33984375, "ZZYI": 0.033203125, "ZZIY": 0.03515625, "ZZII": 0.751953125, "ZIYY": 0.375, "ZIYI": 0.021484375, "ZIIY": 0.05078125, "ZIII": 0.869140625, "IZYY": 0.318359375, "IZYI": 0.046875, "IZIY": 0.033203125, "IZII": 0.72265625, "IIYY": 0.451171875, "IIYI": 0.03125, "IIIY": 0.060546875, "YXXY": 0.05859375, "YXXI": -0.03515625, "YXIY": 0.01953125, "YXII": -0.08984375, "YIXY": -0.1328125, "YIXI": 0.00390625, "YIIY": 0.0078125, "IXXY": -0.078125, "IXXI": -0.02734375, "IXIY": 0.01953125, "IXII": 0.140625, "IIXY": -0.64453125, "IIXI": 0.03515625, "ZXXZ": -0.080078125, "ZXXI": 0.0234375, "ZXIZ": 0.01171875, "ZXII": 0.080078125, "ZIXZ": -0.01171875, "ZIXI": -0.017578125, "ZIIZ": -0.009765625, "IXXZ": -0.060546875, "IXIZ": 0.03515625, "IIXZ": -0.01171875, "ZXZX": -0.033203125, "ZXZI": -0.001953125, "ZXIX": 0.00390625, "ZIZX": -0.041015625, "ZIZI": 0.013671875, "ZIIX": -0.015625, "IXZX": -0.013671875, "IXZI": 0.029296875, "IXIX": 0.0, "IIZX": -0.033203125, "IIIX": 0.0, "XZXZ": -0.029296875, "XZXI": -0.05078125, "XZIZ": -0.046875, "XZII": 0.033203125, "XIXZ": -0.015625, "XIXI": -0.037109375, "XIIZ": 0.009765625, "XIII": -0.09765625, "IZXZ": 0.013671875, "IZXI": 0.03125, "IZIZ": 0.00390625, "ZYYZ": -0.00390625, "ZYYI": -0.048828125, "ZYIZ": 0.017578125, "ZYII": 0.44140625, "ZIYZ": -0.00390625, "IYYZ": 0.00390625, "IYYI": -0.060546875, "IIYZ": 0.00390625, "YYXX": -0.1953125, "YYXI": 0.0234375, "YYIX": 0.037109375, "YIXX": -0.11328125, "YIIX": 0.025390625, "IYXX": -0.216796875, "IYXI": -0.013671875, "IYIX": 0.05859375, "IIXX": -0.447265625, "ZZXX": -0.330078125, "ZZXI": -0.001953125, "ZZIX": 0.021484375, "ZIXX": -0.384765625, "IZXX": -0.296875, "IZIX": 0.04296875, "YZZY": 0.029296875, "YZZI": 0.025390625, "YZIY": -0.013671875, "YZII": 0.013671875, "YIZY": 0.005859375, "IZZY": 0.02734375, "IZZI": 0.05859375, "IIZY": 0.02734375, "YZYZ": 0.052734375, "YZYI": -0.015625, "YZIZ": 0.0625, "YIYZ": 0.02734375, "YIYI": -0.033203125, "IZYZ": -0.013671875, "XXYY": -0.1015625, "XXYI": -0.01171875, "XXIY": -0.021484375, "XXII": -0.318359375, "XIYY": -0.08203125, "XIYI": 0.01171875, "XIIY": 0.025390625, "IXYY": 0.099609375, "IXYI": 0.072265625, "XYXY": 0.123046875, "XYXI": -0.04296875, "XYIY": 0.0859375, "XYII": -0.189453125, "XIXY": 0.05859375, "IYXY": -0.275390625, "IYIY": 0.0703125, "YXYX": 0.1171875, "YXYI": 0.01171875, "YXIX": -0.0078125, "YIYX": -0.12890625, "IXYX": -0.125, "IIYX": -0.671875, "XXZZ": -0.205078125, "XXZI": -0.095703125, "XXIZ": -0.08203125, "XIZZ": -0.078125, "XIZI": 0.00390625, "IXZZ": 0.1171875, "XYYX": 0.11328125, "XYYI": 0.03125, "XYIX": -0.037109375, "XIYX": 0.0703125, "XIIX": -0.017578125, "IYYX": -0.326171875, "ZYZY": 0.05859375, "ZYZI": 0.0390625, "ZYIY": -0.0078125, "ZIZY": 0.0078125, "IYZY": 0.046875, "XZZX": 0.001953125, "XZZI": -0.056640625, "XZIX": -0.0703125, "XIZX": 0.015625, "IZZX": 0.015625, "YYYY": 0.19140625, "YYYI": -0.01171875, "YYIY": -0.01953125, "YIYY": 0.115234375, "IYYY": 0.216796875, "XXXX": 0.189453125, "XXXI": -0.0234375, "XXIX": -0.015625, "XIXX": 0.05078125, "IXXX": -0.123046875, "ZZZZ": 0.599609375, "ZZZI": -0.015625, "ZZIZ": -0.0234375, "ZIZZ": 0.68359375, "IZZZ": 0.572265625}