{"YYZZ": 0.326171875, "YYZI": 0.03125, "YYIZ": 0.05859375, "YYII": 0.408203125, "YIZZ": 0.1484375, "YIZI": 0.017578125, "YIIZ": 0.033203125, "YIII": 0.1875, "IYZZ": 0.345703125, "IYZI": -0.03125, "IYIZ": -0.01953125, "IYII": 0.466796875, "IIZZ": 0.796875, "IIZI": -0.009765625, "IIIZ": 0.005859375, "IIII": 1.0, "ZZYY": 0.34765625, "ZZYI": 0.017578125, "ZZIY": 0.119140625, "ZZII": 0.765625, "ZIYY": 0.380859375, "ZIYI": -0.0234375, "ZIIY": 0.0390625, "ZIII": 0.861328125, "IZYY": 0.318359375, "IZYI": -0.02734375, "IZIY": 0.09375, "IZII": 0.724609375, "IIYY": 0.4453125, "IIYI": -0.021484375, "IIIY": 0.068359375, "YXXY": 0.12109375, "YXXI": 0.0078125, "YXIY": -0.00390625, "YXII": -0.15625, "YIXY": -0.171875, "YIXI": -0.0703125, "YIIY": 0.06640625, "IXXY": -0.125, "IXXI": -0.00390625, "IXIY": -0.0078125, "IXII": 0.12109375, "IIXY": -0.69140625, "IIXI": -0.04296875, "ZXXZ": -0.00390625, "ZXXI": -0.015625, "ZXIZ": 0.015625, "ZXII": 0.109375, "ZIXZ": 0.017578125, "ZIXI": -0.013671875, "ZIIZ": -0.033203125, "IXXZ": 0.013671875, "IXIZ": 0.013671875, "IIXZ": -0.01171875, "ZXZX": 0.015625, "ZXZI": -0.02734375, "ZXIX": -0.044921875, "ZIZX": 0.0390625, "ZIZI": -0.0078125, "ZIIX": 0.005859375, "IXZX": 0.037109375, "IXZI": -0.029296875, "IXIX": -0.01953125, "IIZX": 0.041015625, "IIIX": 0.00390625, "XZXZ": 0.060546875, "XZXI": 0.119140625, "XZIZ": 0.06640625, "XZII": 0.015625, "XIXZ": 0.04296875, "XIXI": 0.08203125, "XIIZ": 0.025390625, "XIII": -0.123046875, "IZXZ": 0.0390625, "IZXI": -0.02734375, "IZIZ": -0.041015625, "ZYYZ": 0.044921875, "ZYYI": -0.00390625, "ZYIZ": -0.005859375, "ZYII": 0.46484375, "ZIYZ": 0.0390625, "IYYZ": 0.05078125, "IYYI": 0.013671875, "IIYZ": 0.052734375, "YYXX": -0.130859375, "YYXI": 0.029296875, "YYIX": 0.001953125, "YIXX": -0.083984375, "YIIX": 0.033203125, "IYXX": -0.1953125, "IYXI": -0.05078125, "IYIX": 0.06640625, "IIXX": -0.4375, "ZZXX": -0.353515625, "ZZXI": -0.017578125, "ZZIX": 0.033203125, "ZIXX": -0.421875, "IZXX": -0.361328125, "IZIX": 0.017578125, "YZZY": -0.037109375, "YZZI": 0.04296875, "YZIY": -0.0390625, "YZII": 0.013671875, "YIZY": -0.03515625, "IZZY": 0.033203125, "IZZI": 0.00390625, "IIZY": 0.0078125, "YZYZ": -0.015625, "YZYI": 0.001953125, "YZIZ": -0.0390625, "YIYZ": -0.0078125, "YIYI": -0.013671875, "IZYZ": 0.048828125, "XXYY": -0.14453125, "XXYI": -0.013671875, "XXIY": -0.015625, "XXII": -0.255859375, "XIYY": -0.03125, "XIYI": 0.013671875, "XIIY": -0.0078125, "IXYY": 0.111328125, "IXYI": 0.0546875, "XYXY": 0.140625, "XYXI": 0.0546875, "XYIY": -0.064453125, "XYII": -0.154296875, "XIXY": 0.068359375, "IYXY": -0.24609375, "IYIY": -0.013671875, "YXYX": 0.1171875, "YXYI": -0.017578125, "YXIX": 0.005859375, "YIYX": -0.107421875, "IXYX": -0.091796875, "IIYX": -0.66015625, "XXZZ": -0.240234375, "XXZI": -0.005859375, "XXIZ": -0.0390625, "XIZZ": -0.0546875, "XIZI": 0.0078125, "IXZZ": 0.10546875, "XYYX": 0.08203125, "XYYI": 0.03515625, "XYIX": -0.048828125, "XIYX": 0.033203125, "XIIX": -0.015625, "IYYX": -0.3046875, "ZYZY": -0.037109375, "ZYZI": -0.037109375, "ZYIY": 0.05078125, "ZIZY": 0.01953125, "IYZY": -0.05078125, "XZZX": 0.001953125, "XZZI": 0.01953125, "XZIX": 0.033203125, "XIZX": -0.01171875, "IZZX": -0.0546875, "YYYY": 0.16015625, "YYYI": 0.041015625, "YYIY": 0.03125, "YIYY": 0.0625, "IYYY": 0.201171875, "XXXX": 0.130859375, "XXXI": 0.0, "XXIX": 0.025390625, "XIXX": 0.064453125, "IXXX": -0.138671875, "ZZZZ": 0.62890625, "ZZZI": -0.0625, "ZZIZ": -0.0546875, "ZIZZ": 0.6640625, "IZZZ": 0.5625}