{"YYZZ": 0.34375, "YYZI": 0.048828125, "YYIZ": 0.076171875, "YYII": 0.41796875, "YIZZ": 0.234375, "YIZI": 0.029296875, "YIIZ": 0.041015625, "YIII": 0.27734375, "IYZZ": 0.39453125, "IYZI": 0.005859375, "IYIZ": 0.068359375, "IYII": 0.49609375, "IIZZ": 0.7890625, "IIZI": -0.025390625, "IIIZ": 0.021484375, "IIII": 1.0, "ZZYY": 0.35546875, "ZZYI": 0.041015625, "ZZIY": 0.046875, "ZZII": 0.748046875, "ZIYY": 0.40234375, "ZIYI": 0.025390625, "ZIIY": 0.0390625, "ZIII": 0.826171875, "IZYY": 0.310546875, "IZYI": 0.03515625, "IZIY": 0.037109375, "IZII": 0.66796875, "IIYY": 0.439453125, "IIYI": 0.0078125, "IIIY": 0.064453125, "YXXY": 0.1171875, "YXXI": -0.025390625, "YXIY": 0.0078125, "YXII": -0.158203125, "YIXY": -0.15625, "YIXI": -0.001953125, "YIIY": 0.05859375, "IXXY": -0.033203125, "IXXI": 0.0, "IXIY": -0.009765625, "IXII": 0.078125, "IIXY": -0.677734375, "IIXI": -0.02734375, "ZXXZ": -0.005859375, "ZXXI": 0.0078125, "ZXIZ": -0.005859375, "ZXII": 0.1875, "ZIXZ": 0.0859375, "ZIXI": -0.017578125, "ZIIZ": -0.05859375, "IXXZ": -0.02734375, "IXIZ": 0.0, "IIXZ": 0.099609375, "ZXZX": 0.052734375, "ZXZI": 0.0, "ZXIX": 0.04296875, "ZIZX": 0.03515625, "ZIZI": -0.041015625, "ZIIX": 0.001953125, "IXZX": 0.060546875, "IXZI": -0.00390625, "IXIX": 0.0390625, "IIZX": 0.04296875, "IIIX": 0.005859375, "XZXZ": 0.01171875, "XZXI": -0.013671875, "XZIZ": -0.01953125, "XZII": 0.033203125, "XIXZ": -0.0234375, "XIXI": -0.013671875, "XIIZ": -0.0703125, "XIII": -0.123046875, "IZXZ": 0.001953125, "IZXI": 0.046875, "IZIZ": -0.029296875, "ZYYZ": 0.046875, "ZYYI": 0.005859375, "ZYIZ": 0.029296875, "ZYII": 0.33984375, "ZIYZ": -0.0234375, "IYYZ": 0.03125, "IYYI": 0.001953125, "IIYZ": -0.03125, "YYXX": -0.17578125, "YYXI": -0.0078125, "YYIX": 0.009765625, "YIXX": -0.06640625, "YIIX": 0.052734375, "IYXX": -0.232421875, "IYXI": -0.060546875, "IYIX": 0.0859375, "IIXX": -0.451171875, "ZZXX": -0.375, "ZZXI": 0.068359375, "ZZIX": 0.015625, "ZIXX": -0.3828125, "IZXX": -0.330078125, "IZIX": 0.037109375, "YZZY": -0.005859375, "YZZI": 0.0234375, "YZIY": 0.0625, "YZII": 0.103515625, "YIZY": 0.0234375, "IZZY": -0.033203125, "IZZI": -0.0390625, "IIZY": 0.00390625, "YZYZ": 0.025390625, "YZYI": -0.015625, "YZIZ": -0.015625, "YIYZ": 0.044921875, "YIYI": -0.00390625, "IZYZ": -0.00390625, "XXYY": -0.12109375, "XXYI": 0.0, "XXIY": -0.046875, "XXII": -0.28125, "XIYY": -0.01171875, "XIYI": 0.0234375, "XIIY": 0.0, "IXYY": 0.0546875, "IXYI": 0.015625, "XYXY": 0.173828125, "XYXI": -0.01953125, "XYIY": 0.025390625, "XYII": -0.2265625, "XIXY": 0.0859375, "IYXY": -0.3046875, "IYIY": 0.04296875, "YXYX": 0.099609375, "YXYI": -0.01171875, "YXIX": 0.033203125, "YIYX": -0.103515625, "IXYX": -0.095703125, "IIYX": -0.662109375, "XXZZ": -0.228515625, "XXZI": 0.041015625, "XXIZ": 0.017578125, "XIZZ": -0.041015625, "XIZI": 0.005859375, "IXZZ": 0.09375, "XYYX": 0.123046875, "XYYI": -0.02734375, "XYIX": -0.029296875, "XIYX": 0.080078125, "XIIX": -0.001953125, "IYYX": -0.326171875, "ZYZY": -0.005859375, "ZYZI": 0.03515625, "ZYIY": 0.046875, "ZIZY": -0.001953125, "IYZY": 0.01171875, "XZZX": 0.025390625, "XZZI": 0.02734375, "XZIX": -0.005859375, "XIZX": 0.041015625, "IZZX": -0.013671875, "YYYY": 0.177734375, "YYYI": -0.0234375, "YYIY": 0.01953125, "YIYY": 0.134765625, "IYYY": 0.24609375, "XXXX": 0.13671875, "XXXI": 0.033203125, "XXIX": -0.021484375, "XIXX": 0.05078125, "IXXX": -0.07421875, "ZZZZ": 0.61328125, "ZZZI": -0.068359375, "ZZIZ": -0.013671875, "ZIZZ": 0.673828125, "IZZZ": 0.564453125}