{"YYZZ": 0.271484375, "YYZI": -0.017578125, "YYIZ": -0.01953125, "YYII": 0.32421875, "YIZZ": 0.162109375, "YIZI": -0.029296875, "YIIZ": -0.0390625, "YIII": 0.22265625, "IYZZ": 0.439453125, "IYZI": 0.044921875, "IYIZ": 0.07421875, "IYII": 0.546875, "IIZZ": 0.806640625, "IIZI": -0.005859375, "IIIZ": 0.015625, "IIII": 1.0, "ZZYY": 0.345703125, "ZZYI": -0.009765625, "ZZIY": 0.0078125, "ZZII": 0.7734375, "ZIYY": 0.380859375, "ZIYI": -0.025390625, "ZIIY": -0.01171875, "ZIII": 0.84375, "IZYY": 0.310546875, "IZYI": -0.001953125, "IZIY": 0.0, "IZII": 0.69140625, "IIYY": 0.458984375, "IIYI": -0.013671875, "IIIY": 0.0, "YXXY": 0.107421875, "YXXI": -0.01171875, "YXIY": 0.048828125, "YXII": -0.11328125, "YIXY": -0.091796875, "YIXI": -0.015625, "YIIY": 0.009765625, "IXXY": -0.080078125, "IXXI": -0.05078125, "IXIY": 0.041015625, "IXII": 0.13671875, "IIXY": -0.697265625, "IIXI": 0.02734375, "ZXXZ": -0.01953125, "ZXXI": -0.02734375, "ZXIZ": 0.05078125, "ZXII": 0.13671875, "ZIXZ": -0.005859375, "ZIXI": -0.033203125, "ZIIZ": 0.009765625, "IXXZ": -0.009765625, "IXIZ": 0.033203125, "IIXZ": -0.015625, "ZXZX": -0.015625, "ZXZI": -0.037109375, "ZXIX": 0.041015625, "ZIZX": 0.01171875, "ZIZI": -0.041015625, "ZIIX": 0.033203125, "IXZX": -0.03125, "IXZI": -0.013671875, "IXIX": 0.041015625, "IIZX": 0.01171875, "IIIX": 0.025390625, "XZXZ": -0.03125, "XZXI": -0.046875, "XZIZ": 0.017578125, "XZII": 0.060546875, "XIXZ": -0.04296875, "XIXI": -0.0078125, "XIIZ": 0.037109375, "XIII": -0.048828125, "IZXZ": -0.005859375, "IZXI": 0.044921875, "IZIZ": -0.00390625, "ZYYZ": 0.0078125, "ZYYI": -0.00390625, "ZYIZ": 0.01953125, "ZYII": 0.43359375, "ZIYZ": 0.044921875, "IYYZ": 0.017578125, "IYYI": -0.009765625, "IIYZ": 0.05859375, "YYXX": -0.150390625, "YYXI": 0.017578125, "YYIX": -0.013671875, "YIXX": -0.087890625, "YIIX": 0.009765625, "IYXX": -0.21875, "IYXI": 0.04296875, "IYIX": 0.01171875, "IIXX": -0.44140625, "ZZXX": -0.318359375, "ZZXI": -0.009765625, "ZZIX": 0.048828125, "ZIXX": -0.369140625, "IZXX": -0.27734375, "IZIX": 0.04296875, "YZZY": 0.009765625, "YZZI": -0.083984375, "YZIY": 0.037109375, "YZII": 0.076171875, "YIZY": 0.0078125, "IZZY": 0.013671875, "IZZI": -0.056640625, "IIZY": -0.00390625, "YZYZ": -0.052734375, "YZYI": 0.005859375, "YZIZ": -0.021484375, "YIYZ": -0.08984375, "YIYI": -0.01171875, "IZYZ": -0.017578125, "XXYY": -0.1484375, "XXYI": -0.0234375, "XXIY": -0.001953125, "XXII": -0.306640625, "XIYY": 0.03515625, "XIYI": 0.0078125, "XIIY": -0.029296875, "IXYY": 0.080078125, "IXYI": -0.017578125, "XYXY": 0.06640625, "XYXI": -0.01171875, "XYIY": 0.033203125, "XYII": -0.123046875, "XIXY": 0.0390625, "IYXY": -0.345703125, "IYIY": 0.0390625, "YXYX": 0.166015625, "YXYI": -0.005859375, "YXIX": -0.033203125, "YIYX": -0.146484375, "IXYX": -0.11328125, "IIYX": -0.68359375, "XXZZ": -0.25, "XXZI": -0.017578125, "XXIZ": -0.0390625, "XIZZ": -0.0625, "XIZI": 0.017578125, "IXZZ": 0.134765625, "XYYX": 0.14453125, "XYYI": 0.001953125, "XYIX": -0.013671875, "XIYX": 0.07421875, "XIIX": -0.041015625, "IYYX": -0.3203125, "ZYZY": 0.005859375, "ZYZI": -0.001953125, "ZYIY": -0.005859375, "ZIZY": -0.044921875, "IYZY": -0.00390625, "XZZX": -0.037109375, "XZZI": -0.00390625, "XZIX": -0.033203125, "XIZX": -0.0078125, "IZZX": 0.01953125, "YYYY": 0.212890625, "YYYI": 0.01171875, "YYIY": -0.044921875, "YIYY": 0.09765625, "IYYY": 0.23046875, "XXXX": 0.16796875, "XXXI": 0.01953125, "XXIX": -0.009765625, "XIXX": 0.013671875, "IXXX": -0.06640625, "ZZZZ": 0.607421875, "ZZZI": -0.03125, "ZZIZ": -0.01171875, "ZIZZ": 0.703125, "IZZZ": 0.560546875}