{"YYZZ": 0.26171875, "YYZI": -0.025390625, "YYIZ": -0.00390625, "YYII": 0.349609375, "YIZZ": 0.185546875, "YIZI": -0.0234375, "YIIZ": 0.009765625, "YIII": 0.20703125, "IYZZ": 0.38671875, "IYZI": -0.013671875, "IYIZ": 0.03125, "IYII": 0.466796875, "IIZZ": 0.822265625, "IIZI": -0.046875, "IIIZ": -0.013671875, "IIII": 1.0, "ZZYY": 0.3359375, "ZZYI": 0.072265625, "ZZIY": 0.02734375, "ZZII": 0.775390625, "ZIYY": 0.361328125, "ZIYI": 0.09765625, "ZIIY": 0.056640625, "ZIII": 0.8671875, "IZYY": 0.296875, "IZYI": 0.083984375, "IZIY": 0.04296875, "IZII": 0.724609375, "IIYY": 0.427734375, "IIYI": 0.08984375, "IIIY": 0.052734375, "YXXY": 0.0703125, "YXXI": 0.021484375, "YXIY": -0.03515625, "YXII": -0.142578125, "YIXY": -0.1484375, "YIXI": 0.029296875, "YIIY": 0.0, "IXXY": -0.103515625, "IXXI": 0.05078125, "IXIY": -0.044921875, "IXII": 0.15234375, "IIXY": -0.634765625, "IIXI": 0.01953125, "ZXXZ": -0.029296875, "ZXXI": -0.041015625, "ZXIZ": 0.05078125, "ZXII": 0.1640625, "ZIXZ": -0.044921875, "ZIXI": 0.013671875, "ZIIZ": -0.04296875, "IXXZ": -0.001953125, "IXIZ": 0.05078125, "IIXZ": -0.021484375, "ZXZX": 0.01953125, "ZXZI": 0.00390625, "ZXIX": -0.037109375, "ZIZX": -0.017578125, "ZIZI": -0.080078125, "ZIIX": 0.015625, "IXZX": 0.01953125, "IXZI": -0.0078125, "IXIX": -0.017578125, "IIZX": 0.001953125, "IIIX": 0.0625, "XZXZ": -0.001953125, "XZXI": -0.01953125, "XZIZ": 0.033203125, "XZII": 0.0390625, "XIXZ": -0.015625, "XIXI": -0.048828125, "XIIZ": 0.0, "XIII": -0.111328125, "IZXZ": 0.00390625, "IZXI": 0.001953125, "IZIZ": -0.00390625, "ZYYZ": 0.021484375, "ZYYI": 0.052734375, "ZYIZ": 0.0078125, "ZYII": 0.390625, "ZIYZ": -0.025390625, "IYYZ": 0.021484375, "IYYI": 0.029296875, "IIYZ": -0.029296875, "YYXX": -0.16796875, "YYXI": 0.046875, "YYIX": -0.021484375, "YIXX": -0.087890625, "YIIX": 0.0, "IYXX": -0.18359375, "IYXI": 0.0390625, "IYIX": -0.033203125, "IIXX": -0.392578125, "ZZXX": -0.318359375, "ZZXI": -0.0546875, "ZZIX": 0.013671875, "ZIXX": -0.37109375, "IZXX": -0.3046875, "IZIX": 0.05078125, "YZZY": -0.0234375, "YZZI": -0.02734375, "YZIY": -0.017578125, "YZII": 0.080078125, "YIZY": -0.0234375, "IZZY": -0.037109375, "IZZI": -0.041015625, "IIZY": -0.037109375, "YZYZ": -0.06640625, "YZYI": 0.0, "YZIZ": -0.060546875, "YIYZ": -0.025390625, "YIYI": 0.029296875, "IZYZ": -0.02734375, "XXYY": -0.12109375, "XXYI": 0.005859375, "XXIY": 0.00390625, "XXII": -0.318359375, "XIYY": -0.033203125, "XIYI": 0.02734375, "XIIY": -0.056640625, "IXYY": 0.0546875, "IXYI": -0.021484375, "XYXY": 0.138671875, "XYXI": -0.005859375, "XYIY": -0.009765625, "XYII": -0.158203125, "XIXY": 0.09375, "IYXY": -0.330078125, "IYIY": 0.037109375, "YXYX": 0.0859375, "YXYI": 0.013671875, "YXIX": -0.048828125, "YIYX": -0.169921875, "IXYX": -0.068359375, "IIYX": -0.6328125, "XXZZ": -0.234375, "XXZI": -0.048828125, "XXIZ": -0.0546875, "XIZZ": -0.083984375, "XIZI": -0.01953125, "IXZZ": 0.15234375, "XYYX": 0.15234375, "XYYI": 0.033203125, "XYIX": -0.009765625, "XIYX": 0.072265625, "XIIX": -0.0078125, "IYYX": -0.310546875, "ZYZY": -0.064453125, "ZYZI": 0.0390625, "ZYIY": 0.087890625, "ZIZY": -0.033203125, "IYZY": -0.041015625, "XZZX": -0.013671875, "XZZI": -0.021484375, "XZIX": 0.052734375, "XIZX": 0.013671875, "IZZX": 0.0703125, "YYYY": 0.208984375, "YYYI": -0.01171875, "YYIY": 0.0390625, "YIYY": 0.10546875, "IYYY": 0.212890625, "XXXX": 0.1484375, "XXXI": -0.001953125, "XXIX": 0.0, "XIXX": 0.048828125, "IXXX": -0.06640625, "ZZZZ": 0.595703125, "ZZZI": -0.00390625, "ZZIZ": 0.021484375, "ZIZZ": 0.669921875, "IZZZ": 0.548828125}