{"YYZZ": 0.28515625, "YYZI": -0.029296875, "YYIZ": 0.005859375, "YYII": 0.37890625, "YIZZ": 0.154296875, "YIZI": 0.0, "YIIZ": 0.01171875, "YIII": 0.201171875, "IYZZ": 0.396484375, "IYZI": 0.0, "IYIZ": 0.00390625, "IYII": 0.490234375, "IIZZ": 0.8203125, "IIZI": -0.033203125, "IIIZ": -0.029296875, "IIII": 1.0, "ZZYY": 0.3984375, "ZZYI": 0.029296875, "ZZIY": 0.02734375, "ZZII": 0.744140625, "ZIYY": 0.408203125, "ZIYI": -0.015625, "ZIIY": 0.037109375, "ZIII": 0.84765625, "IZYY": 0.33984375, "IZYI": 0.021484375, "IZIY": 0.01171875, "IZII": 0.677734375, "IIYY": 0.490234375, "IIYI": -0.0078125, "IIIY": 0.021484375, "YXXY": 0.09375, "YXXI": 0.03515625, "YXIY": -0.08203125, "YXII": -0.12890625, "YIXY": -0.126953125, "YIXI": 0.017578125, "YIIY": 0.001953125, "IXXY": -0.115234375, "IXXI": 0.001953125, "IXIY": 0.009765625, "IXII": 0.177734375, "IIXY": -0.66796875, "IIXI": 0.04296875, "ZXXZ": 0.01171875, "ZXXI": -0.015625, "ZXIZ": -0.029296875, "ZXII": 0.146484375, "ZIXZ": -0.03515625, "ZIXI": 0.00390625, "ZIIZ": -0.052734375, "IXXZ": 0.009765625, "IXIZ": 0.01171875, "IIXZ": -0.033203125, "ZXZX": 0.021484375, "ZXZI": 0.0, "ZXIX": 0.0078125, "ZIZX": -0.03125, "ZIZI": -0.052734375, "ZIIX": 0.017578125, "IXZX": 0.005859375, "IXZI": -0.01171875, "IXIX": 0.01953125, "IIZX": -0.015625, "IIIX": 0.044921875, "XZXZ": 0.005859375, "XZXI": 0.017578125, "XZIZ": 0.03125, "XZII": 0.04296875, "XIXZ": 0.046875, "XIXI": -0.03125, "XIIZ": 0.017578125, "XIII": -0.060546875, "IZXZ": -0.01953125, "IZXI": 0.08984375, "IZIZ": 0.021484375, "ZYYZ": -0.005859375, "ZYYI": 0.048828125, "ZYIZ": -0.005859375, "ZYII": 0.412109375, "ZIYZ": 0.001953125, "IYYZ": -0.015625, "IYYI": 0.0546875, "IIYZ": 0.0078125, "YYXX": -0.173828125, "YYXI": -0.001953125, "YYIX": 0.0234375, "YIXX": -0.103515625, "YIIX": 0.0234375, "IYXX": -0.228515625, "IYXI": -0.021484375, "IYIX": 0.01171875, "IIXX": -0.455078125, "ZZXX": -0.34765625, "ZZXI": 0.00390625, "ZZIX": 0.01953125, "ZIXX": -0.376953125, "IZXX": -0.302734375, "IZIX": 0.009765625, "YZZY": -0.04296875, "YZZI": 0.021484375, "YZIY": 0.04296875, "YZII": 0.037109375, "YIZY": -0.0390625, "IZZY": 0.044921875, "IZZI": -0.046875, "IIZY": 0.041015625, "YZYZ": -0.04296875, "YZYI": -0.05859375, "YZIZ": 0.013671875, "YIYZ": -0.015625, "YIYI": -0.015625, "IZYZ": -0.001953125, "XXYY": -0.1328125, "XXYI": -0.0078125, "XXIY": -0.0390625, "XXII": -0.3046875, "XIYY": -0.056640625, "XIYI": 0.021484375, "XIIY": -0.041015625, "IXYY": 0.095703125, "IXYI": -0.009765625, "XYXY": 0.09375, "XYXI": 0.05078125, "XYIY": -0.0546875, "XYII": -0.18359375, "XIXY": 0.041015625, "IYXY": -0.341796875, "IYIY": -0.005859375, "YXYX": 0.12890625, "YXYI": -0.013671875, "YXIX": 0.001953125, "YIYX": -0.130859375, "IXYX": -0.091796875, "IIYX": -0.62890625, "XXZZ": -0.28515625, "XXZI": 0.005859375, "XXIZ": -0.041015625, "XIZZ": -0.05078125, "XIZI": 0.001953125, "IXZZ": 0.1171875, "XYYX": 0.087890625, "XYYI": 0.013671875, "XYIX": 0.009765625, "XIYX": 0.060546875, "XIIX": 0.021484375, "IYYX": -0.2890625, "ZYZY": 0.01953125, "ZYZI": 0.0390625, "ZYIY": 0.068359375, "ZIZY": -0.013671875, "IYZY": 0.03125, "XZZX": 0.0625, "XZZI": 0.025390625, "XZIX": 0.025390625, "XIZX": 0.0859375, "IZZX": 0.0, "YYYY": 0.154296875, "YYYI": 0.021484375, "YYIY": -0.01171875, "YIYY": 0.060546875, "IYYY": 0.244140625, "XXXX": 0.140625, "XXXI": 0.013671875, "XXIX": -0.01953125, "XIXX": 0.0703125, "IXXX": -0.068359375, "ZZZZ": 0.6640625, "ZZZI": -0.0859375, "ZZIZ": -0.080078125, "ZIZZ": 0.71875, "IZZZ": 0.638671875}