{"YYZZ": 0.314453125, "YYZI": 0.00390625, "YYIZ": 0.0234375, "YYII": 0.373046875, "YIZZ": 0.185546875, "YIZI": 0.0, "YIIZ": 0.01171875, "YIII": 0.212890625, "IYZZ": 0.37890625, "IYZI": -0.005859375, "IYIZ": -0.013671875, "IYII": 0.47265625, "IIZZ": 0.8203125, "IIZI": 0.013671875, "IIIZ": 0.021484375, "IIII": 1.0, "ZZYY": 0.310546875, "ZZYI": -0.025390625, "ZZIY": 0.04296875, "ZZII": 0.76953125, "ZIYY": 0.37890625, "ZIYI": -0.03515625, "ZIIY": 0.044921875, "ZIII": 0.849609375, "IZYY": 0.30078125, "IZYI": -0.05078125, "IZIY": 0.048828125, "IZII": 0.705078125, "IIYY": 0.427734375, "IIYI": 0.013671875, "IIIY": 0.078125, "YXXY": 0.10546875, "YXXI": 0.00390625, "YXIY": -0.01171875, "YXII": -0.16796875, "YIXY": -0.17578125, "YIXI": 0.01171875, "YIIY": 0.00390625, "IXXY": -0.1171875, "IXXI": 0.01171875, "IXIY": -0.0390625, "IXII": 0.12890625, "IIXY": -0.66015625, "IIXI": -0.0234375, "ZXXZ": 0.06640625, "ZXXI": -0.021484375, "ZXIZ": 0.087890625, "ZXII": 0.15625, "ZIXZ": 0.015625, "ZIXI": -0.017578125, "ZIIZ": 0.017578125, "IXXZ": 0.02734375, "IXIZ": 0.052734375, "IIXZ": -0.0078125, "ZXZX": -0.013671875, "ZXZI": 0.0, "ZXIX": -0.001953125, "ZIZX": 0.03125, "ZIZI": -0.001953125, "ZIIX": -0.00390625, "IXZX": -0.03125, "IXZI": -0.009765625, "IXIX": -0.01953125, "IIZX": 0.025390625, "IIIX": 0.013671875, "XZXZ": -0.046875, "XZXI": 0.017578125, "XZIZ": 0.04296875, "XZII": 0.029296875, "XIXZ": -0.025390625, "XIXI": 0.0390625, "XIIZ": 0.044921875, "XIII": -0.1484375, "IZXZ": -0.05859375, "IZXI": 0.009765625, "IZIZ": -0.01953125, "ZYYZ": -0.01953125, "ZYYI": -0.046875, "ZYIZ": -0.03515625, "ZYII": 0.45703125, "ZIYZ": 0.015625, "IYYZ": -0.0234375, "IYYI": -0.04296875, "IIYZ": 0.01171875, "YYXX": -0.12890625, "YYXI": -0.005859375, "YYIX": 0.02734375, "YIXX": -0.037109375, "YIIX": -0.017578125, "IYXX": -0.20703125, "IYXI": -0.013671875, "IYIX": 0.03515625, "IIXX": -0.404296875, "ZZXX": -0.34375, "ZZXI": -0.03125, "ZZIX": 0.0703125, "ZIXX": -0.376953125, "IZXX": -0.287109375, "IZIX": 0.064453125, "YZZY": -0.0390625, "YZZI": 0.009765625, "YZIY": 0.03515625, "YZII": 0.076171875, "YIZY": 0.01171875, "IZZY": -0.044921875, "IZZI": -0.01171875, "IIZY": 0.021484375, "YZYZ": -0.0078125, "YZYI": 0.013671875, "YZIZ": -0.001953125, "YIYZ": -0.01953125, "YIYI": 0.013671875, "IZYZ": 0.04296875, "XXYY": -0.130859375, "XXYI": 0.072265625, "XXIY": 0.001953125, "XXII": -0.333984375, "XIYY": -0.044921875, "XIYI": 0.029296875, "XIIY": 0.005859375, "IXYY": 0.06640625, "IXYI": -0.04296875, "XYXY": 0.08984375, "XYXI": 0.005859375, "XYIY": 0.037109375, "XYII": -0.10546875, "XIXY": 0.0390625, "IYXY": -0.3046875, "IYIY": -0.001953125, "YXYX": 0.099609375, "YXYI": 0.03515625, "YXIX": -0.064453125, "YIYX": -0.140625, "IXYX": -0.0703125, "IIYX": -0.681640625, "XXZZ": -0.232421875, "XXZI": 0.02734375, "XXIZ": 0.015625, "XIZZ": -0.08984375, "XIZI": -0.041015625, "IXZZ": 0.119140625, "XYYX": 0.119140625, "XYYI": 0.00390625, "XYIX": -0.00390625, "XIYX": 0.10546875, "XIIX": -0.017578125, "IYYX": -0.298828125, "ZYZY": 0.072265625, "ZYZI": -0.03125, "ZYIY": -0.029296875, "ZIZY": 0.0078125, "IYZY": 0.046875, "XZZX": 0.056640625, "XZZI": 0.001953125, "XZIX": 0.015625, "XIZX": 0.03125, "IZZX": 0.00390625, "YYYY": 0.162109375, "YYYI": -0.00390625, "YYIY": -0.03125, "YIYY": 0.056640625, "IYYY": 0.19140625, "XXXX": 0.185546875, "XXXI": -0.068359375, "XXIX": -0.00390625, "XIXX": 0.029296875, "IXXX": -0.087890625, "ZZZZ": 0.6171875, "ZZZI": -0.037109375, "ZZIZ": 0.0234375, "ZIZZ": 0.669921875, "IZZZ": 0.56640625}