{"YYZZ": 0.306640625, "YYZI": -0.0078125, "YYIZ": 0.0078125, "YYII": 0.384765625, "YIZZ": 0.158203125, "YIZI": -0.0078125, "YIIZ": -0.015625, "YIII": 0.212890625, "IYZZ": 0.41015625, "IYZI": -0.041015625, "IYIZ": -0.056640625, "IYII": 0.48828125, "IIZZ": 0.8125, "IIZI": -0.037109375, "IIIZ": -0.021484375, "IIII": 1.0, "ZZYY": 0.388671875, "ZZYI": -0.02734375, "ZZIY": -0.021484375, "ZZII": 0.75390625, "ZIYY": 0.390625, "ZIYI": -0.029296875, "ZIIY": -0.0390625, "ZIII": 0.841796875, "IZYY": 0.3515625, "IZYI": -0.041015625, "IZIY": -0.04296875, "IZII": 0.693359375, "IIYY": 0.486328125, "IIYI": -0.02734375, "IIIY": -0.005859375, "YXXY": 0.041015625, "YXXI": -0.0234375, "YXIY": 0.041015625, "YXII": -0.1328125, "YIXY": -0.1640625, "YIXI": -0.009765625, "YIIY": 0.046875, "IXXY": -0.1328125, "IXXI": -0.001953125, "IXIY": 0.015625, "IXII": 0.185546875, "IIXY": -0.693359375, "IIXI": 0.0078125, "ZXXZ": -0.044921875, "ZXXI": 0.013671875, "ZXIZ": -0.044921875, "ZXII": 0.060546875, "ZIXZ": -0.017578125, "ZIXI": 0.072265625, "ZIIZ": -0.009765625, "IXXZ": -0.01953125, "IXIZ": -0.05859375, "IIXZ": 0.0078125, "ZXZX": 0.0078125, "ZXZI": 0.033203125, "ZXIX": -0.009765625, "ZIZX": 0.05078125, "ZIZI": -0.072265625, "ZIIX": 0.025390625, "IXZX": 0.00390625, "IXZI": 0.048828125, "IXIX": -0.021484375, "IIZX": 0.01171875, "IIIX": 0.056640625, "XZXZ": -0.01171875, "XZXI": -0.009765625, "XZIZ": 0.029296875, "XZII": 0.015625, "XIXZ": 0.013671875, "XIXI": -0.01171875, "XIIZ": 0.04296875, "XIII": -0.099609375, "IZXZ": 0.064453125, "IZXI": 0.03125, "IZIZ": -0.03125, "ZYYZ": 0.029296875, "ZYYI": -0.041015625, "ZYIZ": 0.07421875, "ZYII": 0.3984375, "ZIYZ": 0.0625, "IYYZ": 0.04296875, "IYYI": 0.00390625, "IIYZ": 0.052734375, "YYXX": -0.177734375, "YYXI": -0.009765625, "YYIX": -0.001953125, "YIXX": -0.134765625, "YIIX": -0.021484375, "IYXX": -0.2109375, "IYXI": 0.01953125, "IYIX": -0.03515625, "IIXX": -0.41015625, "ZZXX": -0.380859375, "ZZXI": -0.03515625, "ZZIX": 0.03125, "ZIXX": -0.392578125, "IZXX": -0.34765625, "IZIX": 0.029296875, "YZZY": -0.033203125, "YZZI": 0.01171875, "YZIY": -0.013671875, "YZII": 0.03515625, "YIZY": -0.01171875, "IZZY": 0.00390625, "IZZI": -0.044921875, "IIZY": -0.052734375, "YZYZ": 0.001953125, "YZYI": 0.015625, "YZIZ": -0.05859375, "YIYZ": -0.025390625, "YIYI": -0.0078125, "IZYZ": 0.05859375, "XXYY": -0.12109375, "XXYI": -0.037109375, "XXIY": -0.0546875, "XXII": -0.294921875, "XIYY": -0.072265625, "XIYI": 0.0234375, "XIIY": -0.029296875, "IXYY": 0.15234375, "IXYI": 0.037109375, "XYXY": 0.11328125, "XYXI": -0.01953125, "XYIY": 0.013671875, "XYII": -0.154296875, "XIXY": 0.083984375, "IYXY": -0.32421875, "IYIY": 0.048828125, "YXYX": 0.103515625, "YXYI": 0.005859375, "YXIX": -0.03515625, "YIYX": -0.169921875, "IXYX": -0.115234375, "IIYX": -0.673828125, "XXZZ": -0.302734375, "XXZI": -0.05078125, "XXIZ": -0.08203125, "XIZZ": -0.072265625, "XIZI": -0.0078125, "IXZZ": 0.13671875, "XYYX": 0.111328125, "XYYI": -0.009765625, "XYIX": -0.01171875, "XIYX": 0.083984375, "XIIX": 0.015625, "IYYX": -0.267578125, "ZYZY": 0.0, "ZYZI": -0.01953125, "ZYIY": 0.048828125, "ZIZY": 0.0, "IYZY": 0.029296875, "XZZX": -0.013671875, "XZZI": 0.0, "XZIX": -0.025390625, "XIZX": 0.01171875, "IZZX": 0.01953125, "YYYY": 0.15625, "YYYI": 0.0234375, "YYIY": 0.01171875, "YIYY": 0.078125, "IYYY": 0.1796875, "XXXX": 0.14453125, "XXXI": 0.046875, "XXIX": 0.001953125, "XIXX": 0.02734375, "IXXX": -0.099609375, "ZZZZ": 0.66015625, "ZZZI": -0.03515625, "ZZIZ": -0.037109375, "ZIZZ": 0.724609375, "IZZZ": 0.6015625}