{"YYZZ": 0.310546875, "YYZI": -0.029296875, "YYIZ": -0.046875, "YYII": 0.3984375, "YIZZ": 0.1953125, "YIZI": -0.02734375, "YIIZ": -0.072265625, "YIII": 0.232421875, "IYZZ": 0.3515625, "IYZI": 0.0234375, "IYIZ": 0.025390625, "IYII": 0.435546875, "IIZZ": 0.802734375, "IIZI": -0.033203125, "IIIZ": -0.01953125, "IIII": 1.0, "ZZYY": 0.3359375, "ZZYI": 0.029296875, "ZZIY": 0.072265625, "ZZII": 0.78515625, "ZIYY": 0.37109375, "ZIYI": 0.025390625, "ZIIY": 0.072265625, "ZIII": 0.87109375, "IZYY": 0.31640625, "IZYI": 0.037109375, "IZIY": 0.076171875, "IZII": 0.75390625, "IIYY": 0.42578125, "IIYI": 0.037109375, "IIIY": 0.072265625, "YXXY": 0.126953125, "YXXI": 0.0, "YXIY": 0.01953125, "YXII": -0.150390625, "YIXY": -0.125, "YIXI": 0.033203125, "YIIY": -0.041015625, "IXXY": -0.091796875, "IXXI": 0.01171875, "IXIY": 0.0078125, "IXII": 0.138671875, "IIXY": -0.64453125, "IIXI": 0.025390625, "ZXXZ": 0.005859375, "ZXXI": 0.00390625, "ZXIZ": -0.02734375, "ZXII": 0.158203125, "ZIXZ": -0.01171875, "ZIXI": 0.044921875, "ZIIZ": -0.068359375, "IXXZ": -0.005859375, "IXIZ": -0.03515625, "IIXZ": 0.01171875, "ZXZX": 0.001953125, "ZXZI": -0.0234375, "ZXIX": 0.01953125, "ZIZX": -0.013671875, "ZIZI": -0.0390625, "ZIIX": 0.01953125, "IXZX": 0.03125, "IXZI": -0.021484375, "IXIX": 0.041015625, "IIZX": 0.00390625, "IIIX": 0.029296875, "XZXZ": -0.015625, "XZXI": 0.005859375, "XZIZ": 0.044921875, "XZII": -0.01953125, "XIXZ": -0.02734375, "XIXI": 0.041015625, "XIIZ": 0.056640625, "XIII": -0.1171875, "IZXZ": -0.0625, "IZXI": -0.001953125, "IZIZ": 0.029296875, "ZYYZ": 0.029296875, "ZYYI": -0.02734375, "ZYIZ": 0.037109375, "ZYII": 0.43359375, "ZIYZ": -0.037109375, "IYYZ": 0.013671875, "IYYI": -0.0078125, "IIYZ": -0.037109375, "YYXX": -0.189453125, "YYXI": 0.03515625, "YYIX": 0.015625, "YIXX": -0.15234375, "YIIX": -0.052734375, "IYXX": -0.205078125, "IYXI": 0.03125, "IYIX": -0.05078125, "IIXX": -0.4375, "ZZXX": -0.33203125, "ZZXI": -0.03125, "ZZIX": 0.046875, "ZIXX": -0.40625, "IZXX": -0.33203125, "IZIX": 0.0625, "YZZY": -0.033203125, "YZZI": -0.009765625, "YZIY": 0.0, "YZII": 0.01171875, "YIZY": -0.01953125, "IZZY": -0.03125, "IZZI": -0.0625, "IIZY": -0.017578125, "YZYZ": 0.01171875, "YZYI": -0.03125, "YZIZ": 0.0234375, "YIYZ": -0.037109375, "YIYI": -0.009765625, "IZYZ": 0.033203125, "XXYY": -0.146484375, "XXYI": 0.033203125, "XXIY": 0.013671875, "XXII": -0.384765625, "XIYY": -0.03125, "XIYI": 0.0546875, "XIIY": 0.03515625, "IXYY": 0.025390625, "IXYI": -0.017578125, "XYXY": 0.10546875, "XYXI": 0.013671875, "XYIY": -0.03515625, "XYII": -0.162109375, "XIXY": 0.0625, "IYXY": -0.357421875, "IYIY": 0.072265625, "YXYX": 0.078125, "YXYI": -0.0234375, "YXIX": 0.0234375, "YIYX": -0.15234375, "IXYX": -0.1171875, "IIYX": -0.625, "XXZZ": -0.240234375, "XXZI": -0.052734375, "XXIZ": -0.080078125, "XIZZ": -0.0859375, "XIZI": -0.01171875, "IXZZ": 0.193359375, "XYYX": 0.11328125, "XYYI": 0.0390625, "XYIX": -0.01953125, "XIYX": 0.064453125, "XIIX": 0.037109375, "IYYX": -0.357421875, "ZYZY": -0.00390625, "ZYZI": -0.021484375, "ZYIY": 0.013671875, "ZIZY": -0.009765625, "IYZY": -0.001953125, "XZZX": 0.03125, "XZZI": -0.001953125, "XZIX": 0.009765625, "XIZX": 0.015625, "IZZX": 0.01171875, "YYYY": 0.1484375, "YYYI": 0.013671875, "YYIY": 0.0390625, "YIYY": 0.0859375, "IYYY": 0.177734375, "XXXX": 0.10546875, "XXXI": 0.0234375, "XXIX": -0.109375, "XIXX": 0.052734375, "IXXX": -0.076171875, "ZZZZ": 0.609375, "ZZZI": -0.041015625, "ZZIZ": -0.044921875, "ZIZZ": 0.705078125, "IZZZ": 0.572265625}