{"YYZZ": 0.29296875, "YYZI": 0.05078125, "YYIZ": 0.05078125, "YYII": 0.3671875, "YIZZ": 0.21484375, "YIZI": 0.05078125, "YIIZ": 0.07421875, "YIII": 0.2578125, "IYZZ": 0.39453125, "IYZI": 0.01953125, "IYIZ": 0.04296875, "IYII": 0.484375, "IIZZ": 0.80859375, "IIZI": 0.00390625, "IIIZ": 0.02734375, "IIII": 1.0, "ZZYY": 0.373046875, "ZZYI": -0.044921875, "ZZIY": -0.0234375, "ZZII": 0.7890625, "ZIYY": 0.388671875, "ZIYI": -0.025390625, "ZIIY": 0.01171875, "ZIII": 0.859375, "IZYY": 0.326171875, "IZYI": -0.029296875, "IZIY": -0.00390625, "IZII": 0.72265625, "IIYY": 0.470703125, "IIYI": -0.021484375, "IIIY": 0.00390625, "YXXY": 0.08984375, "YXXI": -0.00390625, "YXIY": -0.04296875, "YXII": -0.078125, "YIXY": -0.166015625, "YIXI": -0.041015625, "YIIY": 0.025390625, "IXXY": -0.060546875, "IXXI": -0.041015625, "IXIY": 0.025390625, "IXII": 0.095703125, "IIXY": -0.66015625, "IIXI": -0.015625, "ZXXZ": -0.015625, "ZXXI": 0.01171875, "ZXIZ": -0.00390625, "ZXII": 0.07421875, "ZIXZ": -0.005859375, "ZIXI": 0.037109375, "ZIIZ": 0.068359375, "IXXZ": -0.021484375, "IXIZ": 0.021484375, "IIXZ": -0.015625, "ZXZX": -0.015625, "ZXZI": -0.005859375, "ZXIX": 0.046875, "ZIZX": 0.033203125, "ZIZI": -0.03515625, "ZIIX": 0.048828125, "IXZX": -0.00390625, "IXZI": 0.001953125, "IXIX": 0.03515625, "IIZX": 0.056640625, "IIIX": 0.064453125, "XZXZ": -0.046875, "XZXI": -0.015625, "XZIZ": -0.0546875, "XZII": 0.05078125, "XIXZ": -0.033203125, "XIXI": -0.033203125, "XIIZ": -0.076171875, "XIII": -0.080078125, "IZXZ": -0.029296875, "IZXI": -0.009765625, "IZIZ": 0.001953125, "ZYYZ": 0.017578125, "ZYYI": 0.03125, "ZYIZ": 0.013671875, "ZYII": 0.375, "ZIYZ": -0.037109375, "IYYZ": 0.029296875, "IYYI": 0.04296875, "IIYZ": -0.013671875, "YYXX": -0.1796875, "YYXI": 0.01953125, "YYIX": -0.06640625, "YIXX": -0.083984375, "YIIX": 0.001953125, "IYXX": -0.212890625, "IYXI": 0.029296875, "IYIX": 0.009765625, "IIXX": -0.421875, "ZZXX": -0.330078125, "ZZXI": 0.037109375, "ZZIX": 0.037109375, "ZIXX": -0.388671875, "IZXX": -0.328125, "IZIX": 0.02734375, "YZZY": 0.005859375, "YZZI": -0.029296875, "YZIY": -0.009765625, "YZII": 0.068359375, "YIZY": -0.044921875, "IZZY": 0.015625, "IZZI": -0.08984375, "IIZY": -0.0078125, "YZYZ": 0.001953125, "YZYI": 0.01953125, "YZIZ": -0.046875, "YIYZ": -0.0078125, "YIYI": 0.041015625, "IZYZ": -0.029296875, "XXYY": -0.119140625, "XXYI": -0.001953125, "XXIY": -0.013671875, "XXII": -0.251953125, "XIYY": -0.015625, "XIYI": -0.03125, "XIIY": 0.02734375, "IXYY": 0.087890625, "IXYI": -0.017578125, "XYXY": 0.083984375, "XYXI": 0.005859375, "XYIY": -0.068359375, "XYII": -0.146484375, "XIXY": -0.0078125, "IYXY": -0.333984375, "IYIY": 0.041015625, "YXYX": 0.107421875, "YXYI": -0.025390625, "YXIX": 0.025390625, "YIYX": -0.150390625, "IXYX": -0.13671875, "IIYX": -0.73046875, "XXZZ": -0.279296875, "XXZI": 0.029296875, "XXIZ": 0.02734375, "XIZZ": -0.087890625, "XIZI": 0.001953125, "IXZZ": 0.115234375, "XYYX": 0.080078125, "XYYI": -0.013671875, "XYIX": 0.017578125, "XIYX": 0.048828125, "XIIX": -0.001953125, "IYYX": -0.3125, "ZYZY": -0.0234375, "ZYZI": 0.005859375, "ZYIY": 0.017578125, "ZIZY": 0.005859375, "IYZY": -0.041015625, "XZZX": 0.0234375, "XZZI": 0.025390625, "XZIX": 0.060546875, "XIZX": -0.01171875, "IZZX": 0.0234375, "YYYY": 0.193359375, "YYYI": 0.03515625, "YYIY": 0.005859375, "YIYY": 0.107421875, "IYYY": 0.244140625, "XXXX": 0.140625, "XXXI": -0.029296875, "XXIX": 0.03125, "XIXX": 0.037109375, "IXXX": -0.078125, "ZZZZ": 0.58203125, "ZZZI": -0.037109375, "ZZIZ": -0.04296875, "ZIZZ": 0.638671875, "IZZZ": 0.54296875}