{"YYZZ": 0.3671875, "YYZI": 0.044921875, "YYIZ": 0.05078125, "YYII": 0.416015625, "YIZZ": 0.21875, "YIZI": -0.005859375, "YIIZ": 0.015625, "YIII": 0.244140625, "IYZZ": 0.396484375, "IYZI": 0.0, "IYIZ": 0.033203125, "IYII": 0.48046875, "IIZZ": 0.837890625, "IIZI": 0.0078125, "IIIZ": 0.033203125, "IIII": 1.0, "ZZYY": 0.38671875, "ZZYI": 0.01953125, "ZZIY": 0.037109375, "ZZII": 0.775390625, "ZIYY": 0.408203125, "ZIYI": 0.025390625, "ZIIY": 0.00390625, "ZIII": 0.859375, "IZYY": 0.36328125, "IZYI": 0.03125, "IZIY": 0.029296875, "IZII": 0.716796875, "IIYY": 0.482421875, "IIYI": 0.041015625, "IIIY": 0.0390625, "YXXY": 0.138671875, "YXXI": -0.001953125, "YXIY": 0.033203125, "YXII": -0.177734375, "YIXY": -0.16796875, "YIXI": 0.01953125, "YIIY": -0.03515625, "IXXY": -0.107421875, "IXXI": -0.072265625, "IXIY": 0.080078125, "IXII": 0.146484375, "IIXY": -0.7265625, "IIXI": -0.01953125, "ZXXZ": 0.00390625, "ZXXI": -0.060546875, "ZXIZ": 0.01953125, "ZXII": 0.130859375, "ZIXZ": 0.03515625, "ZIXI": 0.017578125, "ZIIZ": 0.0, "IXXZ": 0.021484375, "IXIZ": 0.033203125, "IIXZ": 0.017578125, "ZXZX": 0.033203125, "ZXZI": 0.0, "ZXIX": 0.0234375, "ZIZX": 0.044921875, "ZIZI": -0.02734375, "ZIIX": 0.046875, "IXZX": 0.0078125, "IXZI": -0.021484375, "IXIX": 0.041015625, "IIZX": 0.01953125, "IIIX": 0.056640625, "XZXZ": -0.103515625, "XZXI": 0.046875, "XZIZ": 0.005859375, "XZII": 0.046875, "XIXZ": -0.1171875, "XIXI": 0.009765625, "XIIZ": -0.046875, "XIII": -0.099609375, "IZXZ": 0.03125, "IZXI": -0.001953125, "IZIZ": 0.02734375, "ZYYZ": -0.005859375, "ZYYI": -0.0234375, "ZYIZ": 0.046875, "ZYII": 0.373046875, "ZIYZ": 0.00390625, "IYYZ": -0.001953125, "IYYI": 0.0, "IIYZ": -0.01171875, "YYXX": -0.20703125, "YYXI": 0.01953125, "YYIX": 0.005859375, "YIXX": -0.052734375, "YIIX": -0.0390625, "IYXX": -0.125, "IYXI": 0.046875, "IYIX": -0.001953125, "IIXX": -0.400390625, "ZZXX": -0.359375, "ZZXI": 0.017578125, "ZZIX": -0.0078125, "ZIXX": -0.38671875, "IZXX": -0.318359375, "IZIX": 0.013671875, "YZZY": -0.021484375, "YZZI": -0.052734375, "YZIY": 0.044921875, "YZII": 0.056640625, "YIZY": -0.044921875, "IZZY": 0.05859375, "IZZI": -0.06640625, "IIZY": -0.015625, "YZYZ": -0.041015625, "YZYI": -0.0234375, "YZIZ": 0.037109375, "YIYZ": -0.03515625, "YIYI": -0.005859375, "IZYZ": -0.05859375, "XXYY": -0.123046875, "XXYI": 0.025390625, "XXIY": -0.001953125, "XXII": -0.283203125, "XIYY": 0.009765625, "XIYI": -0.021484375, "XIIY": 0.005859375, "IXYY": 0.0625, "IXYI": 0.046875, "XYXY": 0.08984375, "XYXI": 0.0234375, "XYIY": 0.013671875, "XYII": -0.142578125, "XIXY": 0.056640625, "IYXY": -0.26171875, "IYIY": -0.025390625, "YXYX": 0.095703125, "YXYI": -0.056640625, "YXIX": 0.0546875, "YIYX": -0.16796875, "IXYX": -0.08203125, "IIYX": -0.685546875, "XXZZ": -0.275390625, "XXZI": -0.013671875, "XXIZ": -0.01953125, "XIZZ": -0.095703125, "XIZI": 0.013671875, "IXZZ": 0.154296875, "XYYX": 0.109375, "XYYI": -0.046875, "XYIX": 0.00390625, "XIYX": 0.0859375, "XIIX": -0.0234375, "IYYX": -0.3203125, "ZYZY": 0.005859375, "ZYZI": -0.017578125, "ZYIY": 0.05078125, "ZIZY": -0.025390625, "IYZY": 0.005859375, "XZZX": 0.025390625, "XZZI": -0.03125, "XZIX": 0.025390625, "XIZX": 0.046875, "IZZX": 0.03125, "YYYY": 0.181640625, "YYYI": -0.033203125, "YYIY": -0.0390625, "YIYY": 0.076171875, "IYYY": 0.236328125, "XXXX": 0.154296875, "XXXI": 0.021484375, "XXIX": -0.025390625, "XIXX": 0.044921875, "IXXX": -0.078125, "ZZZZ": 0.62890625, "ZZZI": -0.0703125, "ZZIZ": -0.0546875, "ZIZZ": 0.677734375, "IZZZ": 0.568359375}