{"ZZYY": 0.447265625, "ZZYI": -0.083984375, "ZZIY": -0.109375, "ZZII": 0.81640625, "ZIYY": 0.486328125, "ZIYI": -0.052734375, "ZIIY": -0.09375, "ZIII": 0.88671875, "IZYY": 0.388671875, "IZYI": -0.080078125, "IZIY": -0.109375, "IZII": 0.71484375, "IIYY": 0.541015625, "IIYI": -0.068359375, "IIIY": -0.08984375, "IIII": 1.0, "ZZXX": -0.44140625, "ZZXI": 0.03125, "ZZIX": -0.033203125, "ZIXX": -0.4453125, "ZIXI": 0.015625, "ZIIX": -0.041015625, "IZXX": -0.384765625, "IZXI": 0.029296875, "IZIX": -0.0390625, "IIXX": -0.517578125, "IIXI": 0.025390625, "IIIX": -0.05078125, "XXYY": -0.166015625, "XXYI": 0.05859375, "XXIY": 0.033203125, "XXII": -0.3515625, "XIYY": -0.037109375, "XIYI": -0.05859375, "XIIY": -0.017578125, "XIII": -0.15625, "IXYY": 0.017578125, "IXYI": 0.03515625, "IXIY": 0.013671875, "IXII": 0.109375, "YYZZ": 0.373046875, "YYZI": 0.00390625, "YYIZ": 0.00390625, "YYII": 0.373046875, "YIZZ": 0.150390625, "YIZI": -0.015625, "YIIZ": -0.015625, "YIII": 0.150390625, "IYZZ": 0.48828125, "IYZI": -0.005859375, "IYIZ": -0.005859375, "IYII": 0.48828125, "IIZZ": 1.0, "IIZI": -0.048828125, "IIIZ": -0.048828125, "XXZZ": -0.38671875, "XXZI": 0.025390625, "XXIZ": 0.025390625, "XIZZ": -0.146484375, "XIZI": -0.03515625, "XIIZ": -0.03515625, "IXZZ": 0.146484375, "IXZI": 0.02734375, "IXIZ": 0.02734375, "YYXX": -0.2109375, "YYXI": -0.03125, "YYIX": -0.005859375, "YIXX": -0.0859375, "YIXI": -0.03125, "YIIX": 0.001953125, "IYXX": -0.306640625, "IYXI": -0.005859375, "IYIX": 0.0, "ZZZZ": 0.87109375, "ZZZI": -0.072265625, "ZZIZ": -0.072265625, "ZIZZ": 0.87890625, "ZIZI": -0.056640625, "ZIIZ": -0.056640625, "IZZZ": 0.7734375, "IZZI": -0.076171875, "IZIZ": -0.076171875, "YYYY": 0.251953125, "YYYI": 0.02734375, "YYIY": 0.0, "YIYY": 0.09765625, "YIYI": 0.076171875, "YIIY": 0.029296875, "IYYY": 0.271484375, "IYYI": 0.04296875, "IYIY": 0.0234375, "XXXX": 0.205078125, "XXXI": 0.0, "XXIX": -0.017578125, "XIXX": 0.154296875, "XIXI": -0.01171875, "XIIX": 0.017578125, "IXXX": -0.126953125, "IXXI": 0.0, "IXIX": 0.001953125, "XYXY": 0.169921875, "YZYZ": -0.005859375, "ZXZX": -0.0234375, "YZZY": -0.015625, "ZYZY": -0.041015625, "XZXZ": -0.033203125, "ZYYZ": 0.03125, "XYYX": 0.166015625, "ZXXZ": -0.033203125, "XZZX": 0.0078125, "YXXY": 0.05859375, "YXYX": 0.111328125}