{"ZZYY": 0.505859375, "ZZYI": 0.0390625, "ZZIY": 0.021484375, "ZZII": 0.8671875, "ZIYY": 0.5, "ZIYI": 0.037109375, "ZIIY": 0.01953125, "ZIII": 0.876953125, "IZYY": 0.4296875, "IZYI": 0.041015625, "IZIY": 0.015625, "IZII": 0.744140625, "IIYY": 0.576171875, "IIYI": 0.03515625, "IIIY": 0.025390625, "IIII": 1.0, "ZZXX": -0.45703125, "ZZXI": -0.0078125, "ZZIX": -0.025390625, "ZIXX": -0.474609375, "ZIXI": 0.021484375, "ZIIX": -0.0078125, "IZXX": -0.41015625, "IZXI": 0.00390625, "IZIX": -0.021484375, "IIXX": -0.521484375, "IIXI": 0.017578125, "IIIX": -0.01171875, "XXYY": -0.287109375, "XXYI": -0.033203125, "XXIY": -0.0078125, "XXII": -0.4453125, "XIYY": -0.0625, "XIYI": -0.01171875, "XIIY": 0.009765625, "XIII": -0.130859375, "IXYY": 0.0859375, "IXYI": 0.0, "IXIY": -0.025390625, "IXII": 0.126953125, "YYZZ": 0.435546875, "YYZI": -0.0234375, "YYIZ": -0.0234375, "YYII": 0.435546875, "YIZZ": 0.1796875, "YIZI": -0.009765625, "YIIZ": -0.009765625, "YIII": 0.1796875, "IYZZ": 0.517578125, "IYZI": -0.0078125, "IYIZ": -0.0078125, "IYII": 0.517578125, "IIZZ": 1.0, "IIZI": -0.076171875, "IIIZ": -0.076171875, "XXZZ": -0.33984375, "XXZI": 0.056640625, "XXIZ": 0.056640625, "XIZZ": -0.107421875, "XIZI": -0.0078125, "XIIZ": -0.0078125, "IXZZ": 0.138671875, "IXZI": -0.01953125, "IXIZ": -0.01953125, "YYXX": -0.169921875, "YYXI": -0.015625, "YYIX": 0.03515625, "YIXX": -0.078125, "YIXI": -0.013671875, "YIIX": -0.001953125, "IYXX": -0.294921875, "IYXI": 0.0078125, "IYIX": 0.01171875, "ZZZZ": 0.861328125, "ZZZI": -0.0546875, "ZZIZ": -0.0546875, "ZIZZ": 0.8828125, "ZIZI": -0.052734375, "ZIIZ": -0.052734375, "IZZZ": 0.763671875, "IZZI": -0.06640625, "IZIZ": -0.06640625, "YYYY": 0.20703125, "YYYI": -0.04296875, "YYIY": -0.017578125, "YIYY": 0.046875, "YIYI": -0.02734375, "YIIY": -0.044921875, "IYYY": 0.255859375, "IYYI": -0.041015625, "IYIY": -0.03515625, "XXXX": 0.203125, "XXXI": -0.021484375, "XXIX": 0.05859375, "XIXX": 0.08984375, "XIXI": 0.048828125, "XIIX": 0.0078125, "IXXX": -0.083984375, "IXXI": -0.0234375, "IXIX": 0.029296875, "XYXY": 0.154296875, "YZYZ": 0.0390625, "ZXZX": 0.041015625, "YZZY": 0.0078125, "ZYZY": -0.0234375, "XZXZ": 0.005859375, "ZYYZ": -0.0078125, "XYYX": 0.205078125, "ZXXZ": 0.064453125, "XZZX": -0.046875, "YXXY": 0.095703125, "YXYX": 0.130859375}