{"ZZYY": 0.486328125, "ZZYI": 0.001953125, "ZZIY": -0.001953125, "ZZII": 0.857421875, "ZIYY": 0.50390625, "ZIYI": 0.03515625, "ZIIY": 0.02734375, "ZIII": 0.88671875, "IZYY": 0.431640625, "IZYI": 0.037109375, "IZIY": 0.017578125, "IZII": 0.771484375, "IIYY": 0.5703125, "IIYI": -0.00390625, "IIIY": 0.00390625, "IIII": 1.0, "ZZXX": -0.5078125, "ZZXI": 0.02734375, "ZZIX": 0.0234375, "ZIXX": -0.501953125, "ZIXI": 0.009765625, "ZIIX": 0.033203125, "IZXX": -0.416015625, "IZXI": 0.025390625, "IZIX": 0.013671875, "IIXX": -0.58984375, "IIXI": 0.0078125, "IIIX": 0.046875, "XXYY": -0.26171875, "XXYI": 0.00390625, "XXIY": -0.015625, "XXII": -0.40234375, "XIYY": -0.08984375, "XIYI": -0.01953125, "XIIY": 0.02734375, "XIII": -0.1484375, "IXYY": 0.09375, "IXYI": -0.0390625, "IXIY": -0.00390625, "IXII": 0.140625, "YYZZ": 0.3671875, "YYZI": 0.041015625, "YYIZ": 0.041015625, "YYII": 0.3671875, "YIZZ": 0.12890625, "YIZI": 0.013671875, "YIIZ": 0.013671875, "YIII": 0.12890625, "IYZZ": 0.46484375, "IYZI": -0.005859375, "IYIZ": -0.005859375, "IYII": 0.46484375, "IIZZ": 1.0, "IIZI": -0.095703125, "IIIZ": -0.095703125, "XXZZ": -0.412109375, "XXZI": 0.044921875, "XXIZ": 0.044921875, "XIZZ": -0.158203125, "XIZI": -0.005859375, "XIIZ": -0.005859375, "IXZZ": 0.2265625, "IXZI": -0.015625, "IXIZ": -0.015625, "YYXX": -0.22265625, "YYXI": -0.01171875, "YYIX": 0.013671875, "YIXX": -0.056640625, "YIXI": -0.013671875, "YIIX": -0.0234375, "IYXX": -0.23046875, "IYXI": -0.01171875, "IYIX": 0.009765625, "ZZZZ": 0.849609375, "ZZZI": -0.025390625, "ZZIZ": -0.025390625, "ZIZZ": 0.85546875, "ZIZI": -0.02734375, "ZIIZ": -0.02734375, "IZZZ": 0.720703125, "IZZI": -0.037109375, "IZIZ": -0.037109375, "YYYY": 0.291015625, "YYYI": 0.07421875, "YYIY": 0.056640625, "YIYY": 0.1015625, "YIYI": 0.052734375, "YIIY": 0.015625, "IYYY": 0.3046875, "IYYI": 0.033203125, "IYIY": -0.01171875, "XXXX": 0.2109375, "XXXI": 0.0, "XXIX": 0.005859375, "XIXX": 0.078125, "XIXI": 0.05859375, "XIIX": -0.052734375, "IXXX": -0.158203125, "IXXI": -0.037109375, "IXIX": 0.02734375, "XYXY": 0.1640625, "YZYZ": 0.01953125, "ZXZX": -0.015625, "YZZY": 0.02734375, "ZYZY": -0.0234375, "XZXZ": -0.048828125, "ZYYZ": 0.015625, "XYYX": 0.17578125, "ZXXZ": -0.05078125, "XZZX": -0.017578125, "YXXY": 0.142578125, "YXYX": 0.154296875}