{"ZZYY": 0.515625, "ZZYI": -0.013671875, "ZZIY": -0.017578125, "ZZII": 0.8671875, "ZIYY": 0.51171875, "ZIYI": -0.037109375, "ZIIY": -0.029296875, "ZIII": 0.875, "IZYY": 0.45703125, "IZYI": -0.044921875, "IZIY": -0.044921875, "IZII": 0.7578125, "IIYY": 0.578125, "IIYI": -0.005859375, "IIIY": 0.005859375, "IIII": 1.0, "ZZXX": -0.498046875, "ZZXI": -0.02734375, "ZZIX": -0.03125, "ZIXX": -0.5078125, "ZIXI": -0.021484375, "ZIIX": -0.025390625, "IZXX": -0.439453125, "IZXI": -0.0234375, "IZIX": -0.05078125, "IIXX": -0.578125, "IIXI": -0.013671875, "IIIX": -0.009765625, "XXYY": -0.203125, "XXYI": -0.00390625, "XXIY": -0.013671875, "XXII": -0.376953125, "XIYY": -0.10546875, "XIYI": 0.015625, "XIIY": 0.029296875, "XIII": -0.224609375, "IXYY": 0.072265625, "IXYI": 0.013671875, "IXIY": 0.0, "IXII": 0.15234375, "YYZZ": 0.40625, "YYZI": 0.025390625, "YYIZ": 0.025390625, "YYII": 0.40625, "YIZZ": 0.201171875, "YIZI": -0.02734375, "YIIZ": -0.02734375, "YIII": 0.201171875, "IYZZ": 0.509765625, "IYZI": 0.01953125, "IYIZ": 0.01953125, "IYII": 0.509765625, "IIZZ": 1.0, "IIZI": -0.041015625, "IIIZ": -0.041015625, "XXZZ": -0.32421875, "XXZI": 0.044921875, "XXIZ": 0.044921875, "XIZZ": -0.140625, "XIZI": 0.017578125, "XIIZ": 0.017578125, "IXZZ": 0.171875, "IXZI": 0.037109375, "IXIZ": 0.037109375, "YYXX": -0.216796875, "YYXI": -0.048828125, "YYIX": -0.01953125, "YIXX": -0.125, "YIXI": -0.0390625, "YIIX": 0.013671875, "IYXX": -0.328125, "IYXI": -0.02734375, "IYIX": 0.029296875, "ZZZZ": 0.869140625, "ZZZI": -0.056640625, "ZZIZ": -0.056640625, "ZIZZ": 0.900390625, "ZIZI": -0.091796875, "ZIIZ": -0.091796875, "IZZZ": 0.77734375, "IZZI": -0.08203125, "IZIZ": -0.08203125, "YYYY": 0.275390625, "YYYI": 0.03515625, "YYIY": 0.05078125, "YIYY": 0.115234375, "YIYI": 0.01171875, "YIIY": -0.0078125, "IYYY": 0.2421875, "IYYI": -0.033203125, "IYIY": 0.005859375, "XXXX": 0.205078125, "XXXI": -0.015625, "XXIX": -0.033203125, "XIXX": 0.09375, "XIXI": -0.021484375, "XIIX": 0.03515625, "IXXX": -0.07421875, "IXXI": 0.009765625, "IXIX": -0.015625, "XYXY": 0.185546875, "YZYZ": -0.03125, "ZXZX": 0.033203125, "YZZY": -0.033203125, "ZYZY": 0.0078125, "XZXZ": 0.013671875, "ZYYZ": -0.046875, "XYYX": 0.162109375, "ZXXZ": 0.017578125, "XZZX": 0.064453125, "YXXY": 0.15625, "YXYX": 0.1484375}