{"ZZYY": 0.5078125, "ZZYI": 0.005859375, "ZZIY": 0.005859375, "ZZII": 0.8359375, "ZIYY": 0.54296875, "ZIYI": -0.013671875, "ZIIY": -0.001953125, "ZIII": 0.8984375, "IZYY": 0.46484375, "IZYI": 0.017578125, "IZIY": 0.001953125, "IZII": 0.76171875, "IIYY": 0.59765625, "IIYI": -0.005859375, "IIIY": 0.005859375, "IIII": 1.0, "ZZXX": -0.4609375, "ZZXI": 0.044921875, "ZZIX": 0.0, "ZIXX": -0.47265625, "ZIXI": 0.041015625, "ZIIX": 0.015625, "IZXX": -0.412109375, "IZXI": 0.0546875, "IZIX": 0.013671875, "IIXX": -0.537109375, "IIXI": 0.0390625, "IIIX": 0.009765625, "XXYY": -0.212890625, "XXYI": -0.02734375, "XXIY": -0.009765625, "XXII": -0.3984375, "XIYY": -0.044921875, "XIYI": -0.03125, "XIIY": 0.017578125, "XIII": -0.17578125, "IXYY": 0.103515625, "IXYI": 0.03125, "IXIY": 0.021484375, "IXII": 0.171875, "YYZZ": 0.447265625, "YYZI": -0.03125, "YYIZ": -0.03125, "YYII": 0.447265625, "YIZZ": 0.189453125, "YIZI": 0.0078125, "YIIZ": 0.0078125, "YIII": 0.189453125, "IYZZ": 0.48828125, "IYZI": 0.013671875, "IYIZ": 0.013671875, "IYII": 0.48828125, "IIZZ": 1.0, "IIZI": -0.060546875, "IIIZ": -0.060546875, "XXZZ": -0.375, "XXZI": -0.03125, "XXIZ": -0.03125, "XIZZ": -0.12109375, "XIZI": -0.06640625, "XIIZ": -0.06640625, "IXZZ": 0.22265625, "IXZI": 0.046875, "IXIZ": 0.046875, "YYXX": -0.267578125, "YYXI": 0.037109375, "YYIX": -0.03515625, "YIXX": -0.103515625, "YIXI": 0.005859375, "YIIX": -0.01171875, "IYXX": -0.298828125, "IYXI": -0.001953125, "IYIX": -0.00390625, "ZZZZ": 0.8515625, "ZZZI": -0.060546875, "ZZIZ": -0.060546875, "ZIZZ": 0.8671875, "ZIZI": -0.060546875, "ZIIZ": -0.060546875, "IZZZ": 0.7421875, "IZZI": -0.083984375, "IZIZ": -0.083984375, "YYYY": 0.228515625, "YYYI": -0.03515625, "YYIY": -0.017578125, "YIYY": 0.09765625, "YIYI": 0.009765625, "YIIY": 0.01953125, "IYYY": 0.3046875, "IYYI": 0.001953125, "IYIY": -0.03515625, "XXXX": 0.23828125, "XXXI": -0.015625, "XXIX": 0.005859375, "XIXX": 0.103515625, "XIXI": 0.005859375, "XIIX": -0.01953125, "IXXX": -0.15625, "IXXI": 0.0078125, "IXIX": -0.017578125, "XYXY": 0.1875, "YZYZ": -0.005859375, "ZXZX": -0.001953125, "YZZY": -0.037109375, "ZYZY": -0.072265625, "XZXZ": -0.041015625, "ZYYZ": -0.064453125, "XYYX": 0.171875, "ZXXZ": -0.013671875, "XZZX": 0.033203125, "YXXY": 0.177734375, "YXYX": 0.14453125}