{"ZZYY": 0.4921875, "ZZYI": 0.015625, "ZZIY": -0.017578125, "ZZII": 0.841796875, "ZIYY": 0.55078125, "ZIYI": 0.00390625, "ZIIY": 0.005859375, "ZIII": 0.888671875, "IZYY": 0.447265625, "IZYI": 0.021484375, "IZIY": -0.01171875, "IZII": 0.7421875, "IIYY": 0.607421875, "IIYI": -0.005859375, "IIIY": -0.00390625, "IIII": 1.0, "ZZXX": -0.501953125, "ZZXI": 0.021484375, "ZZIX": -0.025390625, "ZIXX": -0.501953125, "ZIXI": 0.033203125, "ZIIX": -0.037109375, "IZXX": -0.4375, "IZXI": 0.01953125, "IZIX": -0.0234375, "IIXX": -0.578125, "IIXI": 0.0234375, "IIIX": -0.01953125, "XXYY": -0.189453125, "XXYI": -0.005859375, "XXIY": 0.01953125, "XXII": -0.34375, "XIYY": -0.078125, "XIYI": -0.015625, "XIIY": -0.029296875, "XIII": -0.130859375, "IXYY": 0.0859375, "IXYI": -0.0078125, "IXIY": -0.021484375, "IXII": 0.173828125, "YYZZ": 0.39453125, "YYZI": 0.037109375, "YYIZ": 0.037109375, "YYII": 0.39453125, "YIZZ": 0.228515625, "YIZI": 0.03125, "YIIZ": 0.03125, "YIII": 0.228515625, "IYZZ": 0.509765625, "IYZI": 0.078125, "IYIZ": 0.078125, "IYII": 0.509765625, "IIZZ": 1.0, "IIZI": 0.009765625, "IIIZ": 0.009765625, "XXZZ": -0.3828125, "XXZI": 0.00390625, "XXIZ": 0.00390625, "XIZZ": -0.18359375, "XIZI": 0.0, "XIIZ": 0.0, "IXZZ": 0.1953125, "IXZI": 0.015625, "IXIZ": 0.015625, "YYXX": -0.19921875, "YYXI": -0.017578125, "YYIX": -0.029296875, "YIXX": -0.103515625, "YIXI": 0.03125, "YIIX": -0.01171875, "IYXX": -0.314453125, "IYXI": 0.00390625, "IYIX": -0.01171875, "ZZZZ": 0.845703125, "ZZZI": -0.0625, "ZZIZ": -0.0625, "ZIZZ": 0.875, "ZIZI": -0.041015625, "ZIIZ": -0.041015625, "IZZZ": 0.755859375, "IZZI": -0.0546875, "IZIZ": -0.0546875, "YYYY": 0.248046875, "YYYI": 0.005859375, "YYIY": -0.001953125, "YIYY": 0.078125, "YIYI": -0.04296875, "YIIY": -0.015625, "IYYY": 0.240234375, "IYYI": -0.037109375, "IYIY": -0.013671875, "XXXX": 0.23046875, "XXXI": -0.013671875, "XXIX": -0.021484375, "XIXX": 0.083984375, "XIXI": 0.0078125, "XIIX": 0.0, "IXXX": -0.060546875, "IXXI": 0.0, "IXIX": -0.01171875, "XYXY": 0.15234375, "YZYZ": 0.005859375, "ZXZX": -0.072265625, "YZZY": 0.0390625, "ZYZY": -0.005859375, "XZXZ": 0.02734375, "ZYYZ": 0.01953125, "XYYX": 0.171875, "ZXXZ": 0.037109375, "XZZX": 0.025390625, "YXXY": 0.1328125, "YXYX": 0.146484375}