{"ZZYY": 0.494140625, "ZZYI": 0.0078125, "ZZIY": 0.005859375, "ZZII": 0.828125, "ZIYY": 0.533203125, "ZIYI": 0.01953125, "ZIIY": 0.001953125, "ZIII": 0.890625, "IZYY": 0.458984375, "IZYI": -0.00390625, "IZIY": 0.001953125, "IZII": 0.74609375, "IIYY": 0.580078125, "IIYI": 0.01953125, "IIIY": 0.009765625, "IIII": 1.0, "ZZXX": -0.46875, "ZZXI": 0.00390625, "ZZIX": 0.01171875, "ZIXX": -0.5, "ZIXI": -0.00390625, "ZIIX": 0.0234375, "IZXX": -0.3828125, "IZXI": 0.015625, "IZIX": -0.00390625, "IIXX": -0.58203125, "IIXI": -0.01171875, "IIIX": 0.03515625, "XXYY": -0.173828125, "XXYI": -0.037109375, "XXIY": -0.013671875, "XXII": -0.380859375, "XIYY": -0.052734375, "XIYI": 0.041015625, "XIIY": 0.033203125, "XIII": -0.142578125, "IXYY": 0.125, "IXYI": 0.01171875, "IXIY": 0.01953125, "IXII": 0.16015625, "YYZZ": 0.40234375, "YYZI": 0.01953125, "YYIZ": 0.01953125, "YYII": 0.40234375, "YIZZ": 0.203125, "YIZI": 0.0234375, "YIIZ": 0.0234375, "YIII": 0.203125, "IYZZ": 0.5078125, "IYZI": 0.046875, "IYIZ": 0.046875, "IYII": 0.5078125, "IIZZ": 1.0, "IIZI": -0.0234375, "IIIZ": -0.0234375, "XXZZ": -0.412109375, "XXZI": 0.0078125, "XXIZ": 0.0078125, "XIZZ": -0.23046875, "XIZI": -0.041015625, "XIIZ": -0.041015625, "IXZZ": 0.185546875, "IXZI": -0.01953125, "IXIZ": -0.01953125, "YYXX": -0.2421875, "YYXI": -0.033203125, "YYIX": 0.037109375, "YIXX": -0.083984375, "YIXI": -0.00390625, "YIIX": 0.0078125, "IYXX": -0.236328125, "IYXI": -0.015625, "IYIX": 0.0234375, "ZZZZ": 0.880859375, "ZZZI": -0.009765625, "ZZIZ": -0.009765625, "ZIZZ": 0.888671875, "ZIZI": -0.048828125, "ZIIZ": -0.048828125, "IZZZ": 0.78515625, "IZZI": -0.05078125, "IZIZ": -0.05078125, "YYYY": 0.259765625, "YYYI": 0.005859375, "YYIY": -0.017578125, "YIYY": 0.09765625, "YIYI": 0.05078125, "YIIY": 0.0078125, "IYYY": 0.220703125, "IYYI": 0.021484375, "IYIY": -0.013671875, "XXXX": 0.22265625, "XXXI": -0.07421875, "XXIX": 0.041015625, "XIXX": 0.111328125, "XIXI": -0.013671875, "XIIX": 0.0546875, "IXXX": -0.0625, "IXXI": 0.03125, "IXIX": -0.041015625, "XYXY": 0.146484375, "YZYZ": 0.009765625, "ZXZX": -0.001953125, "YZZY": -0.03515625, "ZYZY": 0.009765625, "XZXZ": -0.0078125, "ZYYZ": -0.02734375, "XYYX": 0.208984375, "ZXXZ": -0.025390625, "XZZX": 0.0390625, "YXXY": 0.166015625, "YXYX": 0.1328125}