{"ZZYY": 0.427734375, "ZZYI": 0.044921875, "ZZIY": 0.05078125, "ZZII": 0.8671875, "ZIYY": 0.41796875, "ZIYI": 0.015625, "ZIIY": 0.056640625, "ZIII": 0.861328125, "IZYY": 0.36328125, "IZYI": 0.0390625, "IZIY": 0.064453125, "IZII": 0.744140625, "IIYY": 0.482421875, "IIYI": 0.013671875, "IIIY": 0.05078125, "IIII": 1.0, "ZZXX": -0.505859375, "ZZXI": 0.04296875, "ZZIX": -0.0078125, "ZIXX": -0.533203125, "ZIXI": 0.0703125, "ZIIX": -0.03125, "IZXX": -0.453125, "IZXI": 0.052734375, "IZIX": -0.001953125, "IIXX": -0.60546875, "IIXI": 0.048828125, "IIIX": -0.025390625, "XXYY": -0.19921875, "XXYI": -0.072265625, "XXIY": -0.068359375, "XXII": -0.3984375, "XIYY": -0.06640625, "XIYI": -0.033203125, "XIIY": 0.021484375, "XIII": -0.13671875, "IXYY": 0.1171875, "IXYI": -0.005859375, "IXIY": 0.001953125, "IXII": 0.109375, "YYZZ": 0.439453125, "YYZI": 0.0234375, "YYIZ": 0.0234375, "YYII": 0.439453125, "YIZZ": 0.197265625, "YIZI": 0.0078125, "YIIZ": 0.0078125, "YIII": 0.197265625, "IYZZ": 0.52734375, "IYZI": 0.005859375, "IYIZ": 0.005859375, "IYII": 0.52734375, "IIZZ": 1.0, "IIZI": -0.037109375, "IIIZ": -0.037109375, "XXZZ": -0.3515625, "XXZI": -0.001953125, "XXIZ": -0.001953125, "XIZZ": -0.140625, "XIZI": -0.005859375, "XIIZ": -0.005859375, "IXZZ": 0.1328125, "IXZI": -0.009765625, "IXIZ": -0.009765625, "YYXX": -0.228515625, "YYXI": -0.048828125, "YYIX": 0.07421875, "YIXX": -0.078125, "YIXI": -0.0625, "YIIX": 0.080078125, "IYXX": -0.3125, "IYXI": -0.05859375, "IYIX": 0.052734375, "ZZZZ": 0.876953125, "ZZZI": -0.033203125, "ZZIZ": -0.033203125, "ZIZZ": 0.900390625, "ZIZI": -0.033203125, "ZIIZ": -0.033203125, "IZZZ": 0.7890625, "IZZI": -0.05078125, "IZIZ": -0.05078125, "YYYY": 0.22265625, "YYYI": -0.037109375, "YYIY": -0.025390625, "YIYY": 0.06640625, "YIYI": -0.025390625, "YIIY": -0.021484375, "IYYY": 0.26953125, "IYYI": -0.037109375, "IYIY": -0.037109375, "XXXX": 0.173828125, "XXXI": -0.01171875, "XXIX": 0.029296875, "XIXX": 0.0703125, "XIXI": 0.013671875, "XIIX": -0.0625, "IXXX": -0.0234375, "IXXI": -0.025390625, "IXIX": 0.03125, "XYXY": 0.17578125, "YZYZ": 0.00390625, "ZXZX": 0.03125, "YZZY": -0.05859375, "ZYZY": -0.00390625, "XZXZ": -0.02734375, "ZYYZ": -0.01953125, "XYYX": 0.25390625, "ZXXZ": 0.1015625, "XZZX": -0.005859375, "YXXY": 0.109375, "YXYX": 0.12109375}