{"ZZYY": 0.4453125, "ZZYI": -0.009765625, "ZZIY": 0.013671875, "ZZII": 0.85546875, "ZIYY": 0.474609375, "ZIYI": -0.01171875, "ZIIY": 0.015625, "ZIII": 0.873046875, "IZYY": 0.400390625, "IZYI": 0.0, "IZIY": 0.00390625, "IZII": 0.744140625, "IIYY": 0.53515625, "IIYI": -0.021484375, "IIIY": 0.025390625, "IIII": 1.0, "ZZXX": -0.51171875, "ZZXI": 0.005859375, "ZZIX": 0.015625, "ZIXX": -0.49609375, "ZIXI": 0.017578125, "ZIIX": 0.0, "IZXX": -0.431640625, "IZXI": 0.00390625, "IZIX": 0.013671875, "IIXX": -0.583984375, "IIXI": 0.02734375, "IIIX": -0.013671875, "XXYY": -0.220703125, "XXYI": -0.0078125, "XXIY": 0.0, "XXII": -0.392578125, "XIYY": -0.083984375, "XIYI": 0.02734375, "XIIY": 0.01171875, "XIII": -0.107421875, "IXYY": 0.07421875, "IXYI": -0.044921875, "IXIY": -0.005859375, "IXII": 0.07421875, "YYZZ": 0.451171875, "YYZI": -0.025390625, "YYIZ": -0.025390625, "YYII": 0.451171875, "YIZZ": 0.201171875, "YIZI": 0.013671875, "YIIZ": 0.013671875, "YIII": 0.201171875, "IYZZ": 0.484375, "IYZI": 0.00390625, "IYIZ": 0.00390625, "IYII": 0.484375, "IIZZ": 1.0, "IIZI": -0.05859375, "IIIZ": -0.05859375, "XXZZ": -0.345703125, "XXZI": 0.037109375, "XXIZ": 0.037109375, "XIZZ": -0.1796875, "XIZI": -0.0234375, "XIIZ": -0.0234375, "IXZZ": 0.162109375, "IXZI": -0.009765625, "IXIZ": -0.009765625, "YYXX": -0.259765625, "YYXI": -0.056640625, "YYIX": 0.064453125, "YIXX": -0.134765625, "YIXI": -0.068359375, "YIIX": 0.107421875, "IYXX": -0.32421875, "IYXI": -0.0703125, "IYIX": 0.05078125, "ZZZZ": 0.85546875, "ZZZI": -0.10546875, "ZZIZ": -0.10546875, "ZIZZ": 0.888671875, "ZIZI": -0.099609375, "ZIIZ": -0.099609375, "IZZZ": 0.759765625, "IZZI": -0.111328125, "IZIZ": -0.111328125, "YYYY": 0.212890625, "YYYI": 0.0234375, "YYIY": 0.025390625, "YIYY": 0.083984375, "YIYI": -0.02734375, "YIIY": 0.013671875, "IYYY": 0.271484375, "IYYI": -0.015625, "IYIY": -0.025390625, "XXXX": 0.2578125, "XXXI": -0.01953125, "XXIX": -0.00390625, "XIXX": 0.12109375, "XIXI": -0.01953125, "XIIX": 0.01953125, "IXXX": -0.12890625, "IXXI": -0.00390625, "IXIX": 0.00390625, "XYXY": 0.12109375, "YZYZ": -0.0390625, "ZXZX": -0.021484375, "YZZY": -0.01953125, "ZYZY": 0.03125, "XZXZ": 0.01171875, "ZYYZ": -0.013671875, "XYYX": 0.125, "ZXXZ": -0.05078125, "XZZX": -0.0078125, "YXXY": 0.12890625, "YXYX": 0.14453125}