{"ZZYY": 0.41796875, "ZZYI": 0.009765625, "ZZIY": 0.0, "ZZII": 0.849609375, "ZIYY": 0.416015625, "ZIYI": 0.01953125, "ZIIY": -0.005859375, "ZIII": 0.86328125, "IZYY": 0.36328125, "IZYI": 0.001953125, "IZIY": -0.015625, "IZII": 0.740234375, "IIYY": 0.498046875, "IIYI": 0.015625, "IIIY": -0.001953125, "IIII": 1.0, "ZZXX": -0.541015625, "ZZXI": -0.04296875, "ZZIX": 0.005859375, "ZIXX": -0.52734375, "ZIXI": -0.021484375, "ZIIX": -0.01171875, "IZXX": -0.4765625, "IZXI": -0.052734375, "IZIX": -0.0078125, "IIXX": -0.595703125, "IIXI": -0.0078125, "IIIX": 0.005859375, "XXYY": -0.19140625, "XXYI": 0.0234375, "XXIY": 0.04296875, "XXII": -0.3671875, "XIYY": -0.119140625, "XIYI": -0.009765625, "XIIY": -0.001953125, "XIII": -0.158203125, "IXYY": 0.154296875, "IXYI": -0.029296875, "IXIY": -0.013671875, "IXII": 0.177734375, "YYZZ": 0.369140625, "YYZI": -0.00390625, "YYIZ": -0.00390625, "YYII": 0.369140625, "YIZZ": 0.171875, "YIZI": -0.009765625, "YIIZ": -0.009765625, "YIII": 0.171875, "IYZZ": 0.474609375, "IYZI": 0.01171875, "IYIZ": 0.01171875, "IYII": 0.474609375, "IIZZ": 1.0, "IIZI": 0.017578125, "IIIZ": 0.017578125, "XXZZ": -0.34375, "XXZI": 0.01953125, "XXIZ": 0.01953125, "XIZZ": -0.130859375, "XIZI": -0.033203125, "XIIZ": -0.033203125, "IXZZ": 0.169921875, "IXZI": -0.005859375, "IXIZ": -0.005859375, "YYXX": -0.17578125, "YYXI": 0.005859375, "YYIX": 0.0, "YIXX": -0.1171875, "YIXI": 0.005859375, "YIIX": -0.0390625, "IYXX": -0.318359375, "IYXI": -0.015625, "IYIX": 0.029296875, "ZZZZ": 0.8671875, "ZZZI": -0.0859375, "ZZIZ": -0.0859375, "ZIZZ": 0.90234375, "ZIZI": -0.08984375, "ZIIZ": -0.08984375, "IZZZ": 0.78125, "IZZI": -0.09375, "IZIZ": -0.09375, "YYYY": 0.28125, "YYYI": 0.001953125, "YYIY": 0.015625, "YIYY": 0.10546875, "YIYI": 0.021484375, "YIIY": 0.03125, "IYYY": 0.275390625, "IYYI": 0.03515625, "IYIY": 0.041015625, "XXXX": 0.259765625, "XXXI": -0.029296875, "XXIX": 0.0078125, "XIXX": 0.103515625, "XIXI": -0.025390625, "XIIX": 0.0234375, "IXXX": -0.095703125, "IXXI": -0.017578125, "IXIX": -0.0078125, "XYXY": 0.173828125, "YZYZ": 0.068359375, "ZXZX": -0.0234375, "YZZY": 0.025390625, "ZYZY": -0.03125, "XZXZ": -0.005859375, "ZYYZ": 0.048828125, "XYYX": 0.173828125, "ZXXZ": 0.013671875, "XZZX": 0.017578125, "YXXY": 0.126953125, "YXYX": 0.11328125}