{"ZZYY": 0.462890625, "ZZYI": -0.029296875, "ZZIY": 0.01953125, "ZZII": 0.85546875, "ZIYY": 0.486328125, "ZIYI": -0.029296875, "ZIIY": 0.02734375, "ZIII": 0.88671875, "IZYY": 0.400390625, "IZYI": -0.037109375, "IZIY": 0.03515625, "IZII": 0.74609375, "IIYY": 0.552734375, "IIYI": -0.017578125, "IIIY": 0.015625, "IIII": 1.0, "ZZXX": -0.435546875, "ZZXI": -0.009765625, "ZZIX": 0.029296875, "ZIXX": -0.48828125, "ZIXI": 0.0078125, "ZIIX": 0.0, "IZXX": -0.380859375, "IZXI": -0.005859375, "IZIX": 0.017578125, "IIXX": -0.53515625, "IIXI": 0.00390625, "IIIX": 0.01953125, "XXYY": -0.212890625, "XXYI": -0.04296875, "XXIY": -0.005859375, "XXII": -0.38671875, "XIYY": -0.142578125, "XIYI": 0.0078125, "XIIY": 0.009765625, "XIII": -0.140625, "IXYY": 0.111328125, "IXYI": 0.03515625, "IXIY": 0.009765625, "IXII": 0.1328125, "YYZZ": 0.384765625, "YYZI": 0.03515625, "YYIZ": 0.03515625, "YYII": 0.384765625, "YIZZ": 0.1484375, "YIZI": 0.005859375, "YIIZ": 0.005859375, "YIII": 0.1484375, "IYZZ": 0.509765625, "IYZI": 0.03515625, "IYIZ": 0.03515625, "IYII": 0.509765625, "IIZZ": 1.0, "IIZI": 0.005859375, "IIIZ": 0.005859375, "XXZZ": -0.353515625, "XXZI": -0.017578125, "XXIZ": -0.017578125, "XIZZ": -0.169921875, "XIZI": 0.017578125, "XIIZ": 0.017578125, "IXZZ": 0.1328125, "IXZI": 0.0, "IXIZ": 0.0, "YYXX": -0.23828125, "YYXI": -0.00390625, "YYIX": 0.00390625, "YIXX": -0.08203125, "YIXI": 0.0, "YIIX": -0.01953125, "IYXX": -0.21484375, "IYXI": 0.00390625, "IYIX": 0.0078125, "ZZZZ": 0.85546875, "ZZZI": -0.091796875, "ZZIZ": -0.091796875, "ZIZZ": 0.876953125, "ZIZI": -0.11328125, "ZIIZ": -0.11328125, "IZZZ": 0.744140625, "IZZI": -0.11328125, "IZIZ": -0.11328125, "YYYY": 0.228515625, "YYYI": 0.017578125, "YYIY": -0.03125, "YIYY": 0.091796875, "YIYI": -0.013671875, "YIIY": -0.0546875, "IYYY": 0.267578125, "IYYI": 0.029296875, "IYIY": 0.015625, "XXXX": 0.240234375, "XXXI": 0.041015625, "XXIX": -0.00390625, "XIXX": 0.08984375, "XIXI": 0.046875, "XIIX": -0.044921875, "IXXX": -0.09375, "IXXI": 0.03125, "IXIX": 0.005859375, "XYXY": 0.224609375, "YZYZ": 0.0078125, "ZXZX": -0.0234375, "YZZY": -0.0234375, "ZYZY": -0.033203125, "XZXZ": -0.009765625, "ZYYZ": -0.03515625, "XYYX": 0.203125, "ZXXZ": 0.021484375, "XZZX": -0.03125, "YXXY": 0.15625, "YXYX": 0.13671875}