{"ZZYY": 0.4921875, "ZZYI": 0.0, "ZZIY": -0.001953125, "ZZII": 0.865234375, "ZIYY": 0.484375, "ZIYI": -0.0234375, "ZIIY": 0.001953125, "ZIII": 0.900390625, "IZYY": 0.419921875, "IZYI": -0.017578125, "IZIY": 0.0, "IZII": 0.765625, "IIYY": 0.556640625, "IIYI": -0.005859375, "IIIY": 0.0, "IIII": 1.0, "ZZXX": -0.48828125, "ZZXI": -0.005859375, "ZZIX": -0.017578125, "ZIXX": -0.552734375, "ZIXI": 0.01953125, "ZIIX": -0.01171875, "IZXX": -0.462890625, "IZXI": 0.00390625, "IZIX": -0.01953125, "IIXX": -0.59375, "IIXI": 0.017578125, "IIIX": -0.017578125, "XXYY": -0.228515625, "XXYI": -0.013671875, "XXIY": -0.029296875, "XXII": -0.388671875, "XIYY": -0.033203125, "XIYI": -0.005859375, "XIIY": 0.033203125, "XIII": -0.115234375, "IXYY": 0.08203125, "IXYI": 0.015625, "IXIY": -0.03125, "IXII": 0.1328125, "YYZZ": 0.390625, "YYZI": -0.01171875, "YYIZ": -0.01171875, "YYII": 0.390625, "YIZZ": 0.1328125, "YIZI": -0.00390625, "YIIZ": -0.00390625, "YIII": 0.1328125, "IYZZ": 0.4765625, "IYZI": -0.00390625, "IYIZ": -0.00390625, "IYII": 0.4765625, "IIZZ": 1.0, "IIZI": -0.07421875, "IIIZ": -0.07421875, "XXZZ": -0.388671875, "XXZI": 0.048828125, "XXIZ": 0.048828125, "XIZZ": -0.2421875, "XIZI": 0.00390625, "XIIZ": 0.00390625, "IXZZ": 0.236328125, "IXZI": -0.009765625, "IXIZ": -0.009765625, "YYXX": -0.26953125, "YYXI": 0.009765625, "YYIX": -0.009765625, "YIXX": -0.138671875, "YIXI": 0.01953125, "YIIX": -0.02734375, "IYXX": -0.228515625, "IYXI": -0.03515625, "IYIX": 0.0, "ZZZZ": 0.857421875, "ZZZI": -0.05859375, "ZZIZ": -0.05859375, "ZIZZ": 0.8828125, "ZIZI": -0.087890625, "ZIIZ": -0.087890625, "IZZZ": 0.759765625, "IZZI": -0.0703125, "IZIZ": -0.0703125, "YYYY": 0.220703125, "YYYI": -0.04296875, "YYIY": -0.048828125, "YIYY": 0.12109375, "YIYI": -0.033203125, "YIIY": -0.02734375, "IYYY": 0.2890625, "IYYI": -0.033203125, "IYIY": -0.015625, "XXXX": 0.17578125, "XXXI": -0.013671875, "XXIX": -0.005859375, "XIXX": 0.1171875, "XIXI": -0.041015625, "XIIX": 0.060546875, "IXXX": -0.1171875, "IXXI": 0.013671875, "IXIX": -0.029296875, "XYXY": 0.177734375, "YZYZ": -0.04296875, "ZXZX": 0.01171875, "YZZY": 0.033203125, "ZYZY": 0.048828125, "XZXZ": 0.064453125, "ZYYZ": -0.013671875, "XYYX": 0.16796875, "ZXXZ": 0.04296875, "XZZX": 0.009765625, "YXXY": 0.138671875, "YXYX": 0.189453125}