{"ZZYY": 0.447265625, "ZZYI": 0.0078125, "ZZIY": -0.025390625, "ZZII": 0.82421875, "ZIYY": 0.482421875, "ZIYI": 0.0, "ZIIY": -0.021484375, "ZIII": 0.88671875, "IZYY": 0.380859375, "IZYI": 0.02734375, "IZIY": -0.021484375, "IZII": 0.734375, "IIYY": 0.541015625, "IIYI": -0.01953125, "IIIY": -0.025390625, "IIII": 1.0, "ZZXX": -0.482421875, "ZZXI": -0.01171875, "ZZIX": 0.0, "ZIXX": -0.50390625, "ZIXI": 0.029296875, "ZIIX": -0.041015625, "IZXX": -0.427734375, "IZXI": 0.01953125, "IZIX": -0.03125, "IIXX": -0.578125, "IIXI": -0.005859375, "IIIX": 0.001953125, "XXYY": -0.2421875, "XXYI": -0.01953125, "XXIY": -0.041015625, "XXII": -0.384765625, "XIYY": -0.10546875, "XIYI": 0.00390625, "XIIY": 0.013671875, "XIII": -0.154296875, "IXYY": 0.103515625, "IXYI": 0.033203125, "IXIY": 0.0390625, "IXII": 0.12890625, "YYZZ": 0.388671875, "YYZI": 0.0, "YYIZ": 0.0, "YYII": 0.388671875, "YIZZ": 0.134765625, "YIZI": -0.01171875, "YIIZ": -0.01171875, "YIII": 0.134765625, "IYZZ": 0.44140625, "IYZI": -0.009765625, "IYIZ": -0.009765625, "IYII": 0.44140625, "IIZZ": 1.0, "IIZI": -0.091796875, "IIIZ": -0.091796875, "XXZZ": -0.33203125, "XXZI": -0.046875, "XXIZ": -0.046875, "XIZZ": -0.1640625, "XIZI": -0.05859375, "XIIZ": -0.05859375, "IXZZ": 0.13671875, "IXZI": -0.0390625, "IXIZ": -0.0390625, "YYXX": -0.248046875, "YYXI": 0.03515625, "YYIX": -0.03125, "YIXX": -0.15625, "YIXI": 0.060546875, "YIIX": -0.099609375, "IYXX": -0.263671875, "IYXI": -0.00390625, "IYIX": -0.00390625, "ZZZZ": 0.85546875, "ZZZI": 0.01953125, "ZZIZ": 0.01953125, "ZIZZ": 0.869140625, "ZIZI": 0.001953125, "ZIIZ": 0.001953125, "IZZZ": 0.740234375, "IZZI": 0.009765625, "IZIZ": 0.009765625, "YYYY": 0.236328125, "YYYI": -0.07421875, "YYIY": -0.0546875, "YIYY": 0.11328125, "YIYI": -0.033203125, "YIIY": 0.017578125, "IYYY": 0.259765625, "IYYI": 0.015625, "IYIY": 0.02734375, "XXXX": 0.1875, "XXXI": 0.02734375, "XXIX": 0.013671875, "XIXX": 0.111328125, "XIXI": -0.029296875, "XIIX": 0.0546875, "IXXX": -0.15625, "IXXI": 0.00390625, "IXIX": -0.052734375, "XYXY": 0.17578125, "YZYZ": 0.005859375, "ZXZX": 0.04296875, "YZZY": -0.03125, "ZYZY": 0.03515625, "XZXZ": 0.060546875, "ZYYZ": 0.048828125, "XYYX": 0.2109375, "ZXXZ": 0.00390625, "XZZX": -0.02734375, "YXXY": 0.171875, "YXYX": 0.150390625}