{"ZZYY": 0.53515625, "ZZYI": -0.02734375, "ZZIY": 0.0078125, "ZZII": 0.86328125, "ZIYY": 0.53515625, "ZIYI": -0.03515625, "ZIIY": 0.0234375, "ZIII": 0.88671875, "IZYY": 0.47265625, "IZYI": -0.01953125, "IZIY": 0.0234375, "IZII": 0.76171875, "IIYY": 0.609375, "IIYI": -0.0390625, "IIIY": 0.01171875, "IIII": 1.0, "ZZXX": -0.48046875, "ZZXI": -0.017578125, "ZZIX": -0.013671875, "ZIXX": -0.484375, "ZIXI": -0.037109375, "ZIIX": 0.017578125, "IZXX": -0.40625, "IZXI": -0.021484375, "IZIX": -0.009765625, "IIXX": -0.55859375, "IIXI": -0.033203125, "IIIX": 0.013671875, "XXYY": -0.25, "XXYI": -0.015625, "XXIY": -0.05859375, "XXII": -0.40625, "XIYY": -0.068359375, "XIYI": 0.009765625, "XIIY": 0.005859375, "XIII": -0.123046875, "IXYY": 0.060546875, "IXYI": -0.017578125, "IXIY": 0.021484375, "IXII": 0.134765625, "YYZZ": 0.38671875, "YYZI": -0.033203125, "YYIZ": -0.033203125, "YYII": 0.38671875, "YIZZ": 0.15234375, "YIZI": -0.001953125, "YIIZ": -0.001953125, "YIII": 0.15234375, "IYZZ": 0.53125, "IYZI": -0.021484375, "IYIZ": -0.021484375, "IYII": 0.53125, "IIZZ": 1.0, "IIZI": -0.091796875, "IIIZ": -0.091796875, "XXZZ": -0.396484375, "XXZI": 0.01171875, "XXIZ": 0.01171875, "XIZZ": -0.171875, "XIZI": 0.013671875, "XIIZ": 0.013671875, "IXZZ": 0.130859375, "IXZI": -0.01171875, "IXIZ": -0.01171875, "YYXX": -0.205078125, "YYXI": 0.05859375, "YYIX": -0.033203125, "YIXX": -0.091796875, "YIXI": 0.0234375, "YIIX": -0.048828125, "IYXX": -0.263671875, "IYXI": -0.00390625, "IYIX": 0.033203125, "ZZZZ": 0.880859375, "ZZZI": -0.056640625, "ZZIZ": -0.056640625, "ZIZZ": 0.869140625, "ZIZI": -0.037109375, "ZIIZ": -0.037109375, "IZZZ": 0.765625, "IZZI": -0.07421875, "IZIZ": -0.07421875, "YYYY": 0.23828125, "YYYI": 0.017578125, "YYIY": 0.029296875, "YIYY": 0.083984375, "YIYI": 0.0078125, "YIIY": 0.00390625, "IYYY": 0.291015625, "IYYI": -0.00390625, "IYIY": 0.03515625, "XXXX": 0.19140625, "XXXI": 0.0, "XXIX": -0.033203125, "XIXX": 0.037109375, "XIXI": -0.009765625, "XIIX": -0.0078125, "IXXX": -0.08203125, "IXXI": -0.03125, "IXIX": 0.013671875, "XYXY": 0.18359375, "YZYZ": -0.01953125, "ZXZX": 0.05078125, "YZZY": 0.01171875, "ZYZY": 0.005859375, "XZXZ": -0.02734375, "ZYYZ": 0.00390625, "XYYX": 0.2109375, "ZXXZ": -0.017578125, "XZZX": -0.05078125, "YXXY": 0.12890625, "YXYX": 0.138671875}