{"ZZYY": 0.4921875, "ZZYI": -0.0234375, "ZZIY": -0.03125, "ZZII": 0.86328125, "ZIYY": 0.509765625, "ZIYI": 0.013671875, "ZIIY": -0.029296875, "ZIII": 0.869140625, "IZYY": 0.447265625, "IZYI": -0.025390625, "IZIY": -0.037109375, "IZII": 0.751953125, "IIYY": 0.57421875, "IIYI": 0.01953125, "IIIY": -0.01953125, "IIII": 1.0, "ZZXX": -0.478515625, "ZZXI": -0.005859375, "ZZIX": 0.0, "ZIXX": -0.525390625, "ZIXI": -0.025390625, "ZIIX": 0.0390625, "IZXX": -0.427734375, "IZXI": -0.009765625, "IZIX": 0.0234375, "IIXX": -0.583984375, "IIXI": -0.013671875, "IIIX": 0.015625, "XXYY": -0.154296875, "XXYI": -0.02734375, "XXIY": -0.02734375, "XXII": -0.341796875, "XIYY": -0.0390625, "XIYI": 0.009765625, "XIIY": -0.005859375, "XIII": -0.125, "IXYY": 0.111328125, "IXYI": -0.0234375, "IXIY": 0.0078125, "IXII": 0.142578125, "YYZZ": 0.4453125, "YYZI": -0.029296875, "YYIZ": -0.029296875, "YYII": 0.4453125, "YIZZ": 0.234375, "YIZI": -0.025390625, "YIIZ": -0.025390625, "YIII": 0.234375, "IYZZ": 0.56640625, "IYZI": -0.005859375, "IYIZ": -0.005859375, "IYII": 0.56640625, "IIZZ": 1.0, "IIZI": -0.029296875, "IIIZ": -0.029296875, "XXZZ": -0.369140625, "XXZI": 0.05859375, "XXIZ": 0.05859375, "XIZZ": -0.1640625, "XIZI": 0.025390625, "XIIZ": 0.025390625, "IXZZ": 0.134765625, "IXZI": -0.01953125, "IXIZ": -0.01953125, "YYXX": -0.251953125, "YYXI": 0.015625, "YYIX": -0.03125, "YIXX": -0.111328125, "YIXI": -0.01953125, "YIIX": 0.0, "IYXX": -0.28125, "IYXI": -0.005859375, "IYIX": -0.021484375, "ZZZZ": 0.8671875, "ZZZI": -0.029296875, "ZZIZ": -0.029296875, "ZIZZ": 0.89453125, "ZIZI": -0.013671875, "ZIIZ": -0.013671875, "IZZZ": 0.7734375, "IZZI": -0.048828125, "IZIZ": -0.048828125, "YYYY": 0.21875, "YYYI": -0.0078125, "YYIY": 0.029296875, "YIYY": 0.087890625, "YIYI": -0.013671875, "YIIY": 0.0, "IYYY": 0.28125, "IYYI": 0.015625, "IYIY": -0.017578125, "XXXX": 0.17578125, "XXXI": 0.005859375, "XXIX": 0.05078125, "XIXX": 0.0703125, "XIXI": -0.005859375, "XIIX": 0.00390625, "IXXX": -0.119140625, "IXXI": 0.02734375, "IXIX": -0.021484375, "XYXY": 0.21875, "YZYZ": -0.01953125, "ZXZX": -0.048828125, "YZZY": 0.015625, "ZYZY": -0.05078125, "XZXZ": -0.017578125, "ZYYZ": -0.021484375, "XYYX": 0.19140625, "ZXXZ": 0.0, "XZZX": -0.015625, "YXXY": 0.10546875, "YXYX": 0.1875}