{"ZZYY": 0.5390625, "ZZYI": 0.021484375, "ZZIY": 0.005859375, "ZZII": 0.8828125, "ZIYY": 0.50390625, "ZIYI": 0.033203125, "ZIIY": 0.017578125, "ZIII": 0.85546875, "IZYY": 0.453125, "IZYI": 0.033203125, "IZIY": 0.001953125, "IZII": 0.7578125, "IIYY": 0.6015625, "IIYI": 0.017578125, "IIIY": 0.009765625, "IIII": 1.0, "ZZXX": -0.521484375, "ZZXI": -0.025390625, "ZZIX": 0.021484375, "ZIXX": -0.494140625, "ZIXI": 0.005859375, "ZIIX": 0.029296875, "IZXX": -0.43359375, "IZXI": -0.015625, "IZIX": 0.0234375, "IIXX": -0.578125, "IIXI": -0.0078125, "IIIX": 0.0234375, "XXYY": -0.2734375, "XXYI": -0.0234375, "XXIY": 0.015625, "XXII": -0.3984375, "XIYY": -0.107421875, "XIYI": -0.044921875, "XIIY": -0.044921875, "XIII": -0.169921875, "IXYY": 0.162109375, "IXYI": 0.025390625, "IXIY": 0.025390625, "IXII": 0.169921875, "YYZZ": 0.396484375, "YYZI": 0.0078125, "YYIZ": 0.0078125, "YYII": 0.396484375, "YIZZ": 0.15625, "YIZI": -0.037109375, "YIIZ": -0.037109375, "YIII": 0.15625, "IYZZ": 0.470703125, "IYZI": -0.03125, "IYIZ": -0.03125, "IYII": 0.470703125, "IIZZ": 1.0, "IIZI": -0.041015625, "IIIZ": -0.041015625, "XXZZ": -0.373046875, "XXZI": -0.015625, "XXIZ": -0.015625, "XIZZ": -0.14453125, "XIZI": 0.029296875, "XIIZ": 0.029296875, "IXZZ": 0.111328125, "IXZI": -0.04296875, "IXIZ": -0.04296875, "YYXX": -0.201171875, "YYXI": -0.041015625, "YYIX": -0.009765625, "YIXX": -0.06640625, "YIXI": -0.03515625, "YIIX": 0.015625, "IYXX": -0.232421875, "IYXI": 0.013671875, "IYIX": -0.005859375, "ZZZZ": 0.884765625, "ZZZI": -0.080078125, "ZZIZ": -0.080078125, "ZIZZ": 0.876953125, "ZIZI": -0.064453125, "ZIIZ": -0.064453125, "IZZZ": 0.7734375, "IZZI": -0.078125, "IZIZ": -0.078125, "YYYY": 0.2265625, "YYYI": 0.044921875, "YYIY": 0.0546875, "YIYY": 0.0703125, "YIYI": 0.060546875, "YIIY": 0.05078125, "IYYY": 0.220703125, "IYYI": -0.01171875, "IYIY": 0.009765625, "XXXX": 0.2421875, "XXXI": -0.048828125, "XXIX": 0.01953125, "XIXX": 0.09375, "XIXI": 0.052734375, "XIIX": -0.0390625, "IXXX": -0.087890625, "IXXI": -0.03125, "IXIX": 0.044921875, "XYXY": 0.1796875, "YZYZ": 0.001953125, "ZXZX": 0.00390625, "YZZY": -0.00390625, "ZYZY": 0.015625, "XZXZ": -0.033203125, "ZYYZ": 0.029296875, "XYYX": 0.173828125, "ZXXZ": 0.015625, "XZZX": -0.0546875, "YXXY": 0.18359375, "YXYX": 0.12109375}