{"ZZYY": 0.521484375, "ZZYI": -0.013671875, "ZZIY": -0.017578125, "ZZII": 0.841796875, "ZIYY": 0.548828125, "ZIYI": 0.005859375, "ZIIY": -0.017578125, "ZIII": 0.888671875, "IZYY": 0.46484375, "IZYI": -0.015625, "IZIY": -0.015625, "IZII": 0.7421875, "IIYY": 0.609375, "IIYI": 0.00390625, "IIIY": -0.015625, "IIII": 1.0, "ZZXX": -0.521484375, "ZZXI": -0.017578125, "ZZIX": 0.017578125, "ZIXX": -0.517578125, "ZIXI": -0.025390625, "ZIIX": -0.001953125, "IZXX": -0.45703125, "IZXI": -0.03515625, "IZIX": 0.0390625, "IIXX": -0.6015625, "IIXI": 0.00390625, "IIIX": -0.01953125, "XXYY": -0.23046875, "XXYI": 0.052734375, "XXIY": 0.0859375, "XXII": -0.388671875, "XIYY": -0.068359375, "XIYI": 0.01171875, "XIIY": 0.017578125, "XIII": -0.16015625, "IXYY": 0.109375, "IXYI": -0.001953125, "IXIY": -0.03515625, "IXII": 0.134765625, "YYZZ": 0.41796875, "YYZI": 0.033203125, "YYIZ": 0.033203125, "YYII": 0.41796875, "YIZZ": 0.173828125, "YIZI": 0.01171875, "YIIZ": 0.01171875, "YIII": 0.173828125, "IYZZ": 0.494140625, "IYZI": 0.0, "IYIZ": 0.0, "IYII": 0.494140625, "IIZZ": 1.0, "IIZI": -0.068359375, "IIIZ": -0.068359375, "XXZZ": -0.38671875, "XXZI": 0.015625, "XXIZ": 0.015625, "XIZZ": -0.158203125, "XIZI": 0.013671875, "XIIZ": 0.013671875, "IXZZ": 0.091796875, "IXZI": 0.005859375, "IXIZ": 0.005859375, "YYXX": -0.232421875, "YYXI": 0.03125, "YYIX": -0.0390625, "YIXX": -0.142578125, "YIXI": 0.01953125, "YIIX": -0.06640625, "IYXX": -0.31640625, "IYXI": 0.060546875, "IYIX": -0.037109375, "ZZZZ": 0.83984375, "ZZZI": -0.048828125, "ZZIZ": -0.048828125, "ZIZZ": 0.84375, "ZIZI": -0.060546875, "ZIIZ": -0.060546875, "IZZZ": 0.7109375, "IZZI": -0.064453125, "IZIZ": -0.064453125, "YYYY": 0.279296875, "YYYI": -0.0078125, "YYIY": -0.021484375, "YIYY": 0.14453125, "YIYI": 0.041015625, "YIIY": 0.01953125, "IYYY": 0.2421875, "IYYI": 0.029296875, "IYIY": 0.0078125, "XXXX": 0.1953125, "XXXI": 0.041015625, "XXIX": 0.005859375, "XIXX": 0.06640625, "XIXI": 0.048828125, "XIIX": -0.048828125, "IXXX": -0.11328125, "IXXI": -0.021484375, "IXIX": -0.017578125, "XYXY": 0.205078125, "YZYZ": -0.0546875, "ZXZX": -0.01171875, "YZZY": 0.0390625, "ZYZY": 0.056640625, "XZXZ": 0.01953125, "ZYYZ": -0.021484375, "XYYX": 0.162109375, "ZXXZ": -0.048828125, "XZZX": 0.021484375, "YXXY": 0.181640625, "YXYX": 0.130859375}