{"ZZYY": 0.458984375, "ZZYI": 0.009765625, "ZZIY": 0.03515625, "ZZII": 0.8515625, "ZIYY": 0.482421875, "ZIYI": 0.001953125, "ZIIY": 0.01171875, "ZIII": 0.8984375, "IZYY": 0.376953125, "IZYI": 0.001953125, "IZIY": 0.03515625, "IZII": 0.76171875, "IIYY": 0.568359375, "IIYI": -0.001953125, "IIIY": 0.0078125, "IIII": 1.0, "ZZXX": -0.462890625, "ZZXI": -0.052734375, "ZZIX": 0.013671875, "ZIXX": -0.498046875, "ZIXI": -0.052734375, "ZIIX": 0.033203125, "IZXX": -0.42578125, "IZXI": -0.04296875, "IZIX": 0.00390625, "IIXX": -0.55859375, "IIXI": -0.0625, "IIIX": 0.03515625, "XXYY": -0.20703125, "XXYI": 0.0234375, "XXIY": -0.001953125, "XXII": -0.361328125, "XIYY": -0.119140625, "XIYI": -0.041015625, "XIIY": 0.015625, "XIII": -0.15234375, "IXYY": 0.0859375, "IXYI": 0.01953125, "IXIY": -0.013671875, "IXII": 0.142578125, "YYZZ": 0.416015625, "YYZI": -0.03125, "YYIZ": -0.03125, "YYII": 0.416015625, "YIZZ": 0.16015625, "YIZI": 0.021484375, "YIIZ": 0.021484375, "YIII": 0.16015625, "IYZZ": 0.501953125, "IYZI": 0.015625, "IYIZ": 0.015625, "IYII": 0.501953125, "IIZZ": 1.0, "IIZI": -0.060546875, "IIIZ": -0.060546875, "XXZZ": -0.435546875, "XXZI": 0.0234375, "XXIZ": 0.0234375, "XIZZ": -0.154296875, "XIZI": -0.0078125, "XIIZ": -0.0078125, "IXZZ": 0.15625, "IXZI": -0.013671875, "IXIZ": -0.013671875, "YYXX": -0.244140625, "YYXI": 0.001953125, "YYIX": -0.013671875, "YIXX": -0.140625, "YIXI": -0.00390625, "YIIX": -0.00390625, "IYXX": -0.259765625, "IYXI": -0.033203125, "IYIX": 0.017578125, "ZZZZ": 0.865234375, "ZZZI": -0.076171875, "ZZIZ": -0.076171875, "ZIZZ": 0.888671875, "ZIZI": -0.076171875, "ZIIZ": -0.076171875, "IZZZ": 0.7734375, "IZZI": -0.09765625, "IZIZ": -0.09765625, "YYYY": 0.25390625, "YYYI": -0.01171875, "YYIY": 0.01953125, "YIYY": 0.119140625, "YIYI": -0.005859375, "YIIY": -0.013671875, "IYYY": 0.318359375, "IYYI": -0.021484375, "IYIY": 0.013671875, "XXXX": 0.21875, "XXXI": -0.03125, "XXIX": -0.0078125, "XIXX": 0.0859375, "XIXI": -0.03125, "XIIX": 0.0078125, "IXXX": -0.12109375, "IXXI": 0.0, "IXIX": 0.0, "XYXY": 0.181640625, "YZYZ": -0.021484375, "ZXZX": 0.033203125, "YZZY": 0.025390625, "ZYZY": -0.009765625, "XZXZ": 0.06640625, "ZYYZ": 0.04296875, "XYYX": 0.197265625, "ZXXZ": 0.0078125, "XZZX": -0.005859375, "YXXY": 0.13671875, "YXYX": 0.162109375}