{"ZZYY": 0.46484375, "ZZYI": 0.013671875, "ZZIY": -0.009765625, "ZZII": 0.828125, "ZIYY": 0.474609375, "ZIYI": 0.02734375, "ZIIY": -0.01171875, "ZIII": 0.900390625, "IZYY": 0.416015625, "IZYI": 0.015625, "IZIY": -0.0078125, "IZII": 0.748046875, "IIYY": 0.54296875, "IIYI": 0.021484375, "IIIY": -0.017578125, "IIII": 1.0, "ZZXX": -0.46875, "ZZXI": -0.013671875, "ZZIX": 0.0546875, "ZIXX": -0.484375, "ZIXI": 0.025390625, "ZIIX": 0.03125, "IZXX": -0.419921875, "IZXI": 0.0, "IZIX": 0.044921875, "IIXX": -0.548828125, "IIXI": 0.01171875, "IIIX": 0.041015625, "XXYY": -0.236328125, "XXYI": -0.00390625, "XXIY": 0.029296875, "XXII": -0.37890625, "XIYY": -0.091796875, "XIYI": 0.00390625, "XIIY": -0.056640625, "XIII": -0.1328125, "IXYY": 0.068359375, "IXYI": 0.02734375, "IXIY": 0.048828125, "IXII": 0.1015625, "YYZZ": 0.41015625, "YYZI": 0.048828125, "YYIZ": 0.048828125, "YYII": 0.41015625, "YIZZ": 0.1640625, "YIZI": 0.064453125, "YIIZ": 0.064453125, "YIII": 0.1640625, "IYZZ": 0.5390625, "IYZI": 0.041015625, "IYIZ": 0.041015625, "IYII": 0.5390625, "IIZZ": 1.0, "IIZI": -0.033203125, "IIIZ": -0.033203125, "XXZZ": -0.3671875, "XXZI": 0.05859375, "XXIZ": 0.05859375, "XIZZ": -0.146484375, "XIZI": 0.033203125, "XIIZ": 0.033203125, "IXZZ": 0.146484375, "IXZI": 0.021484375, "IXIZ": 0.021484375, "YYXX": -0.267578125, "YYXI": -0.033203125, "YYIX": 0.021484375, "YIXX": -0.099609375, "YIXI": 0.013671875, "YIIX": 0.009765625, "IYXX": -0.25, "IYXI": -0.01171875, "IYIX": 0.0078125, "ZZZZ": 0.84765625, "ZZZI": -0.04296875, "ZZIZ": -0.04296875, "ZIZZ": 0.890625, "ZIZI": -0.03515625, "ZIIZ": -0.03515625, "IZZZ": 0.7578125, "IZZI": -0.046875, "IZIZ": -0.046875, "YYYY": 0.21484375, "YYYI": -0.01171875, "YYIY": -0.056640625, "YIYY": 0.103515625, "YIYI": 0.041015625, "YIIY": 0.0, "IYYY": 0.2578125, "IYYI": 0.0, "IYIY": -0.021484375, "XXXX": 0.236328125, "XXXI": 0.013671875, "XXIX": -0.001953125, "XIXX": 0.017578125, "XIXI": 0.033203125, "XIIX": -0.037109375, "IXXX": -0.11328125, "IXXI": 0.0078125, "IXIX": -0.015625, "XYXY": 0.154296875, "YZYZ": -0.025390625, "ZXZX": -0.00390625, "YZZY": -0.009765625, "ZYZY": -0.052734375, "XZXZ": 0.01953125, "ZYYZ": 0.013671875, "XYYX": 0.220703125, "ZXXZ": -0.0078125, "XZZX": 0.044921875, "YXXY": 0.181640625, "YXYX": 0.18359375}