{"ZZYY": 0.482421875, "ZZYI": -0.013671875, "ZZIY": 0.029296875, "ZZII": 0.861328125, "ZIYY": 0.470703125, "ZIYI": -0.037109375, "ZIIY": 0.013671875, "ZIII": 0.857421875, "IZYY": 0.42578125, "IZYI": -0.02734375, "IZIY": 0.03125, "IZII": 0.7421875, "IIYY": 0.54296875, "IIYI": -0.015625, "IIIY": 0.01171875, "IIII": 1.0, "ZZXX": -0.45703125, "ZZXI": 0.0078125, "ZZIX": 0.001953125, "ZIXX": -0.46484375, "ZIXI": -0.00390625, "ZIIX": -0.001953125, "IZXX": -0.396484375, "IZXI": 0.005859375, "IZIX": -0.00390625, "IIXX": -0.537109375, "IIXI": -0.005859375, "IIIX": 0.0234375, "XXYY": -0.2109375, "XXYI": 0.00390625, "XXIY": 0.017578125, "XXII": -0.365234375, "XIYY": -0.095703125, "XIYI": 0.044921875, "XIIY": 0.0234375, "XIII": -0.16015625, "IXYY": 0.13671875, "IXYI": 0.0078125, "IXIY": -0.005859375, "IXII": 0.166015625, "YYZZ": 0.412109375, "YYZI": 0.005859375, "YYIZ": 0.005859375, "YYII": 0.412109375, "YIZZ": 0.185546875, "YIZI": 0.017578125, "YIIZ": 0.017578125, "YIII": 0.185546875, "IYZZ": 0.54296875, "IYZI": 0.0, "IYIZ": 0.0, "IYII": 0.54296875, "IIZZ": 1.0, "IIZI": -0.046875, "IIIZ": -0.046875, "XXZZ": -0.3828125, "XXZI": 0.048828125, "XXIZ": 0.048828125, "XIZZ": -0.201171875, "XIZI": -0.04296875, "XIIZ": -0.04296875, "IXZZ": 0.220703125, "IXZI": -0.0078125, "IXIZ": -0.0078125, "YYXX": -0.220703125, "YYXI": -0.015625, "YYIX": 0.013671875, "YIXX": -0.08203125, "YIXI": 0.009765625, "YIIX": -0.01171875, "IYXX": -0.30859375, "IYXI": 0.009765625, "IYIX": -0.0390625, "ZZZZ": 0.865234375, "ZZZI": -0.056640625, "ZZIZ": -0.056640625, "ZIZZ": 0.873046875, "ZIZI": -0.068359375, "ZIIZ": -0.068359375, "IZZZ": 0.74609375, "IZZI": -0.08203125, "IZIZ": -0.08203125, "YYYY": 0.193359375, "YYYI": -0.01953125, "YYIY": -0.02734375, "YIYY": 0.1015625, "YIYI": -0.005859375, "YIIY": -0.009765625, "IYYY": 0.314453125, "IYYI": 0.01953125, "IYIY": 0.03515625, "XXXX": 0.177734375, "XXXI": 0.001953125, "XXIX": -0.017578125, "XIXX": 0.12109375, "XIXI": 0.0078125, "XIIX": -0.00390625, "IXXX": -0.083984375, "IXXI": 0.013671875, "IXIX": -0.001953125, "XYXY": 0.205078125, "YZYZ": 0.052734375, "ZXZX": 0.033203125, "YZZY": 0.009765625, "ZYZY": 0.001953125, "XZXZ": -0.037109375, "ZYYZ": 0.00390625, "XYYX": 0.169921875, "ZXXZ": 0.01953125, "XZZX": 0.025390625, "YXXY": 0.10546875, "YXYX": 0.126953125}