{"ZZYY": 0.470703125, "ZZYI": -0.0390625, "ZZIY": 0.0546875, "ZZII": 0.865234375, "ZIYY": 0.4765625, "ZIYI": -0.029296875, "ZIIY": 0.025390625, "ZIII": 0.88671875, "IZYY": 0.419921875, "IZYI": -0.01953125, "IZIY": 0.05078125, "IZII": 0.767578125, "IIYY": 0.54296875, "IIYI": -0.033203125, "IIIY": 0.044921875, "IIII": 1.0, "ZZXX": -0.5078125, "ZZXI": -0.029296875, "ZZIX": 0.0546875, "ZIXX": -0.521484375, "ZIXI": -0.015625, "ZIIX": 0.064453125, "IZXX": -0.46875, "IZXI": -0.041015625, "IZIX": 0.0703125, "IIXX": -0.580078125, "IIXI": 0.0, "IIIX": 0.044921875, "XXYY": -0.193359375, "XXYI": 0.021484375, "XXIY": 0.0546875, "XXII": -0.37890625, "XIYY": -0.08203125, "XIYI": -0.04296875, "XIIY": -0.025390625, "XIII": -0.126953125, "IXYY": 0.109375, "IXYI": 0.05859375, "IXIY": 0.052734375, "IXII": 0.080078125, "YYZZ": 0.40625, "YYZI": 0.0078125, "YYIZ": 0.0078125, "YYII": 0.40625, "YIZZ": 0.158203125, "YIZI": -0.005859375, "YIIZ": -0.005859375, "YIII": 0.158203125, "IYZZ": 0.443359375, "IYZI": 0.005859375, "IYIZ": 0.005859375, "IYII": 0.443359375, "IIZZ": 1.0, "IIZI": -0.015625, "IIIZ": -0.015625, "XXZZ": -0.396484375, "XXZI": -0.013671875, "XXIZ": -0.013671875, "XIZZ": -0.15625, "XIZI": -0.01953125, "XIIZ": -0.01953125, "IXZZ": 0.162109375, "IXZI": 0.060546875, "IXIZ": 0.060546875, "YYXX": -0.20703125, "YYXI": 0.01171875, "YYIX": -0.013671875, "YIXX": -0.138671875, "YIXI": -0.025390625, "YIIX": 0.0078125, "IYXX": -0.28125, "IYXI": 0.01171875, "IYIX": -0.052734375, "ZZZZ": 0.875, "ZZZI": 0.009765625, "ZZIZ": 0.009765625, "ZIZZ": 0.884765625, "ZIZI": 0.00390625, "ZIIZ": 0.00390625, "IZZZ": 0.775390625, "IZZI": 0.0078125, "IZIZ": 0.0078125, "YYYY": 0.22265625, "YYYI": -0.013671875, "YYIY": 0.033203125, "YIYY": 0.103515625, "YIYI": -0.0390625, "YIIY": 0.0234375, "IYYY": 0.287109375, "IYYI": -0.0546875, "IYIY": 0.0078125, "XXXX": 0.212890625, "XXXI": -0.0078125, "XXIX": -0.0078125, "XIXX": 0.0625, "XIXI": 0.048828125, "XIIX": -0.041015625, "IXXX": -0.076171875, "IXXI": -0.03125, "IXIX": 0.0703125, "XYXY": 0.1953125, "YZYZ": -0.017578125, "ZXZX": -0.046875, "YZZY": -0.01171875, "ZYZY": -0.033203125, "XZXZ": -0.021484375, "ZYYZ": 0.0078125, "XYYX": 0.197265625, "ZXXZ": 0.021484375, "XZZX": -0.0078125, "YXXY": 0.09375, "YXYX": 0.130859375}