{"ZZYY": 0.49609375, "ZZYI": -0.009765625, "ZZIY": -0.03125, "ZZII": 0.853515625, "ZIYY": 0.501953125, "ZIYI": -0.01171875, "ZIIY": -0.021484375, "ZIII": 0.88671875, "IZYY": 0.4375, "IZYI": 0.009765625, "IZIY": -0.015625, "IZII": 0.751953125, "IIYY": 0.564453125, "IIYI": -0.01953125, "IIIY": -0.033203125, "IIII": 1.0, "ZZXX": -0.48046875, "ZZXI": -0.033203125, "ZZIX": -0.005859375, "ZIXX": -0.498046875, "ZIXI": -0.01171875, "ZIIX": -0.02734375, "IZXX": -0.427734375, "IZXI": -0.02734375, "IZIX": -0.00390625, "IIXX": -0.5625, "IIXI": -0.013671875, "IIIX": -0.033203125, "XXYY": -0.216796875, "XXYI": -0.052734375, "XXIY": -0.060546875, "XXII": -0.408203125, "XIYY": -0.15625, "XIYI": 0.02734375, "XIIY": 0.06640625, "XIII": -0.15234375, "IXYY": 0.083984375, "IXYI": -0.041015625, "IXIY": -0.009765625, "IXII": 0.134765625, "YYZZ": 0.40625, "YYZI": -0.044921875, "YYIZ": -0.044921875, "YYII": 0.40625, "YIZZ": 0.13671875, "YIZI": 0.017578125, "YIIZ": 0.017578125, "YIII": 0.13671875, "IYZZ": 0.47265625, "IYZI": 0.037109375, "IYIZ": 0.037109375, "IYII": 0.47265625, "IIZZ": 1.0, "IIZI": -0.056640625, "IIIZ": -0.056640625, "XXZZ": -0.4140625, "XXZI": 0.013671875, "XXIZ": 0.013671875, "XIZZ": -0.15625, "XIZI": 0.017578125, "XIIZ": 0.017578125, "IXZZ": 0.13671875, "IXZI": -0.029296875, "IXIZ": -0.029296875, "YYXX": -0.220703125, "YYXI": -0.01171875, "YYIX": 0.01171875, "YIXX": -0.080078125, "YIXI": -0.00390625, "YIIX": 0.0, "IYXX": -0.2734375, "IYXI": -0.037109375, "IYIX": 0.017578125, "ZZZZ": 0.859375, "ZZZI": -0.056640625, "ZZIZ": -0.056640625, "ZIZZ": 0.90234375, "ZIZI": -0.072265625, "ZIIZ": -0.072265625, "IZZZ": 0.77734375, "IZZI": -0.056640625, "IZIZ": -0.056640625, "YYYY": 0.1953125, "YYYI": 0.01953125, "YYIY": -0.0234375, "YIYY": 0.09375, "YIYI": -0.01171875, "YIIY": -0.0859375, "IYYY": 0.28515625, "IYYI": -0.0234375, "IYIY": -0.07421875, "XXXX": 0.271484375, "XXXI": -0.0390625, "XXIX": 0.0234375, "XIXX": 0.0703125, "XIXI": 0.013671875, "XIIX": -0.013671875, "IXXX": -0.107421875, "IXXI": -0.01171875, "IXIX": 0.0078125, "XYXY": 0.208984375, "YZYZ": -0.015625, "ZXZX": -0.005859375, "YZZY": -0.01171875, "ZYZY": 0.001953125, "XZXZ": -0.04296875, "ZYYZ": -0.046875, "XYYX": 0.1875, "ZXXZ": 0.02734375, "XZZX": 0.02734375, "YXXY": 0.150390625, "YXYX": 0.13671875}