{"ZZYY": 0.466796875, "ZZYI": 0.046875, "ZZIY": 0.052734375, "ZZII": 0.83984375, "ZIYY": 0.505859375, "ZIYI": 0.05859375, "ZIIY": 0.033203125, "ZIII": 0.90234375, "IZYY": 0.431640625, "IZYI": 0.04296875, "IZIY": 0.041015625, "IZII": 0.75, "IIYY": 0.548828125, "IIYI": 0.0625, "IIIY": 0.044921875, "IIII": 1.0, "ZZXX": -0.529296875, "ZZXI": -0.005859375, "ZZIX": -0.021484375, "ZIXX": -0.5390625, "ZIXI": 0.00390625, "ZIIX": -0.03125, "IZXX": -0.478515625, "IZXI": 0.009765625, "IZIX": -0.041015625, "IIXX": -0.59375, "IIXI": 0.0078125, "IIIX": -0.015625, "XXYY": -0.1875, "XXYI": 0.01171875, "XXIY": -0.048828125, "XXII": -0.369140625, "XIYY": -0.095703125, "XIYI": 0.037109375, "XIIY": -0.0234375, "XIII": -0.16015625, "IXYY": 0.12109375, "IXYI": 0.01953125, "IXIY": 0.048828125, "IXII": 0.138671875, "YYZZ": 0.4453125, "YYZI": -0.037109375, "YYIZ": -0.037109375, "YYII": 0.4453125, "YIZZ": 0.18359375, "YIZI": 0.017578125, "YIIZ": 0.017578125, "YIII": 0.18359375, "IYZZ": 0.46875, "IYZI": 0.025390625, "IYIZ": 0.025390625, "IYII": 0.46875, "IIZZ": 1.0, "IIZI": -0.048828125, "IIIZ": -0.048828125, "XXZZ": -0.36328125, "XXZI": 0.01953125, "XXIZ": 0.01953125, "XIZZ": -0.1640625, "XIZI": -0.0390625, "XIIZ": -0.0390625, "IXZZ": 0.14453125, "IXZI": 0.0234375, "IXIZ": 0.0234375, "YYXX": -0.22265625, "YYXI": 0.005859375, "YYIX": 0.021484375, "YIXX": -0.134765625, "YIXI": 0.05078125, "YIIX": -0.06640625, "IYXX": -0.302734375, "IYXI": 0.0078125, "IYIX": 0.00390625, "ZZZZ": 0.857421875, "ZZZI": -0.0234375, "ZZIZ": -0.0234375, "ZIZZ": 0.873046875, "ZIZI": -0.0078125, "ZIIZ": -0.0078125, "IZZZ": 0.7578125, "IZZI": -0.041015625, "IZIZ": -0.041015625, "YYYY": 0.287109375, "YYYI": -0.08203125, "YYIY": -0.05859375, "YIYY": 0.12890625, "YIYI": -0.083984375, "YIIY": -0.037109375, "IYYY": 0.291015625, "IYYI": -0.01171875, "IYIY": -0.00390625, "XXXX": 0.255859375, "XXXI": -0.033203125, "XXIX": 0.0390625, "XIXX": 0.072265625, "XIXI": -0.005859375, "XIIX": -0.01953125, "IXXX": -0.126953125, "IXXI": -0.005859375, "IXIX": -0.01171875, "XYXY": 0.22265625, "YZYZ": 0.0703125, "ZXZX": 0.076171875, "YZZY": 0.052734375, "ZYZY": -0.0078125, "XZXZ": -0.029296875, "ZYYZ": -0.03515625, "XYYX": 0.193359375, "ZXXZ": 0.00390625, "XZZX": 0.01953125, "YXXY": 0.12109375, "YXYX": 0.19140625}