{"XXYY": -0.171875, "XXYI": 0.013671875, "XXIY": 0.056640625, "XXII": -0.34375, "XIYY": -0.103515625, "XIYI": 0.03515625, "XIIY": -0.015625, "XIII": -0.150390625, "IXYY": 0.060546875, "IXYI": -0.00390625, "IXIY": -0.0078125, "IXII": 0.146484375, "IIYY": 0.4765625, "IIYI": 0.044921875, "IIIY": 0.025390625, "IIII": 1.0, "XXZZ": -0.251953125, "XXZI": 0.0234375, "XXIZ": 0.0625, "XIZZ": -0.080078125, "XIZI": -0.02734375, "XIIZ": -0.01171875, "IXZZ": 0.15234375, "IXZI": -0.009765625, "IXIZ": 0.021484375, "IIZZ": 0.796875, "IIZI": -0.033203125, "IIIZ": 0.013671875, "YYXX": -0.16796875, "YYXI": -0.025390625, "YYIX": 0.013671875, "YYII": 0.37890625, "YIXX": -0.095703125, "YIXI": -0.0078125, "YIIX": 0.00390625, "YIII": 0.166015625, "IYXX": -0.205078125, "IYXI": 0.01953125, "IYIX": 0.01171875, "IYII": 0.435546875, "IIXX": -0.44921875, "IIXI": 0.001953125, "IIIX": 0.044921875, "YYZZ": 0.283203125, "YYZI": -0.0390625, "YYIZ": -0.005859375, "YIZZ": 0.125, "YIZI": 0.013671875, "YIIZ": 0.02734375, "IYZZ": 0.37890625, "IYZI": -0.009765625, "IYIZ": -0.0234375, "ZZXX": -0.34375, "ZZXI": 0.005859375, "ZZIX": 0.02734375, "ZZII": 0.802734375, "ZIXX": -0.40234375, "ZIXI": 0.017578125, "ZIIX": 0.05859375, "ZIII": 0.880859375, "IZXX": -0.337890625, "IZXI": 0.01171875, "IZIX": 0.001953125, "IZII": 0.76953125, "ZZYY": 0.306640625, "ZZYI": -0.033203125, "ZZIY": 0.017578125, "ZIYY": 0.39453125, "ZIYI": 0.01171875, "ZIIY": 0.05078125, "IZYY": 0.306640625, "IZYI": -0.001953125, "IZIY": 0.048828125, "ZZZZ": 0.634765625, "ZZZI": 0.029296875, "ZZIZ": 0.0234375, "ZIZZ": 0.685546875, "ZIZI": -0.005859375, "ZIIZ": -0.0234375, "IZZZ": 0.576171875, "IZZI": 0.005859375, "IZIZ": -0.00390625, "XXXX": 0.21875, "XXXI": 0.03125, "XXIX": -0.02734375, "XIXX": 0.0703125, "XIXI": 0.00390625, "XIIX": 0.03125, "IXXX": -0.12890625, "IXXI": -0.00390625, "IXIX": 0.00390625, "YYYY": 0.22265625, "YYYI": 0.025390625, "YYIY": 0.052734375, "YIYY": 0.115234375, "YIYI": -0.0390625, "YIIY": 0.01171875, "IYYY": 0.216796875, "IYYI": -0.04296875, "IYIY": -0.04296875, "XZZX": -0.0078125, "YXYX": 0.08203125, "XYXY": 0.130859375, "XZXZ": 0.001953125, "YZZY": -0.021484375, "ZXZX": -0.0234375, "YZYZ": 0.001953125, "YXXY": 0.111328125, "XYYX": 0.158203125, "ZXXZ": 0.001953125, "ZYZY": -0.009765625, "ZYYZ": 0.056640625}