{"XXZZ": -0.25390625, "XXZI": 0.013671875, "XXIZ": -0.01953125, "XXII": -0.330078125, "XIZZ": -0.046875, "XIZI": -0.041015625, "XIIZ": -0.0390625, "XIII": -0.095703125, "IXZZ": 0.111328125, "IXZI": 0.0078125, "IXIZ": 0.009765625, "IXII": 0.140625, "IIZZ": 0.818359375, "IIZI": -0.0546875, "IIIZ": -0.033203125, "IIII": 1.0, "ZZXX": -0.341796875, "ZZXI": -0.01953125, "ZZIX": 0.029296875, "ZZII": 0.7578125, "ZIXX": -0.380859375, "ZIXI": -0.015625, "ZIIX": 0.021484375, "ZIII": 0.83203125, "IZXX": -0.326171875, "IZXI": -0.0390625, "IZIX": 0.044921875, "IZII": 0.70703125, "IIXX": -0.435546875, "IIXI": -0.01953125, "IIIX": 0.029296875, "YYZZ": 0.30859375, "YYZI": 0.0234375, "YYIZ": 0.08203125, "YYII": 0.3671875, "YIZZ": 0.169921875, "YIZI": -0.005859375, "YIIZ": -0.013671875, "YIII": 0.224609375, "IYZZ": 0.353515625, "IYZI": 0.033203125, "IYIZ": 0.056640625, "IYII": 0.447265625, "ZZYY": 0.328125, "ZZYI": 0.041015625, "ZZIY": 0.04296875, "ZIYY": 0.4140625, "ZIYI": 0.025390625, "ZIIY": 0.015625, "IZYY": 0.318359375, "IZYI": 0.01953125, "IZIY": 0.013671875, "IIYY": 0.458984375, "IIYI": 0.03515625, "IIIY": 0.025390625, "XXYY": -0.134765625, "XXYI": 0.009765625, "XXIY": 0.009765625, "XIYY": -0.0390625, "XIYI": -0.02734375, "XIIY": -0.0546875, "IXYY": 0.111328125, "IXYI": 0.017578125, "IXIY": 0.029296875, "YYXX": -0.177734375, "YYXI": 0.01171875, "YYIX": 0.029296875, "YIXX": -0.083984375, "YIXI": -0.0390625, "YIIX": 0.056640625, "IYXX": -0.240234375, "IYXI": -0.00390625, "IYIX": -0.021484375, "ZZZZ": 0.607421875, "ZZZI": -0.041015625, "ZZIZ": -0.04296875, "ZIZZ": 0.67578125, "ZIZI": -0.015625, "ZIIZ": -0.025390625, "IZZZ": 0.57421875, "IZZI": -0.0703125, "IZIZ": -0.072265625, "YYYY": 0.212890625, "YYYI": -0.009765625, "YYIY": 0.04296875, "YIYY": 0.177734375, "YIYI": -0.056640625, "YIIY": -0.0078125, "IYYY": 0.185546875, "IYYI": -0.009765625, "IYIY": -0.00390625, "XXXX": 0.13671875, "XXXI": -0.0234375, "XXIX": -0.0234375, "XIXX": 0.02734375, "XIXI": -0.0390625, "XIIX": 0.0, "IXXX": -0.02734375, "IXXI": 0.0234375, "IXIX": 0.00390625, "YZYZ": 0.033203125, "XZXZ": -0.017578125, "ZYYZ": -0.021484375, "ZXZX": -0.041015625, "XZZX": -0.01953125, "YXYX": 0.037109375, "XYXY": 0.138671875, "YZZY": 0.12109375, "XYYX": 0.048828125, "ZXXZ": -0.013671875, "ZYZY": 0.03125, "YXXY": 0.080078125}