{"XXYY": -0.103515625, "XXYI": 0.048828125, "XXIY": -0.01171875, "XXII": -0.2734375, "XIYY": -0.029296875, "XIYI": -0.005859375, "XIIY": -0.03515625, "XIII": -0.10546875, "IXYY": 0.068359375, "IXYI": -0.005859375, "IXIY": 0.0078125, "IXII": 0.12109375, "IIYY": 0.408203125, "IIYI": 0.017578125, "IIIY": 0.0546875, "IIII": 1.0, "XXZZ": -0.21484375, "XXZI": -0.052734375, "XXIZ": -0.0234375, "XIZZ": -0.02734375, "XIZI": 0.037109375, "XIIZ": 0.01171875, "IXZZ": 0.087890625, "IXZI": 0.0, "IXIZ": 0.005859375, "IIZZ": 0.806640625, "IIZI": -0.05859375, "IIIZ": -0.021484375, "YYXX": -0.154296875, "YYXI": 0.013671875, "YYIX": 0.0078125, "YYII": 0.34375, "YIXX": -0.11328125, "YIXI": 0.0, "YIIX": 0.021484375, "YIII": 0.201171875, "IYXX": -0.203125, "IYXI": 0.00390625, "IYIX": 0.041015625, "IYII": 0.470703125, "IIXX": -0.443359375, "IIXI": 0.013671875, "IIIX": 0.046875, "YYZZ": 0.265625, "YYZI": -0.005859375, "YYIZ": -0.0078125, "YIZZ": 0.201171875, "YIZI": 0.01953125, "YIIZ": -0.037109375, "IYZZ": 0.3828125, "IYZI": -0.005859375, "IYIZ": -0.0078125, "ZZXX": -0.31640625, "ZZXI": -0.02734375, "ZZIX": -0.01171875, "ZZII": 0.73046875, "ZIXX": -0.380859375, "ZIXI": 0.009765625, "ZIIX": 0.017578125, "ZIII": 0.830078125, "IZXX": -0.291015625, "IZXI": 0.001953125, "IZIX": 0.001953125, "IZII": 0.669921875, "ZZYY": 0.33203125, "ZZYI": -0.041015625, "ZZIY": 0.025390625, "ZIYY": 0.390625, "ZIYI": -0.029296875, "ZIIY": 0.013671875, "IZYY": 0.30859375, "IZYI": -0.044921875, "IZIY": 0.017578125, "ZZZZ": 0.6484375, "ZZZI": -0.033203125, "ZZIZ": -0.044921875, "ZIZZ": 0.728515625, "ZIZI": -0.00390625, "ZIIZ": -0.0234375, "IZZZ": 0.611328125, "IZZI": -0.0546875, "IZIZ": -0.05859375, "XXXX": 0.142578125, "XXXI": -0.009765625, "XXIX": -0.025390625, "XIXX": 0.06640625, "XIXI": 0.0390625, "XIIX": -0.03515625, "IXXX": -0.013671875, "IXXI": 0.021484375, "IXIX": 0.005859375, "YYYY": 0.142578125, "YYYI": 0.07421875, "YYIY": 0.052734375, "YIYY": 0.06640625, "YIYI": -0.037109375, "YIIY": -0.00390625, "IYYY": 0.19140625, "IYYI": -0.021484375, "IYIY": 0.02734375, "XZZX": -0.001953125, "YXYX": 0.0546875, "XYXY": 0.16015625, "XZXZ": -0.01171875, "YZZY": 0.05859375, "ZXZX": -0.0234375, "YZYZ": 0.029296875, "YXXY": 0.064453125, "XYYX": 0.0703125, "ZXXZ": -0.001953125, "ZYZY": 0.00390625, "ZYYZ": 0.025390625}