{"XXYY": -0.23046875, "XXYI": -0.03515625, "XXIY": -0.01171875, "XXII": -0.2734375, "XIYY": -0.099609375, "XIYI": 0.005859375, "XIIY": -0.001953125, "XIII": -0.111328125, "IXYY": 0.095703125, "IXYI": -0.037109375, "IXIY": 0.009765625, "IXII": 0.154296875, "IIYY": 0.50390625, "IIYI": 0.0078125, "IIIY": 0.0703125, "IIII": 1.0, "XXZZ": -0.23828125, "XXZI": -0.009765625, "XXIZ": -0.01953125, "XIZZ": -0.052734375, "XIZI": -0.04296875, "XIIZ": -0.033203125, "IXZZ": 0.1484375, "IXZI": 0.017578125, "IXIZ": 0.01171875, "IIZZ": 0.794921875, "IIZI": -0.046875, "IIIZ": -0.017578125, "YYXX": -0.099609375, "YYXI": 0.0078125, "YYIX": 0.001953125, "YYII": 0.30859375, "YIXX": -0.05859375, "YIXI": -0.021484375, "YIIX": 0.00390625, "YIII": 0.185546875, "IYXX": -0.203125, "IYXI": -0.001953125, "IYIX": 0.078125, "IYII": 0.455078125, "IIXX": -0.462890625, "IIXI": -0.05859375, "IIIX": 0.068359375, "YYZZ": 0.326171875, "YYZI": 0.064453125, "YYIZ": 0.0234375, "YIZZ": 0.15625, "YIZI": 0.04296875, "YIIZ": 0.033203125, "IYZZ": 0.35546875, "IYZI": 0.0546875, "IYIZ": 0.076171875, "ZZXX": -0.3828125, "ZZXI": -0.009765625, "ZZIX": 0.041015625, "ZZII": 0.77734375, "ZIXX": -0.408203125, "ZIXI": 0.01171875, "ZIIX": 0.03125, "ZIII": 0.861328125, "IZXX": -0.345703125, "IZXI": -0.01171875, "IZIX": 0.0078125, "IZII": 0.720703125, "ZZYY": 0.3359375, "ZZYI": 0.0234375, "ZZIY": 0.046875, "ZIYY": 0.37109375, "ZIYI": -0.015625, "ZIIY": 0.02734375, "IZYY": 0.3125, "IZYI": -0.0078125, "IZIY": 0.00390625, "ZZZZ": 0.626953125, "ZZZI": 0.017578125, "ZZIZ": 0.017578125, "ZIZZ": 0.666015625, "ZIZI": -0.021484375, "ZIIZ": -0.001953125, "IZZZ": 0.5546875, "IZZI": 0.01171875, "IZIZ": 0.0, "XXXX": 0.13671875, "XXXI": 0.068359375, "XXIX": 0.01171875, "XIXX": 0.087890625, "XIXI": -0.03125, "XIIX": 0.009765625, "IXXX": -0.09765625, "IXXI": -0.005859375, "IXIX": -0.01171875, "YYYY": 0.169921875, "YYYI": -0.091796875, "YYIY": 0.0234375, "YIYY": 0.078125, "YIYI": -0.03515625, "YIIY": 0.013671875, "IYYY": 0.21484375, "IYYI": 0.0234375, "IYIY": 0.048828125, "XZZX": -0.03125, "YXYX": 0.103515625, "XYXY": 0.095703125, "XZXZ": 0.013671875, "YZZY": -0.01953125, "ZXZX": -0.0234375, "YZYZ": 0.00390625, "YXXY": 0.083984375, "XYYX": 0.123046875, "ZXXZ": 0.0078125, "ZYZY": -0.03125, "ZYYZ": 0.01171875}