{"XXYY": -0.1796875, "XXYI": -0.03125, "XXIY": 0.025390625, "XXII": -0.365234375, "XIYY": -0.05859375, "XIYI": 0.01171875, "XIIY": -0.009765625, "XIII": -0.048828125, "IXYY": 0.126953125, "IXYI": 0.029296875, "IXIY": 0.0390625, "IXII": 0.16796875, "IIYY": 0.451171875, "IIYI": 0.033203125, "IIIY": 0.01171875, "IIII": 1.0, "XXZZ": -0.232421875, "XXZI": 0.0078125, "XXIZ": -0.00390625, "XIZZ": -0.130859375, "XIZI": -0.0859375, "XIIZ": -0.0625, "IXZZ": 0.12890625, "IXZI": -0.005859375, "IXIZ": 0.025390625, "IIZZ": 0.80859375, "IIZI": -0.091796875, "IIIZ": -0.095703125, "YYXX": -0.138671875, "YYXI": 0.009765625, "YYIX": -0.046875, "YYII": 0.3515625, "YIXX": -0.140625, "YIXI": 0.07421875, "YIIX": -0.048828125, "YIII": 0.283203125, "IYXX": -0.17578125, "IYXI": 0.02734375, "IYIX": -0.060546875, "IYII": 0.478515625, "IIXX": -0.416015625, "IIXI": 0.017578125, "IIIX": 0.01953125, "YYZZ": 0.298828125, "YYZI": -0.001953125, "YYIZ": 0.021484375, "YIZZ": 0.166015625, "YIZI": -0.048828125, "YIIZ": -0.021484375, "IYZZ": 0.36328125, "IYZI": -0.01953125, "IYIZ": -0.0234375, "ZZXX": -0.353515625, "ZZXI": 0.009765625, "ZZIX": 0.044921875, "ZZII": 0.806640625, "ZIXX": -0.322265625, "ZIXI": 0.017578125, "ZIIX": 0.041015625, "ZIII": 0.849609375, "IZXX": -0.3046875, "IZXI": 0.01171875, "IZIX": 0.04296875, "IZII": 0.7265625, "ZZYY": 0.296875, "ZZYI": -0.01171875, "ZZIY": 0.0078125, "ZIYY": 0.33203125, "ZIYI": -0.046875, "ZIIY": 0.015625, "IZYY": 0.26953125, "IZYI": -0.046875, "IZIY": -0.01171875, "ZZZZ": 0.634765625, "ZZZI": -0.0234375, "ZZIZ": -0.005859375, "ZIZZ": 0.69140625, "ZIZI": -0.021484375, "ZIIZ": -0.00390625, "IZZZ": 0.5859375, "IZZI": -0.029296875, "IZIZ": -0.0078125, "XXXX": 0.173828125, "XXXI": -0.013671875, "XXIX": 0.04296875, "XIXX": 0.080078125, "XIXI": 0.017578125, "XIIX": 0.01953125, "IXXX": -0.111328125, "IXXI": -0.001953125, "IXIX": -0.05078125, "YYYY": 0.18359375, "YYYI": 0.06640625, "YYIY": 0.107421875, "YIYY": 0.109375, "YIYI": 0.0078125, "YIIY": 0.013671875, "IYYY": 0.193359375, "IYYI": 0.048828125, "IYIY": 0.0625, "XZZX": -0.015625, "YXYX": 0.09375, "XYXY": 0.134765625, "XZXZ": 0.00390625, "YZZY": 0.001953125, "ZXZX": 0.048828125, "YZYZ": -0.001953125, "YXXY": 0.091796875, "XYYX": 0.10546875, "ZXXZ": 0.025390625, "ZYZY": 0.017578125, "ZYYZ": -0.005859375}