{"XXZZ": -0.28125, "XXZI": -0.056640625, "XXIZ": -0.021484375, "XXII": -0.33203125, "XIZZ": 0.001953125, "XIZI": -0.04296875, "XIIZ": -0.05078125, "XIII": -0.013671875, "IXZZ": 0.123046875, "IXZI": -0.02734375, "IXIZ": -0.02734375, "IXII": 0.138671875, "IIZZ": 0.77734375, "IIZI": -0.025390625, "IIIZ": -0.037109375, "IIII": 1.0, "ZZXX": -0.345703125, "ZZXI": 0.083984375, "ZZIX": -0.05859375, "ZZII": 0.765625, "ZIXX": -0.384765625, "ZIXI": 0.044921875, "ZIIX": -0.0234375, "ZIII": 0.84765625, "IZXX": -0.326171875, "IZXI": 0.052734375, "IZIX": -0.0390625, "IZII": 0.7109375, "IIXX": -0.439453125, "IIXI": 0.048828125, "IIIX": -0.03125, "YYZZ": 0.31640625, "YYZI": -0.017578125, "YYIZ": -0.009765625, "YYII": 0.37109375, "YIZZ": 0.19921875, "YIZI": -0.005859375, "YIIZ": -0.001953125, "YIII": 0.2265625, "IYZZ": 0.359375, "IYZI": -0.001953125, "IYIZ": 0.021484375, "IYII": 0.4609375, "ZZYY": 0.34375, "ZZYI": 0.0234375, "ZZIY": 0.05078125, "ZIYY": 0.384765625, "ZIYI": 0.068359375, "ZIIY": 0.064453125, "IZYY": 0.310546875, "IZYI": 0.033203125, "IZIY": 0.080078125, "IIYY": 0.44140625, "IIYI": 0.05078125, "IIIY": 0.06640625, "XXYY": -0.15625, "XXYI": 0.0, "XXIY": 0.025390625, "XIYY": -0.134765625, "XIYI": 0.025390625, "XIIY": -0.05078125, "IXYY": 0.12109375, "IXYI": 0.0703125, "IXIY": 0.048828125, "YYXX": -0.1796875, "YYXI": -0.03125, "YYIX": 0.017578125, "YIXX": -0.04296875, "YIXI": -0.01953125, "YIIX": 0.009765625, "IYXX": -0.251953125, "IYXI": -0.044921875, "IYIX": 0.0234375, "ZZZZ": 0.603515625, "ZZZI": -0.0390625, "ZZIZ": -0.017578125, "ZIZZ": 0.685546875, "ZIZI": -0.046875, "ZIIZ": -0.033203125, "IZZZ": 0.568359375, "IZZI": -0.04296875, "IZIZ": -0.029296875, "YYYY": 0.13671875, "YYYI": 0.017578125, "YYIY": 0.0546875, "YIYY": 0.060546875, "YIYI": -0.01171875, "YIIY": -0.033203125, "IYYY": 0.20703125, "IYYI": -0.001953125, "IYIY": 0.0078125, "XXXX": 0.162109375, "XXXI": 0.064453125, "XXIX": -0.0546875, "XIXX": 0.09765625, "XIXI": -0.05078125, "XIIX": 0.033203125, "IXXX": -0.08984375, "IXXI": 0.00390625, "IXIX": 0.017578125, "YZYZ": 0.015625, "XZXZ": 0.0234375, "ZYYZ": 0.00390625, "ZXZX": 0.046875, "XZZX": 0.041015625, "YXYX": 0.138671875, "XYXY": 0.109375, "YZZY": -0.0625, "XYYX": 0.125, "ZXXZ": -0.005859375, "ZYZY": -0.01953125, "YXXY": 0.095703125}