{"XXZZ": -0.21875, "XXZI": -0.064453125, "XXIZ": -0.02734375, "XXII": -0.259765625, "XIZZ": -0.056640625, "XIZI": -0.02734375, "XIIZ": -0.021484375, "XIII": -0.06640625, "IXZZ": 0.10546875, "IXZI": -0.001953125, "IXIZ": 0.01171875, "IXII": 0.150390625, "IIZZ": 0.767578125, "IIZI": -0.02734375, "IIIZ": 0.001953125, "IIII": 1.0, "ZZXX": -0.34765625, "ZZXI": -0.041015625, "ZZIX": 0.060546875, "ZZII": 0.76953125, "ZIXX": -0.375, "ZIXI": -0.001953125, "ZIIX": 0.056640625, "ZIII": 0.85546875, "IZXX": -0.31640625, "IZXI": -0.009765625, "IZIX": 0.068359375, "IZII": 0.72265625, "IIXX": -0.45703125, "IIXI": -0.005859375, "IIIX": 0.052734375, "YYZZ": 0.26953125, "YYZI": -0.015625, "YYIZ": -0.01171875, "YYII": 0.37109375, "YIZZ": 0.09765625, "YIZI": -0.015625, "YIIZ": -0.0078125, "YIII": 0.171875, "IYZZ": 0.35546875, "IYZI": -0.05859375, "IYIZ": -0.01953125, "IYII": 0.453125, "ZZYY": 0.384765625, "ZZYI": -0.029296875, "ZZIY": 0.052734375, "ZIYY": 0.40234375, "ZIYI": -0.00390625, "ZIIY": 0.05078125, "IZYY": 0.337890625, "IZYI": -0.001953125, "IZIY": 0.072265625, "IIYY": 0.5, "IIYI": -0.00390625, "IIIY": 0.05078125, "XXYY": -0.134765625, "XXYI": 0.025390625, "XXIY": 0.0078125, "XIYY": -0.05078125, "XIYI": -0.01171875, "XIIY": -0.005859375, "IXYY": 0.13671875, "IXYI": -0.02734375, "IXIY": -0.001953125, "YYXX": -0.197265625, "YYXI": 0.02734375, "YYIX": 0.015625, "YIXX": -0.126953125, "YIXI": 0.05859375, "YIIX": -0.01953125, "IYXX": -0.22265625, "IYXI": 0.017578125, "IYIX": -0.001953125, "ZZZZ": 0.611328125, "ZZZI": -0.025390625, "ZZIZ": -0.017578125, "ZIZZ": 0.705078125, "ZIZI": -0.013671875, "ZIIZ": -0.005859375, "IZZZ": 0.56640625, "IZZI": -0.05078125, "IZIZ": -0.03125, "YYYY": 0.19140625, "YYYI": 0.02734375, "YYIY": -0.01171875, "YIYY": 0.119140625, "YIYI": 0.052734375, "YIIY": -0.021484375, "IYYY": 0.224609375, "IYYI": -0.025390625, "IYIY": -0.017578125, "XXXX": 0.134765625, "XXXI": -0.001953125, "XXIX": 0.01171875, "XIXX": 0.013671875, "XIXI": -0.025390625, "XIIX": 0.015625, "IXXX": -0.087890625, "IXXI": 0.025390625, "IXIX": 0.0078125, "YZYZ": 0.029296875, "XZXZ": 0.044921875, "ZYYZ": 0.0078125, "ZXZX": -0.03515625, "XZZX": -0.0390625, "YXYX": 0.07421875, "XYXY": 0.115234375, "YZZY": -0.015625, "XYYX": 0.080078125, "ZXXZ": -0.005859375, "ZYZY": 0.0546875, "YXXY": 0.087890625}