{"XXYY": -0.19140625, "XXYI": 0.029296875, "XXIY": 0.005859375, "XXII": -0.3125, "XIYY": -0.04296875, "XIYI": 0.048828125, "XIIY": 0.009765625, "XIII": -0.125, "IXYY": 0.125, "IXYI": 0.021484375, "IXIY": 0.009765625, "IXII": 0.1640625, "IIYY": 0.4140625, "IIYI": 0.009765625, "IIIY": 0.068359375, "IIII": 1.0, "XXZZ": -0.271484375, "XXZI": -0.04296875, "XXIZ": -0.05078125, "XIZZ": -0.08984375, "XIZI": -0.041015625, "XIIZ": -0.025390625, "IXZZ": 0.138671875, "IXZI": 0.01953125, "IXIZ": 0.0, "IIZZ": 0.82421875, "IIZI": 0.041015625, "IIIZ": 0.021484375, "YYXX": -0.185546875, "YYXI": 0.013671875, "YYIX": -0.017578125, "YYII": 0.388671875, "YIXX": -0.1171875, "YIXI": 0.046875, "YIIX": -0.04296875, "YIII": 0.234375, "IYXX": -0.201171875, "IYXI": 0.041015625, "IYIX": -0.013671875, "IYII": 0.451171875, "IIXX": -0.4296875, "IIXI": 0.03515625, "IIIX": -0.015625, "YYZZ": 0.298828125, "YYZI": -0.0078125, "YYIZ": -0.01953125, "YIZZ": 0.119140625, "YIZI": 0.01171875, "YIIZ": 0.015625, "IYZZ": 0.33203125, "IYZI": -0.001953125, "IYIZ": 0.033203125, "ZZXX": -0.345703125, "ZZXI": 0.01953125, "ZZIX": 0.03515625, "ZZII": 0.759765625, "ZIXX": -0.400390625, "ZIXI": 0.015625, "ZIIX": 0.04296875, "ZIII": 0.873046875, "IZXX": -0.33203125, "IZXI": -0.001953125, "IZIX": 0.048828125, "IZII": 0.69921875, "ZZYY": 0.412109375, "ZZYI": 0.03125, "ZZIY": 0.03125, "ZIYY": 0.423828125, "ZIYI": 0.0, "ZIIY": 0.01171875, "IZYY": 0.37109375, "IZYI": 0.021484375, "IZIY": -0.001953125, "ZZZZ": 0.650390625, "ZZZI": -0.05078125, "ZZIZ": -0.021484375, "ZIZZ": 0.734375, "ZIZI": -0.041015625, "ZIIZ": -0.015625, "IZZZ": 0.6171875, "IZZI": -0.064453125, "IZIZ": -0.03515625, "XXXX": 0.1640625, "XXXI": -0.01953125, "XXIX": 0.013671875, "XIXX": 0.03125, "XIXI": -0.01953125, "XIIX": -0.017578125, "IXXX": -0.091796875, "IXXI": -0.064453125, "IXIX": -0.00390625, "YYYY": 0.177734375, "YYYI": 0.01171875, "YYIY": 0.0703125, "YIYY": 0.10546875, "YIYI": 0.013671875, "YIIY": 0.044921875, "IYYY": 0.181640625, "IYYI": 0.01171875, "IYIY": 0.03125, "XZZX": 0.048828125, "YXYX": 0.1640625, "XYXY": 0.169921875, "XZXZ": -0.03125, "YZZY": -0.01171875, "ZXZX": -0.0078125, "YZYZ": 0.0234375, "YXXY": 0.078125, "XYYX": 0.09765625, "ZXXZ": 0.01171875, "ZYZY": 0.00390625, "ZYYZ": 0.044921875}