{"XXZZ": -0.220703125, "XXZI": 0.0, "XXIZ": -0.025390625, "XXII": -0.3125, "XIZZ": -0.125, "XIZI": 0.033203125, "XIIZ": 0.03515625, "XIII": -0.150390625, "IXZZ": 0.140625, "IXZI": 0.021484375, "IXIZ": 0.0, "IXII": 0.162109375, "IIZZ": 0.802734375, "IIZI": -0.07421875, "IIIZ": -0.052734375, "IIII": 1.0, "ZZXX": -0.32421875, "ZZXI": 0.013671875, "ZZIX": 0.03515625, "ZZII": 0.775390625, "ZIXX": -0.365234375, "ZIXI": 0.03515625, "ZIIX": 0.017578125, "ZIII": 0.859375, "IZXX": -0.29296875, "IZXI": 0.021484375, "IZIX": 0.03125, "IZII": 0.724609375, "IIXX": -0.423828125, "IIXI": -0.0078125, "IIIX": 0.056640625, "YYZZ": 0.3046875, "YYZI": -0.001953125, "YYIZ": 0.0234375, "YYII": 0.384765625, "YIZZ": 0.134765625, "YIZI": -0.01953125, "YIIZ": 0.021484375, "YIII": 0.19140625, "IYZZ": 0.3515625, "IYZI": -0.009765625, "IYIZ": -0.0078125, "IYII": 0.447265625, "ZZYY": 0.365234375, "ZZYI": 0.01171875, "ZZIY": 0.02734375, "ZIYY": 0.416015625, "ZIYI": 0.015625, "ZIIY": 0.0234375, "IZYY": 0.34765625, "IZYI": 0.001953125, "IZIY": 0.033203125, "IIYY": 0.45703125, "IIYI": 0.017578125, "IIIY": 0.033203125, "XXYY": -0.12890625, "XXYI": -0.025390625, "XXIY": -0.068359375, "XIYY": -0.07421875, "XIYI": 0.048828125, "XIIY": 0.041015625, "IXYY": 0.10546875, "IXYI": -0.095703125, "IXIY": -0.064453125, "YYXX": -0.173828125, "YYXI": 0.03515625, "YYIX": 0.0390625, "YIXX": -0.044921875, "YIXI": 0.06640625, "YIIX": -0.0234375, "IYXX": -0.16796875, "IYXI": 0.080078125, "IYIX": -0.001953125, "ZZZZ": 0.583984375, "ZZZI": -0.01171875, "ZZIZ": -0.02734375, "ZIZZ": 0.69140625, "ZIZI": 0.025390625, "ZIIZ": 0.005859375, "IZZZ": 0.548828125, "IZZI": -0.0234375, "IZIZ": -0.046875, "YYYY": 0.11328125, "YYYI": -0.017578125, "YYIY": 0.0, "YIYY": 0.064453125, "YIYI": -0.05859375, "YIIY": -0.017578125, "IYYY": 0.171875, "IYYI": -0.037109375, "IYIY": 0.00390625, "XXXX": 0.16015625, "XXXI": 0.033203125, "XXIX": 0.02734375, "XIXX": 0.03515625, "XIXI": 0.017578125, "XIIX": 0.00390625, "IXXX": -0.080078125, "IXXI": 0.0, "IXIX": -0.013671875, "YZYZ": -0.005859375, "XZXZ": 0.0234375, "ZYYZ": 0.009765625, "ZXZX": 0.01171875, "XZZX": 0.01171875, "YXYX": 0.099609375, "XYXY": 0.123046875, "YZZY": 0.009765625, "XYYX": 0.111328125, "ZXXZ": -0.021484375, "ZYZY": 0.013671875, "YXXY": 0.09375}