{"XXYY": -0.1484375, "XXYI": -0.02734375, "XXIY": -0.005859375, "XXII": -0.314453125, "XIYY": -0.0234375, "XIYI": 0.0078125, "XIIY": 0.013671875, "XIII": -0.064453125, "IXYY": 0.126953125, "IXYI": 0.013671875, "IXIY": -0.015625, "IXII": 0.15234375, "IIYY": 0.412109375, "IIYI": 0.076171875, "IIIY": 0.078125, "IIII": 1.0, "XXZZ": -0.259765625, "XXZI": -0.01953125, "XXIZ": -0.041015625, "XIZZ": -0.0859375, "XIZI": -0.009765625, "XIIZ": -0.03125, "IXZZ": 0.08203125, "IXZI": -0.013671875, "IXIZ": -0.00390625, "IIZZ": 0.779296875, "IIZI": -0.05859375, "IIIZ": -0.041015625, "YYXX": -0.1484375, "YYXI": -0.001953125, "YYIX": 0.0703125, "YYII": 0.345703125, "YIXX": -0.07421875, "YIXI": -0.033203125, "YIIX": 0.05078125, "YIII": 0.150390625, "IYXX": -0.201171875, "IYXI": 0.0, "IYIX": 0.021484375, "IYII": 0.453125, "IIXX": -0.431640625, "IIXI": 0.015625, "IIIX": 0.048828125, "YYZZ": 0.30078125, "YYZI": -0.017578125, "YYIZ": -0.013671875, "YIZZ": 0.169921875, "YIZI": 0.0234375, "YIIZ": 0.0, "IYZZ": 0.373046875, "IYZI": -0.01953125, "IYIZ": 0.015625, "ZZXX": -0.2890625, "ZZXI": 0.01171875, "ZZIX": 0.03515625, "ZZII": 0.7578125, "ZIXX": -0.359375, "ZIXI": 0.03125, "ZIIX": 0.01171875, "ZIII": 0.83984375, "IZXX": -0.2890625, "IZXI": 0.03515625, "IZIX": 0.0234375, "IZII": 0.70703125, "ZZYY": 0.384765625, "ZZYI": 0.015625, "ZZIY": -0.017578125, "ZIYY": 0.404296875, "ZIYI": -0.015625, "ZIIY": 0.017578125, "IZYY": 0.333984375, "IZYI": 0.0, "IZIY": -0.005859375, "ZZZZ": 0.666015625, "ZZZI": -0.01171875, "ZZIZ": -0.03515625, "ZIZZ": 0.6640625, "ZIZI": -0.037109375, "ZIIZ": -0.044921875, "IZZZ": 0.580078125, "IZZI": -0.02734375, "IZIZ": -0.05078125, "XXXX": 0.130859375, "XXXI": -0.02734375, "XXIX": -0.005859375, "XIXX": 0.0703125, "XIXI": -0.013671875, "XIIX": 0.0078125, "IXXX": -0.09765625, "IXXI": 0.060546875, "IXIX": -0.01171875, "YYYY": 0.1640625, "YYYI": -0.001953125, "YYIY": -0.005859375, "YIYY": 0.115234375, "YIYI": 0.0078125, "YIIY": -0.01171875, "IYYY": 0.181640625, "IYYI": 0.0, "IYIY": 0.0, "XZZX": 0.005859375, "YXYX": 0.08203125, "XYXY": 0.091796875, "XZXZ": -0.0078125, "YZZY": -0.025390625, "ZXZX": -0.048828125, "YZYZ": -0.01171875, "YXXY": 0.080078125, "XYYX": 0.15234375, "ZXXZ": -0.01171875, "ZYZY": -0.005859375, "ZYYZ": -0.0234375}