{"XXYY": -0.1640625, "XXYI": 0.0234375, "XXIY": -0.0234375, "XXII": -0.29296875, "XIYY": -0.04296875, "XIYI": -0.01953125, "XIIY": 0.0, "XIII": -0.12890625, "IXYY": 0.09765625, "IXYI": 0.00390625, "IXIY": 0.02734375, "IXII": 0.1796875, "IIYY": 0.421875, "IIYI": -0.0234375, "IIIY": -0.01171875, "IIII": 1.0, "XXZZ": -0.2734375, "XXZI": -0.01953125, "XXIZ": -0.017578125, "XIZZ": -0.0859375, "XIZI": 0.0390625, "XIIZ": 0.041015625, "IXZZ": 0.060546875, "IXZI": 0.009765625, "IXIZ": 0.01171875, "IIZZ": 0.814453125, "IIZI": -0.021484375, "IIIZ": -0.01953125, "YYXX": -0.15625, "YYXI": -0.015625, "YYIX": -0.01171875, "YYII": 0.3359375, "YIXX": -0.064453125, "YIXI": 0.001953125, "YIIX": -0.044921875, "YIII": 0.197265625, "IYXX": -0.232421875, "IYXI": -0.005859375, "IYIX": -0.044921875, "IYII": 0.466796875, "IIXX": -0.484375, "IIXI": -0.01953125, "IIIX": 0.015625, "YYZZ": 0.314453125, "YYZI": -0.046875, "YYIZ": -0.017578125, "YIZZ": 0.162109375, "YIZI": 0.00390625, "YIIZ": -0.009765625, "IYZZ": 0.416015625, "IYZI": 0.00390625, "IYIZ": -0.001953125, "ZZXX": -0.40625, "ZZXI": 0.029296875, "ZZIX": -0.0234375, "ZZII": 0.810546875, "ZIXX": -0.419921875, "ZIXI": -0.01171875, "ZIIX": 0.021484375, "ZIII": 0.8671875, "IZXX": -0.359375, "IZXI": 0.001953125, "IZIX": -0.01953125, "IZII": 0.755859375, "ZZYY": 0.375, "ZZYI": -0.044921875, "ZZIY": 0.013671875, "ZIYY": 0.39453125, "ZIYI": -0.029296875, "ZIIY": 0.021484375, "IZYY": 0.33203125, "IZYI": -0.029296875, "IZIY": 0.001953125, "ZZZZ": 0.62109375, "ZZZI": -0.095703125, "ZZIZ": -0.041015625, "ZIZZ": 0.681640625, "ZIZI": -0.04296875, "ZIIZ": -0.015625, "IZZZ": 0.564453125, "IZZI": -0.08203125, "IZIZ": -0.04296875, "XXXX": 0.111328125, "XXXI": 0.017578125, "XXIX": -0.013671875, "XIXX": 0.017578125, "XIXI": -0.005859375, "XIIX": -0.021484375, "IXXX": -0.09375, "IXXI": -0.00390625, "IXIX": 0.015625, "YYYY": 0.189453125, "YYYI": 0.03125, "YYIY": 0.029296875, "YIYY": 0.1171875, "YIYI": -0.001953125, "YIIY": 0.0234375, "IYYY": 0.18359375, "IYYI": -0.005859375, "IYIY": 0.0, "XZZX": -0.056640625, "YXYX": 0.0625, "XYXY": 0.078125, "XZXZ": 0.005859375, "YZZY": 0.02734375, "ZXZX": -0.01171875, "YZYZ": -0.041015625, "YXXY": 0.11328125, "XYYX": 0.177734375, "ZXXZ": 0.017578125, "ZYZY": 0.01953125, "ZYYZ": 0.0234375}