{"XXZZ": -0.234375, "XXZI": 0.015625, "XXIZ": 0.00390625, "XXII": -0.296875, "XIZZ": -0.138671875, "XIZI": 0.017578125, "XIIZ": -0.005859375, "XIII": -0.134765625, "IXZZ": 0.126953125, "IXZI": -0.013671875, "IXIZ": -0.041015625, "IXII": 0.142578125, "IIZZ": 0.80859375, "IIZI": -0.06640625, "IIIZ": -0.05859375, "IIII": 1.0, "ZZXX": -0.361328125, "ZZXI": -0.009765625, "ZZIX": 0.0390625, "ZZII": 0.78515625, "ZIXX": -0.375, "ZIXI": -0.015625, "ZIIX": 0.060546875, "ZIII": 0.845703125, "IZXX": -0.3359375, "IZXI": 0.0, "IZIX": 0.033203125, "IZII": 0.716796875, "IIXX": -0.447265625, "IIXI": 0.005859375, "IIIX": 0.04296875, "YYZZ": 0.275390625, "YYZI": 0.017578125, "YYIZ": -0.001953125, "YYII": 0.373046875, "YIZZ": 0.1796875, "YIZI": -0.00390625, "YIIZ": -0.00390625, "YIII": 0.21875, "IYZZ": 0.357421875, "IYZI": 0.052734375, "IYIZ": 0.068359375, "IYII": 0.435546875, "ZZYY": 0.36328125, "ZZYI": 0.044921875, "ZZIY": 0.0625, "ZIYY": 0.365234375, "ZIYI": 0.06640625, "ZIIY": 0.044921875, "IZYY": 0.32421875, "IZYI": 0.056640625, "IZIY": 0.03125, "IIYY": 0.443359375, "IIYI": 0.0546875, "IIIY": 0.068359375, "XXYY": -0.15625, "XXYI": 0.01171875, "XXIY": -0.013671875, "XIYY": -0.048828125, "XIYI": 0.013671875, "XIIY": -0.0078125, "IXYY": 0.01171875, "IXYI": -0.0546875, "IXIY": 0.009765625, "YYXX": -0.177734375, "YYXI": 0.00390625, "YYIX": -0.033203125, "YIXX": -0.08203125, "YIXI": -0.025390625, "YIIX": 0.0, "IYXX": -0.25, "IYXI": -0.029296875, "IYIX": 0.03125, "ZZZZ": 0.634765625, "ZZZI": -0.08203125, "ZZIZ": -0.021484375, "ZIZZ": 0.69921875, "ZIZI": -0.048828125, "ZIIZ": -0.0078125, "IZZZ": 0.58984375, "IZZI": -0.068359375, "IZIZ": -0.0234375, "YYYY": 0.18359375, "YYYI": 0.009765625, "YYIY": 0.01171875, "YIYY": 0.09765625, "YIYI": 0.005859375, "YIIY": 0.00390625, "IYYY": 0.193359375, "IYYI": -0.07421875, "IYIY": -0.041015625, "XXXX": 0.08984375, "XXXI": -0.0546875, "XXIX": 0.05859375, "XIXX": 0.064453125, "XIXI": 0.017578125, "XIIX": 0.013671875, "IXXX": -0.115234375, "IXXI": -0.029296875, "IXIX": -0.025390625, "YZYZ": 0.03125, "XZXZ": -0.013671875, "ZYYZ": 0.015625, "ZXZX": -0.001953125, "XZZX": 0.02734375, "YXYX": 0.09765625, "XYXY": 0.099609375, "YZZY": -0.01171875, "XYYX": 0.060546875, "ZXXZ": -0.02734375, "ZYZY": -0.037109375, "YXXY": 0.0859375}