{"YYZZ": 0.25, "YYZI": -0.0026041666666666297, "YYIZ": 0.003906250000000014, "YYII": 0.34244791666666663, "YIZZ": 0.1940104166666667, "YIZI": 0.03515624999999997, "YIIZ": 0.007812499999999972, "YIII": 0.2213541666666667, "IYZZ": 0.40625, "IYZI": -0.015625000000000028, "IYIZ": -0.03255208333333334, "IYII": 0.48567708333333337, "IIZZ": 0.7981770833333333, "IIZI": -0.06640625000000006, "IIIZ": -0.033854166666666685, "IIII": 1.0, "ZZYY": 0.40104166666666663, "ZZYI": -0.009114583333333315, "ZZIY": 2.7755575615628914e-17, "ZZII": 0.7955729166666667, "ZIYY": 0.4062499999999999, "ZIYI": 0.01171875, "ZIIY": 0.03385416666666666, "ZIII": 0.85546875, "IZYY": 0.3502604166666667, "IZYI": 0.007812500000000056, "IZIY": 0.014322916666666685, "IZII": 0.7265625, "IIYY": 0.47526041666666663, "IIYI": -0.0078125, "IIIY": 0.03255208333333337, "YYXX": -0.17578125, "YYXI": 0.0013020833333333148, "YYIX": 0.01171875, "YIXX": -0.06901041666666666, "YIXI": 0.04557291666666666, "YIIX": -0.04817708333333339, "IYXX": -0.15885416666666669, "IYXI": 0.01041666666666663, "IYIX": 0.031250000000000056, "IIXX": -0.38281250000000006, "IIXI": 0.010416666666666685, "IIIX": 0.06770833333333331, "ZZXX": -0.34505208333333326, "ZZXI": 0.028645833333333315, "ZZIX": 0.020833333333333343, "ZIXX": -0.3919270833333333, "ZIXI": 0.002604166666666685, "ZIIX": 0.018229166666666685, "IZXX": -0.32291666666666663, "IZXI": -0.006510416666666685, "IZIX": 0.04817708333333337, "XXYY": -0.17708333333333331, "XXYI": 0.014322916666666657, "XXIY": 0.013020833333333315, "XXII": -0.33723958333333337, "XIYY": 0.003906249999999986, "XIYI": 0.013020833333333301, "XIIY": 0.01953124999999996, "XIII": -0.07031249999999999, "IXYY": 0.06770833333333333, "IXYI": 0.014322916666666671, "IXIY": -0.028645833333333332, "IXII": 0.13151041666666663, "XXZZ": -0.23307291666666669, "XXZI": -0.046874999999999986, "XXIZ": -0.046875000000000014, "XIZZ": -0.022135416666666696, "XIZI": -0.0052083333333333565, "XIIZ": 0.005208333333333304, "IXZZ": 0.1328125, "IXZI": -0.01171875, "IXIZ": 0.0013020833333333426, "YYYY": 0.16145833333333337, "YYYI": -0.036458333333333315, "YYIY": 0.007812500000000014, "YIYY": 0.08463541666666666, "YIYI": -0.011718749999999972, "YIIY": 0.03776041666666666, "IYYY": 0.22265625, "IYYI": -0.040364583333333315, "IYIY": -0.011718749999999986, "XXXX": 0.15755208333333334, "XXXI": 0.01953125, "XXIX": 0.0, "XIXX": 0.011718750000000042, "XIXI": 0.01692708333333333, "XIIX": -0.013020833333333301, "IXXX": -0.09244791666666669, "IXXI": 0.014322916666666657, "IXIX": 0.015625000000000007, "ZZZZ": 0.6236979166666667, "ZZZI": -0.044270833333333426, "ZZIZ": -0.032552083333333426, "ZIZZ": 0.7044270833333334, "ZIZI": -0.06770833333333337, "ZIIZ": -0.03776041666666674, "IZZZ": 0.5638020833333333, "IZZI": -0.07031250000000006, "IZIZ": -0.048177083333333315, "XZXZ": 0.05625, "ZYYZ": 0.003125, "XYXY": 0.109375, "YXYX": 0.11875, "YXXY": 0.11875, "ZXXZ": -0.0125, "ZXZX": 0.03125, "YZZY": 0.025, "XYYX": 0.14375, "ZYZY": 0.015625, "YZYZ": 0.040625, "XZZX": 0.0125}