{"YYZZ": 0.2825520833333333, "YYZI": 0.02864583333333337, "YYIZ": 0.018229166666666685, "YYII": 0.34765625, "YIZZ": 0.15885416666666669, "YIZI": 0.01432291666666663, "YIIZ": 0.00651041666666663, "YIII": 0.19531250000000006, "IYZZ": 0.36067708333333337, "IYZI": 0.03125, "IYIZ": 0.049479166666666685, "IYII": 0.44921875000000006, "IIZZ": 0.8203125, "IIZI": -0.01953125, "IIIZ": -0.00390625, "IIII": 1.0, "ZZYY": 0.30598958333333326, "ZZYI": -0.015625, "ZZIY": 0.03515624999999997, "ZZII": 0.75, "ZIYY": 0.33984375, "ZIYI": 0.02604166666666674, "ZIIY": 0.04296875000000003, "ZIII": 0.84375, "IZYY": 0.30338541666666663, "IZYI": -5.551115123125783e-17, "IZIY": 0.02213541666666663, "IZII": 0.7135416666666665, "IIYY": 0.42057291666666663, "IIYI": 0.015625000000000056, "IIIY": 0.06119791666666671, "YYXX": -0.17838541666666666, "YYXI": 0.020833333333333315, "YYIX": 0.018229166666666685, "YIXX": -0.07161458333333331, "YIXI": 0.010416666666666602, "YIIX": 0.018229166666666713, "IYXX": -0.17968750000000006, "IYXI": -0.035156250000000056, "IYIX": 0.04817708333333334, "IIXX": -0.4479166666666667, "IIXI": 0.00651041666666663, "IIIX": 0.032552083333333315, "ZZXX": -0.34114583333333337, "ZZXI": -0.006510416666666685, "ZZIX": 0.03906249999999997, "ZIXX": -0.4075520833333333, "ZIXI": -0.002604166666666685, "ZIIX": 0.050781250000000056, "IZXX": -0.31770833333333337, "IZXI": -0.006510416666666685, "IZIX": 0.03645833333333337, "XXYY": -0.10807291666666667, "XXYI": -0.05208333333333337, "XXIY": -0.040364583333333356, "XXII": -0.30208333333333337, "XIYY": -0.042968749999999944, "XIYI": 0.013020833333333343, "XIIY": 0.0013020833333333426, "XIII": -0.08333333333333326, "IXYY": 0.08984374999999997, "IXYI": 0.013020833333333343, "IXIY": 0.024739583333333343, "IXII": 0.13541666666666666, "XXZZ": -0.29296875, "XXZI": -0.009114583333333315, "XXIZ": -0.01953125, "XIZZ": -0.10807291666666673, "XIZI": -0.03776041666666667, "XIIZ": -0.058593750000000014, "IXZZ": 0.1354166666666667, "IXZI": 0.007812499999999993, "IXIZ": 0.018229166666666664, "YYYY": 0.1484375, "YYYI": 0.0013020833333333703, "YYIY": 0.014322916666666685, "YIYY": 0.08463541666666663, "YIYI": -0.02604166666666667, "YIIY": -0.007812499999999965, "IYYY": 0.18880208333333337, "IYYI": -0.0234375, "IYIY": -0.06510416666666669, "XXXX": 0.0989583333333333, "XXXI": -0.02473958333333333, "XXIX": 0.009114583333333329, "XIXX": 0.0, "XIXI": 0.006510416666666685, "XIIX": 0.01171875, "IXXX": -0.06510416666666663, "IXXI": 0.01171874999999998, "IXIX": 0.003906250000000007, "ZZZZ": 0.6119791666666667, "ZZZI": 0.005208333333333315, "ZZIZ": -0.005208333333333315, "ZIZZ": 0.6901041666666666, "ZIZI": -0.03125, "ZIIZ": -0.03385416666666674, "IZZZ": 0.5911458333333335, "IZZI": -0.028645833333333315, "IZIZ": -0.041666666666666685, "XZXZ": -0.021875, "ZYYZ": 0.04375, "XYXY": 0.1375, "YXYX": 0.06875, "YXXY": 0.05625, "ZXXZ": 0.040625, "ZXZX": 0.021875, "YZZY": -0.0125, "XYYX": 0.090625, "ZYZY": 0.021875, "YZYZ": 0.034375, "XZZX": 0.015625}