{"YYZZ": 0.2890625, "YYZI": 0.04427083333333334, "YYIZ": 0.046875000000000014, "YYII": 0.34635416666666663, "YIZZ": 0.19270833333333331, "YIZI": 0.02343749999999996, "YIIZ": 0.0286458333333333, "YIII": 0.21093749999999994, "IYZZ": 0.390625, "IYZI": -0.018229166666666685, "IYIZ": -0.010416666666666685, "IYII": 0.47916666666666663, "IIZZ": 0.8151041666666665, "IIZI": -0.04947916666666663, "IIIZ": -0.059895833333333315, "IIII": 0.9999999999999999, "ZZYY": 0.34765625, "ZZYI": 0.04036458333333337, "ZZIY": 0.010416666666666713, "ZZII": 0.7916666666666666, "ZIYY": 0.375, "ZIYI": 0.03125, "ZIIY": 0.001302083333333287, "ZIII": 0.8658854166666667, "IZYY": 0.3046875, "IZYI": 0.0234375, "IZIY": -0.00651041666666663, "IZII": 0.7278645833333334, "IIYY": 0.45182291666666674, "IIYI": 0.03515625, "IIIY": 0.010416666666666713, "YYXX": -0.17708333333333331, "YYXI": -0.010416666666666685, "YYIX": 0.0078125, "YIXX": -0.09244791666666667, "YIXI": -0.035156249999999986, "YIIX": 0.04817708333333333, "IYXX": -0.17838541666666663, "IYXI": 0.00390625, "IYIX": 0.055989583333333315, "IIXX": -0.4479166666666667, "IIXI": 0.03645833333333337, "IIIX": 0.054687500000000056, "ZZXX": -0.33854166666666663, "ZZXI": 0.014322916666666685, "ZZIX": -0.019531249999999972, "ZIXX": -0.3776041666666667, "ZIXI": 0.014322916666666685, "ZIIX": 0.009114583333333204, "IZXX": -0.31770833333333337, "IZXI": 0.01171875, "IZIX": -0.014322916666666685, "XXYY": -0.16015625, "XXYI": 0.0013020833333333703, "XXIY": -0.005208333333333315, "XXII": -0.3255208333333333, "XIYY": -0.03385416666666664, "XIYI": 0.010416666666666664, "XIIY": 0.02994791666666665, "XIII": -0.11067708333333331, "IXYY": 0.125, "IXYI": -0.023437500000000014, "IXIY": -0.02213541666666667, "IXII": 0.15494791666666669, "XXZZ": -0.28125, "XXZI": -0.027343749999999944, "XXIZ": -0.009114583333333315, "XIZZ": -0.11588541666666666, "XIZI": -0.002604166666666685, "XIIZ": 0.020833333333333315, "IXZZ": 0.09244791666666666, "IXZI": -0.046875, "IXIZ": -0.046875, "YYYY": 0.16015625, "YYYI": 0.04296875, "YYIY": 0.0026041666666666435, "YIYY": 0.08463541666666666, "YIYI": 0.011718749999999972, "YIIY": -0.007812500000000028, "IYYY": 0.17317708333333331, "IYYI": 0.014322916666666657, "IYIY": -0.023437500000000014, "XXXX": 0.15234374999999997, "XXXI": 2.7755575615628914e-17, "XXIX": -0.024739583333333343, "XIXX": 0.026041666666666664, "XIXI": -0.014322916666666664, "XIIX": 0.013020833333333336, "IXXX": -0.08854166666666664, "IXXI": -0.0013020833333333565, "IXIX": 0.023437500000000014, "ZZZZ": 0.61328125, "ZZZI": -0.0390625, "ZZIZ": -0.03125, "ZIZZ": 0.7291666666666667, "ZIZI": -0.011718750000000056, "ZIIZ": -0.019531250000000056, "IZZZ": 0.5872395833333334, "IZZI": -0.04427083333333337, "IZIZ": -0.04166666666666663, "XZXZ": -0.09375, "ZYYZ": -0.021875, "XYXY": 0.103125, "YXYX": 0.01875, "YXXY": 0.115625, "ZXXZ": -0.025, "ZXZX": -0.00625, "YZZY": 0.028125, "XYYX": 0.146875, "ZYZY": -0.0125, "YZYZ": -0.01875, "XZZX": -0.009375}