{"YYZZ": 0.26953125, "YYZI": 0.028645833333333343, "YYIZ": 0.04427083333333334, "YYII": 0.34765625, "YIZZ": 0.13411458333333337, "YIZI": 0.007812500000000083, "YIIZ": 0.020833333333333398, "YIII": 0.18880208333333337, "IYZZ": 0.36197916666666663, "IYZI": 0.0013020833333333426, "IYIZ": 0.04036458333333334, "IYII": 0.46354166666666663, "IIZZ": 0.8125, "IIZI": -0.02734375, "IIIZ": 0.01432291666666674, "IIII": 1.0, "ZZYY": 0.3684895833333333, "ZZYI": 0.032552083333333315, "ZZIY": 0.039062499999999944, "ZZII": 0.78125, "ZIYY": 0.41145833333333337, "ZIYI": 0.036458333333333315, "ZIIY": 0.07421874999999997, "ZIII": 0.8658854166666667, "IZYY": 0.359375, "IZYI": 0.03125, "IZIY": 0.02734375, "IZII": 0.74609375, "IIYY": 0.4674479166666667, "IIYI": 0.042968749999999944, "IIIY": 0.08072916666666657, "YYXX": -0.19791666666666669, "YYXI": 0.029947916666666685, "YYIX": 0.015625000000000028, "YIXX": -0.07291666666666666, "YIXI": 0.019531250000000028, "YIIX": 0.020833333333333294, "IYXX": -0.19401041666666663, "IYXI": 0.01302083333333337, "IYIX": 0.042968749999999986, "IIXX": -0.43619791666666674, "IIXI": 0.078125, "IIIX": 0.06640625000000003, "ZZXX": -0.34114583333333326, "ZZXI": 0.00390625, "ZZIX": 0.05208333333333337, "ZIXX": -0.3776041666666666, "ZIXI": -0.0013020833333333148, "ZIIX": 0.08593749999999994, "IZXX": -0.3372395833333333, "IZXI": 0.028645833333333315, "IZIX": 0.024739583333333426, "XXYY": -0.13541666666666669, "XXYI": 0.044270833333333315, "XXIY": 0.005208333333333315, "XXII": -0.3151041666666667, "XIYY": -0.006510416666666671, "XIYI": 0.009114583333333356, "XIIY": -0.0403645833333333, "XIII": -0.08203125000000001, "IXYY": 0.07421875, "IXYI": 0.009114583333333315, "IXIY": 0.014322916666666675, "IXII": 0.13671875, "XXZZ": -0.203125, "XXZI": -0.022135416666666657, "XXIZ": -0.0078125, "XIZZ": -0.08593749999999997, "XIZI": -0.019531250000000007, "XIIZ": -0.015624999999999993, "IXZZ": 0.11328125, "IXZI": 0.04427083333333332, "IXIZ": 0.048177083333333336, "YYYY": 0.17447916666666666, "YYYI": 0.0026041666666666574, "YYIY": 0.04947916666666666, "YIYY": 0.10677083333333333, "YIYI": 0.023437500000000014, "YIIY": 0.04947916666666667, "IYYY": 0.22916666666666663, "IYYI": 0.03906249999999997, "IYIY": 0.059895833333333315, "XXXX": 0.16796874999999997, "XXXI": 0.0013020833333333426, "XXIX": -0.015625000000000028, "XIXX": 0.0859375, "XIXI": 0.03125000000000003, "XIIX": -0.006510416666666657, "IXXX": -0.028645833333333322, "IXXI": 0.028645833333333336, "IXIX": -0.02994791666666665, "ZZZZ": 0.62109375, "ZZZI": -0.01953125, "ZZIZ": -0.0026041666666666297, "ZIZZ": 0.671875, "ZIZI": -0.005208333333333426, "ZIIZ": -0.0039062500000000555, "IZZZ": 0.5885416666666667, "IZZI": -0.015624999999999944, "IZIZ": -0.011718749999999944, "XZXZ": -0.0125, "ZYYZ": -0.0125, "XYXY": 0.10625, "YXYX": 0.1, "YXXY": 0.13125, "ZXXZ": -0.009375, "ZXZX": -0.046875, "YZZY": -0.025, "XYYX": 0.115625, "ZYZY": 0.075, "YZYZ": 0.015625, "XZZX": -0.059375}