{"YYZZ": 0.24348958333333331, "YYZI": -0.0078125, "YYIZ": 0.027343749999999986, "YYII": 0.3307291666666667, "YIZZ": 0.1393229166666666, "YIZI": 0.028645833333333287, "YIIZ": 0.04036458333333329, "YIII": 0.1979166666666666, "IYZZ": 0.33984375, "IYZI": 0.059895833333333315, "IYIZ": 0.048177083333333315, "IYII": 0.43229166666666663, "IIZZ": 0.8111979166666666, "IIZI": 0.0, "IIIZ": 0.03776041666666663, "IIII": 1.0, "ZZYY": 0.35807291666666663, "ZZYI": -0.005208333333333315, "ZZIY": 2.7755575615628914e-17, "ZZII": 0.7643229166666665, "ZIYY": 0.39713541666666663, "ZIYI": 0.002604166666666685, "ZIIY": -2.7755575615628914e-17, "ZIII": 0.84765625, "IZYY": 0.3385416666666667, "IZYI": 0.014322916666666685, "IZIY": 0.0013020833333333148, "IZII": 0.7161458333333333, "IIYY": 0.45833333333333326, "IIYI": -0.00651041666666663, "IIIY": 0.009114583333333315, "YYXX": -0.20442708333333337, "YYXI": 0.00390625, "YYIX": 0.04296875, "YIXX": -0.11067708333333334, "YIXI": 0.006510416666666657, "YIIX": 0.03255208333333334, "IYXX": -0.21354166666666663, "IYXI": -0.005208333333333315, "IYIX": 0.036458333333333315, "IIXX": -0.45572916666666663, "IIXI": 0.0, "IIIX": 0.06510416666666663, "ZZXX": -0.3632812500000001, "ZZXI": 0.01953125, "ZZIX": -0.005208333333333343, "ZIXX": -0.42317708333333326, "ZIXI": 0.00390625, "ZIIX": 0.005208333333333287, "IZXX": -0.33723958333333337, "IZXI": 0.02213541666666674, "IZIX": -0.01302083333333337, "XXYY": -0.12369791666666669, "XXYI": -0.03385416666666663, "XXIY": -0.05338541666666666, "XXII": -0.2890625, "XIYY": -0.05338541666666667, "XIYI": 0.015625000000000014, "XIIY": -0.035156250000000014, "XIII": -0.0729166666666667, "IXYY": 0.029947916666666654, "IXYI": 0.02604166666666667, "IXIY": 0.019531250000000003, "IXII": 0.12760416666666669, "XXZZ": -0.23567708333333331, "XXZI": 0.0026041666666666297, "XXIZ": -0.007812500000000028, "XIZZ": -0.05468750000000002, "XIZI": 0.00911458333333335, "XIIZ": -0.01953124999999998, "IXZZ": 0.11328125, "IXZI": -0.023437500000000007, "IXIZ": -0.013020833333333336, "YYYY": 0.17578125, "YYYI": -0.03515625000000003, "YYIY": -0.014322916666666671, "YIYY": 0.0807291666666667, "YIYI": -0.0286458333333333, "YIIY": -0.026041666666666644, "IYYY": 0.16796875000000006, "IYYI": -0.02213541666666663, "IYIY": -0.02213541666666667, "XXXX": 0.1484375, "XXXI": 0.018229166666666657, "XXIX": -0.0234375, "XIXX": 0.015624999999999986, "XIXI": -0.036458333333333384, "XIIX": -0.03124999999999996, "IXXX": -0.059895833333333336, "IXXI": -0.018229166666666685, "IXIX": 0.033854166666666664, "ZZZZ": 0.5963541666666667, "ZZZI": 0.0013020833333334259, "ZZIZ": -0.010416666666666574, "ZIZZ": 0.6966145833333333, "ZIZI": -0.002604166666666685, "ZIIZ": -0.019531249999999944, "IZZZ": 0.5494791666666667, "IZZI": 0.019531250000000056, "IZIZ": 5.551115123125783e-17, "XZXZ": -0.009375, "ZYYZ": -0.01875, "XYXY": 0.0875, "YXYX": 0.103125, "YXXY": 0.125, "ZXXZ": 0.03125, "ZXZX": 0.06875, "YZZY": -0.009375, "XYYX": 0.15, "ZYZY": 0.009375, "YZYZ": -0.0375, "XZZX": -0.046875}