{"YYZZ": 0.3046875, "YYZI": 0.028645833333333315, "YYIZ": 0.010416666666666685, "YYII": 0.3671875, "YIZZ": 0.1809895833333333, "YIZI": 0.03515624999999997, "YIIZ": 0.029947916666666657, "YIII": 0.19921874999999997, "IYZZ": 0.39453125, "IYZI": 0.022135416666666685, "IYIZ": 0.024739583333333315, "IYII": 0.45703125, "IIZZ": 0.7786458333333333, "IIZI": -0.036458333333333315, "IIIZ": -0.03645833333333337, "IIII": 1.0, "ZZYY": 0.34505208333333337, "ZZYI": -0.010416666666666574, "ZZIY": 0.014322916666666713, "ZZII": 0.7786458333333333, "ZIYY": 0.4049479166666667, "ZIYI": 0.0026041666666667407, "ZIIY": 0.04817708333333337, "ZIII": 0.8697916666666667, "IZYY": 0.31119791666666663, "IZYI": 0.00520833333333337, "IZIY": 0.02994791666666674, "IZII": 0.734375, "IIYY": 0.44661458333333337, "IIYI": -0.015625, "IIIY": 0.014322916666666657, "YYXX": -0.14062499999999994, "YYXI": -0.06901041666666669, "YYIX": 0.059895833333333336, "YIXX": -0.10807291666666666, "YIXI": -0.06250000000000003, "YIIX": 0.08463541666666666, "IYXX": -0.1901041666666666, "IYXI": 0.0013020833333333426, "IYIX": 0.05208333333333334, "IIXX": -0.43619791666666663, "IIXI": -0.02604166666666663, "IIIX": 0.0846354166666666, "ZZXX": -0.33463541666666663, "ZZXI": 0.02864583333333337, "ZZIX": -0.022135416666666657, "ZIXX": -0.37109375, "ZIXI": 0.02604166666666663, "ZIIX": -0.01953125, "IZXX": -0.3190104166666667, "IZXI": 0.020833333333333315, "IZIX": -0.006510416666666685, "XXYY": -0.12369791666666667, "XXYI": 0.007812499999999972, "XXIY": -0.031250000000000014, "XXII": -0.30338541666666663, "XIYY": -0.03906249999999997, "XIYI": 0.006510416666666685, "XIIY": -0.02734375, "XIII": -0.09895833333333334, "IXYY": 0.07942708333333334, "IXYI": -0.0234375, "IXIY": -0.010416666666666657, "IXII": 0.17057291666666669, "XXZZ": -0.26953125, "XXZI": -0.028645833333333315, "XXIZ": 0.0, "XIZZ": -0.07161458333333334, "XIZI": 1.3877787807814457e-17, "XIIZ": -0.005208333333333329, "IXZZ": 0.11979166666666669, "IXZI": -0.019531249999999972, "IXIZ": -0.006510416666666657, "YYYY": 0.16015625, "YYYI": 0.024739583333333287, "YYIY": 0.01692708333333333, "YIYY": 0.0963541666666667, "YIYI": 0.04166666666666667, "YIIY": 0.039062500000000014, "IYYY": 0.19401041666666669, "IYYI": -0.011718749999999944, "IYIY": 0.0299479166666667, "XXXX": 0.19791666666666666, "XXXI": 0.02213541666666663, "XXIX": -0.04557291666666666, "XIXX": 0.04036458333333332, "XIXI": -0.015625, "XIIX": 6.938893903907228e-18, "IXXX": -0.09765624999999997, "IXXI": -0.020833333333333315, "IXIX": 0.04166666666666666, "ZZZZ": 0.62890625, "ZZZI": -0.05078125, "ZZIZ": -0.05989583333333337, "ZIZZ": 0.6627604166666667, "ZIZI": -0.03776041666666674, "ZIIZ": -0.05208333333333337, "IZZZ": 0.5455729166666666, "IZZI": -0.05859375, "IZIZ": -0.05989583333333337, "XZXZ": 0.06875, "ZYYZ": 0.04375, "XYXY": 0.090625, "YXYX": 0.0375, "YXXY": 0.11875, "ZXXZ": 0.003125, "ZXZX": 0.028125, "YZZY": -0.015625, "XYYX": 0.153125, "ZYZY": 0.0125, "YZYZ": -0.00625, "XZZX": 0.065625}