{"YYZZ": 0.33984375000000006, "YYZI": 0.00911458333333337, "YYIZ": 0.015625, "YYII": 0.41406250000000006, "YIZZ": 0.20572916666666677, "YIZI": 0.0182291666666667, "YIIZ": 0.037760416666666685, "YIII": 0.2460937500000001, "IYZZ": 0.40625, "IYZI": 0.04166666666666666, "IYIZ": 0.061197916666666685, "IYII": 0.5091145833333334, "IIZZ": 0.8059895833333333, "IIZI": -0.00911458333333326, "IIIZ": 0.002604166666666685, "IIII": 1.0, "ZZYY": 0.3619791666666666, "ZZYI": -0.024739583333333315, "ZZIY": -0.005208333333333315, "ZZII": 0.7747395833333333, "ZIYY": 0.41406250000000006, "ZIYI": -0.016927083333333315, "ZIIY": 0.007812500000000056, "ZIII": 0.8424479166666667, "IZYY": 0.3268229166666667, "IZYI": -0.041666666666666685, "IZIY": -0.014322916666666685, "IZII": 0.7109375, "IIYY": 0.4752604166666667, "IIYI": -0.015625, "IIIY": 0.016927083333333315, "YYXX": -0.21484375, "YYXI": 0.023437500000000028, "YYIX": 0.02734374999999996, "YIXX": -0.13932291666666666, "YIXI": 0.0026041666666666574, "YIIX": 0.019531250000000028, "IYXX": -0.21484375, "IYXI": -0.007812500000000028, "IYIX": 0.02994791666666667, "IIXX": -0.44921875, "IIXI": 0.005208333333333426, "IIIX": 0.02994791666666663, "ZZXX": -0.33854166666666663, "ZZXI": 0.02473958333333337, "ZZIX": 0.05468749999999992, "ZIXX": -0.3984375, "ZIXI": 0.009114583333333315, "ZIIX": 0.05729166666666666, "IZXX": -0.34244791666666663, "IZXI": 0.0078125, "IZIX": 0.05078125, "XXYY": -0.17838541666666669, "XXYI": 0.016927083333333315, "XXIY": -0.019531249999999972, "XXII": -0.3190104166666667, "XIYY": -0.045572916666666644, "XIYI": -0.0325520833333333, "XIIY": -0.053385416666666644, "XIII": -0.0716145833333333, "IXYY": 0.07812500000000003, "IXYI": -0.015625000000000014, "IXIY": 0.015624999999999993, "IXII": 0.15104166666666669, "XXZZ": -0.25651041666666663, "XXZI": -0.029947916666666657, "XXIZ": -0.03125000000000003, "XIZZ": -0.0677083333333334, "XIZI": 0.018229166666666678, "XIIZ": 0.019531250000000007, "IXZZ": 0.11197916666666666, "IXZI": -0.0026041666666666713, "IXIZ": -0.003906249999999993, "YYYY": 0.15364583333333331, "YYYI": -0.0013020833333333148, "YYIY": 0.04687500000000003, "YIYY": 0.07031249999999997, "YIYI": 0.029947916666666657, "YIIY": 0.052083333333333336, "IYYY": 0.19401041666666666, "IYYI": 0.020833333333333287, "IYIY": 0.06380208333333334, "XXXX": 0.11067708333333333, "XXXI": -0.028645833333333343, "XXIX": 0.01822916666666667, "XIXX": 0.032552083333333315, "XIXI": -2.7755575615628914e-17, "XIIX": -0.026041666666666657, "IXXX": -0.1015625, "IXXI": -0.05598958333333333, "IXIX": 0.022135416666666664, "ZZZZ": 0.6419270833333334, "ZZZI": -0.01432291666666663, "ZZIZ": 0.00520833333333337, "ZIZZ": 0.67578125, "ZIZI": -0.01692708333333337, "ZIIZ": -0.0026041666666667407, "IZZZ": 0.59765625, "IZZI": -0.02994791666666674, "IZIZ": -0.015625, "XZXZ": -0.025, "ZYYZ": -0.059375, "XYXY": 0.171875, "YXYX": -0.025, "YXXY": 0.1, "ZXXZ": -0.01875, "ZXZX": -0.025, "YZZY": 0.065625, "XYYX": 0.121875, "ZYZY": -0.059375, "YZYZ": -0.00625, "XZZX": 0.0125}