{"YYZZ": 0.2942708333333333, "YYZI": -0.005208333333333315, "YYIZ": -0.01041666666666663, "YYII": 0.375, "YIZZ": 0.13281250000000003, "YIZI": 0.007812500000000028, "YIIZ": 0.005208333333333343, "YIII": 0.20052083333333334, "IYZZ": 0.359375, "IYZI": -0.005208333333333343, "IYIZ": 0.015625000000000028, "IYII": 0.4609375, "IIZZ": 0.8020833333333333, "IIZI": -0.01302083333333326, "IIIZ": -0.005208333333333315, "IIII": 1.0, "ZZYY": 0.34114583333333337, "ZZYI": 0.03255208333333337, "ZZIY": 0.03385416666666666, "ZZII": 0.7903645833333334, "ZIYY": 0.37760416666666663, "ZIYI": 0.02734375, "ZIIY": 0.046875, "ZIII": 0.8502604166666666, "IZYY": 0.29557291666666674, "IZYI": 0.041666666666666685, "IZIY": 0.04036458333333337, "IZII": 0.7317708333333335, "IIYY": 0.45182291666666674, "IIYI": 0.0, "IIIY": 0.04296874999999997, "YYXX": -0.19010416666666663, "YYXI": 0.057291666666666685, "YYIX": -0.010416666666666657, "YIXX": -0.11588541666666669, "YIXI": 0.048177083333333315, "YIIX": -0.011718749999999993, "IYXX": -0.24348958333333331, "IYXI": 0.04036458333333337, "IYIX": 0.03515624999999996, "IIXX": -0.49999999999999994, "IIXI": 0.013020833333333315, "IIIX": 0.041666666666666685, "ZZXX": -0.3203124999999999, "ZZXI": 0.02213541666666674, "ZZIX": 0.0611979166666666, "ZIXX": -0.3580729166666667, "ZIXI": 0.020833333333333315, "ZIIX": 0.044270833333333315, "IZXX": -0.29296874999999994, "IZXI": 0.018229166666666685, "IZIX": 0.036458333333333315, "XXYY": -0.14583333333333337, "XXYI": 0.007812500000000028, "XXIY": -0.013020833333333301, "XXII": -0.29166666666666663, "XIYY": -0.06249999999999997, "XIYI": -0.026041666666666657, "XIIY": -0.018229166666666657, "XIII": -0.05989583333333334, "IXYY": 0.07031250000000001, "IXYI": -0.031250000000000035, "IXIY": -0.026041666666666685, "IXII": 0.10156250000000003, "XXZZ": -0.23828124999999994, "XXZI": 0.015625, "XXIZ": -0.003906250000000014, "XIZZ": -0.12890624999999997, "XIZI": 0.028645833333333343, "XIIZ": 0.024739583333333343, "IXZZ": 0.10026041666666669, "IXZI": 0.002604166666666685, "IXIZ": -0.016927083333333315, "YYYY": 0.19010416666666666, "YYYI": 2.7755575615628914e-17, "YYIY": -0.002604166666666602, "YIYY": 0.11067708333333334, "YIYI": -0.022135416666666685, "YIIY": -0.05078125, "IYYY": 0.18880208333333331, "IYYI": 0.006510416666666657, "IYIY": 0.003906250000000014, "XXXX": 0.13802083333333331, "XXXI": -0.0078125, "XXIX": -0.015625000000000014, "XIXX": 1.3877787807814457e-17, "XIXI": -0.06250000000000001, "XIIX": 0.0052083333333333565, "IXXX": -0.07031249999999997, "IXXI": 0.05729166666666669, "IXIX": -0.044270833333333336, "ZZZZ": 0.6328125, "ZZZI": -0.06380208333333331, "ZZIZ": -0.049479166666666574, "ZIZZ": 0.703125, "ZIZI": -0.04817708333333337, "ZIIZ": -0.046875, "IZZZ": 0.58203125, "IZZI": -0.07812499999999994, "IZIZ": -0.08203124999999994, "XZXZ": -0.009375, "ZYYZ": -0.06875, "XYXY": 0.121875, "YXYX": 0.134375, "YXXY": 0.071875, "ZXXZ": 0.028125, "ZXZX": 0.0, "YZZY": 0.015625, "XYYX": 0.15, "ZYZY": 0.059375, "YZYZ": -0.00625, "XZZX": -0.059375}