{"YYZZ": 0.3177083333333333, "YYZI": 0.014322916666666685, "YYIZ": 0.044270833333333315, "YYII": 0.40234374999999994, "YIZZ": 0.19270833333333331, "YIZI": -0.016927083333333315, "YIIZ": -0.005208333333333315, "YIII": 0.24348958333333331, "IYZZ": 0.35546875, "IYZI": -0.010416666666666657, "IYIZ": 0.019531250000000028, "IYII": 0.43489583333333337, "IIZZ": 0.7981770833333333, "IIZI": -0.04166666666666663, "IIIZ": 0.01171875, "IIII": 0.9999999999999999, "ZZYY": 0.32682291666666674, "ZZYI": -0.02734375, "ZZIY": -0.001302083333333287, "ZZII": 0.79296875, "ZIYY": 0.36197916666666674, "ZIYI": -0.002604166666666685, "ZIIY": 0.013020833333333398, "ZIII": 0.8645833333333333, "IZYY": 0.30859375, "IZYI": -0.03255208333333326, "IZIY": 0.006510416666666741, "IZII": 0.74609375, "IIYY": 0.4270833333333333, "IIYI": -0.01302083333333337, "IIIY": 0.02083333333333337, "YYXX": -0.17447916666666666, "YYXI": -0.04947916666666666, "YYIX": 0.04166666666666666, "YIXX": -0.10026041666666663, "YIXI": -0.04036458333333333, "YIIX": -0.0013020833333333356, "IYXX": -0.26692708333333337, "IYXI": -0.03776041666666666, "IYIX": 0.03515625000000003, "IIXX": -0.48177083333333326, "IIXI": -0.046875, "IIIX": 0.06249999999999997, "ZZXX": -0.35416666666666663, "ZZXI": -0.01953125, "ZZIX": 0.06119791666666666, "ZIXX": -0.3828125, "ZIXI": -0.00651041666666663, "ZIIX": 0.03255208333333337, "IZXX": -0.30208333333333337, "IZXI": -0.019531250000000056, "IZIX": 0.0611979166666667, "XXYY": -0.14583333333333331, "XXYI": 0.015625, "XXIY": 0.013020833333333329, "XXII": -0.296875, "XIYY": -0.04817708333333331, "XIYI": 0.058593749999999965, "XIIY": -0.01692708333333339, "XIII": -0.06901041666666663, "IXYY": 0.11588541666666667, "IXYI": -0.0013020833333333287, "IXIY": 0.014322916666666671, "IXII": 0.19140625, "XXZZ": -0.2552083333333333, "XXZI": 0.010416666666666685, "XXIZ": -0.002604166666666685, "XIZZ": -0.055989583333333356, "XIZI": 0.029947916666666644, "XIIZ": 0.0247395833333333, "IXZZ": 0.13671875000000003, "IXZI": -0.03776041666666665, "IXIZ": -0.037760416666666664, "YYYY": 0.16015625000000003, "YYYI": -0.007812499999999972, "YYIY": -0.019531249999999972, "YIYY": 0.07031250000000003, "YIYI": 0.019531249999999972, "YIIY": -0.007812500000000035, "IYYY": 0.17447916666666669, "IYYI": -0.009114583333333315, "IYIY": 0.046875, "XXXX": 0.13802083333333331, "XXXI": -0.0026041666666666574, "XXIX": -0.007812500000000014, "XIXX": 0.07421874999999997, "XIXI": 0.029947916666666685, "XIIX": -0.02734375, "IXXX": -0.053385416666666644, "IXXI": 0.006510416666666685, "IXIX": 0.05598958333333333, "ZZZZ": 0.6067708333333334, "ZZZI": -0.0625, "ZZIZ": -0.05338541666666663, "ZIZZ": 0.6536458333333333, "ZIZI": -0.07552083333333331, "ZIIZ": -0.042968749999999944, "IZZZ": 0.5690104166666667, "IZZI": -0.07421875, "IZIZ": -0.05989583333333337, "XZXZ": -0.021875, "ZYYZ": -0.025, "XYXY": 0.078125, "YXYX": 0.171875, "YXXY": 0.1125, "ZXXZ": -0.028125, "ZXZX": 0.00625, "YZZY": 0.021875, "XYYX": 0.10625, "ZYZY": 0.003125, "YZYZ": 0.0875, "XZZX": -0.028125}