{"YYZZ": 0.32942708333333337, "YYZI": 0.04427083333333334, "YYIZ": 0.03125000000000003, "YYII": 0.38671875, "YIZZ": 0.17317708333333337, "YIZI": 0.013020833333333301, "YIIZ": 0.015624999999999958, "YIII": 0.20442708333333337, "IYZZ": 0.3828125, "IYZI": 0.011718749999999944, "IYIZ": 0.024739583333333315, "IYII": 0.4296875, "IIZZ": 0.828125, "IIZI": -0.032552083333333426, "IIIZ": -0.01953125000000011, "IIII": 1.0, "ZZYY": 0.2708333333333333, "ZZYI": -0.006510416666666685, "ZZIY": 0.020833333333333315, "ZZII": 0.76953125, "ZIYY": 0.35416666666666674, "ZIYI": -0.03515625, "ZIIY": 0.03645833333333337, "ZIII": 0.8450520833333334, "IZYY": 0.24869791666666669, "IZYI": -0.03125, "IZIY": 0.024739583333333315, "IZII": 0.7083333333333334, "IIYY": 0.42317708333333337, "IIYI": -0.01041666666666674, "IIIY": 0.04817708333333334, "YYXX": -0.14453125000000003, "YYXI": 0.014322916666666657, "YYIX": 0.007812500000000028, "YIXX": -0.08723958333333334, "YIXI": -0.0169270833333333, "YIIX": 0.005208333333333322, "IYXX": -0.19661458333333334, "IYXI": -0.022135416666666657, "IYIX": 0.04427083333333334, "IIXX": -0.45182291666666674, "IIXI": 0.01953125, "IIIX": 0.04687499999999997, "ZZXX": -0.34244791666666663, "ZZXI": -0.0078125, "ZZIX": 0.03515625, "ZIXX": -0.36067708333333337, "ZIXI": 0.028645833333333315, "ZIIX": 0.04296875000000003, "IZXX": -0.30598958333333326, "IZXI": 0.010416666666666685, "IZIX": 0.02994791666666663, "XXYY": -0.11588541666666666, "XXYI": 0.028645833333333315, "XXIY": 0.006510416666666664, "XXII": -0.29166666666666663, "XIYY": -0.026041666666666685, "XIYI": 0.04557291666666666, "XIIY": 0.028645833333333343, "XIII": -0.09244791666666669, "IXYY": 0.08854166666666663, "IXYI": -0.01171875, "IXIY": -0.010416666666666657, "IXII": 0.16015624999999997, "XXZZ": -0.24609375, "XXZI": -0.01953125, "XXIZ": 0.018229166666666685, "XIZZ": -0.13020833333333337, "XIZI": -0.023437500000000014, "XIIZ": -0.016927083333333356, "IXZZ": 0.16927083333333331, "IXZI": -0.013020833333333343, "IXIZ": -0.016927083333333343, "YYYY": 0.21875, "YYYI": -0.01822916666666663, "YYIY": -0.015624999999999986, "YIYY": 0.125, "YIYI": -0.010416666666666671, "YIIY": -1.3877787807814457e-17, "IYYY": 0.22395833333333331, "IYYI": -0.015624999999999972, "IYIY": 0.023437499999999986, "XXXX": 0.1796875, "XXXI": 0.019531249999999944, "XXIX": -0.0286458333333333, "XIXX": 0.04427083333333332, "XIXI": 0.0065104166666666505, "XIIX": 0.013020833333333336, "IXXX": -0.08463541666666666, "IXXI": 0.02864583333333337, "IXIX": -0.03255208333333337, "ZZZZ": 0.62109375, "ZZZI": 0.005208333333333315, "ZZIZ": 0.015624999999999944, "ZIZZ": 0.6927083333333333, "ZIZI": 0.009114583333333315, "ZIIZ": 0.024739583333333315, "IZZZ": 0.55859375, "IZZI": -0.01041666666666663, "IZIZ": -0.0026041666666666297, "XZXZ": -0.021875, "ZYYZ": -0.096875, "XYXY": 0.140625, "YXYX": -0.003125, "YXXY": 0.134375, "ZXXZ": -0.0125, "ZXZX": -0.028125, "YZZY": -0.05625, "XYYX": 0.08125, "ZYZY": -0.025, "YZYZ": 0.053125, "XZZX": 0.0125}