{"XXII": -0.32091917591125196, "YXYX": 0.1272584446190102, "YIIY": 0.007131537242472279, "IZZI": -0.028526148969889073, "ZIZI": -0.021394611727416808, "XXXX": 0.12836767036450078, "XYYX": 0.19255150554675116, "IYYI": 0.028526148969889066, "ZYZY": 0.1283676703645007, "ZYYZ": -0.06418383518225039, "IIYY": 0.46354992076069734, "XZZX": 0.06418383518225039, "XXYY": -0.06418383518225039, "XZXZ": 0.0, "YZZY": -0.1283676703645007, "ZXZX": 0.06418383518225036, "IIZZ": 0.8058637083993662, "YYYY": 0.12836767036450078, "IXXI": -0.007131537242472272, "XXZZ": -0.19255150554675116, "YYXX": -2.7755575615628914e-17, "XIIX": -0.028526148969889073, "YYZZ": 0.4492868462757527, "ZXXZ": 0.12836767036450078, "IIII": 1.0, "ZZII": 0.7844690966719493, "XIXI": -0.049920760697305853, "IXIX": 0.01426307448494453, "YYII": 0.3922345483359747, "ZIIZ": -0.021394611727416815, "IYIY": 0.0, "ZZXX": -0.3851030110935023, "ZZZZ": 0.699921445404556, "ZZYY": 0.32091917591125196, "XYXY": 0.12836767036450075, "IIXX": -0.4421553090332805, "YXXY": 0.06418383518225039, "IZIZ": 0.0, "YZYZ": -0.06418383518225036, "YIYI": -1.214306433183765e-17}