{"YZYZ": 0.06418383518225039, "IXIX": 0.04992076069730589, "ZXZX": 0.12836767036450078, "YXYX": 2.7755575615628914e-17, "YIYI": 0.0353495679497251, "XXZZ": -0.12836767036450078, "ZYZY": 0.06418383518225036, "IZIZ": -0.09984152139461172, "ZZXX": -0.25673534072900156, "XZXZ": 0.0636292223095051, "ZYYZ": 0.0, "IIZZ": 0.8343898573692552, "ZZZZ": 0.5776545166402535, "XYXY": 0.0, "IIYY": 0.45641838351822506, "IIII": 1.0, "IZZI": -0.05705229793977813, "YXXY": 0.06418383518225039, "YYYY": 0.06418383518225039, "XZZX": 0.0, "YYZZ": 0.3851030110935023, "IXXI": 0.007131537242472261, "XXXX": 0.19255150554675116, "YZZY": 0.06418383518225036, "XYYX": 0.1925515055467511, "YYII": 0.3922345483359746, "IIXX": -0.47068145800316963, "XXII": -0.2995245641838352, "ZIZI": -0.028526148969889073, "YIIY": 1.0408340855860843e-17, "ZZYY": 0.25673534072900156, "IYIY": 0.021394611727416815, "XIIX": 0.021209740769835027, "IYYI": 0.028526148969889052, "ZIIZ": -1.0408340855860843e-17, "XIXI": -0.035657686212361324, "XXYY": 0.0, "ZXXZ": -0.1283676703645007, "YYXX": -0.12836767036450078, "ZZII": 0.7416798732171157}