{"YZYZ": -0.12836767036450078, "IXIX": -0.007069913589945007, "ZXZX": 0.06418383518225036, "YXYX": 0.0, "YIYI": 0.014263074484944543, "XXZZ": -0.25673534072900156, "ZYZY": -0.06418383518225039, "IZIZ": -0.028526148969889073, "ZZXX": -0.3209191759112519, "XZXZ": -0.12836767036450075, "ZYYZ": -0.12836767036450075, "IIZZ": 0.8129952456418383, "ZZZZ": 0.5134706814580031, "XYXY": 0.19255150554675116, "IIYY": 0.4421553090332805, "IIII": 1.0, "IZZI": -0.035657686212361324, "YXXY": 0.12836767036450078, "YYYY": 0.19255150554675116, "XZZX": 0.06418383518225036, "YYZZ": 0.32091917591125196, "IXXI": 0.014263074484944521, "XXXX": 0.19255150554675116, "YZZY": 0.0, "XYYX": -0.0636292223095051, "YYII": 0.36370839936608557, "IIXX": -0.46354992076069734, "XXII": -0.27099841521394613, "ZIZI": 0.007131537242472265, "YIIY": 0.007131537242472272, "ZZYY": 0.32091917591125196, "IYIY": 0.007131537242472279, "XIIX": -0.021394611727416808, "IYYI": 0.0213946117274168, "ZIIZ": 0.014263074484944526, "XIXI": -0.007131537242472272, "XXYY": -0.06418383518225036, "ZXXZ": 0.06418383518225042, "YYXX": -0.25673534072900156, "ZZII": 0.7488114104595882}