{"YZYZ": 0.0, "IXIX": -0.007131537242472258, "ZXZX": 0.06418383518225036, "YXYX": 0.06418383518225039, "YIYI": 0.014263074484944542, "XXZZ": -0.32091917591125196, "ZYZY": -0.06418383518225042, "IZIZ": -0.028526148969889073, "ZZXX": -0.3181461115475255, "XZXZ": 0.06418383518225039, "ZYYZ": -0.06418383518225039, "IIZZ": 0.8272583201267829, "ZZZZ": 0.7060221870047542, "XYXY": 0.19255150554675116, "IIYY": 0.4706814580031695, "IIII": 1.0, "IZZI": -0.0427892234548336, "YXXY": 0.06418383518225039, "YYYY": 0.19255150554675116, "XZZX": -0.06418383518225039, "YYZZ": 0.19255150554675116, "IXXI": 0.021394611727416794, "XXXX": 0.1925515055467511, "YZZY": 0.0, "XYYX": 0.25673534072900156, "YYII": 0.32805071315372425, "IIXX": -0.44928684627575277, "XXII": -0.32805071315372425, "ZIZI": -0.0427892234548336, "YIIY": 0.028526148969889073, "ZZYY": 0.32091917591125196, "IYIY": 0.007131537242472258, "XIIX": 6.938893903907228e-18, "IYYI": 0.02852614896988906, "ZIIZ": -0.021394611727416815, "XIXI": -0.03565768621236133, "XXYY": -0.06418383518225036, "ZXXZ": 0.06418383518225036, "YYXX": -0.19255150554675116, "ZZII": 0.7559429477020605}