{"XXII": -0.33518225039619653, "YXYX": 0.19255150554675116, "YIIY": 0.021209740769835034, "IZZI": -0.04992076069730587, "ZIZI": -0.06418383518225039, "XXXX": 0.06418383518225039, "XYYX": 0.0, "IYYI": -0.014139827179890034, "ZYZY": -0.12836767036450075, "ZYYZ": -2.7755575615628914e-17, "IIYY": 0.4312647289866458, "XZZX": 0.0, "XXYY": -0.12836767036450075, "XZXZ": 0.0, "YZZY": 0.06418383518225036, "ZXZX": 0.12836767036450075, "IIZZ": 0.7916006339144215, "YYYY": 0.19255150554675116, "IXXI": -0.014263074484944543, "XXZZ": -0.19255150554675116, "YYXX": -0.25673534072900156, "XIIX": 0.03534956794972505, "YYZZ": 0.3181461115475255, "ZXXZ": -0.12836767036450075, "IIII": 1.0, "ZZII": 0.748811410459588, "XIXI": -0.035657686212361324, "IXIX": 0.021394611727416808, "YYII": 0.349445324881141, "ZIIZ": -0.028526148969889073, "IYIY": 0.007131537242472265, "ZZXX": -0.32091917591125196, "ZZZZ": 0.5776545166402535, "ZZYY": 0.19255150554675116, "XYXY": 0.0, "IIXX": -0.4454045561665358, "YXXY": 0.0, "IZIZ": 0.007131537242472268, "YZYZ": 0.0, "YIYI": 0.014263074484944535}