{"XXII": -0.32805071315372425, "YXYX": 0.19255150554675116, "YIIY": -0.007131537242472272, "IZZI": -0.021394611727416794, "ZIZI": -0.028526148969889066, "XXXX": 0.12836767036450078, "XYYX": 0.12836767036450078, "IYYI": -0.021394611727416794, "ZYZY": 0.0, "ZYYZ": -0.12836767036450078, "IIYY": 0.4992076069730586, "XZZX": 0.06418383518225036, "XXYY": 0.06418383518225039, "XZXZ": -0.06418383518225039, "YZZY": -0.06418383518225039, "ZXZX": 0.0641838351822503, "IIZZ": 0.8201267828843106, "YYYY": 0.3209191759112519, "IXXI": -0.014263074484944537, "XXZZ": -0.3851030110935023, "YYXX": -0.12836767036450078, "XIIX": -0.049920760697305874, "YYZZ": 0.25673534072900156, "ZXXZ": 0.0, "IIII": 1.0, "ZZII": 0.7630744849445326, "XIXI": 0.04992076069730586, "IXIX": 0.07131537242472266, "YYII": 0.3565768621236133, "ZIIZ": -0.0213946117274168, "IYIY": 0.00713153724247227, "ZZXX": -0.3209191759112519, "ZZZZ": 0.7060221870047542, "ZZYY": 0.38510301109350237, "XYXY": 0.12836767036450075, "IIXX": -0.4350237717908082, "YXXY": 0.12836767036450075, "IZIZ": -0.042789223454833596, "YZYZ": 0.0, "YIYI": 3.469446951953614e-18}