{"XXII": -0.34231378763866877, "YXYX": -0.06418383518225039, "YIIY": 0.007131537242472272, "IZZI": -0.08557844690966719, "ZIZI": -0.07844690966719495, "XXXX": 0.06418383518225036, "XYYX": 0.06418383518225036, "IYYI": -0.007131537242472272, "ZYZY": 0.06418383518225039, "ZYYZ": -0.06418383518225039, "IIYY": 0.42789223454833597, "XZZX": 0.0, "XXYY": 0.0, "XZXZ": 0.0, "YZZY": -2.7755575615628914e-17, "ZXZX": 0.0, "IIZZ": 0.7987321711568938, "YYYY": 0.06418383518225039, "IXXI": 0.014263074484944543, "XXZZ": -0.19255150554675116, "YYXX": -0.3209191759112519, "XIIX": -0.021394611727416774, "YYZZ": 0.06418383518225039, "ZXXZ": 0.0, "IIII": 1.0, "ZZII": 0.7702060221870048, "XIXI": -0.02852614896988906, "IXIX": 0.0427892234548336, "YYII": 0.3565768621236133, "ZIIZ": 0.0213946117274168, "IYIY": 0.007131537242472272, "ZZXX": -0.25673534072900156, "ZZZZ": 0.5776545166402535, "ZZYY": 0.32091917591125196, "XYXY": 0.1272584446190102, "IIXX": -0.4706814580031696, "YXXY": 0.06418383518225039, "IZIZ": -0.0213946117274168, "YZYZ": -0.06418383518225039, "YIYI": 6.938893903907228e-18}