{"YZYZ": 0.06418383518225039, "IXIX": 0.007131537242472268, "ZXZX": -0.06418383518225039, "YXYX": 0.06418383518225036, "YIYI": -0.0213946117274168, "XXZZ": -0.12836767036450078, "ZYZY": 0.06418383518225039, "IZIZ": 0.05705229793977812, "ZZXX": -0.32091917591125196, "XZXZ": 0.0, "ZYYZ": 0.0, "IIZZ": 0.7844690966719492, "ZZZZ": 0.5776545166402535, "XYXY": 0.19255150554675116, "IIYY": 0.45641838351822506, "IIII": 1.0, "IZZI": -0.028526148969889073, "YXXY": 0.0, "YYYY": 0.2567353407290015, "XZZX": 2.7755575615628914e-17, "YYZZ": 0.3851030110935023, "IXXI": -1.734723475976807e-17, "XXXX": 0.12836767036450078, "YZZY": 0.0, "XYYX": 0.06418383518225039, "YYII": 0.3779714738510301, "IIXX": -0.44928684627575277, "XXII": -0.27099841521394613, "ZIZI": 0.03565768621236131, "YIIY": -0.0071315372424722665, "ZZYY": 0.3851030110935023, "IYIY": -0.007069913589945008, "XIIX": 0.0, "IYYI": 0.049920760697305853, "ZIIZ": 0.014263074484944516, "XIXI": -0.03565768621236132, "XXYY": -0.06418383518225039, "ZXXZ": 0.06418383518225039, "YYXX": -0.19255150554675116, "ZZII": 0.7916006339144216}