{"XXII": -0.34642576590730567, "YXYX": 0.19255150554675116, "YIIY": -0.014263074484944533, "IZZI": -0.057052297939778125, "ZIZI": -0.04992076069730587, "XXXX": 0.12836767036450075, "XYYX": 0.06418383518225039, "IYYI": -0.03565768621236133, "ZYZY": 0.0, "ZYYZ": 0.0, "IIYY": 0.4350237717908082, "XZZX": 0.06418383518225039, "XXYY": -0.25673534072900156, "XZXZ": 0.0, "YZZY": 0.19255150554675116, "ZXZX": 0.0, "IIZZ": 0.805863708399366, "YYYY": 0.12836767036450075, "IXXI": 0.007131537242472272, "XXZZ": -0.25673534072900156, "YYXX": -0.12836767036450078, "XIIX": 0.007131537242472272, "YYZZ": 0.3209191759112519, "ZXXZ": -0.06418383518225039, "IIII": 1.0, "ZZII": 0.7488114104595881, "XIXI": 0.014263074484944523, "IXIX": 0.0213946117274168, "YYII": 0.3565768621236133, "ZIIZ": 0.01426307448494453, "IYIY": -0.007131537242472253, "ZZXX": -0.19255150554675116, "ZZZZ": 0.5776545166402535, "ZZYY": 0.2567353407290015, "XYXY": 0.19255150554675116, "IIXX": -0.45641838351822506, "YXXY": 0.12836767036450078, "IZIZ": -0.007131537242472268, "YZYZ": -0.06418383518225039, "YIYI": -0.021394611727416787}