{"XXII": -0.33518225039619653, "YXYX": 0.12836767036450075, "YIIY": 0.03565768621236136, "IZZI": -0.03565768621236132, "ZIZI": -0.028526148969889066, "XXXX": 0.12836767036450078, "XYYX": 0.06418383518225039, "IYYI": 0.0213946117274168, "ZYZY": 0.0, "ZYYZ": 0.12836767036450078, "IIYY": 0.45641838351822506, "XZZX": 0.0, "XXYY": -0.12836767036450078, "XZXZ": 0.06418383518225036, "YZZY": -0.06418383518225036, "ZXZX": -0.06418383518225039, "IIZZ": 0.8129952456418383, "YYYY": 0.06418383518225039, "IXXI": -0.014263074484944516, "XXZZ": -0.19255150554675116, "YYXX": -0.19255150554675116, "XIIX": -0.007131537242472265, "YYZZ": 0.19255150554675116, "ZXXZ": -0.0636292223095051, "IIII": 1.0, "ZZII": 0.7630744849445324, "XIXI": 0.007131537242472265, "IXIX": 0.021394611727416808, "YYII": 0.3922345483359747, "ZIIZ": 0.007131537242472265, "IYIY": 0.028526148969889066, "ZZXX": -0.32091917591125196, "ZZZZ": 0.5776545166402535, "ZZYY": 0.3851030110935023, "XYXY": 0.25673534072900156, "IIXX": -0.4635499207606973, "YXXY": 0.12836767036450075, "IZIZ": -0.014263074484944543, "YZYZ": 0.06418383518225039, "YIYI": -0.03565768621236133}