{"YZYZ": -0.1925515055467511, "IXIX": -0.007131537242472265, "ZXZX": 0.0, "YXYX": 0.12836767036450078, "YIYI": -0.007131537242472258, "XXZZ": -0.25673534072900156, "ZYZY": 0.0, "IZIZ": -0.02139461172741678, "ZZXX": -0.32091917591125196, "XZXZ": 0.0, "ZYYZ": 0.12836767036450075, "IIZZ": 0.7916006339144216, "ZZZZ": 0.5134706814580031, "XYXY": 0.06418383518225039, "IIYY": 0.4595443833464258, "IIII": 1.0, "IZZI": -0.04992076069730586, "YXXY": 0.06418383518225039, "YYYY": 0.06418383518225036, "XZZX": 0.0, "YYZZ": 0.32091917591125196, "IXXI": -0.014263074484944523, "XXXX": 0.19255150554675116, "YZZY": 0.0, "XYYX": 0.19255150554675116, "YYII": 0.3423137876386688, "IIXX": -0.4350237717908082, "XXII": -0.38510301109350237, "ZIZI": -0.0213946117274168, "YIIY": -0.014263074484944526, "ZZYY": 0.38510301109350237, "IYIY": 0.03565768621236133, "XIIX": 0.04992076069730587, "IYYI": -0.007131537242472265, "ZIIZ": 0.0213946117274168, "XIXI": -0.0213946117274168, "XXYY": -0.12836767036450078, "ZXXZ": 0.06418383518225039, "YYXX": -0.06418383518225039, "ZZII": 0.7630744849445326}