{"XXII": -0.33518225039619653, "YXYX": 0.06418383518225036, "YIIY": 0.014263074484944516, "IZZI": -0.0070699135899450136, "ZIZI": -0.05705229793977813, "XXXX": 0.06418383518225039, "XYYX": 0.06418383518225039, "IYYI": -0.021394611727416787, "ZYZY": 0.0, "ZYYZ": -0.06418383518225042, "IIYY": 0.4421553090332805, "XZZX": 0.0, "XXYY": -0.19255150554675116, "XZXZ": 0.06418383518225039, "YZZY": 0.0, "ZXZX": 0.0, "IIZZ": 0.7916006339144215, "YYYY": 0.19255150554675116, "IXXI": -0.028526148969889066, "XXZZ": -0.2545168892380204, "YYXX": -0.25673534072900156, "XIIX": -0.021394611727416794, "YYZZ": 0.32091917591125196, "ZXXZ": 0.06418383518225036, "IIII": 1.0, "ZZII": 0.7773375594294769, "XIXI": 0.021209740769835034, "IXIX": 0.007131537242472258, "YYII": 0.3779714738510301, "ZIIZ": 0.00713153724247227, "IYIY": 0.021394611727416787, "ZZXX": -0.38510301109350237, "ZZZZ": 0.5776545166402535, "ZZYY": 0.3851030110935023, "XYXY": 0.12836767036450078, "IIXX": -0.46354992076069734, "YXXY": 0.0, "IZIZ": -0.03565768621236133, "YZYZ": 0.06418383518225036, "YIYI": 0.0427892234548336}