{"YZYZ": -0.06418383518225042, "IXIX": 0.021209740769835034, "ZXZX": -0.06418383518225039, "YXYX": 0.0636292223095051, "YIYI": -0.007131537242472272, "XXZZ": -0.25673534072900156, "ZYZY": -0.06418383518225039, "IZIZ": -0.014263074484944526, "ZZXX": -0.5134706814580031, "XZXZ": 0.0, "ZYYZ": 0.06418383518225039, "IIZZ": 0.8343898573692552, "ZZZZ": 0.7060221870047543, "XYXY": -0.06418383518225036, "IIYY": 0.4421553090332805, "IIII": 1.0, "IZZI": -0.04241948153967007, "YXXY": 0.12836767036450078, "YYYY": 0.19255150554675116, "XZZX": 0.0, "YYZZ": 0.25673534072900156, "IXXI": 0.04992076069730586, "XXXX": 0.06418383518225039, "YZZY": 0.06418383518225036, "XYYX": 0.06418383518225039, "YYII": 0.31378763866877973, "IIXX": -0.44215530903328054, "XXII": -0.28526148969889065, "ZIZI": -0.007131537242472275, "YIIY": -0.01426307448494455, "ZZYY": 0.3209191759112519, "IYIY": 0.014263074484944557, "XIIX": -0.007131537242472265, "IYYI": -6.938893903907228e-18, "ZIIZ": -0.007131537242472272, "XIXI": -0.028526148969889087, "XXYY": -0.06418383518225039, "ZXXZ": 0.0, "YYXX": -0.32091917591125196, "ZZII": 0.7635506677140614}