{"YZYZ": 0.0, "IXIX": 0.01426307448494453, "ZXZX": 0.06418383518225039, "YXYX": 0.0, "YIYI": -0.007131537242472265, "XXZZ": -0.25673534072900156, "ZYZY": 0.06418383518225039, "IZIZ": 0.035349567949725075, "ZZXX": -0.4492868462757527, "XZXZ": 0.06418383518225039, "ZYYZ": 0.06418383518225039, "IIZZ": 0.7916006339144215, "ZZZZ": 0.6418383518225038, "XYXY": 0.25673534072900156, "IIYY": 0.45641838351822506, "IIII": 1.0, "IZZI": -0.049920760697305874, "YXXY": 0.12836767036450075, "YYYY": 0.12836767036450078, "XZZX": -0.06418383518225039, "YYZZ": 0.3851030110935023, "IXXI": 0.035657686212361324, "XXXX": 0.12836767036450075, "YZZY": 0.0, "XYYX": 0.2567353407290015, "YYII": 0.37083993660855785, "IIXX": -0.46354992076069734, "XXII": -0.32805071315372425, "ZIZI": -0.0213946117274168, "YIIY": -0.02852614896988906, "ZZYY": 0.3851030110935023, "IYIY": 0.014263074484944516, "XIIX": -0.014263074484944533, "IYYI": 0.0213946117274168, "ZIIZ": 0.02852614896988907, "XIXI": -0.014263074484944538, "XXYY": -0.12836767036450078, "ZXXZ": -2.7755575615628914e-17, "YYXX": -0.25673534072900156, "ZZII": 0.777337559429477}