{"XXII": -0.27099841521394613, "YXYX": 0.12836767036450078, "YIIY": 0.0, "IZZI": -0.021394611727416808, "ZIZI": -0.014263074484944537, "XXXX": 0.1925515055467511, "XYYX": 0.06418383518225039, "IYYI": -0.028526148969889052, "ZYZY": 0.12836767036450078, "ZYYZ": 0.12836767036450075, "IIYY": 0.4564183835182251, "XZZX": 0.12836767036450075, "XXYY": -0.12836767036450078, "XZXZ": 0.0, "YZZY": -0.06418383518225039, "ZXZX": 0.0, "IIZZ": 0.7844690966719492, "YYYY": 0.12836767036450078, "IXXI": -0.014263074484944537, "XXZZ": -0.12836767036450078, "YYXX": -0.19255150554675116, "XIIX": 0.0071315372424722735, "YYZZ": 0.25673534072900156, "ZXXZ": 0.0, "IIII": 1.0, "ZZII": 0.7559429477020603, "XIXI": -0.021394611727416794, "IXIX": 0.0427892234548336, "YYII": 0.3851030110935023, "ZIIZ": -3.469446951953614e-18, "IYIY": 0.028526148969889073, "ZZXX": -0.32091917591125196, "ZZZZ": 0.5776545166402535, "ZZYY": 0.32091917591125196, "XYXY": 0.2545168892380204, "IIXX": -0.4706814580031696, "YXXY": 0.2567353407290015, "IZIZ": -2.7755575615628914e-17, "YZYZ": -2.7755575615628914e-17, "YIYI": 0.00713153724247227}