{"YYZZ": 0.27734375, "YYZI": 0.0078125, "YYIZ": 0.02734375, "YYII": 0.3671875, "YIZZ": 0.1875, "YIZI": 0.0, "YIIZ": 0.0, "YIII": 0.2578125, "IYZZ": 0.375, "IYZI": 0.0078125, "IYIZ": 0.01171875, "IYII": 0.45703125, "IIZZ": 0.7734375, "IIZI": -0.05078125, "IIIZ": -0.01171875, "IIII": 1.0, "ZZYY": 0.34765625, "ZZYI": -0.01171875, "ZZIY": 0.037109375, "ZZII": 0.775390625, "ZIYY": 0.361328125, "ZIYI": -0.033203125, "ZIIY": 0.02734375, "ZIII": 0.86328125, "IZYY": 0.3046875, "IZYI": -0.03125, "IZIY": 0.029296875, "IZII": 0.712890625, "IIYY": 0.439453125, "IIYI": -0.033203125, "IIIY": 0.0390625, "YXXY": 0.0625, "YXXI": 0.0546875, "YXIY": -0.072265625, "YXII": -0.095703125, "YIXY": -0.09375, "YIXI": -0.0234375, "YIIY": -0.005859375, "IXXY": -0.064453125, "IXXI": 0.041015625, "IXIY": 0.0078125, "IXII": 0.15234375, "IIXY": -0.634765625, "IIXI": -0.037109375, "ZXXZ": 0.009765625, "ZXXI": -0.00390625, "ZXIZ": 0.037109375, "ZXII": 0.140625, "ZIXZ": 0.037109375, "ZIXI": -0.01953125, "ZIIZ": -0.041015625, "IXXZ": 0.009765625, "IXIZ": 0.013671875, "IIXZ": 0.025390625, "ZXZX": 0.060546875, "ZXZI": 0.00390625, "ZXIX": -0.0390625, "ZIZX": 0.0546875, "ZIZI": -0.037109375, "ZIIX": 0.017578125, "IXZX": 0.048828125, "IXZI": -0.00390625, "IXIX": -0.0546875, "IIZX": 0.05859375, "IIIX": 0.025390625, "XZXZ": 0.03515625, "XZXI": -0.021484375, "XZIZ": -0.01953125, "XZII": 0.021484375, "XIXZ": 0.029296875, "XIXI": 0.03515625, "XIIZ": -0.044921875, "XIII": -0.12890625, "IZXZ": -0.04296875, "IZXI": 0.029296875, "IZIZ": -0.03125, "ZYYZ": 0.025390625, "ZYYI": 0.041015625, "ZYIZ": -0.009765625, "ZYII": 0.423828125, "ZIYZ": -0.017578125, "IYYZ": -0.00390625, "IYYI": 0.02734375, "IIYZ": -0.0390625, "YYXX": -0.150390625, "YYXI": -0.0390625, "YYIX": 0.025390625, "YIXX": -0.107421875, "YIIX": 0.009765625, "IYXX": -0.177734375, "IYXI": -0.04296875, "IYIX": 0.017578125, "IIXX": -0.490234375, "ZZXX": -0.34765625, "ZZXI": 0.033203125, "ZZIX": -0.025390625, "ZIXX": -0.384765625, "IZXX": -0.353515625, "IZIX": 0.0, "YZZY": -0.01171875, "YZZI": -0.033203125, "YZIY": 0.025390625, "YZII": 0.01171875, "YIZY": 0.01171875, "IZZY": 0.0625, "IZZI": -0.056640625, "IIZY": 0.0859375, "YZYZ": -0.060546875, "YZYI": -0.005859375, "YZIZ": -0.029296875, "YIYZ": -0.033203125, "YIYI": -0.005859375, "IZYZ": -0.05078125, "XXYY": -0.12890625, "XXYI": -0.013671875, "XXIY": -0.03515625, "XXII": -0.318359375, "XIYY": -0.064453125, "XIYI": -0.0625, "XIIY": -0.068359375, "IXYY": 0.10546875, "IXYI": 0.001953125, "XYXY": 0.115234375, "XYXI": -0.03515625, "XYIY": 0.00390625, "XYII": -0.189453125, "XIXY": 0.04296875, "IYXY": -0.287109375, "IYIY": 0.03125, "YXYX": 0.078125, "YXYI": -0.01953125, "YXIX": 0.05078125, "YIYX": -0.140625, "IXYX": -0.08984375, "IIYX": -0.6796875, "XXZZ": -0.263671875, "XXZI": -0.052734375, "XXIZ": -0.025390625, "XIZZ": -0.111328125, "XIZI": -0.001953125, "IXZZ": 0.046875, "XYYX": 0.087890625, "XYYI": -0.025390625, "XYIX": -0.001953125, "XIYX": 0.064453125, "XIIX": -0.013671875, "IYYX": -0.34375, "ZYZY": -0.01171875, "ZYZI": -0.0234375, "ZYIY": -0.02734375, "ZIZY": -0.005859375, "IYZY": 0.005859375, "XZZX": -0.01953125, "XZZI": 0.005859375, "XZIX": -0.005859375, "XIZX": 0.005859375, "IZZX": -0.052734375, "YYYY": 0.140625, "YYYI": -0.01953125, "YYIY": -0.005859375, "YIYY": 0.078125, "IYYY": 0.232421875, "XXXX": 0.1796875, "XXXI": 0.013671875, "XXIX": -0.048828125, "XIXX": -0.00390625, "IXXX": -0.05859375, "ZZZZ": 0.615234375, "ZZZI": 0.01171875, "ZZIZ": 0.0, "ZIZZ": 0.68359375, "IZZZ": 0.552734375}