{"YYZZ": 0.2734375, "YYZI": 0.01953125, "YYIZ": 0.013671875, "YYII": 0.361328125, "YIZZ": 0.177734375, "YIZI": 0.029296875, "YIIZ": 0.01953125, "YIII": 0.26171875, "IYZZ": 0.41796875, "IYZI": 0.01171875, "IYIZ": 0.037109375, "IYII": 0.537109375, "IIZZ": 0.791015625, "IIZI": -0.009765625, "IIIZ": 0.01171875, "IIII": 1.0, "ZZYY": 0.353515625, "ZZYI": 0.033203125, "ZZIY": -0.005859375, "ZZII": 0.748046875, "ZIYY": 0.3984375, "ZIYI": 0.01953125, "ZIIY": 0.01171875, "ZIII": 0.85546875, "IZYY": 0.345703125, "IZYI": 0.025390625, "IZIY": 0.005859375, "IZII": 0.689453125, "IIYY": 0.4609375, "IIYI": 0.01953125, "IIIY": -0.0078125, "YXXY": 0.02734375, "YXXI": 0.033203125, "YXIY": -0.025390625, "YXII": -0.10546875, "YIXY": -0.16015625, "YIXI": -0.001953125, "YIIY": 0.037109375, "IXXY": -0.12890625, "IXXI": 0.017578125, "IXIY": 0.044921875, "IXII": 0.18359375, "IIXY": -0.63671875, "IIXI": -0.048828125, "ZXXZ": -0.0078125, "ZXXI": 0.015625, "ZXIZ": -0.0078125, "ZXII": 0.12109375, "ZIXZ": 0.095703125, "ZIXI": 0.013671875, "ZIIZ": -0.072265625, "IXXZ": -0.005859375, "IXIZ": -0.017578125, "IIXZ": 0.078125, "ZXZX": 0.00390625, "ZXZI": -0.00390625, "ZXIX": 0.009765625, "ZIZX": 0.072265625, "ZIZI": -0.033203125, "ZIIX": 0.01953125, "IXZX": 0.01953125, "IXZI": 0.01171875, "IXIX": 0.013671875, "IIZX": 0.072265625, "IIIX": 0.046875, "XZXZ": 0.029296875, "XZXI": -0.0234375, "XZIZ": -0.0546875, "XZII": 0.025390625, "XIXZ": -0.009765625, "XIXI": -0.0078125, "XIIZ": -0.046875, "XIII": -0.130859375, "IZXZ": 0.01171875, "IZXI": 0.029296875, "IZIZ": -0.017578125, "ZYYZ": 0.044921875, "ZYYI": 0.033203125, "ZYIZ": -0.005859375, "ZYII": 0.396484375, "ZIYZ": -0.0078125, "IYYZ": 0.037109375, "IYYI": 0.033203125, "IIYZ": 0.00390625, "YYXX": -0.19921875, "YYXI": -0.01171875, "YYIX": 0.029296875, "YIXX": -0.1328125, "YIIX": 0.025390625, "IYXX": -0.224609375, "IYXI": -0.021484375, "IYIX": 0.0390625, "IIXX": -0.462890625, "ZZXX": -0.3046875, "ZZXI": -0.033203125, "ZZIX": 0.017578125, "ZIXX": -0.39453125, "IZXX": -0.3125, "IZIX": 0.021484375, "YZZY": 0.04296875, "YZZI": -0.017578125, "YZIY": -0.001953125, "YZII": 0.0390625, "YIZY": 0.078125, "IZZY": -0.0078125, "IZZI": -0.056640625, "IIZY": -0.01171875, "YZYZ": -0.0078125, "YZYI": 0.021484375, "YZIZ": -0.001953125, "YIYZ": 0.009765625, "YIYI": 0.03125, "IZYZ": -0.041015625, "XXYY": -0.173828125, "XXYI": 0.01953125, "XXIY": 0.037109375, "XXII": -0.31640625, "XIYY": -0.0625, "XIYI": 0.025390625, "XIIY": -0.02734375, "IXYY": 0.11328125, "IXYI": -0.033203125, "XYXY": 0.080078125, "XYXI": -0.00390625, "XYIY": -0.03125, "XYII": -0.107421875, "XIXY": -0.0078125, "IYXY": -0.259765625, "IYIY": -0.0078125, "YXYX": 0.0390625, "YXYI": -0.025390625, "YXIX": -0.00390625, "YIYX": -0.1328125, "IXYX": -0.115234375, "IIYX": -0.685546875, "XXZZ": -0.31640625, "XXZI": -0.0078125, "XXIZ": -0.015625, "XIZZ": -0.03515625, "XIZI": 0.0234375, "IXZZ": 0.140625, "XYYX": 0.154296875, "XYYI": 0.037109375, "XYIX": -0.033203125, "XIYX": 0.078125, "XIIX": -0.04296875, "IYYX": -0.275390625, "ZYZY": -0.01953125, "ZYZI": -0.005859375, "ZYIY": -0.041015625, "ZIZY": 0.01953125, "IYZY": -0.02734375, "XZZX": -0.00390625, "XZZI": 0.048828125, "XZIX": 0.029296875, "XIZX": 0.001953125, "IZZX": 0.041015625, "YYYY": 0.208984375, "YYYI": -0.03125, "YYIY": 0.021484375, "YIYY": 0.123046875, "IYYY": 0.255859375, "XXXX": 0.1796875, "XXXI": -0.021484375, "XXIX": 0.005859375, "XIXX": 0.0390625, "IXXX": -0.0703125, "ZZZZ": 0.595703125, "ZZZI": -0.06640625, "ZZIZ": -0.025390625, "ZIZZ": 0.671875, "IZZZ": 0.55859375}