{"YYZZ": 0.275390625, "YYZI": 0.0234375, "YYIZ": 0.03125, "YYII": 0.369140625, "YIZZ": 0.14453125, "YIZI": 0.009765625, "YIIZ": 0.001953125, "YIII": 0.19140625, "IYZZ": 0.369140625, "IYZI": 0.0546875, "IYIZ": 0.02734375, "IYII": 0.435546875, "IIZZ": 0.82421875, "IIZI": 0.009765625, "IIIZ": 0.044921875, "IIII": 1.0, "ZZYY": 0.328125, "ZZYI": 0.021484375, "ZZIY": 0.037109375, "ZZII": 0.76171875, "ZIYY": 0.353515625, "ZIYI": 0.0, "ZIIY": 0.078125, "ZIII": 0.849609375, "IZYY": 0.310546875, "IZYI": -0.01171875, "IZIY": 0.046875, "IZII": 0.716796875, "IIYY": 0.421875, "IIYI": 0.029296875, "IIIY": 0.087890625, "YXXY": 0.09765625, "YXXI": 0.013671875, "YXIY": -0.01171875, "YXII": -0.162109375, "YIXY": -0.1484375, "YIXI": 0.013671875, "YIIY": 0.01171875, "IXXY": -0.033203125, "IXXI": 0.046875, "IXIY": 0.005859375, "IXII": 0.11328125, "IIXY": -0.630859375, "IIXI": 0.0546875, "ZXXZ": -0.017578125, "ZXXI": -0.005859375, "ZXIZ": 0.044921875, "ZXII": 0.107421875, "ZIXZ": 0.044921875, "ZIXI": 0.005859375, "ZIIZ": 0.037109375, "IXXZ": -0.0390625, "IXIZ": 0.03125, "IIXZ": 0.015625, "ZXZX": -0.03125, "ZXZI": -0.015625, "ZXIX": -0.0078125, "ZIZX": 0.0390625, "ZIZI": -0.0390625, "ZIIX": 0.0078125, "IXZX": -0.02734375, "IXZI": -0.00390625, "IXIX": -0.00390625, "IIZX": 0.05078125, "IIIX": 0.00390625, "XZXZ": 0.0390625, "XZXI": -0.017578125, "XZIZ": 0.017578125, "XZII": 0.00390625, "XIXZ": 0.01171875, "XIXI": 0.001953125, "XIIZ": 0.001953125, "XIII": -0.08984375, "IZXZ": -0.046875, "IZXI": 0.009765625, "IZIZ": -0.009765625, "ZYYZ": 0.078125, "ZYYI": -0.005859375, "ZYIZ": 0.068359375, "ZYII": 0.43359375, "ZIYZ": 0.013671875, "IYYZ": 0.013671875, "IYYI": 0.00390625, "IIYZ": 0.00390625, "YYXX": -0.185546875, "YYXI": -0.001953125, "YYIX": 0.021484375, "YIXX": -0.109375, "YIIX": -0.02734375, "IYXX": -0.201171875, "IYXI": 0.013671875, "IYIX": 0.044921875, "IIXX": -0.38671875, "ZZXX": -0.396484375, "ZZXI": 0.046875, "ZZIX": 0.03515625, "ZIXX": -0.41796875, "IZXX": -0.361328125, "IZIX": 0.04296875, "YZZY": -0.01953125, "YZZI": -0.015625, "YZIY": -0.01953125, "YZII": 0.0234375, "YIZY": -0.00390625, "IZZY": -0.03515625, "IZZI": -0.08984375, "IIZY": -0.0078125, "YZYZ": 0.0078125, "YZYI": -0.015625, "YZIZ": -0.048828125, "YIYZ": 0.025390625, "YIYI": -0.013671875, "IZYZ": -0.05859375, "XXYY": -0.15234375, "XXYI": -0.037109375, "XXIY": -0.0390625, "XXII": -0.318359375, "XIYY": -0.04296875, "XIYI": -0.001953125, "XIIY": 0.03125, "IXYY": 0.087890625, "IXYI": 0.01953125, "XYXY": 0.099609375, "XYXI": 0.017578125, "XYIY": 0.013671875, "XYII": -0.158203125, "XIXY": 0.064453125, "IYXY": -0.265625, "IYIY": 0.046875, "YXYX": 0.095703125, "YXYI": -0.015625, "YXIX": 0.068359375, "YIYX": -0.142578125, "IXYX": -0.138671875, "IIYX": -0.634765625, "XXZZ": -0.275390625, "XXZI": 0.005859375, "XXIZ": -0.01171875, "XIZZ": -0.11328125, "XIZI": 0.00390625, "IXZZ": 0.1640625, "XYYX": 0.1328125, "XYYI": -0.037109375, "XYIX": -0.00390625, "XIYX": 0.0703125, "XIIX": -0.015625, "IYYX": -0.291015625, "ZYZY": 0.033203125, "ZYZI": -0.00390625, "ZYIY": 0.01171875, "ZIZY": -0.001953125, "IYZY": 0.02734375, "XZZX": 0.033203125, "XZZI": 0.068359375, "XZIX": 0.044921875, "XIZX": 0.041015625, "IZZX": -0.03125, "YYYY": 0.193359375, "YYYI": 0.0625, "YYIY": 0.048828125, "YIYY": 0.076171875, "IYYY": 0.181640625, "XXXX": 0.140625, "XXXI": -0.029296875, "XXIX": 0.01171875, "XIXX": 0.052734375, "IXXX": -0.12109375, "ZZZZ": 0.57421875, "ZZZI": -0.033203125, "ZZIZ": -0.041015625, "ZIZZ": 0.67578125, "IZZZ": 0.53515625}