{"YYZZ": 0.333984375, "YYZI": 0.001953125, "YYIZ": 0.046875, "YYII": 0.3828125, "YIZZ": 0.173828125, "YIZI": 0.017578125, "YIIZ": 0.015625, "YIII": 0.21484375, "IYZZ": 0.353515625, "IYZI": 0.037109375, "IYIZ": 0.06640625, "IYII": 0.45703125, "IIZZ": 0.787109375, "IIZI": -0.009765625, "IIIZ": -0.00390625, "IIII": 1.0, "ZZYY": 0.34765625, "ZZYI": -0.015625, "ZZIY": -0.01171875, "ZZII": 0.77734375, "ZIYY": 0.408203125, "ZIYI": -0.005859375, "ZIIY": 0.013671875, "ZIII": 0.869140625, "IZYY": 0.330078125, "IZYI": -0.029296875, "IZIY": -0.033203125, "IZII": 0.720703125, "IIYY": 0.4609375, "IIYI": -0.00390625, "IIIY": 0.015625, "YXXY": 0.140625, "YXXI": 0.009765625, "YXIY": 0.005859375, "YXII": -0.16796875, "YIXY": -0.18359375, "YIXI": -0.044921875, "YIIY": -0.017578125, "IXXY": -0.04296875, "IXXI": 0.025390625, "IXIY": 0.029296875, "IXII": 0.1015625, "IIXY": -0.66796875, "IIXI": -0.017578125, "ZXXZ": -0.01171875, "ZXXI": 0.0, "ZXIZ": -0.009765625, "ZXII": 0.154296875, "ZIXZ": -0.02734375, "ZIXI": 0.00390625, "ZIIZ": -0.013671875, "IXXZ": -0.033203125, "IXIZ": 0.0078125, "IIXZ": -0.041015625, "ZXZX": 0.0390625, "ZXZI": 0.00390625, "ZXIX": -0.03125, "ZIZX": 0.01171875, "ZIZI": 0.015625, "ZIIX": 0.0234375, "IXZX": 0.0234375, "IXZI": 0.00390625, "IXIX": -0.046875, "IIZX": -0.00390625, "IIIX": 0.0390625, "XZXZ": 0.03125, "XZXI": 0.02734375, "XZIZ": 0.0234375, "XZII": 0.046875, "XIXZ": 0.0, "XIXI": 0.0078125, "XIIZ": -0.00390625, "XIII": -0.109375, "IZXZ": -0.01171875, "IZXI": 0.08203125, "IZIZ": -0.0390625, "ZYYZ": 0.001953125, "ZYYI": 0.02734375, "ZYIZ": 0.056640625, "ZYII": 0.40625, "ZIYZ": -0.02734375, "IYYZ": -0.02734375, "IYYI": 0.001953125, "IIYZ": -0.025390625, "YYXX": -0.162109375, "YYXI": 0.041015625, "YYIX": -0.078125, "YIXX": -0.107421875, "YIIX": -0.046875, "IYXX": -0.220703125, "IYXI": -0.001953125, "IYIX": -0.015625, "IIXX": -0.455078125, "ZZXX": -0.306640625, "ZZXI": -0.03125, "ZZIX": 0.068359375, "ZIXX": -0.3671875, "IZXX": -0.3125, "IZIX": 0.0625, "YZZY": -0.009765625, "YZZI": 0.0078125, "YZIY": 0.00390625, "YZII": 0.056640625, "YIZY": 0.0234375, "IZZY": -0.009765625, "IZZI": -0.07421875, "IIZY": 0.0078125, "YZYZ": -0.021484375, "YZYI": -0.029296875, "YZIZ": 0.0, "YIYZ": 0.0078125, "YIYI": -0.02734375, "IZYZ": -0.02734375, "XXYY": -0.111328125, "XXYI": -0.029296875, "XXIY": -0.0234375, "XXII": -0.33984375, "XIYY": -0.00390625, "XIYI": 0.03125, "XIIY": 0.037109375, "IXYY": 0.078125, "IXYI": 0.0390625, "XYXY": 0.119140625, "XYXI": -0.0390625, "XYIY": 0.08203125, "XYII": -0.166015625, "XIXY": 0.03125, "IYXY": -0.361328125, "IYIY": -0.03125, "YXYX": 0.08984375, "YXYI": 0.013671875, "YXIX": 0.02734375, "YIYX": -0.203125, "IXYX": -0.123046875, "IIYX": -0.634765625, "XXZZ": -0.236328125, "XXZI": -0.015625, "XXIZ": -0.0234375, "XIZZ": -0.103515625, "XIZI": 0.00390625, "IXZZ": 0.171875, "XYYX": 0.16015625, "XYYI": 0.060546875, "XYIX": -0.0703125, "XIYX": 0.083984375, "XIIX": -0.017578125, "IYYX": -0.32421875, "ZYZY": 0.013671875, "ZYZI": -0.01953125, "ZYIY": 0.0, "ZIZY": 0.00390625, "IYZY": 0.025390625, "XZZX": 0.015625, "XZZI": -0.044921875, "XZIX": 0.0390625, "XIZX": -0.0390625, "IZZX": -0.017578125, "YYYY": 0.1796875, "YYYI": -0.013671875, "YYIY": 0.009765625, "YIYY": 0.09375, "IYYY": 0.203125, "XXXX": 0.09765625, "XXXI": -0.02734375, "XXIX": -0.064453125, "XIXX": 0.0703125, "IXXX": -0.111328125, "ZZZZ": 0.658203125, "ZZZI": 0.001953125, "ZZIZ": -0.00390625, "ZIZZ": 0.69140625, "IZZZ": 0.6015625}