{"YYZZ": 0.3359375, "YYZI": -0.05859375, "YYIZ": -0.021484375, "YYII": 0.361328125, "YIZZ": 0.181640625, "YIZI": -0.029296875, "YIIZ": 0.0078125, "YIII": 0.19921875, "IYZZ": 0.40625, "IYZI": -0.08203125, "IYIZ": -0.056640625, "IYII": 0.498046875, "IIZZ": 0.783203125, "IIZI": -0.076171875, "IIIZ": -0.04296875, "IIII": 1.0, "ZZYY": 0.357421875, "ZZYI": 0.068359375, "ZZIY": 0.11328125, "ZZII": 0.76953125, "ZIYY": 0.421875, "ZIYI": 0.05859375, "ZIIY": 0.068359375, "ZIII": 0.861328125, "IZYY": 0.34375, "IZYI": 0.0546875, "IZIY": 0.076171875, "IZII": 0.716796875, "IIYY": 0.466796875, "IIYI": 0.048828125, "IIIY": 0.07421875, "YXXY": 0.146484375, "YXXI": -0.00390625, "YXIY": -0.021484375, "YXII": -0.15625, "YIXY": -0.19140625, "YIXI": -0.052734375, "YIIY": 0.05859375, "IXXY": -0.0390625, "IXXI": 0.009765625, "IXIY": 0.0, "IXII": 0.134765625, "IIXY": -0.654296875, "IIXI": 0.02734375, "ZXXZ": -0.009765625, "ZXXI": -0.00390625, "ZXIZ": -0.02734375, "ZXII": 0.111328125, "ZIXZ": -0.052734375, "ZIXI": -0.015625, "ZIIZ": -0.0234375, "IXXZ": 0.0234375, "IXIZ": -0.013671875, "IIXZ": -0.02734375, "ZXZX": 0.025390625, "ZXZI": 0.021484375, "ZXIX": 0.02734375, "ZIZX": -0.001953125, "ZIZI": -0.005859375, "ZIIX": 0.078125, "IXZX": 0.037109375, "IXZI": 0.013671875, "IXIX": 0.046875, "IIZX": 0.017578125, "IIIX": 0.06640625, "XZXZ": -0.00390625, "XZXI": -0.044921875, "XZIZ": 0.017578125, "XZII": 0.00390625, "XIXZ": -0.0078125, "XIXI": -0.037109375, "XIIZ": -0.021484375, "XIII": -0.140625, "IZXZ": 0.00390625, "IZXI": 0.048828125, "IZIZ": -0.068359375, "ZYYZ": 0.0, "ZYYI": -0.0078125, "ZYIZ": 0.03125, "ZYII": 0.37109375, "ZIYZ": -0.0078125, "IYYZ": 0.00390625, "IYYI": -0.01953125, "IIYZ": -0.0078125, "YYXX": -0.181640625, "YYXI": -0.044921875, "YYIX": 0.041015625, "YIXX": -0.0625, "YIIX": 0.04296875, "IYXX": -0.208984375, "IYXI": 0.037109375, "IYIX": 0.025390625, "IIXX": -0.44140625, "ZZXX": -0.373046875, "ZZXI": 0.0, "ZZIX": 0.021484375, "ZIXX": -0.39453125, "IZXX": -0.34765625, "IZIX": -0.00390625, "YZZY": -0.01953125, "YZZI": -0.01953125, "YZIY": 0.017578125, "YZII": 0.017578125, "YIZY": -0.07421875, "IZZY": 0.052734375, "IZZI": -0.052734375, "IIZY": 0.017578125, "YZYZ": 0.005859375, "YZYI": 0.015625, "YZIZ": -0.041015625, "YIYZ": 0.009765625, "YIYI": 0.01171875, "IZYZ": 0.037109375, "XXYY": -0.142578125, "XXYI": 0.01953125, "XXIY": -0.033203125, "XXII": -0.28125, "XIYY": -0.078125, "XIYI": -0.013671875, "XIIY": -0.03125, "IXYY": 0.046875, "IXYI": 0.048828125, "XYXY": 0.11328125, "XYXI": -0.001953125, "XYIY": -0.046875, "XYII": -0.173828125, "XIXY": 0.080078125, "IYXY": -0.32421875, "IYIY": 0.0546875, "YXYX": 0.095703125, "YXYI": -0.033203125, "YXIX": -0.017578125, "YIYX": -0.15234375, "IXYX": -0.091796875, "IIYX": -0.66015625, "XXZZ": -0.234375, "XXZI": -0.046875, "XXIZ": -0.05078125, "XIZZ": -0.048828125, "XIZI": -0.025390625, "IXZZ": 0.158203125, "XYYX": 0.111328125, "XYYI": -0.013671875, "XYIX": -0.029296875, "XIYX": 0.09765625, "XIIX": 0.0, "IYYX": -0.345703125, "ZYZY": -0.021484375, "ZYZI": 0.017578125, "ZYIY": 0.05078125, "ZIZY": -0.03125, "IYZY": -0.0234375, "XZZX": 0.005859375, "XZZI": 0.009765625, "XZIX": -0.02734375, "XIZX": 0.00390625, "IZZX": -0.05078125, "YYYY": 0.2109375, "YYYI": -0.03125, "YYIY": -0.021484375, "YIYY": 0.099609375, "IYYY": 0.21875, "XXXX": 0.126953125, "XXXI": 0.013671875, "XXIX": -0.060546875, "XIXX": 0.05859375, "IXXX": -0.083984375, "ZZZZ": 0.619140625, "ZZZI": 0.013671875, "ZZIZ": 0.041015625, "ZIZZ": 0.693359375, "IZZZ": 0.59765625}