{"YYZZ": 0.240234375, "YYZI": 0.06640625, "YYIZ": 0.060546875, "YYII": 0.32421875, "YIZZ": 0.126953125, "YIZI": 0.04296875, "YIIZ": -0.001953125, "YIII": 0.171875, "IYZZ": 0.376953125, "IYZI": 0.09375, "IYIZ": 0.087890625, "IYII": 0.4765625, "IIZZ": 0.806640625, "IIZI": 0.01953125, "IIIZ": 0.013671875, "IIII": 1.0, "ZZYY": 0.357421875, "ZZYI": 0.001953125, "ZZIY": 0.064453125, "ZZII": 0.779296875, "ZIYY": 0.3828125, "ZIYI": 0.00390625, "ZIIY": 0.015625, "ZIII": 0.84765625, "IZYY": 0.330078125, "IZYI": -0.017578125, "IZIY": 0.021484375, "IZII": 0.705078125, "IIYY": 0.44140625, "IIYI": 0.0, "IIIY": 0.05078125, "YXXY": 0.083984375, "YXXI": -0.05859375, "YXIY": 0.03515625, "YXII": -0.072265625, "YIXY": -0.212890625, "YIXI": 0.0, "YIIY": -0.00390625, "IXXY": -0.125, "IXXI": -0.009765625, "IXIY": 0.029296875, "IXII": 0.1875, "IIXY": -0.64453125, "IIXI": -0.001953125, "ZXXZ": -0.01953125, "ZXXI": 0.03515625, "ZXIZ": 0.02734375, "ZXII": 0.12109375, "ZIXZ": 0.048828125, "ZIXI": 0.025390625, "ZIIZ": -0.005859375, "IXXZ": -0.021484375, "IXIZ": 0.044921875, "IIXZ": 0.01953125, "ZXZX": 0.0234375, "ZXZI": -0.009765625, "ZXIX": 0.021484375, "ZIZX": -0.056640625, "ZIZI": -0.05078125, "ZIIX": 0.015625, "IXZX": 0.009765625, "IXZI": 0.00390625, "IXIX": 0.03515625, "IIZX": -0.0546875, "IIIX": 0.029296875, "XZXZ": -0.06640625, "XZXI": 0.021484375, "XZIZ": 0.01953125, "XZII": -0.029296875, "XIXZ": -0.033203125, "XIXI": 0.0, "XIIZ": 0.021484375, "XIII": -0.14453125, "IZXZ": 0.00390625, "IZXI": -0.017578125, "IZIZ": 0.00390625, "ZYYZ": 0.009765625, "ZYYI": 0.00390625, "ZYIZ": 0.02734375, "ZYII": 0.447265625, "ZIYZ": 0.029296875, "IYYZ": 0.01171875, "IYYI": -0.029296875, "IIYZ": 0.0234375, "YYXX": -0.185546875, "YYXI": -0.017578125, "YYIX": 0.01953125, "YIXX": -0.150390625, "YIIX": -0.01171875, "IYXX": -0.173828125, "IYXI": 0.025390625, "IYIX": 0.01171875, "IIXX": -0.486328125, "ZZXX": -0.34765625, "ZZXI": 0.013671875, "ZZIX": 0.0234375, "ZIXX": -0.37890625, "IZXX": -0.291015625, "IZIX": 0.013671875, "YZZY": -0.01953125, "YZZI": 0.02734375, "YZIY": 0.046875, "YZII": 0.03125, "YIZY": -0.037109375, "IZZY": 0.025390625, "IZZI": -0.025390625, "IIZY": 0.04296875, "YZYZ": 0.013671875, "YZYI": -0.017578125, "YZIZ": 0.0078125, "YIYZ": 0.0078125, "YIYI": -0.01953125, "IZYZ": 0.0078125, "XXYY": -0.138671875, "XXYI": 0.044921875, "XXIY": 0.01171875, "XXII": -0.2890625, "XIYY": -0.029296875, "XIYI": 0.033203125, "XIIY": 0.03125, "IXYY": 0.060546875, "IXYI": -0.001953125, "XYXY": 0.154296875, "XYXI": -0.015625, "XYIY": -0.0078125, "XYII": -0.197265625, "XIXY": 0.056640625, "IYXY": -0.3125, "IYIY": 0.013671875, "YXYX": 0.099609375, "YXYI": 0.05859375, "YXIX": -0.0390625, "YIYX": -0.140625, "IXYX": -0.087890625, "IIYX": -0.625, "XXZZ": -0.203125, "XXZI": 0.0234375, "XXIZ": 0.04296875, "XIZZ": -0.076171875, "XIZI": -0.052734375, "IXZZ": 0.150390625, "XYYX": 0.1015625, "XYYI": -0.02734375, "XYIX": 0.01953125, "XIYX": 0.025390625, "XIIX": -0.005859375, "IYYX": -0.306640625, "ZYZY": 0.01171875, "ZYZI": 0.013671875, "ZYIY": 0.03125, "ZIZY": -0.017578125, "IYZY": 0.015625, "XZZX": -0.041015625, "XZZI": -0.005859375, "XZIX": 0.03125, "XIZX": -0.021484375, "IZZX": -0.021484375, "YYYY": 0.14453125, "YYYI": -0.0234375, "YYIY": 0.02734375, "YIYY": 0.083984375, "IYYY": 0.189453125, "XXXX": 0.169921875, "XXXI": 0.001953125, "XXIX": -0.025390625, "XIXX": 0.048828125, "IXXX": -0.15625, "ZZZZ": 0.615234375, "ZZZI": -0.060546875, "ZZIZ": -0.048828125, "ZIZZ": 0.6953125, "IZZZ": 0.583984375}