{"YYZZ": 0.310546875, "YYZI": 0.01171875, "YYIZ": 0.013671875, "YYII": 0.3671875, "YIZZ": 0.17578125, "YIZI": 0.021484375, "YIIZ": 0.02734375, "YIII": 0.205078125, "IYZZ": 0.3359375, "IYZI": -0.029296875, "IYIZ": -0.03515625, "IYII": 0.408203125, "IIZZ": 0.837890625, "IIZI": 0.015625, "IIIZ": 0.037109375, "IIII": 1.0, "ZZYY": 0.39453125, "ZZYI": -0.01171875, "ZZIY": -0.00390625, "ZZII": 0.79296875, "ZIYY": 0.396484375, "ZIYI": 0.001953125, "ZIIY": -0.001953125, "ZIII": 0.837890625, "IZYY": 0.341796875, "IZYI": -0.021484375, "IZIY": -0.009765625, "IZII": 0.712890625, "IIYY": 0.46875, "IIYI": 0.0234375, "IIIY": 0.015625, "YXXY": 0.126953125, "YXXI": -0.01953125, "YXIY": 0.01171875, "YXII": -0.166015625, "YIXY": -0.07421875, "YIXI": 0.048828125, "YIIY": -0.005859375, "IXXY": -0.091796875, "IXXI": 0.0, "IXIY": 0.015625, "IXII": 0.154296875, "IIXY": -0.64453125, "IIXI": 0.037109375, "ZXXZ": -0.064453125, "ZXXI": -0.03125, "ZXIZ": -0.044921875, "ZXII": 0.15234375, "ZIXZ": -0.001953125, "ZIXI": -0.03125, "ZIIZ": -0.001953125, "IXXZ": -0.080078125, "IXIZ": -0.041015625, "IIXZ": 0.009765625, "ZXZX": -0.02734375, "ZXZI": 0.0, "ZXIX": -0.06640625, "ZIZX": 0.029296875, "ZIZI": 0.013671875, "ZIIX": 0.060546875, "IXZX": -0.044921875, "IXZI": 0.044921875, "IXIX": -0.083984375, "IIZX": 0.00390625, "IIIX": 0.05859375, "XZXZ": -0.01953125, "XZXI": 0.05859375, "XZIZ": 0.041015625, "XZII": -0.009765625, "XIXZ": -0.0078125, "XIXI": 0.01953125, "XIIZ": -0.005859375, "XIII": -0.123046875, "IZXZ": -0.029296875, "IZXI": 0.021484375, "IZIZ": -0.0234375, "ZYYZ": 0.001953125, "ZYYI": 0.0234375, "ZYIZ": 0.0078125, "ZYII": 0.404296875, "ZIYZ": 0.017578125, "IYYZ": 0.0078125, "IYYI": 0.017578125, "IIYZ": 0.0546875, "YYXX": -0.19921875, "YYXI": -0.01171875, "YYIX": -0.005859375, "YIXX": -0.1328125, "YIIX": -0.013671875, "IYXX": -0.263671875, "IYXI": -0.009765625, "IYIX": 0.0546875, "IIXX": -0.470703125, "ZZXX": -0.341796875, "ZZXI": -0.03515625, "ZZIX": 0.029296875, "ZIXX": -0.37109375, "IZXX": -0.3203125, "IZIX": 0.04296875, "YZZY": -0.033203125, "YZZI": -0.037109375, "YZIY": 0.013671875, "YZII": 0.021484375, "YIZY": -0.052734375, "IZZY": -0.0703125, "IZZI": -0.0625, "IIZY": -0.0703125, "YZYZ": -0.04296875, "YZYI": -0.0078125, "YZIZ": -0.0078125, "YIYZ": -0.033203125, "YIYI": 0.005859375, "IZYZ": -0.076171875, "XXYY": -0.107421875, "XXYI": 0.0390625, "XXIY": 0.025390625, "XXII": -0.28125, "XIYY": -0.080078125, "XIYI": -0.01953125, "XIIY": -0.013671875, "IXYY": 0.099609375, "IXYI": 0.015625, "XYXY": 0.14453125, "XYXI": 0.013671875, "XYIY": -0.03125, "XYII": -0.169921875, "XIXY": 0.04296875, "IYXY": -0.279296875, "IYIY": 0.021484375, "YXYX": 0.07421875, "YXYI": 0.001953125, "YXIX": -0.005859375, "YIYX": -0.16015625, "IXYX": -0.12109375, "IIYX": -0.68359375, "XXZZ": -0.2578125, "XXZI": 0.046875, "XXIZ": 0.041015625, "XIZZ": -0.1015625, "XIZI": 0.03125, "IXZZ": 0.154296875, "XYYX": 0.103515625, "XYYI": -0.017578125, "XYIX": 0.021484375, "XIYX": 0.025390625, "XIIX": 0.056640625, "IYYX": -0.34375, "ZYZY": -0.037109375, "ZYZI": 0.0078125, "ZYIY": 0.0, "ZIZY": -0.00390625, "IYZY": -0.033203125, "XZZX": 0.0234375, "XZZI": -0.017578125, "XZIX": -0.009765625, "XIZX": 0.02734375, "IZZX": 0.04296875, "YYYY": 0.140625, "YYYI": -0.013671875, "YYIY": -0.01171875, "YIYY": 0.044921875, "IYYY": 0.15625, "XXXX": 0.15234375, "XXXI": 0.01953125, "XXIX": -0.041015625, "XIXX": 0.060546875, "IXXX": -0.14453125, "ZZZZ": 0.66796875, "ZZZI": -0.01953125, "ZZIZ": -0.009765625, "ZIZZ": 0.720703125, "IZZZ": 0.6171875}