{"qwc_energy": [1.822265625, -2.1492095812722143, -4.2141583569409615, -5.4456548411683485, -6.411872754053283], "qwc_shots": 21504, "qwc_moments": ["1.0", "(1.822265625+0j)", "(6.35546875+0j)", "(12.908203125+0j)", "(60.6484375+0j)", "(78.791015625+0j)", "(710.97265625+0j)", "(-283.373046875+0j)", "(12126.671875+0j)", "(-37662.177734375+0j)"], "mix_energy": [1.8322717622080678, -3.0474293850125336, -5.725572045583965, -6.318386520750538, -6.457453480849612], "mix_shots": 21501, "mix_moments": ["(1+0j)", "(1.8322717622080678+0j)", "(6.650389242745931+0j)", "(10.406065457751787+0j)", "(79.53955657652013+0j)", "(-55.88241504530532+0j)", "(1616.2430011717897+0j)", "(-6320.432610536817+0j)", "(51680.32820530671+0j)", "(-295949.36009884824+0j)"], "cs_energy": [1.8099146854766124, -1.6660913666669692, -3.4876777660991922, -3.5051115145010807, -6.863455552831322], "cs_shots": 21465, "cs_moments": ["(1+0j)", "(1.8099146854766124+0j)", "(6.1503766512337785+0j)", "(13.92231249291951+0j)", "(55.061469282165305+0j)", "(112.91215392716974+0j)", "(512.364697490111+0j)", "(971.2996173109052+0j)", "(4319.300616360928+0j)", "(12263.593539725221+0j)"]}