{"qwc_energy": [1.7265625, -3.094997791213547, -5.127513381500913, -6.25286873431851, -6.458695749051051], "qwc_shots": 21504, "qwc_moments": ["1.0", "(1.7265625+0j)", "(6.83984375+0j)", "(9.6171875+0j)", "(78.5234375+0j)", "(-36.9140625+0j)", "(1414.95703125+0j)", "(-4805.8984375+0j)", "(40818.046875+0j)", "(-222377.8671875+0j)"], "mix_energy": [1.635527246992215, -3.003444657593082, -5.188394943445828, -6.22269991735021, -6.453740008343535], "mix_shots": 21501, "mix_moments": ["(1+0j)", "(1.635527246992215+0j)", "(6.704175513092711+0j)", "(8.952838397549687+0j)", "(78.54063555045079+0j)", "(-50.22842922279068+0j)", "(1468.9898367616886+0j)", "(-5273.286763426268+0j)", "(43586.35017924894+0j)", "(-241392.50882322266+0j)"], "cs_energy": [1.8684627575277337, -1.678583627256911, -2.5794822179494363, -7.535699586727397, -6.496045820721923], "cs_shots": 21465, "cs_moments": ["(1+0j)", "(1.8684627575277337+0j)", "(6.219070217350979+0j)", "(14.2360273036353+0j)", "(52.07438037106147+0j)", "(136.45249563343535+0j)", "(330.5875721899295+0j)", "(2196.988861680416+0j)", "(-4032.084357178265+0j)", "(67105.02818504034+0j)"]}