{"qwc_energy": [1.8671875, -3.371970101912621, -5.916900526736002, -6.357522402781579, -6.458796857757845], "qwc_shots": 21504, "qwc_moments": ["1.0", "(1.8671875+0j)", "(6.9453125+0j)", "(10.046875+0j)", "(87.75+0j)", "(-95.2578125+0j)", "(1928.4765625+0j)", "(-8227.234375+0j)", "(64580.4375+0j)", "(-378525.3203125+0j)"], "mix_energy": [1.7232837933474876, -3.38319934872678, -5.485521278474721, -6.306505925589908, -6.458491607732178], "mix_shots": 21501, "mix_moments": ["(1+0j)", "(1.7232837933474876+0j)", "(7.041047416843593+0j)", "(8.621674613947764+0j)", "(87.53064634019005+0j)", "(-95.37808174677781+0j)", "(1821.2055387328437+0j)", "(-7462.9573399231995+0j)", "(58337.777418119826+0j)", "(-336283.3116958455+0j)"], "cs_energy": [1.8470681458003169, -2.3522471187837026, -4.683798829872689, -5.936835815397938, -6.439477243545452], "cs_shots": 21465, "cs_moments": ["(1+0j)", "(1.8470681458003169+0j)", "(6.489698890649763+0j)", "(12.688113980103656+0j)", "(64.887797645354+0j)", "(55.082456804309906+0j)", "(891.1369538992825+0j)", "(-1432.9119821278914+0j)", "(19845.1846916887+0j)", "(-87637.56023431926+0j)"]}