{"qwc_energy": [1.74609375, -3.2061007691106678, -5.231707844672444, -6.293251618950201, -6.462039249298466], "qwc_shots": 21504, "qwc_moments": ["1.0", "(1.74609375+0j)", "(6.87109375+0j)", "(9.3671875+0j)", "(80.3515625+0j)", "(-50.99609375+0j)", "(1506.06640625+0j)", "(-5427.21875+0j)", "(44849.140625+0j)", "(-248841.67578125+0j)"], "mix_energy": [1.8011323425336165, -3.352848707486664, -5.515915249027209, -6.333861479559198, -6.46267065533489], "mix_shots": 21501, "mix_moments": ["(1+0j)", "(1.8011323425336165+0j)", "(6.9363057324840725+0j)", "(9.408965925307164+0j)", "(84.37800053368605+0j)", "(-75.59554720220876+0j)", "(1712.4352673650976+0j)", "(-6785.434930910852+0j)", "(54190.06222082995+0j)", "(-309970.37229241285+0j)"], "cs_energy": [1.8684627575277335, -1.0394460307761613, -34.942825152692336, -6.787613357870633, -6.476251291134668], "cs_shots": 21465, "cs_moments": ["(1+0j)", "(1.8684627575277335+0j)", "(6.103979643030987+0j)", "(15.918823598248645+0j)", "(42.2003889137182+0j)", "(213.63672545604598+0j)", "(-159.7080893804392+0j)", "(5525.42023720749+0j)", "(-25554.580266986046+0j)", "(208106.58053339942+0j)"]}