{"qwc_energy": [1.892578125, -2.4334587717462792, -5.451982690362707, -6.234204033650835, -6.4525075421552085], "qwc_shots": 21504, "qwc_moments": ["1.0", "(1.892578125+0j)", "(6.3984375+0j)", "(12.419921875+0j)", "(68.578125+0j)", "(19.306640625+0j)", "(1153.6328125+0j)", "(-3293.666015625+0j)", "(32365.15625+0j)", "(-170862.716796875+0j)"], "mix_energy": [1.6978060863411184, -3.2471527865462333, -5.534803910583941, -6.296687618506492, -6.456909557008567], "mix_shots": 21501, "mix_moments": ["(1+0j)", "(1.6978060863411184+0j)", "(6.842887473460721+0j)", "(8.653730581369725+0j)", "(84.9181836111981+0j)", "(-90.86293550520317+0j)", "(1776.7335282447546+0j)", "(-7302.86595199146+0j)", "(57238.58560439942+0j)", "(-330579.17052428814+0j)"], "cs_energy": [1.7614896988906499, -3.6047648214094408, -5.582012620042202, -6.359567793318092, -6.463563401942854], "cs_shots": 21465, "cs_moments": ["(1+0j)", "(1.7614896988906499+0j)", "(7.153071907955425+0j)", "(8.191324012185293+0j)", "(91.53966882577684+0j)", "(-119.3434485342907+0j)", "(1984.1127551001339+0j)", "(-8504.376773858623+0j)", "(65140.30063254497+0j)", "(-380197.50958341145+0j)"]}