{"qwc_energy": [1.84375, -3.689355467671761, -5.9116659297407175, -6.3826163834143514, -6.462021459953036], "qwc_shots": 21504, "qwc_moments": ["1.0", "(1.84375+0j)", "(7.22265625+0j)", "(8.90234375+0j)", "(96.2421875+0j)", "(-139.1171875+0j)", "(2220.62109375+0j)", "(-9983.02734375+0j)", "(75939.921875+0j)", "(-450397.640625+0j)"], "mix_energy": [1.7430997876857748, -3.489428301489074, -5.7220342622588065, -6.34495797105202, -6.459940929060091], "mix_shots": 21501, "mix_moments": ["(1+0j)", "(1.7430997876857748+0j)", "(6.975937721160652+0j)", "(8.246562945946888+0j)", "(90.49691970345624+0j)", "(-124.17192811481232+0j)", "(2021.092722146811+0j)", "(-8876.812061304287+0j)", "(67735.55867645866+0j)", "(-398644.17854118085+0j)"], "cs_energy": [1.7472266244057053, -3.976889973298085, -6.0244334311353835, -6.400291526272703, -6.4623748812659425], "cs_shots": 21465, "cs_moments": ["(1+0j)", "(1.7472266244057053+0j)", "(7.345606607051488+0j)", "(6.482320858797184+0j)", "(106.99954186860343+0j)", "(-223.82988074889545+0j)", "(2724.0484324561185+0j)", "(-13376.14759736226+0j)", "(97479.26534024351+0j)", "(-590902.8706233196+0j)"]}