{"qwc_energy": [1.73828125, -3.456908731773846, -5.344285058789301, -6.3386941461711785, -6.46312618466042], "qwc_shots": 21504, "qwc_moments": ["1.0", "(1.73828125+0j)", "(7.1953125+0j)", "(8.6875+0j)", "(88.390625+0j)", "(-86.81640625+0j)", "(1770.8046875+0j)", "(-6971.7421875+0j)", "(55091.90625+0j)", "(-313321.80859375+0j)"], "mix_energy": [1.8917197452229302, -3.3227255897537433, -5.480217713335313, -6.343460454494483, -6.464321957360301], "mix_shots": 21501, "mix_moments": ["(1+0j)", "(1.8917197452229302+0j)", "(7.10898796886058+0j)", "(10.786421171092783+0j)", "(84.10387154409285+0j)", "(-48.32941190119814+0j)", "(1620.4572181035574+0j)", "(-5955.680252456696+0j)", "(49620.940459202015+0j)", "(-278351.9441137908+0j)"], "cs_energy": [1.8185419968304277, -2.367924362375517, -4.377737545825788, -5.713662293675128, -6.43508997411897], "cs_shots": 21465, "cs_moments": ["(1+0j)", "(1.8185419968304277+0j)", "(6.433016334625151+0j)", "(12.315425333919272+0j)", "(62.67532925081818+0j)", "(62.33603128738676+0j)", "(790.8806380973598+0j)", "(-830.8580060328903+0j)", "(15359.802359874622+0j)", "(-58712.78302685404+0j)"]}