{"qwc_energy": [1.822265625, -3.3805714302834278, -5.892387408149439, -6.362664176719287, -6.459543313469711], "qwc_shots": 21504, "qwc_moments": ["1.0", "(1.822265625+0j)", "(6.93359375+0j)", "(9.513671875+0j)", "(89.2734375+0j)", "(-106.451171875+0j)", "(1986.89453125+0j)", "(-8594.697265625+0j)", "(66812.171875+0j)", "(-392669.349609375+0j)"], "mix_energy": [1.7629157820240624, -3.2404122440572567, -5.386571492956401, -6.297172134778728, -6.4594737015876165], "mix_shots": 21501, "mix_moments": ["(1+0j)", "(1.7629157820240624+0j)", "(6.916489738145788+0j)", "(9.465153782789786+0j)", "(82.61089647651201+0j)", "(-62.95266436949648+0j)", "(1616.90514310907+0j)", "(-6138.2483496339555+0j)", "(49832.95869734202+0j)", "(-281305.44425881444+0j)"], "cs_energy": [1.8114104595879557, -4.044345919628054, -5.778512748638021, -6.48689259319672, -6.492251399154008], "cs_shots": 21465, "cs_moments": ["(1+0j)", "(1.8114104595879557+0j)", "(7.467195675637989+0j)", "(7.171469369309929+0j)", "(102.87008489124979+0j)", "(-179.54857499971962+0j)", "(2420.4919783433306+0j)", "(-11200.719393274669+0j)", "(83027.35232047281+0j)", "(-494730.00751808524+0j)"]}