{"qwc_energy": [1.91796875, -3.461754282255831, -5.963020682133069, -6.37824509527706, -6.463112494658635], "qwc_shots": 21504, "qwc_moments": ["1.0", "(1.91796875+0j)", "(6.92578125+0j)", "(10.23046875+0j)", "(87.4140625+0j)", "(-92.37890625+0j)", "(1916.43359375+0j)", "(-8146.75390625+0j)", "(64128.953125+0j)", "(-375637.23828125+0j)"], "mix_energy": [1.7714083510261855, -3.1443654087559714, -5.184263740344711, -6.288201251598691, -6.461326055438411], "mix_shots": 21501, "mix_moments": ["(1+0j)", "(1.7714083510261855+0j)", "(6.939136588818116+0j)", "(10.012506816098758+0j)", "(80.07570220319514+0j)", "(-36.27648416924801+0j)", "(1451.9685473298287+0j)", "(-4950.339609945119+0j)", "(42155.977132713786+0j)", "(-230252.27052080748+0j)"], "cs_energy": [1.7689909780482855, -4.292999013768624, -6.112256387144145, -6.418036113871766, -6.464071123025509], "cs_shots": 21465, "cs_moments": ["(1+0j)", "(1.7689909780482855+0j)", "(7.620022333905581+0j)", "(5.47188903260825+0j)", "(116.44252629587066+0j)", "(-279.28112336806197+0j)", "(3107.813694891955+0j)", "(-15818.204797183473+0j)", "(113513.50452715969+0j)", "(-694328.8718825585+0j)"]}