{"qwc_energy": [1.880859375, -2.603044041243393, -5.365579367420002, -6.219984049491957, -6.452847725678023], "qwc_shots": 21504, "qwc_moments": ["1.0", "(1.880859375+0j)", "(6.52734375+0j)", "(12.111328125+0j)", "(70.5546875+0j)", "(11.498046875+0j)", "(1197.51953125+0j)", "(-3519.146484375+0j)", "(33690.859375+0j)", "(-178669.009765625+0j)"], "mix_energy": [1.7402689313517339, -3.334068377671375, -5.6418914744730735, -6.3271822585829725, -6.458529512719188], "mix_shots": 21501, "mix_moments": ["(1+0j)", "(1.7402689313517339+0j)", "(6.936305732484079+0j)", "(8.852226978989+0j)", "(87.64907823141093+0j)", "(-99.98077570104306+0j)", "(1878.2508672398003+0j)", "(-7888.3118814753+0j)", "(61466.60950425209+0j)", "(-357438.54267747997+0j)"], "cs_energy": [1.768621236133122, -3.937715395407345, -5.857564337360313, -6.4077359630184105, -6.466685904848479], "cs_shots": 21465, "cs_moments": ["(1+0j)", "(1.768621236133122+0j)", "(7.303680114732041+0j)", "(6.915619168317221+0j)", "(101.68413209621258+0j)", "(-188.25869733823134+0j)", "(2455.6616276362774+0j)", "(-11607.559542764946+0j)", "(85551.74395808089+0j)", "(-513048.0743367984+0j)"]}