{"qwc_energy": [1.88671875, -3.110060330184922, -5.46795819890392, -6.298393416675037, -6.458509187014934], "qwc_shots": 21504, "qwc_moments": ["1.0", "(1.88671875+0j)", "(7.00390625+0j)", "(11.375+0j)", "(81.1484375+0j)", "(-29.96484375+0j)", "(1516.93359375+0j)", "(-5301.8828125+0j)", "(45595.359375+0j)", "(-252651.62890625+0j)"], "mix_energy": [1.8846426043878273, -2.7502732354068016, -5.0095822955868465, -6.188945836432755, -6.459724429182901], "mix_shots": 21501, "mix_moments": ["(1+0j)", "(1.8846426043878273+0j)", "(6.690021231422508+0j)", "(12.016555868806048+0j)", "(70.66825612288702+0j)", "(22.712366433469178+0j)", "(1106.518499182067+0j)", "(-2779.700683350153+0j)", "(28566.76464446066+0j)", "(-143532.28532479372+0j)"], "cs_energy": [1.9041204437400947, -4.701547238731744, -6.550791671709037, -11.03178017799622, -6.462726048914924], "cs_shots": 21465, "cs_moments": ["(1+0j)", "(1.9041204437400947+0j)", "(7.58795562599049+0j)", "(5.740887480190173+0j)", "(123.28526148969885+0j)", "(-334.37163232963496+0j)", "(3564.903328050713+0j)", "(-18995.308240887472+0j)", "(135370.76862123614+0j)", "(-839310.3684627573+0j)"]}