{"qwc_energy": [1.767578125, -3.434729702224145, -5.422716187217639, -6.331818482206417, -6.462033580109601], "qwc_shots": 21504, "qwc_moments": ["1.0", "(1.767578125+0j)", "(7.1328125+0j)", "(9.013671875+0j)", "(87.53125+0j)", "(-84.490234375+0j)", "(1770.9765625+0j)", "(-7026.525390625+0j)", "(55658.5+0j)", "(-317789.623046875+0j)"], "mix_energy": [1.8167020523708421, -3.4203718859101984, -5.671066354716409, -6.331686978804235, -6.459253808508122], "mix_shots": 21501, "mix_moments": ["(1+0j)", "(1.8167020523708421+0j)", "(7.072186836518046+0j)", "(9.515830751917212+0j)", "(88.34078173401551+0j)", "(-92.85885164688537+0j)", "(1874.8331883099568+0j)", "(-7776.868237559895+0j)", "(61145.20716299466+0j)", "(-354694.610571624+0j)"], "cs_energy": [1.7828843106180665, -3.0980258656636486, -5.179550269123665, -6.246622939629759, -6.457944407146046], "cs_shots": 21465, "cs_moments": ["(1+0j)", "(1.7828843106180665+0j)", "(6.889064976228207+0j)", "(10.223296728468751+0j)", "(78.39207208597934+0j)", "(-30.196482347624904+0j)", "(1407.2742588666474+0j)", "(-4724.33712744145+0j)", "(40664.46733261708+0j)", "(-221347.80560663226+0j)"]}