{"qwc_energy": [1.85546875, -3.1424749666767706, -5.8466971810443615, -6.339644310041387, -6.457129729603292], "qwc_shots": 21504, "qwc_moments": ["1.0", "(1.85546875+0j)", "(6.828125+0j)", "(10.60546875+0j)", "(83.640625+0j)", "(-69.06640625+0j)", "(1758.125+0j)", "(-7122.97265625+0j)", "(57441.21875+0j)", "(-332317.17578125+0j)"], "mix_energy": [1.7473460721868368, -3.65462030125343, -5.685587433552742, -6.36675019522376, -6.462439876153927], "mix_shots": 21501, "mix_moments": ["(1+0j)", "(1.7473460721868368+0j)", "(7.196744515215851+0j)", "(7.8506143190282325+0j)", "(94.90349564349773+0j)", "(-140.28142656596233+0j)", "(2137.6267330293635+0j)", "(-9493.282308308097+0j)", "(71756.30411982413+0j)", "(-423078.3217546665+0j)"], "cs_energy": [1.847068145800317, -4.669731877326356, -6.280252808003489, -6.440873106087564, -6.466496698149705], "cs_shots": 21465, "cs_moments": ["(1+0j)", "(1.847068145800317+0j)", "(7.9730586370839935+0j)", "(5.0442152819188815+0j)", "(128.3648207374172+0j)", "(-338.93583857341855+0j)", "(3588.7668858144816+0j)", "(-18795.578778681436+0j)", "(133762.68363288228+0j)", "(-824508.2057837839+0j)"]}