{"qwc_energy": [1.779296875, -3.6174742492369725, -5.729476450115868, -6.367145552170928, -6.462170616358984], "qwc_shots": 21504, "qwc_moments": ["1.0", "(1.779296875+0j)", "(7.16796875+0j)", "(8.365234375+0j)", "(93.8828125+0j)", "(-130.986328125+0j)", "(2103.55078125+0j)", "(-9260.556640625+0j)", "(70546.078125+0j)", "(-415345.626953125+0j)"], "mix_energy": [1.8747346072186837, -3.22286219733968, -5.945525034321282, -6.35828818444702, -6.458217146132018], "mix_shots": 21501, "mix_moments": ["(1+0j)", "(1.8747346072186837+0j)", "(6.794762915782023+0j)", "(10.42699523163134+0j)", "(84.31794925341961+0j)", "(-79.67019363521393+0j)", "(1821.4363231352875+0j)", "(-7607.201095216554+0j)", "(60557.91353126122+0j)", "(-353340.8778787139+0j)"], "cs_energy": [1.9505902798958747, -4.102833180831206, -6.491857391365412, -6.497174603484735, -6.461754776385481], "cs_shots": 21465, "cs_moments": ["(1+0j)", "(1.9505902798958747+0j)", "(7.1384390915553215+0j)", "(8.585216796989286+0j)", "(103.60499736698934+0j)", "(-205.5058019602542+0j)", "(2718.4692958595115+0j)", "(-13488.627272761218+0j)", "(99601.17555893896+0j)", "(-607525.7475608863+0j)"]}