{"qwc_energy": [1.931640625, -3.6212546817373292, -6.173851129613633, -6.403717793891216, -6.4621728109041285], "qwc_shots": 21504, "qwc_moments": ["1.0", "(1.931640625+0j)", "(6.96484375+0j)", "(9.873046875+0j)", "(91.7109375+0j)", "(-123.341796875+0j)", "(2142.36328125+0j)", "(-9665.587890625+0j)", "(74291.546875+0j)", "(-442286.240234375+0j)"], "mix_energy": [1.8280254777070062, -2.82709084728078, -5.218174776720827, -6.210389254156336, -6.454852901197065], "mix_shots": 21501, "mix_moments": ["(1+0j)", "(1.8280254777070062+0j)", "(6.644727530077846+0j)", "(11.190456301555807+0j)", "(73.00287726381497+0j)", "(-4.3113129836533215+0j)", "(1256.3681157402573+0j)", "(-3868.0195955588006+0j)", "(35412.58766953236+0j)", "(-189010.6213381603+0j)"], "cs_energy": [1.9896988906497621, -4.534389055463798, -6.313327062710593, -6.451325537175402, -6.4755829642427285], "cs_shots": 21465, "cs_moments": ["(1+0j)", "(1.9896988906497621+0j)", "(7.678923341421177+0j)", "(7.933591488715409+0j)", "(113.49196340426475+0j)", "(-237.20235900321543+0j)", "(2963.220707290137+0j)", "(-14724.902934032809+0j)", "(107773.72824467198+0j)", "(-656507.8477466281+0j)"]}