{"qwc_energy": [1.810546875, -3.3372175207371804, -5.620848128542132, -6.334842035419761, -6.4600904701861595], "qwc_shots": 21504, "qwc_moments": ["1.0", "(1.810546875+0j)", "(7.00390625+0j)", "(9.689453125+0j)", "(86.5546875+0j)", "(-81.072265625+0j)", "(1795.15234375+0j)", "(-7246.849609375+0j)", "(57682.546875+0j)", "(-332079.267578125+0j)"], "mix_energy": [1.7501769285208777, -3.4783593021965906, -5.8244255262692395, -6.355874361295059, -6.459778429306644], "mix_shots": 21501, "mix_moments": ["(1+0j)", "(1.7501769285208777+0j)", "(6.922151450813873+0j)", "(8.294119011984732+0j)", "(91.04359982829234+0j)", "(-130.6718527026559+0j)", "(2078.248500458275+0j)", "(-9288.044423561087+0j)", "(70611.68606499372+0j)", "(-417879.3275904082+0j)"], "cs_energy": [1.718700475435816, -4.657109274659357, -6.342913984722962, -6.4395307570925215, -6.462400134517834], "cs_shots": 21465, "cs_moments": ["(1+0j)", "(1.718700475435816+0j)", "(7.857687955252512+0j)", "(2.8673429499429246+0j)", "(133.95919518264878+0j)", "(-409.0044972817122+0j)", "(3964.7405544634817+0j)", "(-21572.102055615647+0j)", "(151081.95466117564+0j)", "(-939980.8768778098+0j)"]}