{"qwc_energy": [1.611328125, -3.858405358538646, -5.533205900761894, -6.38836109795545, -6.4645257133330585], "qwc_shots": 21504, "qwc_moments": ["1.0", "(1.611328125+0j)", "(7.55078125+0j)", "(5.521484375+0j)", "(103.8671875+0j)", "(-192.552734375+0j)", "(2401.19921875+0j)", "(-11068.236328125+0j)", "(80979.046875+0j)", "(-480416.404296875+0j)"], "mix_energy": [1.8549186128803963, -3.422449429341924, -5.598495265258288, -6.343859988311426, -6.462052690387976], "mix_shots": 21501, "mix_moments": ["(1+0j)", "(1.8549186128803963+0j)", "(7.10898796886058+0j)", "(9.986263385657772+0j)", "(87.09785017344798+0j)", "(-76.679834789368+0j)", "(1784.3991159374893+0j)", "(-7107.247409882467+0j)", "(56912.007993688596+0j)", "(-326424.3055816598+0j)"], "cs_energy": [1.8190349860506463, -3.1325865862090976, -5.382180993759949, -6.303770948452281, -6.460629556081373], "cs_shots": 21465, "cs_moments": ["(1+0j)", "(1.8190349860506463+0j)", "(6.891406675024244+0j)", "(10.421853739061797+0j)", "(80.4769010896804+0j)", "(-40.447963493898996+0j)", "(1515.368274151801+0j)", "(-5408.73058325852+0j)", "(45577.79245278312+0j)", "(-253309.52897432062+0j)"]}