{"qwc_energy": [1.74609375, -3.5409069767599872, -5.73224804366372, -6.35511957856859, -6.460180725154951], "qwc_shots": 21504, "qwc_moments": ["1.0", "(1.74609375+0j)", "(7.12890625+0j)", "(8.2734375+0j)", "(93.6953125+0j)", "(-131.79296875+0j)", "(2105.94921875+0j)", "(-9290.828125+0j)", "(70734.890625+0j)", "(-416707.95703125+0j)"], "mix_energy": [1.719037508846426, -3.238188241151276, -5.674659029002979, -6.317777757502396, -6.457199871055551], "mix_shots": 21501, "mix_moments": ["(1+0j)", "(1.719037508846426+0j)", "(6.786270346779902+0j)", "(8.80663162901861+0j)", "(85.45961969069413+0j)", "(-97.29872495446256+0j)", "(1840.2920538790854+0j)", "(-7762.335874142905+0j)", "(60507.517884282934+0j)", "(-352504.52601719304+0j)"], "cs_energy": [1.825365415810264, -3.522891944760723, -5.766604294341657, -6.354602442365, -6.462152237908663], "cs_shots": 21465, "cs_moments": ["(1+0j)", "(1.825365415810264+0j)", "(6.932470436208316+0j)", "(8.9662358405653+0j)", "(87.93132386279456+0j)", "(-108.12813424743813+0j)", "(1932.343744203331+0j)", "(-8336.826275453985+0j)", "(64414.87573434849+0j)", "(-377759.0758039395+0j)"]}