{"qwc_energy": [1.833984375, -3.2578824946413425, -5.616664292242129, -6.330665484096983, -6.462341776952879], "qwc_shots": 21504, "qwc_moments": ["1.0", "(1.833984375+0j)", "(6.76171875+0j)", "(9.830078125+0j)", "(81.3359375+0j)", "(-66.205078125+0j)", "(1652.41015625+0j)", "(-6523.708984375+0j)", "(52596.671875+0j)", "(-301228.119140625+0j)"], "mix_energy": [1.7714083510261855, -3.3252117719659036, -5.559198115424436, -6.328553771592299, -6.460829149642143], "mix_shots": 21501, "mix_moments": ["(1+0j)", "(1.7714083510261855+0j)", "(6.885350318471336+0j)", "(9.12939565858016+0j)", "(84.83181928926945+0j)", "(-83.6799160024598+0j)", "(1756.0969568294413+0j)", "(-7115.99197150581+0j)", "(56276.173250728+0j)", "(-323954.7572656713+0j)"], "cs_energy": [1.7828843106180665, -2.9525931791651394, -5.038211795764182, -6.204004660276521, -6.455954729099426], "cs_shots": 21465, "cs_moments": ["(1+0j)", "(1.7828843106180665+0j)", "(6.8320126782884305+0j)", "(10.725832012678293+0j)", "(75.56101426307444+0j)", "(-8.610142630744466+0j)", "(1274.1537242472248+0j)", "(-3823.7686212361236+0j)", "(34897.96354992067+0j)", "(-183631.93502377125+0j)"]}