{"IZYIZY": -0.0058120762027768745, "IXIZXZ": -0.03487245721666129, "XZZYXY": 6.938893903907228e-18, "XXIXIX": -0.002906038101388444, "IYZZYI": 0.043590571520826606, "IXXIII": 0.012269938650306747, "ZZYXXY": 0.26154342912495965, "IYYIZZ": 0.02615434291249597, "IZIZZZ": -0.09880529544720698, "XXIIXX": -0.29350984824023246, "YIIXXY": -0.011624152405553763, "IXXIZZ": 0.0029060381013884425, "YZZIYI": 0.005812076202776888, "ZXXXXZ": -0.0784630287374879, "IZIZII": -0.10332579916047788, "YYYXYX": -0.39231514368743947, "XXXXYY": 0.47077817242492737, "XIZXIZ": -0.011624152405553756, "YXYXXX": 0.05230868582499193, "IYZZIY": 0.0029060381013884373, "YYXIIX": 0.011624152405553756, "YZXZYX": -0.05230868582499193, "XYYZXZ": -0.026154342912495965, "YXIYIX": 0.005812076202776878, "XZXZYY": 0.026154342912495965, "ZIIYZY": -0.02324830481110752, "ZXZXZZ": -0.026154342912495965, "YYXIXI": -5.204170427930421e-18, "ZZXXYY": -0.23531310522918014, "ZXIXIZ": -0.017436228608330648, "XXZIIZ": -0.3371004197610591, "YIYXXI": 0.005812076202776871, "ZYZIIY": -6.938893903907228e-18, "YXIXYI": 0.011624152405553756, "ZYXZYX": 0.026154342912495965, "XYZXZY": -0.05230868582499193, "IZXIZX": 0.002906038101388439, "YZZYXX": -0.026154342912495965, "YYZIIZ": -0.20923474329996766, "YIZIYZ": -0.005812076202776878, "ZIZIYY": 0.034872457216661275, "ZZXXXX": 0.23538908621246368, "IIZYZY": 0.008718114304165324, "IYIYYY": 0.008718114304165303, "ZIIXXZ": -0.005812076202776885, "IYYXXI": 0.0, "IYYIXX": 0.02034226670971908, "XZZXII": -0.014530190506942202, "YIYZIZ": 0.008718114304165313, "ZZIXIX": 0.00290603810138844, "YZZIIY": -0.002906038101388446, "IXXYYI": 0.017436228608330634, "ZZZZYY": -0.07843770174306004, "ZYZYXX": 0.0784630287374879, "ZYYXZX": -0.026154342912495965, "XXXZZX": 0.026154342912495965, "YYIIXX": -0.20632870519857927, "XYXXYX": 0.05230868582499193, "YZIZIY": 0.005812076202776878, "ZYXZXY": 0.0, "ZXIZXI": -0.014530190506942195, "YYYZZY": 0.026154342912495965, "IYXIXY": 0.0058120762027768745, "IYYXIX": -0.03196641911527284, "IYZYZI": 0.005812076202776878, "YXYYXY": -0.026154342912495965, "XIIXYY": 0.02324830481110752, "IYXXYI": 0.029060381013884393, "YXZZXY": -0.026154342912495965, "ZXYXYZ": 0.05230868582499193, "YZYZII": 3.469446951953614e-18, "IXIXXX": -0.04068453341943816, "ZIYYZI": -0.002906038101388432, "ZYIIYZ": -0.020342266709719083, "YXYXII": 0.005812076202776878, "XZXXZX": -0.05230868582499193, "ZZIZIZ": 0.22957701000968678, "IXIIXI": 0.02292541168873103, "ZIZIXX": -0.008718114304165334, "IIZZZZ": 0.7323216015498869, "ZXXXZX": -0.05230868582499193, "XIZXZI": -0.02034226670971908, "XXZYZY": -0.026145900581020006, "ZZIIXX": 0.19761059089441393, "ZZZXZX": -0.10461737164998386, "XXYZYZ": -0.026154342912495965, "XYYIXI": 0.011624152405553752, "YXXYXX": 0.10461737164998386, "XIXZZI": -0.014530190506942197, "XXYZZY": 0.0, "ZXYYXZ": 0.026145900581020013, "ZZIIII": -0.5288989344526962, "XXYIYI": -0.020342266709719083, "XXYYZZ": -0.34000645786244754, "IXXXIX": -0.02615434291249597, "XZYZXY": 0.0, "ZIXZIX": -0.0029060381013884373, "ZXZYXY": 0.026154342912495965, "IIIIII": 0.9999999999999998, "XIXIYY": 0.002906038101388451, "YXIIXY": -0.055214723926380355, "YYXXII": 0.20632870519857924, "XZYXZY": 0.0, "YYYYXX": 0.18308040038747175, "XXXYYX": -0.47077817242492737, "IYYYIY": 0.020342266709719087, "IYYIYY": 0.005812076202776885, "XXZIZI": -0.30804003874717467, "XZXYYZ": 0.0, "ZXIZIX": -0.008718114304165324, "ZYYXXZ": 0.026154342912495965, "YIXXIY": 0.014530190506942195, "YXXIIY": 0.0, "XXZXZX": 0.0784630287374879, "YXXXYX": -0.026154342912495965, "IYIYZZ": 0.02324830481110752, "IZYZIY": -6.938893903907228e-18, "XXIXXI": -0.011624152405553763, "ZYZZZY": 0.05230868582499193, "ZIIYYZ": -0.005812076202776878, "ZZXYXY": 0.26154342912495965, "ZZZIIZ": 0.21214078140135614, "XIXIII": 0.01420729738456571, "XZXXXZ": -0.0784630287374879, "ZXZYYX": 0.0, "IYZIZY": 6.938893903907228e-18, "YIZIZY": 0.03487245721666128, "IYIZYZ": 0.02324830481110752, "ZIZYIY": -0.01162415240555376, "XIXIZZ": 0.008718114304165327, "ZYIZYI": -0.008718114304165324, "YXXZZY": 0.05230868582499193, "YIYIYY": 0.023248304811107512, "IIIXXI": 0.005489183080400389, "XIYYIX": 0.011624152405553756, "XYYXII": 0.1307717145624798, "XZYYZX": -0.026154342912495965, "YYZZXX": -0.20923474329996772, "YYYXXY": -0.2876977720374556, "IZYYIZ": -0.020342266709719076, "ZYXYZX": 0.0784630287374879, "YXXYZZ": 0.0, "XYZXYZ": -0.13077171456247982, "ZYIIZY": -0.014530190506942202, "YYIXXI": 0.02034226670971908, "IXIXII": 0.04488214401033258, "YYZZYY": 0.0784630287374879, "XYIIXY": -0.11042944785276071, "YXXIYI": 0.0, "XZXZZZ": -0.05230868582499193, "ZXZIXI": 0.011624152405553765, "ZXYXZY": 0.026154342912495965, "IXYYIX": -0.014530190506942195, "ZZYYZZ": 0.23538908621246368, "YZXZXY": -0.026154342912495965, "IZIZXX": 0.02906038101388441, "ZIIIIZ": -0.03228931223764934, "XZIIZX": 0.023248304811107526, "IXIXYY": 0.00871811430416532, "IZZXXI": -0.008718114304165324, "IYIIYI": 0.005164622336991607, "ZZXYYX": 0.2876977720374556, "XXZZXX": -0.26154342912495965, "ZZIYYI": 0.0058120762027768814, "YXZYXZ": -0.026154342912495965, "YZYZYY": -0.05230868582499193, "XIYXIY": 0.029060381013884397, "XIIIXI": 0.024539877300613494, "ZXXIIZ": -0.01743622860833064, "IIZXZX": 0.04068453341943816, "XYYXZZ": 0.10461737164998386, "IIYIIY": 0.0019373587342589602, "YYZXZX": -0.05230868582499193, "XIYXYI": -6.938893903907228e-18, "XYXYXX": -0.1569260574749758, "ZXIIXZ": -0.00290603810138844, "YXYZXZ": -0.05230868582499193, "XIZIXZ": -6.938893903907228e-18, "YXYXYY": -0.026154342912495965, "IXIYYX": -0.0058120762027768814, "XIYIXY": -0.014530190506942193, "IIIIXX": -0.40232483048111073, "XXYXYX": -0.3661608007749435, "IXZIXZ": -0.02324830481110752, "XYIYXI": 0.011624152405553766, "YYZZII": 0.3923151436874394, "ZIIZII": 0.07458831126896996, "XYIXIY": 0.01743622860833064, "XXYYXX": 0.34000645786244754, "IZXZXI": -0.01743622860833064, "IYIXYX": -0.023248304811107526, "XYZZYX": -0.0784630287374879, "XYZZXY": -0.13077171456247982, "IYIZZY": 0.005812076202776871, "IYXIYX": -0.029060381013884407, "YIZYZI": 0.005812076202776872, "ZIXXZI": 0.008718114304165317, "YIIYYY": -0.017430600387346677, "XIXZIZ": 0.005812076202776885, "XZZZZX": 0.026154342912495965, "YIIYZZ": 0.014530190506942207, "IYIXXY": -0.005812076202776883, "XZIZXI": -0.03196641911527285, "XXZZII": 0.5724895059735228, "XXXIXI": -0.02615434291249596, "XYYXXX": -0.13077171456247982, "YIXXYI": 0.020342266709719087, "ZXYYZX": -0.05230868582499193, "ZIYYIZ": 0.0, "YZZXYX": 0.0784630287374879, "XXIIYY": 0.2615434291249596, "ZZYYYY": 0.3138521149499516, "XYIXYI": 0.005812076202776878, "XIIXXX": -0.055214723926380355, "ZYYYZY": -0.026154342912495965, "IYYZIZ": -0.011624152405553756, "YXXZYZ": 0.10461737164998386, "YXZZYX": -0.026154342912495965, "XZZIXI": -0.01162415240555376, "ZZZZXX": 0.23538908621246368, "ZXXIZI": -0.002906038101388453, "ZZIZZI": 0.20045190445448677, "YZIZYI": -0.011624152405553756, "YIZYIZ": -0.026154342912495965, "YYIIYY": 0.22085889570552145, "ZYZIYI": 0.005812076202776878, "IZXIXZ": -0.005812076202776892, "XYYXYY": 0.10461737164998386, "XIIXII": 0.05037132709073297, "YIIZYZ": 0.002906038101388446, "YZYIIZ": -0.00871811430416533, "IZYYZI": -0.01743622860833064, "XXYYII": -0.2993219244430093, "XZXYZY": 0.0784630287374879, "ZXIIZX": -0.011624152405553766, "YXYIIX": -0.005812076202776885, "IIIYIY": 0.0006457862447529876, "YYXXXX": -0.20923474329996772, "XYXZZY": 0.0, "IIXXXX": -0.46496609622215046, "ZYXXZY": 0.0784630287374879, "IIZIIZ": -0.42686470778172425, "YZIIYZ": 0.00871811430416532, "YYYYII": -0.21504681950274457, "YYIZZI": -0.20335700451904457, "XXXZXZ": 0.0784630287374879, "YXIYXI": 0.005812076202776876, "IYZIYZ": -0.00871811430416532, "IIYYZZ": -0.39231514368743936, "YXYXZZ": 0.0, "XIIZXZ": -1.474514954580286e-17, "XXYXXY": -0.4446238295124314, "ZXXYYZ": 0.026154342912495965, "ZXZZZX": 0.0784630287374879, "YIXYXI": 3.469446951953614e-18, "XZXIZI": 0.03487245721666128, "IZIZYY": -0.02034226670971908,