{"IZYIZY": 0.005812076202776888, "IXIZXZ": 1.734723475976807e-18, "XZZYXY": 0.0, "XXIXIX": 0.005812076202776878, "IYZZYI": 0.017436228608330637, "IXXIII": 0.019696480464966096, "ZZYXXY": 0.2876977720374556, "IYYIZZ": 0.04649660962221505, "IZIZZZ": -0.09880529544720695, "XXIIXX": -0.2702615434291249, "YIIXXY": -0.014530190506942209, "IXXIZZ": 0.02034226670971908, "YZZIYI": -3.469446951953614e-18, "ZXXXXZ": 0.026154342912495965, "IZIZII": -0.10041976105908944, "YYYXYX": -0.26154342912495965, "XXXXYY": 0.39231514368743947, "XIZXIZ": -0.017436228608330644, "YXYXXX": -0.026154342912495965, "IYZZIY": 0.011624152405553756, "YYXIIX": 0.023248304811107522, "YZXZYX": 0.026154342912495965, "XYYZXZ": 0.0, "YXIYIX": -0.005812076202776885, "XZXZYY": 0.0, "ZIIYZY": 0.005812076202776871, "ZXZXZZ": -0.05230868582499193, "YYXIXI": 0.017436228608330648, "ZZXXYY": -0.2876977720374556, "ZXIXIZ": 0.0029060381013884407, "XXZIIZ": -0.3341943816596706, "YIYXXI": -0.008718114304165317, "ZYZIIY": 0.0029060381013884425, "YXIXYI": 0.0290603810138844, "ZYXZYX": 0.05230868582499193, "XYZXZY": 0.0784630287374879, "IZXIZX": -0.029060381013884407, "YZZYXX": 0.026154342912495965, "YYZIIZ": -0.21504681950274457, "YIZIYZ": 0.03196641911527284, "ZIZIYY": 0.0029060381013884425, "ZZXXXX": 0.3138521149499516, "IIZYZY": -0.011624152405553761, "IYIYYY": 0.008718114304165317, "ZIIXXZ": -0.008718114304165324, "IYYXXI": -0.002906038101388427, "IYYIXX": 0.011624152405553752, "XZZXII": -0.026154342912495958, "YIYZIZ": -0.03487245721666128, "ZZIXIX": -0.02615434291249595, "YZZIIY": -0.014530190506942204, "IXXYYI": -0.017436228608330648, "ZZZZYY": -0.18308040038747175, "ZYZYXX": 0.10461737164998386, "ZYYXZX": -0.0784630287374879, "XXXZZX": -0.0784630287374879, "YYIIXX": -0.22376493380690987, "XYXXYX": -0.026154342912495965, "YZIZIY": -0.0058120762027768814, "ZYXZXY": 0.07843770174306003, "ZXIZXI": -0.01162415240555376, "YYYZZY": 0.05230868582499193, "IYXIXY": 0.0, "IYYXIX": -0.0058120762027768814, "IYZYZI": -0.029060381013884407, "YXYYXY": 0.026154342912495965, "XIIXYY": 0.06393283823054569, "IYXXYI": 0.029060381013884404, "YXZZXY": 0.05230868582499193, "ZXYXYZ": 0.026154342912495965, "YZYZII": -0.005812076202776892, "IXIXXX": 0.005812076202776885, "ZIYYZI": -0.017436228608330634, "ZYIIYZ": -0.03196641911527284, "YXYXII": 0.0, "XZXXZX": -0.026154342912495965, "ZZIZIZ": 0.22376493380690987, "IXIIXI": 0.021633839199225055, "ZIZIXX": -0.03487245721666128, "IIZZZZ": 0.7437056165267915, "ZXXXZX": 0.026154342912495965, "XIZXZI": -0.017436228608330648, "XXZYZY": -0.0784630287374879, "ZZIIXX": 0.19761059089441393, "ZZZXZX": 0.026154342912495965, "XXYZYZ": -0.02614590058102002, "XYYIXI": 0.011624152405553756, "YXXYXX": 0.026154342912495965, "XIXZZI": -0.008718114304165313, "XXYZZY": -0.026154342912495965, "ZXYYXZ": -0.026154342912495965, "ZZIIII": -0.5243784307394252, "XXYIYI": 0.026154342912495965, "XXYYZZ": -0.34000645786244754, "IXXXIX": -0.014530190506942193, "XZYZXY": -0.0784630287374879, "ZIXZIX": -0.005812076202776878, "ZXZYXY": 0.0, "IIIIII": 0.9999999999999998, "XIXIYY": -0.0029060381013884364, "YXIIXY": -0.0058120762027768875, "YYXXII": 0.21795285760413302, "XZYXZY": 0.026154342912495965, "YYYYXX": 0.20923474329996772, "XXXYYX": -0.4446238295124314, "IYYYIY": -0.008718114304165327, "IYYIYY": -0.014530190506942198, "XXZIZI": -0.2586373910235712, "XZXYYZ": 0.0, "ZXIZIX": 0.0029051000645577557, "ZYYXXZ": -0.026154342912495965, "YIXXIY": -0.01743622860833064, "YXXIIY": -0.0029060381013884407, "XXZXZX": 0.0, "YXXXYX": -0.026154342912495965, "IYIYZZ": 0.020342266709719073, "IZYZIY": -1.3877787807814457e-17, "XXIXXI": -0.002906038101388439, "ZYZZZY": -0.026154342912495965, "ZIIYYZ": 0.0029060381013884355, "ZZXYXY": 0.3138521149499516, "ZZZIIZ": 0.2237649338069099, "XIXIII": 0.029060381013884404, "XZXXXZ": -0.026154342912495965, "ZXZYYX": 0.0, "IYZIZY": 0.014530190506942202, "YIZIZY": 2.6020852139652106e-18, "IYIZYZ": 1.6479873021779667e-17, "ZIZYIY": -0.043590571520826606, "XIXIZZ": 0.020342266709719087, "ZYIZYI": -0.014530190506942209, "YXXZZY": -0.026154342912495965, "YIYIYY": -0.02906038101388439, "IIIXXI": -0.001937358734258961, "XIYYIX": 0.03196641911527284, "XYYXII": 0.1307717145624798, "XZYYZX": 0.0784630287374879, "YYZZXX": -0.20923474329996772, "YYYXXY": -0.2876977720374556, "IZYYIZ": -0.00871811430416532, "ZYXYZX": 0.026154342912495965, "YXXYZZ": 0.0784630287374879, "XYZXYZ": -0.026154342912495965, "ZYIIZY": -0.002906038101388439, "YYIXXI": 0.0058120762027768814, "IXIXII": 0.05004843396835647, "YYZZYY": 0.23538908621246368, "XYIIXY": -0.12786567646109137, "YXXIYI": 0.020342266709719094, "XZXZZZ": 0.0784630287374879, "ZXZIXI": -0.029060381013884407, "ZXYXZY": -0.10461737164998386, "IXYYIX": 3.469446951953614e-18, "ZZYYZZ": 0.23531310522918014, "YZXZXY": 0.05229180116204002, "IZIZXX": 0.04649660962221504, "ZIIIIZ": -0.040038747174685176, "XZIIZX": 0.029060381013884393, "IXIXYY": 0.05521472392638037, "IZZXXI": 0.01743622860833064, "IYIIYI": 0.01000645577792124, "ZZXYYX": 0.3661608007749435, "XXZZXX": -0.23538908621246368, "ZZIYYI": -0.01743622860833064, "YXZYXZ": -0.026154342912495965, "YZYZYY": 0.0, "XIYXIY": -0.00581207620277688, "XIIIXI": 0.02163383919922505, "ZXXIIZ": 0.017436228608330634, "IIZXZX": 0.031966419115272836, "XYYXZZ": 0.13077171456247982, "IIYIIY": -0.0054891830804003885, "YYZXZX": 0.0784630287374879, "XIYXYI": 0.00871811430416531, "XYXYXX": 0.0, "ZXIIXZ": -0.008718114304165324, "YXYZXZ": 0.0, "XIZIXZ": -0.026154342912495968, "YXYXYY": -0.026154342912495965, "IXIYYX": -0.02614590058102001, "XIYIXY": -0.029060381013884404, "IIIIXX": -0.39748143364546334, "XXYXYX": -0.39231514368743947, "IXZIXZ": -0.02324830481110752, "XYIYXI": 0.002906038101388439, "YYZZII": 0.389409105586051, "ZIIZII": 0.08847271553115918, "XYIXIY": -0.005812076202776892, "XXYYXX": 0.3661608007749435, "IZXZXI": -0.002906038101388439, "IYIXYX": 3.469446951953614e-18, "XYZZYX": -0.05230868582499193, "XYZZXY": -0.0784630287374879, "IYIZZY": -0.02034226670971908, "IYXIYX": -0.005812076202776871, "YIZYZI": 0.002906038101388446, "ZIXXZI": 0.002906038101388439, "YIIYYY": 0.020342266709719066, "XIXZIZ": 0.002906038101388437, "XZZZZX": -0.0784630287374879, "YIIYZZ": 0.02034226670971908, "IYIXXY": -0.005812076202776883, "XZIZXI": -0.011620400258231113, "XXZZII": 0.5666774297707458, "XXXIXI": -0.014530190506942205, "XYYXXX": -0.13077171456247982, "YIXXYI": 0.026145900581020023, "ZXYYZX": 0.0, "ZIYYIZ": -0.005812076202776878, "YZZXYX": -0.05230868582499193, "XXIIYY": 0.2993219244430093, "ZZYYYY": 0.26154342912495965, "XYIXYI": -0.005812076202776878, "XIIXXX": -0.0435905715208266, "ZYYYZY": 0.0, "IYYZIZ": 0.00581020012911556, "YXXZYZ": -0.0784630287374879, "YXZZYX": 0.026154342912495965, "XZZIXI": -0.026154342912495975, "ZZZZXX": 0.13077171456247982, "ZXXIZI": 0.014530190506942202, "ZZIZZI": 0.22085889570552147, "YZIZYI": 0.002906038101388439, "YIZYIZ": -0.002906038101388446, "YYIIYY": 0.20051662899580236, "ZYZIYI": 1.734723475976807e-18, "IZXIXZ": -0.014530190506942209, "XYYXYY": -0.026154342912495965, "XIIXII": 0.04617371649983855, "YIIZYZ": -0.011624152405553756, "YZYIIZ": -0.020342266709719073, "IZYYZI": -0.008718114304165317, "XXYYII": -0.3225702292541168, "XZXYZY": -0.026154342912495965, "ZXIIZX": 0.002906038101388446, "YXYIIX": -0.005812076202776878, "IIIYIY": 0.002583144979011946, "YYXXXX": -0.26154342912495965, "XYXZZY": -0.05230868582499193, "IIXXXX": -0.4504359057152082, "ZYXXZY": -0.05230868582499193, "IIZIIZ": -0.4336454633516306, "YZIIYZ": 0.017436228608330637, "YYYYII": -0.21214078140135612, "YYIZZI": -0.18308040038747173, "XXXZXZ": 0.026154342912495965, "YXIYXI": 0.0029060381013884355, "IYZIYZ": 0.008718114304165317, "IIYYZZ": -0.41265741039715853, "YXYXZZ": 0.0, "XIIZXZ": -0.026154342912495965, "XXYXXY": -0.47077817242492737, "ZXXYYZ": -0.026154342912495965, "ZXZZZX": 0.026154342912495965, "YIXYXI": 0.014530190506942195, "XZXIZI": 0.005812076202776885, "IZIZYY": -0.03196641911527284,