{"IZYIZY": 0.014530190506942209, "IXIZXZ": -0.02615434291249596, "XZZYXY": -0.026154342912495965, "XXIXIX": 0.020342266709719073, "IYZZYI": 0.011624152405553749, "IXXIII": 0.01743622860833064, "ZZYXXY": 0.20923474329996772, "IYYIZZ": -0.011624152405553761, "IZIZZZ": -0.10171133354859539, "XXIIXX": -0.30804003874717467, "YIIXXY": -0.008718114304165317, "IXXIZZ": 0.023248304811107512, "YZZIYI": -0.008718114304165326, "ZXXXXZ": 0.026154342912495965, "IZIZII": -0.10946076848563124, "YYYXYX": -0.3661608007749435, "XXXXYY": 0.3661608007749435, "XIZXIZ": -0.011624152405553763, "YXYXXX": 0.05230868582499193, "IYZZIY": 0.020342266709719087, "YYXIIX": -0.008718114304165326, "YZXZYX": 0.026145900581020013, "XYYZXZ": 0.10461737164998386, "YXIYIX": 0.0, "XZXZYY": -0.0784630287374879, "ZIIYZY": 0.002906038101388446, "ZXZXZZ": 0.0, "YYXIXI": 0.005812076202776885, "ZZXXYY": -0.34000645786244754, "ZXIXIZ": -0.014530190506942195, "XXZIIZ": -0.31966419115272837, "YIYXXI": 0.02324830481110752, "ZYZIIY": 0.014530190506942198, "YXIXYI": 0.03487245721666128, "ZYXZYX": -0.05230868582499193, "XYZXZY": 0.0, "IZXIZX": 0.011624152405553763, "YZZYXX": 0.05230868582499193, "YYZIIZ": -0.19470455279302548, "YIZIYZ": -0.011624152405553749, "ZIZIYY": 0.020342266709719073, "ZZXXXX": 0.26154342912495965, "IIZYZY": -1.0408340855860843e-17, "IYIYYY": -0.03195610071013557, "ZIIXXZ": -0.023248304811107526, "IYYXXI": 0.01162415240555376, "IYYIXX": 0.0, "XZZXII": -0.014530190506942202, "YIYZIZ": 0.0145301905069422, "ZZIXIX": -0.002906038101388439, "YZZIIY": -0.008718114304165317, "IXXYYI": 0.002906038101388439, "ZZZZYY": -0.18308040038747175, "ZYZYXX": -0.026154342912495965, "ZYYXZX": -0.05230868582499193, "XXXZZX": 0.05230868582499193, "YYIIXX": -0.2092347432999677, "XYXXYX": 0.0, "YZIZIY": -0.008718114304165313, "ZYXZXY": 0.0, "ZXIZXI": 0.037778495318049735, "YYYZZY": 0.0, "IYXIXY": 0.002906038101388453, "IYYXIX": 0.020342266709719087, "IYZYZI": -0.011624152405553756, "YXYYXY": 0.026154342912495965, "XIIXYY": 0.02324830481110752, "IYXXYI": -0.026154342912495958, "YXZZXY": 0.0, "ZXYXYZ": -0.026154342912495965, "YZYZII": 0.023248304811107512, "IXIXXX": -0.017436228608330648, "ZIYYZI": -0.002906038101388446, "ZYIIYZ": 0.011624152405553768, "YXYXII": -0.005812076202776886, "XZXXZX": -0.026154342912495965, "ZZIZIZ": 0.2470132386180174, "IXIIXI": 0.014853083629318696, "ZIZIXX": 0.002906038101388432, "IIZZZZ": 0.7294155634484984, "ZXXXZX": 0.0, "XIZXZI": 0.0029060381013884477, "XXZYZY": 0.0, "ZZIIXX": 0.22667097190829832, "ZZZXZX": -0.026154342912495965, "XXYZYZ": 0.05230868582499193, "XYYIXI": 0.0029060381013884425, "YXXYXX": 0.0, "XIXZZI": 0.014530190506942209, "XXYZZY": 0.05230868582499193, "ZXYYXZ": -0.026154342912495965, "ZZIIII": -0.5363254762673555, "XXYIYI": 0.005810200129115553, "XXYYZZ": -0.41846948659993544, "IXXXIX": 0.046496609622215045, "XZYZXY": 0.026154342912495965, "ZIXZIX": 0.017436228608330634, "ZXZYXY": -0.10461737164998386, "IIIIII": 0.9999999999999998, "XIXIYY": 0.0, "YXIIXY": -0.02324830481110752, "YYXXII": 0.21214078140135612, "XZYXZY": -0.026145900581019992, "YYYYXX": 0.23538908621246368, "XXXYYX": -0.41846948659993544, "IYYYIY": -0.026154342912495965, "IYYIYY": 0.017436228608330637, "XXZIZI": -0.28479173393606716, "XZXYYZ": -0.05230868582499193, "ZXIZIX": -0.011624152405553756, "ZYYXXZ": 0.10461737164998386, "YIXXIY": 0.03196641911527284, "YXXIIY": -0.008718114304165313, "XXZXZX": -0.10461737164998386, "YXXXYX": -0.05230868582499193, "IYIYZZ": 0.02615434291249596, "IZYZIY": -0.014530190506942205, "XXIXXI": 0.017436228608330634, "ZYZZZY": -0.05230868582499193, "ZIIYYZ": -0.008718114304165317, "ZZXYXY": 0.3661608007749435, "ZZZIIZ": 0.23829512431385208, "XIXIII": 0.013561511139812726, "XZXXXZ": 0.0, "ZXZYYX": 0.026154342912495965, "IYZIZY": 0.020342266709719076, "YIZIZY": -0.0145301905069422, "IYIZYZ": 0.008715300193673354, "ZIZYIY": 0.002906038101388432, "XIXIZZ": -0.01743622860833064, "ZYIZYI": 0.002906038101388446, "YXXZZY": -0.026154342912495965, "YIYIYY": -0.011624152405553756, "IIIXXI": 0.0035518243461414257, "XIYYIX": 0.0, "XYYXII": 0.1307717145624798, "XZYYZX": 0.0, "YYZZXX": -0.13077171456247982, "YYYXXY": -0.3138521149499516, "IZYYIZ": -0.008718114304165327, "ZYXYZX": -0.026154342912495965, "YXXYZZ": 0.05230868582499193, "XYZXYZ": -0.026154342912495965, "ZYIIZY": -0.002906038101388439, "YYIXXI": 0.026154342912495958, "IXIXII": 0.051017113335485954, "YYZZYY": 0.18302130406714012, "XYIIXY": -0.14530190506942198, "YXXIYI": -0.017436228608330627, "XZXZZZ": -0.0784630287374879, "ZXZIXI": 0.002906038101388439, "ZXYXZY": -0.05229180116204002, "IXYYIX": -0.002906038101388439, "ZZYYZZ": 0.20923474329996772, "YZXZXY": 0.026154342912495965, "IZIZXX": 0.03487245721666128, "ZIIIIZ": -0.024216984178237002, "XZIIZX": 0.005812076202776885, "IXIXYY": 0.02615434291249596, "IZZXXI": 3.469446951953614e-18, "IYIIYI": 0.014530190506942202, "ZZXYYX": 0.23538908621246368, "XXZZXX": -0.1569260574749758, "ZZIYYI": -0.026154342912495965, "YXZYXZ": -0.026154342912495965, "YZYZYY": -0.026154342912495965, "XIYXIY": -0.014530190506942197, "XIIIXI": 0.0293832741362609, "ZXXIIZ": 0.026154342912495965, "IIZXZX": -0.020342266709719094, "XYYXZZ": 0.05230868582499193, "IIYIIY": 0.0009686793671294814, "YYZXZX": -0.0784630287374879, "XIYXYI": 0.002906038101388446, "XYXYXX": -0.05230868582499193, "ZXIIXZ": 0.008718114304165313, "YXYZXZ": 0.0, "XIZIXZ": -0.026154342912495958, "YXYXYY": 0.0, "IXIYYX": -0.04649660962221504, "XIYIXY": 0.026154342912495958, "IIIIXX": -0.40458508233774615, "XXYXYX": -0.4446238295124314, "IXZIXZ": 0.002906038101388439, "XYIYXI": -0.011624152405553766, "YYZZII": 0.38069099128188566, "ZIIZII": 0.08427510494026477, "XYIXIY": -0.01743060038734667, "XXYYXX": 0.34000645786244754, "IZXZXI": 0.023248304811107533, "IYIXYX": -0.02615434291249596, "XYZZYX": -0.10458360232408004, "XYZZXY": -0.13077171456247982, "IYIZZY": 0.029060381013884404, "IYXIYX": -0.026154342912495965, "YIZYZI": 0.005812076202776888, "ZIXXZI": 0.020342266709719094, "YIIYYY": -0.005812076202776873, "XIXZIZ": 0.002906038101388446, "XZZZZX": 0.05230868582499193, "YIIYZZ": 0.011624152405553766, "IYIXXY": -0.008718114304165313, "XZIZXI": -0.017436228608330634, "XXZZII": 0.5637713916693574, "XXXIXI": 0.017436228608330644, "XYYXXX": -0.05230868582499193, "YIXXYI": -0.011624152405553749, "ZXYYZX": 0.0, "ZIYYIZ": 0.00871811430416532, "YZZXYX": -0.0784630287374879, "XXIIYY": 0.2760736196319018, "ZZYYYY": 0.20923474329996772, "XYIXYI": -0.011624152405553756, "XIIXXX": -0.01162415240555377, "ZYYYZY": -0.026154342912495965, "IYYZIZ": -0.023240800516462247, "YXXZYZ": 0.05230868582499193, "YXZZYX": -0.026154342912495965, "XZZIXI": -0.02034226670971908, "ZZZZXX": 0.1569260574749758, "ZXXIZI": 0.005812076202776883, "ZZIZZI": 0.22376493380690987, "YZIZYI": 0.0, "YIZYIZ": -0.029060381013884404, "YYIIYY": 0.1946417043253712, "ZYZIYI": 0.014530190506942202, "IZXIXZ": -0.014530190506942202, "XYYXYY": 0.10461737164998386, "XIIXII": 0.03551824346141427, "YIIZYZ": 0.017436228608330627, "YZYIIZ": -0.002906038101388439, "IZYYZI": 0.01743622860833064, "XXYYII": -0.3400064578624475, "XZXYZY": -0.05230868582499193, "ZXIIZX": -0.014530190506942205, "YXYIIX": 0.02615434291249596, "IIIYIY": 0.006780755569906364, "YYXXXX": -0.23538908621246368, "XYXZZY": -0.1569260574749758, "IIXXXX": -0.4678721343235389, "ZYXXZY": 0.026154342912495965, "IIZIIZ": -0.4291249596383597, "YZIIYZ": -0.014530190506942202, "YYYYII": -0.21504681950274454, "YYIZZI": -0.20342266709719078, "XXXZXZ": 0.05230868582499193, "YXIYXI": 0.023248304811107515, "IYZIYZ": 0.002906038101388439, "IIYYZZ": -0.40380890897353133, "YXYXZZ": 0.0, "XIIZXZ": -0.02324830481110752, "XXYXXY": -0.4446238295124314, "ZXXYYZ": 0.05230868582499193, "ZXZZZX": 0.0, "YIXYXI": -3.469446951953614e-18, "XZXIZI": 0.01162415240555376, "IZIZYY": -0.03777849531804972, "XZIIXZ": 0.002906038101388453, "XIZIZX": 0.005812076202776885, "YZYZXX": 0.0, "IZZXIX": -0.0290603810138844, "ZZXZXZ": 0.0784630287374879,