{"IZYIZY": -0.014530190506942202, "IXIZXZ": 6.938893903907228e-18, "XZZYXY": -0.0784630287374879, "XXIXIX": 0.011624152405553763, "IYZZYI": 0.002906038101388439, "IXXIII": 0.02518566354536648, "ZZYXXY": 0.28760490639122016, "IYYIZZ": 0.020342266709719073, "IZIZZZ": -0.09299321924443008, "XXIIXX": -0.3051340006457862, "YIIXXY": 0.0, "IXXIZZ": 0.05230868582499192, "YZZIYI": -0.011624152405553756, "ZXXXXZ": 0.02614590058102002, "IZIZII": -0.09812782440284054, "YYYXYX": -0.2876977720374556, "XXXXYY": 0.2876977720374556, "XIZXIZ": -0.01743622860833064, "YXYXXX": 0.05230868582499193, "IYZZIY": -0.020342266709719083, "YYXIIX": 0.011624152405553763, "YZXZYX": 0.026154342912495965, "XYYZXZ": 0.0, "YXIYIX": -0.014530190506942202, "XZXZYY": 0.0, "ZIIYZY": -0.002906038101388446, "ZXZXZZ": -0.05230868582499193, "YYXIXI": -0.02324830481110753, "ZZXXYY": -0.34000645786244754, "ZXIXIZ": 0.002906038101388446, "XXZIIZ": -0.29641588634162086, "YIYXXI": 6.938893903907228e-18, "ZYZIIY": 0.008718114304165317, "YXIXYI": -0.005812076202776879, "ZYXZYX": -0.026154342912495965, "XYZXZY": -0.10458360232408005, "IZXIZX": -6.938893903907228e-18, "YZZYXX": -0.026154342912495965, "YYZIIZ": -0.22957701000968678, "YIZIYZ": -0.002906038101388446, "ZIZIYY": 0.03196641911527284, "ZZXXXX": 0.20923474329996772, "IIZYZY": -0.005812076202776887, "IYIYYY": -0.01453019050694221, "ZIIXXZ": -0.014530190506942205, "IYYXXI": 0.011624152405553763, "IYYIXX": 0.005812076202776873, "XZZXII": -0.005812076202776878, "YIYZIZ": -0.017430600387346666, "ZZIXIX": 0.023240800516462233, "YZZIIY": -0.008718114304165329, "IXXYYI": 0.034872457216661275, "ZZZZYY": -0.20923474329996772, "ZYZYXX": 0.026154342912495965, "ZYYXZX": 0.0784630287374879, "XXXZZX": 0.05230868582499193, "YYIIXX": -0.1801743622860833, "XYXXYX": 0.026154342912495965, "YZIZIY": -0.011624152405553756, "ZYXZXY": 0.026154342912495965, "ZXIZXI": 0.014530190506942212, "YYYZZY": 0.026154342912495965, "IYXIXY": -0.014530190506942191, "IYYXIX": 0.01162415240555376, "IYZYZI": 6.938893903907228e-18, "YXYYXY": -0.05230868582499193, "XIIXYY": 0.03777849531804973, "IYXXYI": 0.0, "YXZZXY": -0.05230868582499193, "ZXYXYZ": 0.05230868582499193, "YZYZII": 0.026154342912495975, "IXIXXX": -0.005812076202776885, "ZIYYZI": -0.0029060381013884425, "ZYIIYZ": 6.938893903907228e-18, "YXYXII": 0.002906038101388446, "XZXXZX": -0.026154342912495965, "ZZIZIZ": 0.2673555053277365, "IXIIXI": 0.034226670971908305, "ZIZIXX": -0.014530190506942207, "IIZZZZ": 0.7349903163331182, "ZXXXZX": 0.0, "XIZXZI": -0.020342266709719083, "XXZYZY": -0.05230868582499193, "ZZIIXX": 0.21214078140135612, "ZZZXZX": 0.026154342912495965, "XXYZYZ": 0.0, "XYYIXI": -0.005812076202776885, "YXXYXX": 0.05230868582499193, "XIXZZI": 0.008718114304165324, "XXYZZY": 0.0784630287374879, "ZXYYXZ": 0.026154342912495965, "ZZIIII": -0.5343881175330965, "XXYIYI": 0.008718114304165315, "XXYYZZ": -0.26154342912495965, "IXXXIX": -0.002906038101388446, "XZYZXY": 0.026154342912495965, "ZIXZIX": -0.01743622860833064, "ZXZYXY": 0.0784630287374879, "IIIIII": 0.9999999999999998, "XIXIYY": 0.0, "YXIIXY": -0.008718114304165324, "YYXXII": 0.24120116241524053, "XZYXZY": -0.05230868582499193, "YYYYXX": 0.31375080697224017, "XXXYYX": -0.47077817242492737, "IYYYIY": 0.008718114304165322, "IYYIYY": -0.0058120762027768875, "XXZIZI": -0.3051340006457862, "XZXYYZ": -0.026154342912495965, "ZXIZIX": -0.0029060381013884394, "ZYYXXZ": 0.0784630287374879, "YIXXIY": 0.017436228608330627, "YXXIIY": -0.0058120762027768814, "XXZXZX": -0.05230868582499193, "YXXXYX": -0.10461737164998386, "IYIYZZ": -0.008718114304165324, "IZYZIY": -0.0058120762027768814, "XXIXXI": -0.008718114304165305, "ZYZZZY": 0.0, "ZIIYYZ": 0.01162415240555376, "ZZXYXY": 0.3138521149499516, "ZZZIIZ": 0.22085889570552145, "XIXIII": 0.018076178179470628, "XZXXXZ": 0.026154342912495965, "ZXZYYX": 0.05230868582499193, "IYZIZY": 0.011624152405553749, "YIZIZY": -0.02906038101388441, "IYIZYZ": -0.029060381013884397, "ZIZYIY": 0.017436228608330637, "XIXIZZ": 0.017436228608330634, "ZYIZYI": -0.01743622860833064, "YXXZZY": 0.026154342912495965, "YIYIYY": 0.0, "IIIXXI": 0.0009686793671294805, "XIYYIX": 0.011624152405553749, "XYYXII": 0.12786567646109137, "XZYYZX": 0.05230868582499193, "YYZZXX": -0.10461737164998386, "YYYXXY": -0.34000645786244754, "IZYYIZ": -0.029060381013884404, "ZYXYZX": 0.0, "YXXYZZ": 0.0, "XYZXYZ": 0.05230868582499193, "ZYIIZY": -0.00581020012911556, "YYIXXI": 0.005810200129115546, "IXIXII": 0.043590571520826606, "YYZZYY": 0.05230868582499193, "XYIIXY": -0.11042944785276074, "YXXIYI": 0.002906038101388439, "XZXZZZ": 0.0784630287374879, "ZXZIXI": -0.002906038101388425, "ZXYXZY": -0.026154342912495965, "IXYYIX": 0.01743622860833064, "ZZYYZZ": 0.18308040038747175, "YZXZXY": -0.13077171456247982, "IZIZXX": 0.023248304811107515, "ZIIIIZ": -0.022602518566354535, "XZIIZX": -0.011624152405553761, "IXIXYY": 0.04649660962221504, "IZZXXI": -0.03487245721666128, "IYIIYI": 0.006780755569906361, "ZZXYYX": 0.2876977720374556, "XXZZXX": -0.18308040038747175, "ZZIYYI": 0.011624152405553763, "YXZYXZ": 0.026154342912495965, "YZYZYY": -0.10461737164998386, "XIYXIY": -0.017430600387346666, "XIIIXI": 0.013884404262189214, "ZXXIIZ": -0.02615434291249595, "IIZXZX": 0.03196641911527284, "XYYXZZ": 0.18308040038747175, "IIYIIY": 0.007426541814659345, "YYZXZX": 0.0784630287374879, "XIYXYI": 0.014530190506942197, "XYXYXX": 0.0, "ZXIIXZ": -0.008718114304165324, "YXYZXZ": -0.0784630287374879, "XIZIXZ": -0.014530190506942181, "YXYXYY": 0.026154342912495965, "IXIYYX": -0.029060381013884407, "XIYIXY": 0.005812076202776878, "IIIIXX": -0.4068453341943816, "XXYXYX": -0.4446238295124314, "IXZIXZ": -0.023248304811107512, "XYIYXI": 0.008718114304165319, "YYZZII": 0.35442220787604906, "ZIIZII": 0.07620277688085245, "XYIXIY": -0.017430600387346677, "XXYYXX": 0.3661608007749435, "IZXZXI": 0.011624152405553766, "IYIXYX": -0.03777849531804971, "XYZZYX": -0.10461737164998386, "XYZZXY": -0.05230868582499193, "IYIZZY": 0.02324830481110752, "IYXIYX": -0.008718114304165322, "YIZYZI": -0.017436228608330634, "ZIXXZI": 0.03777849531804972, "YIIYYY": 0.02324830481110751, "XIXZIZ": -0.02033570045190445, "XZZZZX": -0.026154342912495965, "YIIYZZ": 0.002906038101388439, "IYIXXY": -0.005812076202776885, "XZIZXI": -0.029060381013884397, "XXZZII": 0.5781149128469981, "XXXIXI": -0.014530190506942202, "XYYXXX": -0.10461737164998386, "YIXXYI": 0.005812076202776885, "ZXYYZX": -0.05230868582499193, "ZIYYIZ": 0.002906038101388446, "YZZXYX": 0.0, "XXIIYY": 0.29641588634162086, "ZZYYYY": 0.18308040038747175, "XYIXYI": -0.03196641911527284, "XIIXXX": -0.026154342912495965, "ZYYYZY": 0.026154342912495965, "IYYZIZ": -0.0029051000645577774, "YXXZYZ": 0.0784630287374879, "YXZZYX": 0.0, "XZZIXI": 0.017436228608330655, "ZZZZXX": 0.23538908621246368, "ZXXIZI": 0.005812076202776885, "ZZIZZI": 0.22957701000968678, "YZIZYI": 0.0029051000645577783, "YIZYIZ": -0.002906038101388439, "YYIIYY": 0.1801743622860833, "ZYZIYI": 0.005812076202776883, "IZXIXZ": -0.011624152405553766, "XYYXYY": 0.05230868582499193, "XIIXII": 0.04325371207230472, "YIIZYZ": -0.005812076202776876, "YZYIIZ": -0.020342266709719073, "IZYYZI": -0.008718114304165327, "XXYYII": -0.3225702292541168, "XZXYZY": -0.026154342912495965, "ZXIIZX": -0.01743622860833063, "YXYIIX": -0.002906038101388432, "IIIYIY": -0.004520503713270907, "YYXXXX": -0.20923474329996772, "XYXZZY": 0.0784630287374879, "IIXXXX": -0.4793415106520337, "ZYXXZY": -0.026154342912495965, "IIZIIZ": -0.4184694865999354, "YZIIYZ": 0.020342266709719087, "YYYYII": -0.22085889570552142, "YYIZZI": -0.217952857604133, "XXXZXZ": 0.026154342912495965, "YXIYXI": -0.005812076202776878, "IYZIYZ": 0.0029060381013884425, "IIYYZZ": -0.4068453341943816, "YXYXZZ": -0.05230868582499193, "XIIZXZ": -0.005812076202776878, "XXYXXY": -0.34000645786244754, "ZXXYYZ": 0.026154342912495965, "ZXZZZX": 0.0, "YIXYXI": 0.0029060381013884112, "XZXIZI": 0.002906038101388439, "IZIZYY": -0.017436228608330637, "XZIIXZ": 0.04359057152082661,