{"IZYIZY": -0.011624152405553766, "IXIZXZ": -0.04068453341943817, "XZZYXY": -0.0784630287374879, "XXIXIX": -0.002906038101388439, "IYZZYI": 0.03487245721666128, "IXXIII": 0.011301259283177267, "ZZYXXY": 0.3138521149499516, "IYYIZZ": -0.01743622860833064, "IZIZZZ": -0.1017113335485954, "XXIIXX": -0.31675815305134, "YIIXXY": -5.204170427930421e-18, "IXXIZZ": -1.3877787807814457e-17, "YZZIYI": -0.008718114304165317, "ZXXXXZ": 0.05230868582499193, "IZIZII": -0.10429447852760736, "YYYXYX": -0.26154342912495965, "XXXXYY": 0.34000645786244754, "XIZXIZ": -0.03487245721666128, "YXYXXX": 0.05230868582499193, "IYZZIY": -0.02034226670971908, "YYXIIX": -0.031966419115272836, "YZXZYX": -0.026154342912495965, "XYYZXZ": 0.0, "YXIYIX": 0.014530190506942198, "XZXZYY": 0.0, "ZIIYZY": -0.029051000645577786, "ZXZXZZ": -0.05230868582499193, "YYXIXI": 0.005812076202776882, "ZZXXYY": -0.2876977720374556, "ZXIXIZ": 0.008718114304165317, "XXZIIZ": -0.2993219244430093, "YIYXXI": -0.011624152405553763, "ZYZIIY": -0.0058120762027768814, "YXIXYI": 0.017436228608330634, "ZYXZYX": -0.10461737164998386, "XYZXZY": 0.026154342912495965, "IZXIZX": 0.037778495318049714, "YZZYXX": 0.05230868582499193, "YYZIIZ": -0.20051662899580236, "YIZIYZ": 0.011624152405553761, "ZIZIYY": 0.017436228608330644, "ZZXXXX": 0.18308040038747175, "IIZYZY": -0.011624152405553763, "IYIYYY": 0.0029060381013884373, "ZIIXXZ": 0.011624152405553763, "IYYXXI": 0.026154342912495968, "IYYIXX": 0.00581207620277688, "XZZXII": -0.01743622860833064, "YIYZIZ": 0.0029060381013884407, "ZZIXIX": -0.002906038101388432, "YZZIIY": 0.005812076202776878, "IXXYYI": 0.008718114304165313, "ZZZZYY": -0.20923474329996772, "ZYZYXX": 0.0, "ZYYXZX": 0.0, "XXXZZX": 0.02614590058102002, "YYIIXX": -0.17726832418469485, "XYXXYX": -0.026154342912495965, "YZIZIY": 0.011624152405553763, "ZYXZXY": 0.0784630287374879, "ZXIZXI": 0.023248304811107526, "YYYZZY": -0.026154342912495965, "IYXIXY": -6.938893903907228e-18, "IYYXIX": 0.005812076202776892, "IYZYZI": 0.005812076202776892, "YXYYXY": 0.05230868582499193, "XIIXYY": 0.0435905715208266, "IYXXYI": 0.0029060381013884373, "YXZZXY": -0.026154342912495965, "ZXYXYZ": -0.10461737164998386, "YZYZII": -0.023248304811107522, "IXIXXX": -0.04649660962221503, "ZIYYZI": 0.017436228608330634, "ZYIIYZ": -0.008718114304165319, "YXYXII": 0.008718114304165322, "XZXXZX": -0.026154342912495965, "ZZIZIZ": 0.24120116241524053, "IXIIXI": 0.029060381013884404, "ZIZIXX": -0.02324830481110752, "IIZZZZ": 0.7381336777526637, "ZXXXZX": 0.0, "XIZXZI": -0.01743622860833064, "XXZYZY": 0.0, "ZZIIXX": 0.2092347432999677, "ZZZXZX": 0.0784630287374879, "XXYZYZ": 0.026154342912495965, "XYYIXI": 0.026154342912495947, "YXXYXX": 0.05230868582499193, "XIXZZI": 0.014530190506942202, "XXYZZY": 0.0784630287374879, "ZXYYXZ": 0.05230868582499193, "ZZIIII": -0.5360025831449791, "XXYIYI": 0.02033570045190447, "XXYYZZ": -0.20923474329996772, "IXXXIX": -0.005812076202776878, "XZYZXY": -0.026154342912495965, "ZIXZIX": 0.029060381013884393, "ZXZYXY": -0.026145900581020013, "IIIIII": 0.9999999999999998, "XIXIYY": 0.0029060381013884494, "YXIIXY": -0.023248304811107526, "YYXXII": 0.21214078140135612, "XZYXZY": 0.0784630287374879, "YYYYXX": 0.23538908621246368, "XXXYYX": -0.4446238295124314, "IYYYIY": -0.011624152405553756, "IYYIYY": -6.938893903907228e-18, "XXZIZI": -0.2935098482402324, "XZXYYZ": -0.0784630287374879, "ZXIZIX": -0.014530190506942205, "ZYYXXZ": -0.0784630287374879, "YIXXIY": 0.0029060381013884373, "YXXIIY": 0.01743622860833064, "XXZXZX": -0.05230868582499193, "YXXXYX": -0.026154342912495965, "IYIYZZ": 0.014530190506942195, "IZYZIY": -0.01743622860833064, "XXIXXI": -0.005812076202776878, "ZYZZZY": -0.05230868582499193, "ZIIYYZ": -0.014530190506942195, "ZZXYXY": 0.26154342912495965, "ZZZIIZ": 0.2412011624152405, "XIXIII": 0.010332579916047786, "XZXXXZ": -0.0784630287374879, "ZXZYYX": -0.026154342912495965, "IYZIZY": 0.005812076202776877, "YIZIZY": 0.005812076202776877, "IYIZYZ": 0.0, "ZIZYIY": 0.002906038101388439, "XIXIZZ": -0.023248304811107526, "ZYIZYI": -0.04649660962221504, "YXXZZY": -0.026154342912495965, "YIYIYY": 0.017436228608330637, "IIIXXI": 0.006134969325153374, "XIYYIX": 0.005810200129115567, "XYYXII": 0.13367775266386825, "XZYYZX": 0.05230868582499193, "YYZZXX": -0.1307295029051001, "YYYXXY": -0.2876977720374556, "IZYYIZ": -0.005812076202776876, "ZYXYZX": 0.026154342912495965, "YXXYZZ": -0.026154342912495965, "XYZXYZ": 0.05230868582499193, "ZYIIZY": 0.017436228608330634, "YYIXXI": 0.011624152405553756, "IXIXII": 0.04488214401033258, "YYZZYY": 0.18308040038747175, "XYIIXY": -0.10461737164998385, "YXXIYI": -0.011624152405553763, "XZXZZZ": 0.0784630287374879, "ZXZIXI": 0.0058120762027768814, "ZXYXZY": 0.0, "IXYYIX": 0.020342266709719066, "ZZYYZZ": 0.20916720464816013, "YZXZXY": 0.0, "IZIZXX": 0.04940264772360348, "ZIIIIZ": -0.03745560219567323, "XZIIZX": -0.008718114304165324, "IXIXYY": 0.008718114304165317, "IZZXXI": -0.02034226670971909, "IYIIYI": 0.006134969325153375, "ZZXYYX": 0.34000645786244754, "XXZZXX": -0.23538908621246368, "ZZIYYI": -0.020342266709719083, "YXZYXZ": -0.0784630287374879, "YZYZYY": -0.0784630287374879, "XIYXIY": 0.020342266709719073, "XIIIXI": 0.020665159832095572, "ZXXIIZ": -0.014530190506942209, "IIZXZX": -0.014530190506942202, "XYYXZZ": 0.10461737164998386, "IIYIIY": 0.0025831449790119487, "YYZXZX": -0.026154342912495965, "XIYXYI": -0.0029060381013884407, "XYXYXX": -0.13077171456247982, "ZXIIXZ": -0.014530190506942197, "YXYZXZ": -0.026154342912495965, "XIZIXZ": 0.014530190506942202, "YXYXYY": 6.938893903907228e-18, "IXIYYX": -0.03777849531804972, "XIYIXY": -0.008718114304165313, "IIIIXX": -0.3952211817888279, "XXYXYX": -0.41846948659993544, "IXZIXZ": -0.017436228608330637, "XYIYXI": 0.008718114304165327, "YYZZII": 0.3835970293832741, "ZIIZII": 0.0781401356151114, "XYIXIY": -0.005812076202776871, "XXYYXX": 0.39231514368743947, "IZXZXI": 0.005812076202776885, "IYIXYX": -0.02615434291249597, "XYZZYX": -0.1569260574749758, "XYZZXY": -0.1569260574749758, "IYIZZY": 0.0, "IYXIYX": 0.002906038101388439, "YIZYZI": -0.008718114304165327, "ZIXXZI": 0.005812076202776885, "YIIYYY": -0.029060381013884386, "XIXZIZ": 0.008718114304165312, "XZZZZX": 0.026154342912495965, "YIIYZZ": 0.02034226670971908, "IYIXXY": -0.014530190506942198, "XZIZXI": -0.04068453341943816, "XXZZII": 0.5753955440749111, "XXXIXI": 0.0029060381013884425, "XYYXXX": -0.05230868582499193, "YIXXYI": 0.005812076202776878, "ZXYYZX": 0.07843770174306004, "ZIYYIZ": 0.01162415240555376, "YZZXYX": -0.026154342912495965, "XXIIYY": 0.2731675815305134, "ZZYYYY": 0.20923474329996772, "XYIXYI": 0.02034226670971908, "XIIXXX": -0.03487245721666129, "ZYYYZY": 0.026154342912495965, "IYYZIZ": 0.008718114304165327, "YXXZYZ": 0.10461737164998386, "YXZZYX": 0.026154342912495965, "XZZIXI": -0.03487245721666129, "ZZZZXX": 0.13077171456247982, "ZXXIZI": -0.017436228608330634, "ZZIZZI": 0.20632870519857924, "YZIZYI": -0.008718114304165327, "YIZYIZ": 0.023248304811107526, "YYIIYY": 0.20632870519857924, "ZYZIYI": -0.02324830481110752, "IZXIXZ": 0.0029060381013884364, "XYYXYY": 0.0784630287374879, "XIIXII": 0.04649660962221504, "YIIZYZ": -0.017436228608330634, "YZYIIZ": -0.002906038101388439, "IZYYZI": 0.02615434291249596, "XXYYII": -0.31094607684856307, "XZXYZY": 0.0784630287374879, "ZXIIZX": 0.014530190506942209, "YXYIIX": -0.020342266709719083, "IIIYIY": 0.002583144979011947, "YYXXXX": -0.20923474329996772, "XYXZZY": 0.026154342912495965, "IIXXXX": -0.4853083629318695, "ZYXXZY": 0.07843770174306003, "IIZIIZ": -0.42298999031320633, "YZIIYZ": -0.008718114304165324, "YYYYII": -0.2643641058747579, "YYIZZI": -0.18598643848886015, "XXXZXZ": 0.0, "YXIYXI": 0.00581207620277688, "IYZIYZ": -0.02034226670971908, "IIYYZZ": -0.41265741039715853, "YXYXZZ": 0.10461737164998386, "XIIZXZ": 0.00871811430416533, "XXYXXY": -0.41846948659993544, "ZXXYYZ": 0.0, "ZXZZZX": -0.026154342912495965, "YIXYXI": -1.734723475976807e-18, "XZXIZI": 0.02034226670971908, "IZIZYY": -0.04649660962221504,