{"IZYIZY": 0.002906038101388439, "IXIZXZ": -0.017436228608330634, "XZZYXY": -0.026154342912495965, "XXIXIX": 0.02615434291249595, "IYZZYI": 0.014530190506942197, "IXXIII": 0.007749434937035841, "ZZYXXY": 0.34000645786244754, "IYYIZZ": -0.01743622860833064, "IZIZZZ": -0.06974491443332256, "XXIIXX": -0.30804003874717467, "YIIXXY": -0.02034226670971908, "IXXIZZ": -0.002906038101388439, "YZZIYI": -0.011624152405553758, "ZXXXXZ": -0.07843770174306006, "IZIZII": -0.10461737164998385, "YYYXYX": -0.39231514368743947, "XXXXYY": 0.2876977720374556, "XIZXIZ": 0.0, "YXYXXX": 0.026154342912495965, "IYZZIY": 0.005810200129115553, "YYXIIX": -0.014530190506942202, "YZXZYX": 0.026154342912495965, "XYYZXZ": -0.026154342912495965, "YXIYIX": 0.011624152405553756, "XZXZYY": -0.026154342912495965, "ZIIYZY": 0.023248304811107526, "ZXZXZZ": 0.026154342912495965, "YYXIXI": -0.026154342912495958, "ZZXXYY": -0.3138521149499516, "ZXIXIZ": 0.008718114304165324, "XXZIIZ": -0.3225702292541168, "YIYXXI": 0.002906038101388446, "ZYZIIY": 0.0029060381013884425, "YXIXYI": 0.011624152405553756, "ZYXZYX": -0.05230868582499193, "XYZXZY": 0.026154342912495965, "IZXIZX": -0.02033570045190445, "YZZYXX": 0.05230868582499193, "YYZIIZ": -0.21504681950274457, "YIZIYZ": 0.01743622860833064, "ZIZIYY": 0.01162415240555376, "ZZXXXX": 0.3138521149499516, "IIZYZY": -0.008718114304165326, "IYIYYY": -0.02034226670971908, "ZIIXXZ": 0.029060381013884404, "IYYXXI": -0.008718114304165324, "IYYIXX": 0.0029051000645577765, "XZZXII": -0.00871811430416533, "YIYZIZ": 0.014530190506942207, "ZZIXIX": 5.204170427930421e-18, "YZZIIY": -0.02615434291249595, "IXXYYI": 0.002906038101388432, "ZZZZYY": -0.18308040038747175, "ZYZYXX": 0.0, "ZYYXZX": 0.0, "XXXZZX": 0.0, "YYIIXX": -0.18598643848886018, "XYXXYX": -0.0784630287374879, "YZIZIY": -0.02034226670971908, "ZYXZXY": 0.0, "ZXIZXI": 0.0029060381013884355, "YYYZZY": 0.0, "IYXIXY": -0.014530190506942198, "IYYXIX": -0.01743622860833064, "IYZYZI": -0.00871811430416532, "YXYYXY": -0.026154342912495965, "XIIXYY": 0.014530190506942197, "IYXXYI": 0.02324830481110752, "YXZZXY": -0.026154342912495965, "ZXYXYZ": 0.0784630287374879, "YZYZII": -0.017436228608330637, "IXIXXX": -0.023248304811107515, "ZIYYZI": -0.011624152405553763, "ZYIIYZ": -0.017436228608330648, "YXYXII": -0.005812076202776878, "XZXXZX": 0.026154342912495965, "ZZIZIZ": 0.23829512431385208, "IXIIXI": 0.023571197933484014, "ZIZIXX": -0.02615434291249596, "IIZZZZ": 0.7439457539554406, "ZXXXZX": -0.026154342912495965, "XIZXZI": -0.020342266709719087, "XXZYZY": 0.0, "ZZIIXX": 0.22957701000968678, "ZZZXZX": 0.10461737164998386, "XXYZYZ": 0.026154342912495965, "XYYIXI": 0.023248304811107533, "YXXYXX": -0.026154342912495965, "XIXZZI": 0.01743622860833064, "XXYZZY": 0.05230868582499193, "ZXYYXZ": -0.05230868582499193, "ZZIIII": -0.5279302550855667, "XXYIYI": -0.014530190506942202, "XXYYZZ": -0.26154342912495965, "IXXXIX": -0.020342266709719076, "XZYZXY": 0.0, "ZIXZIX": 0.0029060381013884403, "ZXZYXY": 0.026154342912495965, "IIIIII": 0.9999999999999998, "XIXIYY": 0.011624152405553749, "YXIIXY": -0.02324830481110752, "YYXXII": 0.2237649338069099, "XZYXZY": -0.0784630287374879, "YYYYXX": 0.26154342912495965, "XXXYYX": -0.4446238295124314, "IYYYIY": 0.002906038101388439, "IYYIYY": -1.3877787807814457e-17, "XXZIZI": -0.2673555053277365, "XZXYYZ": -0.05230868582499193, "ZXIZIX": -0.0058120762027768814, "ZYYXXZ": -0.0784630287374879, "YIXXIY": 0.014530190506942202, "YXXIIY": -0.005812076202776871, "XXZXZX": 0.026154342912495965, "YXXXYX": -0.07843770174306003, "IYIYZZ": 0.052308685824991916, "IZYZIY": -0.020342266709719087, "XXIXXI": 0.0, "ZYZZZY": -0.0784630287374879, "ZIIYYZ": 0.017436228608330655, "ZZXYXY": 0.18308040038747175, "ZZZIIZ": 0.19761059089441393, "XIXIII": 0.006134969325153375, "XZXXXZ": 0.026154342912495965, "ZXZYYX": 0.026154342912495965, "IYZIZY": 0.0029060381013884355, "YIZIZY": -0.0058120762027768814, "IYIZYZ": -0.03196641911527284, "ZIZYIY": -0.002906038101388446, "XIXIZZ": 0.005812076202776878, "ZYIZYI": 0.011624152405553749, "YXXZZY": -0.05230868582499193, "YIYIYY": 0.005812076202776875, "IIIXXI": 0.0006457862447529867, "XIYYIX": -0.002906038101388432, "XYYXII": 0.12786567646109137, "XZYYZX": -0.026154342912495965, "YYZZXX": -0.1569260574749758, "YYYXXY": -0.34000645786244754, "IZYYIZ": -0.04067140090380891, "ZYXYZX": 0.0, "YXXYZZ": 0.026145900581020006, "XYZXYZ": -0.10461737164998386, "ZYIIZY": 0.01162415240555376, "YYIXXI": -0.002906038101388446, "IXIXII": 0.03971585405230869, "YYZZYY": 0.2091672046481601, "XYIIXY": -0.1017113335485954, "YXXIYI": -0.020342266709719073, "XZXZZZ": 0.026154342912495965, "ZXZIXI": 0.0029060381013884477, "ZXYXZY": 0.0, "IXYYIX": 0.026154342912495965, "ZZYYZZ": 0.18308040038747175, "YZXZXY": -0.0784630287374879, "IZIZXX": 0.05812076202776881, "ZIIIIZ": -0.026477236034872457, "XZIIZX": -0.0290603810138844, "IXIXYY": 0.029060381013884397, "IZZXXI": 0.017436228608330634, "IYIIYI": 0.01162415240555376, "ZZXYYX": 0.34000645786244754, "XXZZXX": -0.18308040038747175, "ZZIYYI": -0.005812076202776883, "YXZYXZ": -0.026154342912495965, "YZYZYY": -0.05230868582499193, "XIYXIY": 0.01162040025823112, "XIIIXI": 0.01743622860833064, "ZXXIIZ": 0.020342266709719073, "IIZXZX": -0.0058120762027768814, "XYYXZZ": 0.10461737164998386, "IIYIIY": 0.0012915724895059743, "YYZXZX": 0.0, "XIYXYI": 0.02615434291249598, "XYXYXX": -0.13077171456247982, "ZXIIXZ": 0.014530190506942202, "YXYZXZ": 0.0784630287374879, "XIZIXZ": -0.020342266709719087, "YXYXYY": -0.0784630287374879, "IXIYYX": -0.05521472392638037, "XIYIXY": 0.017436228608330637, "IIIIXX": -0.4029706167258637, "XXYXYX": -0.34000645786244754, "IXZIXZ": -0.0435905715208266, "XYIYXI": 0.020342266709719087, "YYZZII": 0.39812721989021627, "ZIIZII": 0.07684856312560542, "XYIXIY": 0.005812076202776878, "XXYYXX": 0.41846948659993544, "IZXZXI": -0.020342266709719087, "IYIXYX": 3.469446951953614e-18, "XYZZYX": -0.1569260574749758, "XYZZXY": -0.1569260574749758, "IYIZZY": 0.011624152405553763, "IYXIYX": -0.017436228608330637, "YIZYZI": 0.00871811430416532, "ZIXXZI": -0.005812076202776881, "YIIYYY": -0.01162415240555376, "XIXZIZ": 0.008718114304165324, "XZZZZX": 0.1045836023240801, "YIIYZZ": -0.01743622860833064, "IYIXXY": 0.0029060381013884286, "XZIZXI": 0.005812076202776883, "XXZZII": 0.566494512588767, "XXXIXI": -0.04359057152082661, "XYYXXX": -0.05230868582499193, "YIXXYI": 0.02615434291249596, "ZXYYZX": -0.05230868582499193, "ZIYYIZ": -0.014530190506942202, "YZZXYX": 0.026154342912495965, "XXIIYY": 0.2702615434291249, "ZZYYYY": 0.26154342912495965, "XYIXYI": 0.0, "XIIXXX": -0.0029060381013884425, "ZYYYZY": 0.0, "IYYZIZ": -0.002906038101388446, "YXXZYZ": 0.0784630287374879, "YXZZYX": -0.0784630287374879, "XZZIXI": -0.02615434291249596, "ZZZZXX": 0.20923474329996772, "ZXXIZI": 0.008718114304165317, "ZZIZZI": 0.23248304811107523, "YZIZYI": -0.005812076202776883, "YIZYIZ": 0.026154342912495965, "YYIIYY": 0.19179851469163706, "ZYZIYI": -0.00871811430416532, "IZXIXZ": 0.011624152405553756, "XYYXYY": 0.07843770174306004, "XIIXII": 0.03067484662576687, "YIIZYZ": 0.011624152405553763, "YZYIIZ": -0.01743622860833064, "IZYYZI": -0.026154342912495958, "XXYYII": -0.3254762673555053, "XZXYZY": 0.026154342912495965, "ZXIIZX": 0.0029060381013884355, "YXYIIX": 0.008718114304165307, "IIIYIY": 0.004520503713270907, "YYXXXX": -0.2091672046481601, "XYXZZY": 0.0, "IIXXXX": -0.46787213432353886, "ZYXXZY": 0.05230868582499193, "IIZIIZ": -0.43364546335163057, "YZIIYZ": 0.02615434291249597, "YYYYII": -0.22667097190829832, "YYIZZI": -0.2324830481110752, "XXXZXZ": -0.07843770174306004, "YXIYXI": -0.02324830481110752, "IYZIYZ": -0.02034226670971908, "IIYYZZ": -0.37487891507910875, "YXYXZZ": -0.026154342912495965, "XIIZXZ": 0.017436228608330648, "XXYXXY": -0.41846948659993544, "ZXXYYZ": 0.026154342912495965, "ZXZZZX": 0.026154342912495965, "YIXYXI": -0.014530190506942188, "XZXIZI": -0.005812076202776885, "IZIZYY": -0.034872457216661275, "XZIIXZ": 0.0029060381013884425,