{"IZYIZY": -0.026154342912495965, "IXIZXZ": -0.011624152405553756, "XZZYXY": 0.10461737164998386, "XXIXIX": 0.02615434291249595, "IYZZYI": 0.008718114304165322, "IXXIII": 0.012269938650306749, "ZZYXXY": 0.23538908621246368, "IYYIZZ": 0.008718114304165317, "IZIZZZ": -0.06974491443332256, "XXIIXX": -0.29641588634162086, "YIIXXY": -0.01743622860833064, "IXXIZZ": 0.008715300193673337, "YZZIYI": -0.02324830481110752, "ZXXXXZ": 0.0, "IZIZII": -0.09909619109102646, "YYYXYX": -0.3138521149499516, "XXXXYY": 0.34000645786244754, "XIZXIZ": -0.014530190506942197, "YXYXXX": 0.0784630287374879, "IYZZIY": 0.005812076202776892, "YYXIIX": 0.023248304811107515, "YZXZYX": -0.02614590058102002, "XYYZXZ": 6.938893903907228e-18, "YXIYIX": -0.026154342912495944, "XZXZYY": -0.026154342912495965, "ZIIYZY": -6.938893903907228e-18, "ZXZXZZ": 0.026154342912495965, "YYXIXI": -0.0058120762027768814, "ZZXXYY": -0.3138521149499516, "ZXIXIZ": -0.00871811430416532, "XXZIIZ": -0.3312883435582822, "YIYXXI": 0.0029060381013884355, "ZYZIIY": 0.017436228608330644, "YXIXYI": -0.005812076202776883, "ZYXZYX": 0.026154342912495965, "XYZXZY": 0.13077171456247982, "IZXIZX": -0.0058120762027768814, "YZZYXX": -0.026154342912495965, "YYZIIZ": -0.19179851469163706, "YIZIYZ": -0.020342266709719087, "ZIZIYY": 0.040684533419438146, "ZZXXXX": 0.18308040038747175, "IIZYZY": -0.017436228608330637, "IYIYYY": 0.011624152405553749, "ZIIXXZ": -0.002906038101388432, "IYYXXI": 0.0058120762027768745, "IYYIXX": 0.008718114304165313, "XZZXII": -0.02034226670971908, "YIYZIZ": -0.005812076202776864, "ZZIXIX": -0.017436228608330644, "YZZIIY": -0.01743622860833064, "IXXYYI": 0.008718114304165313, "ZZZZYY": -0.10461737164998386, "ZYZYXX": 0.0, "ZYYXZX": 0.026154342912495965, "XXXZZX": 0.05230868582499193, "YYIIXX": -0.20632870519857924, "XYXXYX": -0.0784630287374879, "YZIZIY": -0.01743622860833064, "ZYXZXY": 0.0, "ZXIZXI": -0.01162415240555376, "YYYZZY": 0.05230868582499193, "IYXIXY": -0.011624152405553763, "IYYXIX": -0.014530190506942198, "IYZYZI": 0.014530190506942202, "YXYYXY": 0.13077171456247982, "XIIXYY": 0.037778495318049714, "IYXXYI": -0.01162415240555376, "YXZZXY": 0.0, "ZXYXYZ": 0.0, "YZYZII": 0.002906038101388453, "IXIXXX": -0.04068453341943816, "ZIYYZI": -0.0435905715208266, "ZYIIYZ": 0.002906038101388453, "YXYXII": 0.005812076202776878, "XZXXZX": 0.0, "ZZIZIZ": 0.26154342912495965, "IXIIXI": 0.02518566354536648, "ZIZIXX": -0.04649660962221504, "IIZZZZ": 0.7584759444623828, "ZXXXZX": 0.0, "XIZXZI": -0.014530190506942202, "XXZYZY": 0.0, "ZZIIXX": 0.22085889570552145, "ZZZXZX": 0.0, "XXYZYZ": 0.026154342912495965, "XYYIXI": -0.002906038101388439, "YXXYXX": 0.05229180116204005, "XIXZZI": 0.0029060381013884477, "XXYZZY": 0.026154342912495965, "ZXYYXZ": -0.05230868582499193, "ZZIIII": -0.5298676138198256, "XXYIYI": -0.0058120762027768745, "XXYYZZ": -0.26154342912495965, "IXXXIX": 0.002906038101388427, "XZYZXY": 0.0, "ZIXZIX": 0.014530190506942197, "ZXZYXY": -0.026145900581020006, "IIIIII": 0.9999999999999998, "XIXIYY": 0.002906038101388432, "YXIIXY": -0.04067140090380891, "YYXXII": 0.21214078140135612, "XZYXZY": 0.05230868582499193, "YYYYXX": 0.26154342912495965, "XXXYYX": -0.39231514368743947, "IYYYIY": -0.014530190506942195, "IYYIYY": 0.020342266709719083, "XXZIZI": -0.2993219244430093, "XZXYYZ": 0.026154342912495965, "ZXIZIX": 0.002906038101388434, "ZYYXXZ": 0.026154342912495965, "YIXXIY": -0.023248304811107526, "YXXIIY": 0.034861200774693346, "XXZXZX": 0.0, "YXXXYX": -0.0784630287374879, "IYIYZZ": 0.014530190506942202, "IZYZIY": 0.0029060381013884494, "XXIXXI": 0.01162415240555376, "ZYZZZY": 0.05230868582499193, "ZIIYYZ": -0.008718114304165317, "ZZXYXY": 0.2876977720374556, "ZZZIIZ": 0.23538908621246363, "XIXIII": 0.014853083629318696, "XZXXXZ": -0.05229180116204001, "ZXZYYX": 0.0, "IYZIZY": -0.0029060381013884494, "YIZIZY": 0.01743622860833064, "IYIZYZ": -0.017436228608330648, "ZIZYIY": -0.03196641911527283, "XIXIZZ": -0.01162415240555376, "ZYIZYI": 0.023248304811107522, "YXXZZY": -0.026154342912495965, "YIYIYY": -0.014530190506942195, "IIIXXI": 0.0019373587342589593, "XIYYIX": 0.02324830481110752, "XYYXII": 0.15402001937358734, "XZYYZX": 0.0, "YYZZXX": -0.3138521149499516, "YYYXXY": -0.34000645786244754, "IZYYIZ": 0.023248304811107522, "ZYXYZX": 0.10461737164998386, "YXXYZZ": -0.0784630287374879, "XYZXYZ": -0.026154342912495965, "ZYIIZY": -0.03487245721666128, "YYIXXI": 0.02324830481110752, "IXIXII": 0.03939296092993219, "YYZZYY": 0.2876977720374556, "XYIIXY": -0.13948982886664513, "YXXIYI": -0.00871811430416532, "XZXZZZ": 0.0, "ZXZIXI": 0.002906038101388434, "ZXYXZY": -0.026154342912495965, "IXYYIX": 0.0058120762027768814, "ZZYYZZ": 0.10461737164998386, "YZXZXY": 0.026154342912495965, "IZIZXX": 0.040684533419438174, "ZIIIIZ": -0.03939296092993219, "XZIIZX": 8.673617379884035e-18, "IXIXYY": 0.0290603810138844, "IZZXXI": -0.0290603810138844, "IYIIYI": 0.005489183080400386, "ZZXYYX": 0.34000645786244754, "XXZZXX": -0.23538908621246368, "ZZIYYI": 0.01743622860833064, "YXZYXZ": -0.05230868582499193, "YZYZYY": -0.05230868582499193, "XIYXIY": -0.002906038101388439, "XIIIXI": 0.02776880852437843, "ZXXIIZ": -0.017436228608330634, "IIZXZX": 0.002906038101388439, "XYYXZZ": 0.1569260574749758, "IIYIIY": -0.0012915724895059735, "YYZXZX": -0.026154342912495965, "XIYXYI": -0.01743622860833064, "XYXYXX": -0.18308040038747175, "ZXIIXZ": -0.02324830481110752, "YXYZXZ": 0.0784630287374879, "XIZIXZ": 0.0029060381013884373, "YXYXYY": 0.026154342912495965, "IXIYYX": -0.017436228608330644, "XIYIXY": -0.026154342912495965, "IIIIXX": -0.39296092993219245, "XXYXYX": -0.41846948659993544, "IXZIXZ": -0.008718114304165317, "XYIYXI": -3.469446951953614e-18, "YYZZII": 0.4184694865999354, "ZIIZII": 0.08233774620600581, "XYIXIY": 0.011624152405553756, "XXYYXX": 0.3138521149499516, "IZXZXI": 0.03487245721666128, "IYIXYX": -0.005812076202776885, "XYZZYX": -0.05230868582499193, "XYZZXY": -0.05230868582499193, "IYIZZY": -4.336808689942018e-18, "IYXIYX": -0.023240800516462226, "YIZYZI": -0.04068453341943815, "ZIXXZI": 0.049402647723603484, "YIIYYY": 0.0, "XIXZIZ": 6.938893903907228e-18, "XZZZZX": -0.026154342912495965, "YIIYZZ": 0.005812076202776878, "IYIXXY": -0.03196641911527284, "XZIZXI": 0.0029051000645577765, "XXZZII": 0.5812076202776879, "XXXIXI": 0.005812076202776878, "XYYXXX": 0.0, "YIXXYI": -0.020342266709719073, "ZXYYZX": 0.026154342912495965, "ZIYYIZ": -0.014530190506942205, "YZZXYX": -0.05230868582499193, "XXIIYY": 0.29932192444300937, "ZZYYYY": 0.20923474329996772, "XYIXYI": 0.023240800516462226, "XIIXXX": -0.026154342912495958, "ZYYYZY": 0.0784630287374879, "IYYZIZ": 0.026154342912495958, "YXXZYZ": -0.0784630287374879, "YXZZYX": -0.0784630287374879, "XZZIXI": 0.01162415240555376, "ZZZZXX": 0.1569260574749758, "ZXXIZI": -0.014530190506942202, "ZZIZZI": 0.24991927671940584, "YZIZYI": -0.017436228608330634, "YIZYIZ": -0.01743622860833064, "YYIIYY": 0.21795285760413302, "ZYZIYI": -0.023248304811107526, "IZXIXZ": 0.01743622860833064, "XYYXYY": 0.05230868582499193, "XIIXII": 0.04455925088795608, "YIIZYZ": -0.005812076202776878, "YZYIIZ": -0.02615434291249595, "IZYYZI": 0.005812076202776881, "XXYYII": -0.33699160748870244, "XZXYZY": 0.026154342912495965, "ZXIIZX": -0.005812076202776871, "YXYIIX": 0.011624152405553756, "IIIYIY": -0.007426541814659346, "YYXXXX": -0.1569260574749758, "XYXZZY": -0.026154342912495965, "IIXXXX": -0.46496609622215046, "ZYXXZY": 0.0, "IIZIIZ": -0.42040684533419437, "YZIIYZ": -0.002906038101388439, "YYYYII": -0.20632870519857924, "YYIZZI": -0.21504681950274454, "XXXZXZ": -0.0784630287374879, "YXIYXI": -0.005812076202776878, "IYZIYZ": -0.017436228608330634, "IIYYZZ": -0.38650306748466257, "YXYXZZ": -0.026145900581020006, "XIIZXZ": -0.017436228608330648, "XXYXXY": -0.34000645786244754, "ZXXYYZ": 0.0, "ZXZZZX": 0.0, "YIXYXI": -0.020342266709719076, "XZXIZI": -0.014530190506942198, "IZIZYY": -0.03777849531804972, "XZIIXZ": 0.008718114304165324, "XIZIZX": -0.002906038101388444, "YZYZXX": 0.026145900581020006,