{"IZYIZY": 0.02324830481110752, "IXIZXZ": 6.938893903907228e-18, "XZZYXY": 0.0, "XXIXIX": 0.005812076202776878, "IYZZYI": 0.005812076202776878, "IXXIII": 0.01905069422021311, "ZZYXXY": 0.2876977720374556, "IYYIZZ": -0.005812076202776876, "IZIZZZ": -0.11042944785276071, "XXIIXX": -0.28479173393606716, "YIIXXY": -0.005812076202776868, "IXXIZZ": 0.014530190506942198, "YZZIYI": 0.01743622860833064, "ZXXXXZ": -0.05230868582499193, "IZIZII": -0.09686793671294801, "YYYXYX": -0.3138521149499516, "XXXXYY": 0.41846948659993544, "XIZXIZ": -0.06393283823054569, "YXYXXX": 0.02614590058102002, "IYZZIY": -0.020342266709719073, "YYXIIX": 0.011624152405553763, "YZXZYX": 0.026154342912495965, "XYYZXZ": -0.0784630287374879, "YXIYIX": -0.002906038101388432, "XZXZYY": 0.0, "ZIIYZY": 0.011624152405553763, "ZXZXZZ": 0.0784630287374879, "YYXIXI": -0.011620400258231113, "ZZXXYY": -0.2876977720374556, "ZXIXIZ": 0.011624152405553756, "XXZIIZ": -0.3051340006457862, "YIYXXI": 0.0029051000645577627, "ZYZIIY": -0.023248304811107512, "YXIXYI": 0.014530190506942205, "ZYXZYX": -0.026154342912495965, "XYZXZY": 0.0, "IZXIZX": -0.002906038101388446, "YZZYXX": 0.026154342912495965, "YYZIIZ": -0.19470455279302548, "YIZIYZ": 0.00581020012911556, "ZIZIYY": 0.029060381013884397, "ZZXXXX": 0.2876977720374556, "IIZYZY": -0.023248304811107526, "IYIYYY": 0.01743622860833064, "ZIIXXZ": -0.008718114304165317, "IYYXXI": 0.002905100064557775, "IYYIXX": -0.020342266709719083, "XZZXII": 0.011624152405553756, "YIYZIZ": -0.020342266709719083, "ZZIXIX": -0.005812076202776885, "YZZIIY": 0.008718114304165319, "IXXYYI": 0.03195610071013556, "ZZZZYY": -0.13077171456247982, "ZYZYXX": 0.0784630287374879, "ZYYXZX": 0.026154342912495965, "XXXZZX": -0.13077171456247982, "YYIIXX": -0.2092347432999677, "XYXXYX": 0.05230868582499193, "YZIZIY": 0.020342266709719083, "ZYXZXY": 0.05230868582499193, "ZXIZXI": -1.734723475976807e-18, "YYYZZY": 0.026154342912495965, "IYXIXY": -0.017436228608330634, "IYYXIX": -0.008718114304165324, "IYZYZI": -0.023248304811107515, "YXYYXY": 0.05230868582499193, "XIIXYY": 0.011624152405553746, "IYXXYI": 0.0, "YXZZXY": -0.05230868582499193, "ZXYXYZ": 0.0, "YZYZII": 0.017436228608330637, "IXIXXX": -0.03487245721666128, "ZIYYZI": 3.469446951953614e-18, "ZYIIYZ": -0.026154342912495958, "YXYXII": -0.02615434291249595, "XZXXZX": 0.0, "ZZIZIZ": 0.23538908621246366, "IXIIXI": 0.02486277042298999, "ZIZIXX": -0.008718114304165319, "IIZZZZ": 0.7410397158540523, "ZXXXZX": -0.05230868582499193, "XIZXZI": -0.0581207620277688, "XXZYZY": 0.0784630287374879, "ZZIIXX": 0.21504681950274457, "ZZZXZX": 0.05230868582499193, "XXYZYZ": 0.026154342912495965, "XYYIXI": 0.008715300193673333, "YXXYXX": 0.0, "XIXZZI": -0.005812076202776885, "XXYZZY": -0.05230868582499193, "ZXYYXZ": 0.0, "ZZIIII": -0.5389086212463674, "XXYIYI": -0.0029060381013884425, "XXYYZZ": -0.34000645786244754, "IXXXIX": -0.017436228608330637, "XZYZXY": 0.0, "ZIXZIX": -0.014530190506942202, "ZXZYXY": -0.05230868582499193, "IIIIII": 0.9999999999999998, "XIXIYY": 0.008718114304165327, "YXIIXY": -0.02034226670971908, "YYXXII": 0.22376493380690987, "XZYXZY": 0.026154342912495965, "YYYYXX": 0.20923474329996772, "XXXYYX": -0.47077817242492737, "IYYYIY": -0.002906038101388439, "IYYIYY": 0.005812076202776892, "XXZIZI": -0.28769777203745556, "XZXYYZ": 0.0, "ZXIZIX": -0.02034226670971908, "ZYYXXZ": 0.026154342912495965, "YIXXIY": -0.0058120762027768814, "YXXIIY": -0.011624152405553756, "XXZXZX": -0.05230868582499193, "YXXXYX": -0.05230868582499193, "IYIYZZ": 0.020342266709719087, "IZYZIY": 0.01743622860833064, "XXIXXI": 0.01743622860833064, "ZYZZZY": 0.026154342912495965, "ZIIYYZ": 0.005812076202776892, "ZZXYXY": 0.2876977720374556, "ZZZIIZ": 0.23829512431385208, "XIXIII": 0.006134969325153372, "XZXXXZ": 0.0784630287374879, "ZXZYYX": 0.0, "IYZIZY": -0.02034226670971908, "YIZIZY": 6.938893903907228e-18, "IYIZYZ": 0.014530190506942195, "ZIZYIY": 6.071532165918825e-18, "XIXIZZ": 0.01743622860833064, "ZYIZYI": -0.005812076202776885, "YXXZZY": 0.026154342912495965, "YIYIYY": -0.005812076202776885, "IIIXXI": -0.009363900548918306, "XIYYIX": -0.005812076202776878, "XYYXII": 0.12205360025831448, "XZYYZX": 0.0, "YYZZXX": -0.20923474329996772, "YYYXXY": -0.2876977720374556, "IZYYIZ": -0.034872457216661275, "ZYXYZX": -0.0784630287374879, "YXXYZZ": -0.0784630287374879, "XYZXYZ": 0.0, "ZYIIZY": 0.011624152405553763, "YYIXXI": -0.03196641911527283, "IXIXII": 0.03971585405230869, "YYZZYY": 0.1569260574749758, "XYIIXY": -0.10461737164998386, "YXXIYI": -0.01743622860833064, "XZXZZZ": 0.0, "ZXZIXI": -0.008718114304165317, "ZXYXZY": -0.0784630287374879, "IXYYIX": 0.0029060381013884425, "ZZYYZZ": 0.18308040038747175, "YZXZXY": 0.0, "IZIZXX": 0.029060381013884397, "ZIIIIZ": -0.02841459476913142, "XZIIZX": -0.008718114304165324, "IXIXYY": 0.061026800129157246, "IZZXXI": 0.011624152405553758, "IYIIYI": 0.007103648692282853, "ZZXYYX": 0.26154342912495965, "XXZZXX": -0.2876977720374556, "ZZIYYI": -0.02034226670971908, "YXZYXZ": 0.1569260574749758, "YZYZYY": 0.0, "XIYXIY": -0.008718114304165317, "XIIIXI": 0.02486277042298999, "ZXXIIZ": -0.0029060381013884355, "IIZXZX": -0.02615434291249596, "XYYXZZ": 0.0784630287374879, "IIYIIY": 0.0009686793671294797, "YYZXZX": -0.026154342912495965, "XIYXYI": 0.023248304811107526, "XYXYXX": -0.05230868582499193, "ZXIIXZ": -0.008715300193673337, "YXYZXZ": 0.026154342912495965, "XIZIXZ": -0.005812076202776878, "YXYXYY": 0.10458360232408005, "IXIYYX": -0.046496609622215045, "XIYIXY": -0.002906038101388453, "IIIIXX": -0.40393929609299317, "XXYXYX": -0.34000645786244754, "IXZIXZ": -0.014530190506942191, "XYIYXI": 0.00290603810138844, "YYZZII": 0.39812721989021627, "ZIIZII": 0.07910881498224087, "XYIXIY": -0.014530190506942188, "XXYYXX": 0.3661608007749435, "IZXZXI": 0.0029060381013884425, "IYIXYX": -0.017436228608330648, "XYZZYX": 0.026154342912495965, "XYZZXY": -0.026154342912495965, "IYIZZY": -0.011624152405553772, "IYXIYX": 0.005812076202776878, "YIZYZI": 0.0, "ZIXXZI": 0.029060381013884397, "YIIYYY": -0.0029060381013884355, "XIXZIZ": -0.0058120762027768814, "XZZZZX": -0.10461737164998386, "YIIYZZ": 0.02906038101388441, "IYIXXY": -0.0029060381013884355, "XZIZXI": -0.011624152405553768, "XXZZII": 0.6131740393929608, "XXXIXI": -0.02906038101388441, "XYYXXX": -0.0784630287374879, "YIXXYI": -0.00871811430416533, "ZXYYZX": 0.026154342912495965, "ZIYYIZ": 0.011624152405553766, "YZZXYX": 0.0, "XXIIYY": 0.2935098482402324, "ZZYYYY": 0.26154342912495965, "XYIXYI": -0.011624152405553763, "XIIXXX": -0.026154342912495965, "ZYYYZY": -0.0784630287374879, "IYYZIZ": -0.014530190506942202, "YXXZYZ": 0.05230868582499193, "YXZZYX": -0.05230868582499193, "XZZIXI": -0.011624152405553752, "ZZZZXX": 0.10461737164998386, "ZXXIZI": 0.023248304811107515, "ZZIZZI": 0.2237649338069099, "YZIZYI": 0.014530190506942202, "YIZYIZ": -0.026154342912495954, "YYIIYY": 0.16855020988052954, "ZYZIYI": -0.0029060381013884425, "IZXIXZ": -0.014530190506942202, "XYYXYY": 0.05230868582499193, "XIIXII": 0.04681950274459154, "YIIZYZ": 0.026154342912495965, "YZYIIZ": 0.03487245721666129, "IZYYZI": -0.0058120762027768814, "XXYYII": -0.3371004197610591, "XZXYZY": 0.05230868582499193, "ZXIIZX": -0.011624152405553752, "YXYIIX": -0.017430600387346673, "IIIYIY": 0.0041976105908944124, "YYXXXX": -0.23538908621246368, "XYXZZY": 0.026154342912495965, "IIXXXX": -0.47659024862770416, "ZYXXZY": 0.0, "IIZIIZ": -0.43138521149499515, "YZIIYZ": -0.011624152405553749, "YYYYII": -0.21214078140135612, "YYIZZI": -0.217952857604133, "XXXZXZ": -0.026154342912495965, "YXIYXI": -0.017436228608330637, "IYZIYZ": -0.002906038101388425, "IIYYZZ": -0.3952211817888278, "YXYXZZ": 0.0, "XIIZXZ": -0.03777849531804971, "XXYXXY": -0.47077817242492737, "ZXXYYZ": -0.026154342912495965, "ZXZZZX": -0.0784630287374879, "YIXYXI": 0.011620400258231113, "XZXIZI": -0.008718114304165324, "IZIZYY": -0.014530190506942204, "XZIIXZ": 0.014530190506942198, "XIZIZX": 0.031966419115272836, "YZYZXX": 0.026154342912495965,