{"IZYIZY": 0.01743622860833064, "IXIZXZ": -0.023248304811107526, "XZZYXY": -0.05230868582499193, "XXIXIX": 0.014530190506942195, "IYZZYI": 0.029060381013884404, "IXXIII": 0.015821762996448177, "ZZYXXY": 0.3661608007749435, "IYYIZZ": 0.0029060381013884355, "IZIZZZ": -0.08136906683887632, "XXIIXX": -0.2964158863416209, "YIIXXY": 6.071532165918825e-18, "IXXIZZ": 0.014530190506942198, "YZZIYI": 0.02906038101388441, "ZXXXXZ": -0.026154342912495965, "IZIZII": -0.09912818856958347, "YYYXYX": -0.15687540348612009, "XXXXYY": 0.3661608007749435, "XIZXIZ": -0.023248304811107522, "YXYXXX": 0.0, "IYZZIY": -0.00871811430416533, "YYXIIX": 0.008718114304165324, "YZXZYX": -0.026154342912495965, "XYYZXZ": 0.05230868582499193, "YXIYIX": 0.002906038101388439, "XZXZYY": 0.026154342912495965, "ZIIYZY": -0.020342266709719073, "ZXZXZZ": 0.13077171456247982, "YYXIXI": -0.01162415240555376, "ZZXXYY": -0.1569260574749758, "ZXIXIZ": -0.005812076202776871, "XXZIIZ": -0.31966419115272837, "YIYXXI": -0.020342266709719076, "ZYZIIY": 0.008718114304165327, "YXIXYI": 0.0029060381013884355, "ZYXZYX": 0.02614590058102002, "XYZXZY": -0.05230868582499193, "IZXIZX": 0.02034226670971908, "YZZYXX": -0.05230868582499193, "YYZIIZ": -0.23538908621246363, "YIZIYZ": -0.01743060038734668, "ZIZIYY": 0.017436228608330648, "ZZXXXX": 0.2876977720374556, "IIZYZY": 0.02034226670971908, "IYIYYY": -0.03487245721666128, "ZIIXXZ": -0.029060381013884404, "IYYXXI": -0.005812076202776878, "IYYIXX": 0.002906038101388439, "XZZXII": -0.008715300193673333, "YIYZIZ": -0.00871811430416533, "ZZIXIX": 1.3877787807814457e-17, "YZZIIY": -0.029060381013884407, "IXXYYI": -0.03486120077469336, "ZZZZYY": -0.18308040038747175, "ZYZYXX": -0.0784630287374879, "ZYYXZX": 0.0, "XXXZZX": 0.05230868582499193, "YYIIXX": -0.21214078140135614, "XYXXYX": -0.05230868582499193, "YZIZIY": -0.011624152405553763, "ZYXZXY": -0.026154342912495965, "ZXIZXI": 0.03487245721666128, "YYYZZY": 0.026154342912495965, "IYXIXY": -0.020342266709719073, "IYYXIX": 0.005812076202776878, "IYZYZI": 0.002906038101388446, "YXYYXY": 0.026154342912495965, "XIIXYY": 0.0435905715208266, "IYXXYI": -0.031966419115272836, "YXZZXY": 0.0784630287374879, "ZXYXYZ": -0.05230868582499193, "YZYZII": 0.005812076202776888, "IXIXXX": -0.002906038101388439, "ZIYYZI": -0.03196641911527284, "ZYIIYZ": 0.005812076202776878, "YXYXII": 0.008718114304165319, "XZXXZX": -0.026154342912495965, "ZZIZIZ": 0.26154342912495965, "IXIIXI": 0.027123022279625444, "ZIZIXX": -0.020342266709719087, "IIZZZZ": 0.7294155634484984, "ZXXXZX": 0.05230868582499193, "XIZXZI": -0.0435905715208266, "XXZYZY": 0.0, "ZZIIXX": 0.22085889570552147, "ZZZXZX": 0.10461737164998386, "XXYZYZ": 0.05230868582499193, "XYYIXI": -0.011624152405553763, "YXXYXX": -0.026154342912495965, "XIXZZI": 0.014530190506942198, "XXYZZY": 0.026154342912495965, "ZXYYXZ": -0.026154342912495965, "ZZIIII": -0.5324507587988376, "XXYIYI": -0.008718114304165327, "XXYYZZ": -0.3138521149499516, "IXXXIX": 0.017436228608330648, "XZYZXY": 0.05230868582499193, "ZIXZIX": -0.017436228608330644, "ZXZYXY": 0.026154342912495965, "IIIIII": 0.9999999999999998, "XIXIYY": 0.01743060038734668, "YXIIXY": -0.034872457216661275, "YYXXII": 0.2092347432999677, "XZYXZY": 0.0784630287374879, "YYYYXX": 0.20923474329996772, "XXXYYX": -0.41846948659993544, "IYYYIY": 0.014530190506942209, "IYYIYY": 0.00871811430416531, "XXZIZI": -0.27897965773329025, "XZXYYZ": 0.0784630287374879, "ZXIZIX": 0.002906038101388439, "ZYYXXZ": -0.10461737164998386, "YIXXIY": -0.00290510006455778, "YXXIIY": 0.005810200129115544, "XXZXZX": 0.026154342912495965, "YXXXYX": -0.0784630287374879, "IYIYZZ": -0.008718114304165313, "IZYZIY": -0.02034226670971908, "XXIXXI": -0.017436228608330627, "ZYZZZY": -0.05230868582499193, "ZIIYYZ": -0.014530190506942195, "ZZXYXY": 0.41846948659993544, "ZZZIIZ": 0.23538908621246366, "XIXIII": 0.013561511139812722, "XZXXXZ": -0.026154342912495965, "ZXZYYX": 0.0, "IYZIZY": -0.011624152405553756, "YIZIZY": 0.005812076202776885, "IYIZYZ": -0.011624152405553763, "ZIZYIY": 0.0, "XIXIZZ": 0.01743622860833064, "ZYIZYI": -0.03487245721666128, "YXXZZY": -0.05230868582499193, "YIYIYY": 0.023248304811107526, "IIIXXI": -0.0029060381013884416, "XIYYIX": 0.005812076202776868, "XYYXII": 0.13367775266386822, "XZYYZX": 0.0, "YYZZXX": -0.18308040038747175, "YYYXXY": -0.26154342912495965, "IZYYIZ": -0.026154342912495954, "ZYXYZX": 0.0, "YXXYZZ": 0.0784630287374879, "XYZXYZ": 0.026154342912495965, "ZYIIZY": -0.014530190506942205, "YYIXXI": -0.023248304811107522, "IXIXII": 0.04326767839845011, "YYZZYY": 0.13072950290510005, "XYIIXY": -0.1365837907652567, "YXXIYI": -0.014530190506942188, "XZXZZZ": -0.026154342912495965, "ZXZIXI": 0.029051000645577793, "ZXYXZY": -0.026154342912495965, "IXYYIX": -0.00871811430416532, "ZZYYZZ": 0.18308040038747175, "YZXZXY": 0.0, "IZIZXX": -0.002906038101388439, "ZIIIIZ": -0.04197610590894414, "XZIIZX": 0.02615434291249597, "IXIXYY": 0.017436228608330627, "IZZXXI": 0.011624152405553763, "IYIIYI": -0.001614465611882469, "ZZXYYX": 0.2876977720374556, "XXZZXX": -0.23538908621246368, "ZZIYYI": -0.005812076202776878, "YXZYXZ": -0.0784630287374879, "YZYZYY": -0.05230868582499193, "XIYXIY": 0.005812076202776885, "XIIIXI": 0.028091701646754924, "ZXXIIZ": 1.3877787807814457e-17, "IIZXZX": -0.026154342912495958, "XYYXZZ": 0.10461737164998386, "IIYIIY": -0.0009686793671294805, "YYZXZX": -0.13077171456247982, "XIYXYI": 0.0029060381013884425, "XYXYXX": -0.05230868582499193, "ZXIIXZ": -0.017436228608330648, "YXYZXZ": -0.0784630287374879, "XIZIXZ": -0.04940264772360348, "YXYXYY": 0.13072950290510008, "IXIYYX": -0.037778495318049714, "XIYIXY": -4.336808689942018e-18, "IIIIXX": -0.3987730061349693, "XXYXYX": -0.49693251533742333, "IXZIXZ": -3.469446951953614e-18, "XYIYXI": 0.002906038101388447, "YYZZII": 0.3777849531804972, "ZIIZII": 0.07684856312560542, "XYIXIY": 0.0435905715208266, "XXYYXX": 0.3138521149499516, "IZXZXI": -0.005812076202776871, "IYIXYX": -0.023248304811107515, "XYZZYX": -0.13072950290510008, "XYZZXY": -0.026154342912495965, "IYIZZY": 0.0, "IYXIYX": 0.008718114304165326, "YIZYZI": 0.005812076202776885, "ZIXXZI": 0.017430600387346673, "YIIYYY": -1.0408340855860843e-17, "XIXZIZ": -0.02034226670971908, "XZZZZX": 0.026154342912495965, "YIIYZZ": 0.00871811430416532, "IYIXXY": -0.014530190506942191, "XZIZXI": 0.005812076202776878, "XXZZII": 0.5724895059735227, "XXXIXI": 0.0, "XYYXXX": -0.05230868582499193, "YIXXYI": 0.023240800516462223, "ZXYYZX": -0.0784630287374879, "ZIYYIZ": 0.002906038101388444, "YZZXYX": 0.05230868582499193, "XXIIYY": 0.28479173393606716, "ZZYYYY": 0.23538908621246368, "XYIXYI": -0.008715300193673326, "XIIXXX": -0.03487245721666131, "ZYYYZY": 0.0, "IYYZIZ": -0.005812076202776885, "YXXZYZ": 0.026154342912495965, "YXZZYX": 0.05230868582499193, "XZZIXI": 0.0029060381013884477, "ZZZZXX": 0.18308040038747175, "ZXXIZI": -0.002906038101388431, "ZZIZZI": 0.22667097190829835, "YZIZYI": -0.002906038101388439, "YIZYIZ": 0.011624152405553766, "YYIIYY": 0.19761059089441393, "ZYZIYI": 0.029060381013884407, "IZXIXZ": 0.02034226670971909, "XYYXYY": 0.10461737164998386, "XIIXII": 0.048111075234097515, "YIIZYZ": 0.01162415240555376, "YZYIIZ": -0.01743622860833064, "IZYYZI": 0.011624152405553763, "XXYYII": -0.3138521149499515, "XZXYZY": 0.05230868582499193, "ZXIIZX": -0.00871811430416531, "YXYIIX": 0.01743622860833064, "IIIYIY": 0.007103648692282854, "YYXXXX": -0.18308040038747175, "XYXZZY": -0.05230868582499193, "IIXXXX": -0.4446238295124313, "ZYXXZY": 0.05230868582499193, "IIZIIZ": -0.43558282208588955, "YZIIYZ": 0.01162415240555377, "YYYYII": -0.23248304811107523, "YYIZZI": -0.19761059089441393, "XXXZXZ": -0.05230868582499193, "YXIYXI": -0.029060381013884397, "IYZIYZ": -0.002906038101388439, "IIYYZZ": -0.3952211817888278, "YXYXZZ": 0.0, "XIIZXZ": -0.023248304811107512, "XXYXXY": -0.39231514368743947, "ZXXYYZ": 0.026154342912495965, "ZXZZZX": 0.026154342912495965, "YIXYXI": 0.02615434291249596, "XZXIZI": 0.00581020012911557, "IZIZYY": -0.04068453341943815,