{"IZYIZY": 0.0029060381013884403, "IXIZXZ": -0.014530190506942195, "XZZYXY": 0.05230868582499193, "XXIXIX": 0.026154342912495958, "IYZZYI": 0.023248304811107512, "IXXIII": 0.022602518566354535, "ZZYXXY": 0.28760490639122016, "IYYIZZ": -0.029060381013884404, "IZIZZZ": -0.11914756215692603, "XXIIXX": -0.26444946722634805, "YIIXXY": 0.008718114304165324, "IXXIZZ": 0.04938670109748224, "YZZIYI": 0.03196641911527283, "ZXXXXZ": 0.026154342912495965, "IZIZII": -0.09460768485631257, "YYYXYX": -0.34000645786244754, "XXXXYY": 0.34000645786244754, "XIZXIZ": -0.002906038101388439, "YXYXXX": 0.05229180116204002, "IYZZIY": 0.01743622860833063, "YYXIIX": 0.01743622860833063, "YZXZYX": 0.0, "XYYZXZ": 0.052291801162040026, "YXIYIX": 0.017436228608330634, "XZXZYY": 0.026154342912495965, "ZIIYZY": 0.00581207620277688, "ZXZXZZ": -0.05230868582499193, "YYXIXI": 0.02034226670971908, "ZZXXYY": -0.18308040038747175, "ZXIXIZ": -0.0029051000645577835, "XXZIIZ": -0.2935098482402324, "YIYXXI": 0.026154342912495965, "ZYZIIY": 0.01162415240555376, "YXIXYI": 0.008718114304165317, "ZYXZYX": 0.0, "XYZXZY": 0.026154342912495965, "IZXIZX": -0.020342266709719073, "YZZYXX": -0.026154342912495965, "YYZIIZ": -0.22950290510006455, "YIZIYZ": -0.029060381013884404, "ZIZIYY": -0.005812076202776868, "ZZXXXX": 0.26154342912495965, "IIZYZY": -0.014530190506942198, "IYIYYY": 1.3877787807814457e-17, "ZIIXXZ": -0.020342266709719087, "IYYXXI": 0.008718114304165317, "IYYIXX": 0.01453019050694221, "XZZXII": 0.008718114304165317, "YIYZIZ": 0.011624152405553756, "ZZIXIX": -0.005812076202776878, "YZZIIY": -0.011624152405553763, "IXXYYI": 0.026154342912495965, "ZZZZYY": -0.20923474329996772, "ZYZYXX": -0.026154342912495965, "ZYYXZX": 0.026154342912495965, "XXXZZX": 0.026154342912495965, "YYIIXX": -0.2092347432999677, "XYXXYX": 0.026145900581020013, "YZIZIY": 0.0029060381013884494, "ZYXZXY": 0.10458360232408007, "ZXIZXI": -0.0029060381013884407, "YYYZZY": 0.05229180116204003, "IYXIXY": -0.03196641911527284, "IYYXIX": 0.00871811430416532, "IYZYZI": 0.005812076202776878, "YXYYXY": 0.13077171456247982, "XIIXYY": 0.040671400903808906, "IYXXYI": -0.01743622860833064, "YXZZXY": 0.1569260574749758, "ZXYXYZ": 0.05230868582499193, "YZYZII": -0.02034226670971908, "IXIXXX": 0.002906038101388439, "ZIYYZI": -0.020342266709719087, "ZYIIYZ": -0.023248304811107522, "YXYXII": -0.029060381013884404, "XZXXZX": 0.0, "ZZIZIZ": 0.26444946722634805, "IXIIXI": 0.021633839199225055, "ZIZIXX": -0.011624152405553773, "IIZZZZ": 0.7352276396512754, "ZXXXZX": 0.05230868582499193, "XIZXZI": -0.017436228608330637, "XXZYZY": -0.0784630287374879, "ZZIIXX": 0.21795285760413302, "ZZZXZX": 0.0, "XXYZYZ": -0.026154342912495965, "XYYIXI": -0.011624152405553756, "YXXYXX": -0.05230868582499193, "XIXZZI": 0.01162415240555376, "XXYZZY": -0.07843770174306003, "ZXYYXZ": 0.026154342912495965, "ZZIIII": -0.5288989344526962, "XXYIYI": -0.0145301905069422, "XXYYZZ": -0.26154342912495965, "IXXXIX": 0.02615434291249596, "XZYZXY": 0.05230868582499193, "ZIXZIX": -0.01743622860833063, "ZXZYXY": -0.07843770174306001, "IIIIII": 0.9999999999999998, "XIXIYY": 0.03777849531804973, "YXIIXY": -0.02324830481110752, "YYXXII": 0.20632870519857924, "XZYXZY": -0.026154342912495965, "YYYYXX": 0.23538908621246368, "XXXYYX": -0.4446238295124314, "IYYYIY": 0.002906038101388439, "IYYIYY": -0.005812076202776885, "XXZIZI": -0.3051340006457862, "XZXYYZ": 0.0784630287374879, "ZXIZIX": 0.002906038101388434, "ZYYXXZ": 0.0, "YIXXIY": 0.008718114304165315, "YXXIIY": -0.011624152405553754, "XXZXZX": -0.026154342912495965, "YXXXYX": -0.026154342912495965, "IYIYZZ": 0.02034226670971908, "IZYZIY": 0.014530190506942205, "XXIXXI": 0.02034226670971908, "ZYZZZY": 0.0784630287374879, "ZIIYYZ": 0.011624152405553749, "ZZXYXY": 0.2876977720374556, "ZZZIIZ": 0.23829512431385208, "XIXIII": 0.013238618017436227, "XZXXXZ": 0.05229180116204003, "ZXZYYX": -0.026154342912495965, "IYZIZY": 0.011624152405553763, "YIZIZY": 0.04068453341943815, "IYIZYZ": 0.02324830481110752, "ZIZYIY": -0.0029060381013884355, "XIXIZZ": 0.03196641911527284, "ZYIZYI": 0.005812076202776878, "YXXZZY": 0.0, "YIYIYY": -0.00290603810138843, "IIIXXI": 0.017759121730707136, "XIYYIX": 0.02324830481110752, "XYYXII": 0.13658379076525667, "XZYYZX": -0.05230868582499193, "YYZZXX": -0.1569260574749758, "YYYXXY": -0.3661608007749435, "IZYYIZ": 0.002906038101388432, "ZYXYZX": 0.026154342912495965, "YXXYZZ": 0.05230868582499193, "XYZXYZ": 0.026154342912495965, "ZYIIZY": 0.020342266709719087, "YYIXXI": 0.03196641911527284, "IXIXII": 0.047465288989344524, "YYZZYY": 0.23538908621246368, "XYIIXY": -0.15111398127219888, "YXXIYI": -0.0029060381013884355, "XZXZZZ": -0.05230868582499193, "ZXZIXI": 0.017436228608330637, "ZXYXZY": 0.0, "IXYYIX": -0.008718114304165317, "ZZYYZZ": 0.2876977720374556, "YZXZXY": 0.0784630287374879, "IZIZXX": 0.040684533419438174, "ZIIIIZ": -0.033580884727155313, "XZIIZX": 0.029060381013884404, "IXIXYY": 0.03196641911527284, "IZZXXI": 0.03196641911527284, "IYIIYI": 0.005166289958023896, "ZZXYYX": 0.31375080697224017, "XXZZXX": -0.26145900581020015, "ZZIYYI": -0.03486120077469336, "YXZYXZ": 0.0, "YZYZYY": 0.0, "XIYXIY": -0.002906038101388446, "XIIIXI": 0.019050694220213108, "ZXXIIZ": 0.008718114304165324, "IIZXZX": 0.01743622860833064, "XYYXZZ": 0.10461737164998386, "IIYIIY": 0.009363900548918305, "YYZXZX": -0.026154342912495965, "XIYXYI": 0.01162415240555376, "XYXYXX": -0.026154342912495965, "ZXIIXZ": -0.008718114304165317, "YXYZXZ": 0.0, "XIZIXZ": -0.0029060381013884373, "YXYXYY": 0.026154342912495965, "IXIYYX": -0.023248304811107526, "XIYIXY": 0.0, "IIIIXX": -0.3989670755326017, "XXYXYX": -0.39231514368743947, "IXZIXZ": 0.020342266709719076, "XYIYXI": 0.017436228608330634, "YYZZII": 0.4097513722957701, "ZIIZII": 0.07814013561511139, "XYIXIY": -0.01162415240555376, "XXYYXX": 0.34000645786244754, "IZXZXI": -0.017436228608330644, "IYIXYX": -0.04940264772360349, "XYZZYX": 0.0, "XYZZXY": -0.10461737164998386, "IYIZZY": 0.014530190506942202, "IYXIYX": 0.017436228608330637, "YIZYZI": -0.03196641911527285, "ZIXXZI": -0.02034226670971908, "YIIYYY": 0.01162415240555376, "XIXZIZ": -0.011624152405553763, "XZZZZX": 0.0, "YIIYZZ": 0.03196641911527284, "IYIXXY": -0.017436228608330637, "XZIZXI": -0.011624152405553763, "XXZZII": 0.5868302130406715, "XXXIXI": 0.011624152405553756, "XYYXXX": 0.026154342912495965, "YIXXYI": 0.014530190506942193, "ZXYYZX": 0.0, "ZIYYIZ": -0.008718114304165324, "YZZXYX": -0.05230868582499193, "XXIIYY": 0.3051340006457862, "ZZYYYY": 0.23538908621246368, "XYIXYI": 0.017436228608330634, "XIIXXX": -0.02324080051646222, "ZYYYZY": 0.0, "IYYZIZ": -0.0029060381013884425, "YXXZYZ": 0.026154342912495965, "YXZZYX": 0.026145900581020013, "XZZIXI": -0.0058120762027768814, "ZZZZXX": 0.18308040038747175, "ZXXIZI": -0.008718114304165317, "ZZIZZI": 0.23240800516462234, "YZIZYI": -0.0029060381013884494, "YIZYIZ": -0.005812076202776885, "YYIIYY": 0.21214078140135614, "ZYZIYI": 0.0058102001291155635, "IZXIXZ": 0.011624152405553756, "XYYXYY": 0.05230868582499193, "XIIXII": 0.041007426541814655, "YIIZYZ": -0.023248304811107522, "YZYIIZ": 0.01162415240555377, "IZYYZI": 0.008718114304165326, "XXYYII": -0.30222796254439777, "XZXYZY": 0.0, "ZXIIZX": 0.0, "YXYIIX": 0.0058120762027768814, "IIIYIY": -0.0038747174685179213, "YYXXXX": -0.20923474329996772, "XYXZZY": 0.05230868582499193, "IIXXXX": -0.46496609622215046, "ZYXXZY": -0.026145900581020013, "IIZIIZ": -0.4304165321278657, "YZIIYZ": 0.02034226670971908, "YYYYII": -0.23829512431385208, "YYIZZI": -0.1801743622860833, "XXXZXZ": -0.026154342912495965, "YXIYXI": 0.020342266709719076, "IYZIYZ": 3.469446951953614e-18, "IIYYZZ": -0.41265741039715853, "YXYXZZ": 0.026154342912495965, "XIIZXZ": 0.0029060381013884303, "XXYXXY": -0.41846948659993544, "ZXXYYZ": 6.938893903907228e-18, "ZXZZZX": -0.05230868582499193, "YIXYXI": 0.005812076202776878, "XZXIZI": 5.204170427930421e-18, "IZIZYY": -0.02324830481110752, "XZIIXZ": 0.0145301905069422, "XIZIZX": -0.01162415240555376,