{"IZYIZY": 0.011624152405553756, "IXIZXZ": -0.017436228608330637, "XZZYXY": 0.07843770174306004, "XXIXIX": -0.02324830481110752, "IYZZYI": 8.673617379884035e-18, "IXXIII": 0.017430600387346673, "ZZYXXY": 0.3661608007749435, "IYYIZZ": -0.017436228608330634, "IZIZZZ": -0.11914756215692607, "XXIIXX": -0.2993219244430093, "YIIXXY": -0.00871811430416532, "IXXIZZ": 0.0058120762027768814, "YZZIYI": -0.020342266709719087, "ZXXXXZ": -0.026154342912495965, "IZIZII": -0.10655473038424282, "YYYXYX": -0.3138521149499516, "XXXXYY": 0.34000645786244754, "XIZXIZ": -0.014530190506942195, "YXYXXX": 0.0, "IYZZIY": -0.014530190506942193, "YYXIIX": -0.01162415240555377, "YZXZYX": 0.05230868582499193, "XYYZXZ": -0.026154342912495965, "YXIYIX": -0.04940264772360348, "XZXZYY": 0.026154342912495965, "ZIIYZY": -0.02034226670971908, "ZXZXZZ": 0.05230868582499193, "YYXIXI": 0.002906038101388439, "ZZXXYY": -0.18308040038747175, "ZXIXIZ": -0.0029060381013884394, "XXZIIZ": -0.2818856958346787, "YIYXXI": 0.017436228608330644, "ZYZIIY": -0.017436228608330637, "YXIXYI": 0.002906038101388425, "ZYXZYX": 0.05229180116204003, "XYZXZY": 0.0, "IZXIZX": 0.0, "YZZYXX": 0.0, "YYZIIZ": -0.17726832418469485, "YIZIYZ": 0.0290603810138844, "ZIZIYY": 0.031966419115272836, "ZZXXXX": 0.23538908621246368, "IIZYZY": 0.02034226670971908, "IYIYYY": -0.002906038101388446, "ZIIXXZ": -0.002906038101388446, "IYYXXI": 0.014530190506942191, "IYYIXX": -0.0029060381013884407, "XZZXII": 0.02034226670971908, "YIYZIZ": -3.469446951953614e-18, "ZZIXIX": 0.026154342912495958, "YZZIIY": -0.014530190506942195, "IXXYYI": 0.014530190506942205, "ZZZZYY": -0.1569260574749758, "ZYZYXX": 0.0, "ZYYXZX": -0.026154342912495965, "XXXZZX": -0.0784630287374879, "YYIIXX": -0.18598643848886018, "XYXXYX": 0.0, "YZIZIY": -0.020342266709719087, "ZYXZXY": -0.05230868582499193, "ZXIZXI": -0.011624152405553766, "YYYZZY": 0.0, "IYXIXY": -0.002906038101388439, "IYYXIX": -0.0029060381013884407, "IYZYZI": 0.020342266709719076, "YXYYXY": 0.13077171456247982, "XIIXYY": 0.00871811430416532, "IYXXYI": 0.03777849531804972, "YXZZXY": 0.026154342912495965, "ZXYXYZ": 0.0, "YZYZII": 0.0435905715208266, "IXIXXX": -0.02324830481110752, "ZIYYZI": -0.02906038101388441, "ZYIIYZ": 0.014530190506942205, "YXYXII": 0.014530190506942195, "XZXXZX": 0.026154342912495965, "ZZIZIZ": 0.24120116241524053, "IXIIXI": 0.03293509848240232, "ZIZIXX": -0.008718114304165317, "IIZZZZ": 0.7294155634484984, "ZXXXZX": 0.05230868582499193, "XIZXZI": -0.011624152405553758, "XXZYZY": -0.026154342912495965, "ZZIIXX": 0.22085889570552147, "ZZZXZX": -0.026154342912495965, "XXYZYZ": -0.026154342912495965, "XYYIXI": -0.0029051000645577843, "YXXYXX": 0.13077171456247982, "XIXZZI": -0.002906038101388447, "XXYZZY": 0.0, "ZXYYXZ": 0.026154342912495965, "ZZIIII": -0.5314820794317081, "XXYIYI": 0.008718114304165303, "XXYYZZ": -0.3138521149499516, "IXXXIX": 0.01743622860833064, "XZYZXY": -0.026154342912495965, "ZIXZIX": 0.0029060381013884425, "ZXZYXY": -0.05230868582499193, "IIIIII": 0.9999999999999998, "XIXIYY": 0.020342266709719087, "YXIIXY": -0.02324830481110752, "YYXXII": 0.22667097190829832, "XZYXZY": 0.05230868582499193, "YYYYXX": 0.23538908621246368, "XXXYYX": -0.49693251533742333, "IYYYIY": -6.938893903907228e-18, "IYYIYY": -0.005812076202776878, "XXZIZI": -0.27897965773329025, "XZXYYZ": -0.026154342912495965, "ZXIZIX": 3.469446951953614e-18, "ZYYXXZ": 0.026154342912495965, "YIXXIY": -0.03196641911527284, "YXXIIY": 0.008715300193673357, "XXZXZX": -0.0784630287374879, "YXXXYX": -0.0784630287374879, "IYIYZZ": 0.03487245721666128, "IZYZIY": 0.020342266709719087, "XXIXXI": 0.020342266709719076, "ZYZZZY": -0.05229180116204002, "ZIIYYZ": 3.469446951953614e-18, "ZZXYXY": 0.23538908621246368, "ZZZIIZ": 0.21504681950274454, "XIXIII": 0.013561511139812719, "XZXXXZ": 0.10461737164998386, "ZXZYYX": 0.10461737164998386, "IYZIZY": -0.011624152405553761, "YIZIZY": -0.005812076202776885, "IYIZYZ": -0.011624152405553756, "ZIZYIY": 0.0029060381013884407, "XIXIZZ": 0.0058120762027768745, "ZYIZYI": -0.017436228608330648, "YXXZZY": -0.0784630287374879, "YIYIYY": -0.026154342912495965, "IIIXXI": 0.009686793671294804, "XIYYIX": 0.0, "XYYXII": 0.14239586696803358, "XZYYZX": -0.07843770174306003, "YYZZXX": -0.26154342912495965, "YYYXXY": -0.31375080697224017, "IZYYIZ": -0.020342266709719087, "ZYXYZX": 0.05230868582499193, "YXXYZZ": -0.0784630287374879, "XYZXYZ": -0.0784630287374879, "ZYIIZY": -0.03487245721666128, "YYIXXI": -0.014530190506942202, "IXIXII": 0.04197610590894414, "YYZZYY": 0.20923474329996772, "XYIIXY": -0.12786567646109137, "YXXIYI": -0.005812076202776878, "XZXZZZ": -0.026154342912495965, "ZXZIXI": 0.0029060381013884355, "ZXYXZY": 0.026154342912495965, "IXYYIX": 0.023248304811107526, "ZZYYZZ": 0.20923474329996772, "YZXZXY": 0.0, "IZIZXX": 0.07265095253471099, "ZIIIIZ": -0.0293832741362609, "XZIIZX": -0.014530190506942205, "IXIXYY": 0.046496609622215024, "IZZXXI": 0.002906038101388439, "IYIIYI": 0.017759121730707133, "ZZXYYX": 0.20923474329996772, "XXZZXX": -0.26154342912495965, "ZZIYYI": 0.017436228608330637, "YXZYXZ": -0.026154342912495965, "YZYZYY": 0.0, "XIYXIY": 0.0029060381013884425, "XIIIXI": 0.018727801097836616, "ZXXIIZ": 3.469446951953614e-18, "IIZXZX": -2.6020852139652106e-18, "XYYXZZ": 0.13077171456247982, "IIYIIY": -0.0016144656118824655, "YYZXZX": 0.026154342912495965, "XIYXYI": 0.002906038101388443, "XYXYXX": -0.026154342912495965, "ZXIIXZ": 0.005812076202776878, "YXYZXZ": -6.938893903907228e-18, "XIZIXZ": -0.023248304811107533, "YXYXYY": 0.0, "IXIYYX": -0.031966419115272836, "XIYIXY": -0.00871811430416532, "IIIIXX": -0.40813690668388763, "XXYXYX": -0.47077817242492737, "IXZIXZ": -0.020342266709719083, "XYIYXI": 0.008718114304165322, "YYZZII": 0.4097513722957701, "ZIIZII": 0.07458831126896998, "XYIXIY": 0.01162415240555377, "XXYYXX": 0.34000645786244754, "IZXZXI": -0.005812076202776878, "IYIXYX": -0.020342266709719073, "XYZZYX": -0.0784630287374879, "XYZZXY": -0.13077171456247982, "IYIZZY": -0.014530190506942195, "IYXIYX": 0.0, "YIZYZI": -0.008718114304165317, "ZIXXZI": 0.008715300193673323, "YIIYYY": -0.008718114304165317, "XIXZIZ": -0.017430600387346673, "XZZZZX": 0.0, "YIIYZZ": -0.03196641911527284, "IYIXXY": -0.008718114304165324, "XZIZXI": 0.014530190506942209, "XXZZII": 0.5753955440749112, "XXXIXI": -0.002906038101388439, "XYYXXX": -0.05230868582499193, "YIXXYI": -0.01162415240555376, "ZXYYZX": 0.05230868582499193, "ZIYYIZ": 0.026154342912495954, "YZZXYX": 0.05230868582499193, "XXIIYY": 0.2818856958346787, "ZZYYYY": 0.23538908621246368, "XYIXYI": 0.03196641911527284, "XIIXXX": -0.014530190506942198, "ZYYYZY": -0.0784630287374879, "IYYZIZ": -0.008718114304165317, "YXXZYZ": 0.0784630287374879, "YXZZYX": 0.026154342912495965, "XZZIXI": -0.011624152405553763, "ZZZZXX": 0.18308040038747175, "ZXXIZI": -0.014530190506942198, "ZZIZZI": 0.2092347432999677, "YZIZYI": -0.008718114304165317, "YIZYIZ": -0.008718114304165326, "YYIIYY": 0.19179851469163706, "ZYZIYI": -0.0058120762027768814, "IZXIXZ": 0.02324830481110752, "XYYXYY": 0.18308040038747175, "XIIXII": 0.04068453341943817, "YIIZYZ": 0.011624152405553763, "YZYIIZ": -0.005812076202776878, "IZYYZI": 0.026154342912495965, "XXYYII": -0.3369916074887024, "XZXYZY": -0.0784630287374879, "ZXIIZX": -0.02324830481110752, "YXYIIX": -0.0058120762027768814, "IIIYIY": -0.013561511139812722, "YYXXXX": -0.20923474329996772, "XYXZZY": -0.0784630287374879, "IIXXXX": -0.4735313105229181, "ZYXXZY": 0.05230868582499193, "IIZIIZ": -0.4271876009041007, "YZIIYZ": 0.023248304811107526, "YYYYII": -0.22376493380690987, "YYIZZI": -0.21504681950274457, "XXXZXZ": 0.026154342912495965, "YXIYXI": 0.002905100064557766, "IYZIYZ": -0.0145301905069422, "IIYYZZ": -0.39812721989021627, "YXYXZZ": 0.0, "XIIZXZ": -0.026154342912495958, "XXYXXY": -0.34000645786244754, "ZXXYYZ": 0.05230868582499193, "ZXZZZX": -0.10461737164998386, "YIXYXI": 0.034872457216661275, "XZXIZI": 0.03196641911527284, "IZIZYY": -0.04940264772360348, "XZIIXZ": -0.011624152405553763,