{"IZYIZY": 0.0029051000645577765, "IXIZXZ": -0.02034226670971908, "XZZYXY": 0.05230868582499193, "XXIXIX": 0.014530190506942195, "IYZZYI": 0.029060381013884404, "IXXIII": 0.02131094607684856, "ZZYXXY": 0.2876977720374556, "IYYIZZ": -0.017430600387346663, "IZIZZZ": -0.09008718114304164, "XXIIXX": -0.29641588634162086, "YIIXXY": 0.002906038101388453, "IXXIZZ": 0.052308685824991916, "YZZIYI": -0.02034226670971908, "ZXXXXZ": 0.0, "IZIZII": -0.09428479173393606, "YYYXYX": -0.2876977720374556, "XXXXYY": 0.41833440929632026, "XIZXIZ": -0.02034226670971908, "YXYXXX": -0.026154342912495965, "IYZZIY": 3.469446951953614e-18, "YYXIIX": -0.01743622860833064, "YZXZYX": -0.026154342912495965, "XYYZXZ": -0.02614590058102002, "YXIYIX": 0.002906038101388453, "XZXZYY": 0.0, "ZIIYZY": 0.011624152405553756, "ZXZXZZ": 0.026145900581020013, "YYXIXI": 0.04940264772360349, "ZZXXYY": -0.34000645786244754, "ZXIXIZ": -0.005812076202776878, "XXZIIZ": -0.30222796254439777, "YIYXXI": -0.01162415240555376, "ZYZIIY": 0.0058120762027768814, "YXIXYI": -0.0029060381013884377, "ZYXZYX": 0.05230868582499193, "XYZXZY": 0.026154342912495965, "IZXIZX": -0.011620400258231113, "YZZYXX": 0.026154342912495965, "YYZIIZ": -0.21214078140135612, "YIZIYZ": -0.0029060381013884355, "ZIZIYY": 0.014530190506942198, "ZZXXXX": 0.2876977720374556, "IIZYZY": 0.017436228608330648, "IYIYYY": 0.02615434291249597, "ZIIXXZ": -0.026154342912495965, "IYYXXI": 0.01162415240555377, "IYYIXX": 0.014530190506942202, "XZZXII": -0.02034226670971908, "YIYZIZ": -0.002906038101388446, "ZZIXIX": -0.017436228608330634, "YZZIIY": 0.008718114304165324, "IXXYYI": 0.01743622860833064, "ZZZZYY": -0.10461737164998386, "ZYZYXX": 0.05230868582499193, "ZYYXZX": -0.026154342912495965, "XXXZZX": -0.0784630287374879, "YYIIXX": -0.2092347432999677, "XYXXYX": -0.026154342912495965, "YZIZIY": -0.017436228608330644, "ZYXZXY": 0.05230868582499193, "ZXIZXI": 0.02034226670971908, "YYYZZY": 0.0, "IYXIXY": 0.002906038101388432, "IYYXIX": -0.014530190506942193, "IYZYZI": 0.03196641911527284, "YXYYXY": 0.0, "XIIXYY": 0.023248304811107526, "IYXXYI": 0.014530190506942212, "YXZZXY": -0.026154342912495965, "ZXYXYZ": 0.0, "YZYZII": -0.02034226670971908, "IXIXXX": -0.03487245721666129, "ZIYYZI": -0.01162415240555376, "ZYIIYZ": -0.011624152405553752, "YXYXII": 6.071532165918825e-18, "XZXXZX": -0.026154342912495965, "ZZIZIZ": 0.25573135292218274, "IXIIXI": 0.030997739748143363, "ZIZIXX": -0.020342266709719073, "IIZZZZ": 0.7381336777526637, "ZXXXZX": -0.026154342912495965, "XIZXZI": -0.00871811430416533, "XXZYZY": 0.0, "ZZIIXX": 0.21214078140135612, "ZZZXZX": 0.026154342912495965, "XXYZYZ": -1.3877787807814457e-17, "XYYIXI": -1.3877787807814457e-17, "YXXYXX": 0.0784630287374879, "XIXZZI": -0.02034226670971908, "XXYZZY": -0.10461737164998386, "ZXYYXZ": -0.026154342912495965, "ZZIIII": -0.5363254762673555, "XXYIYI": 0.0, "XXYYZZ": -0.3138521149499516, "IXXXIX": -0.008718114304165324, "XZYZXY": -0.026154342912495965, "ZIXZIX": 0.0, "ZXZYXY": -0.026154342912495965, "IIIIII": 0.9999999999999998, "XIXIYY": 0.008718114304165313, "YXIIXY": -0.011624152405553761, "YYXXII": 0.22667097190829832, "XZYXZY": 0.0, "YYYYXX": 0.26154342912495965, "XXXYYX": -0.41846948659993544, "IYYYIY": 0.002906038101388444, "IYYIYY": 0.0029051000645577835, "XXZIZI": -0.2818856958346787, "XZXYYZ": 0.05230868582499193, "ZXIZIX": -0.00871811430416532, "ZYYXXZ": -0.05230868582499193, "YIXXIY": -0.008718114304165317, "YXXIIY": -0.008718114304165319, "XXZXZX": 0.026154342912495965, "YXXXYX": -0.0784630287374879, "IYIYZZ": 0.005812076202776885, "IZYZIY": 0.014530190506942202, "XXIXXI": 0.005812076202776864, "ZYZZZY": 0.0, "ZIIYYZ": 0.031966419115272815, "ZZXYXY": 0.26154342912495965, "ZZZIIZ": 0.21214078140135614, "XIXIII": 0.026477236034872457, "XZXXXZ": 0.05230868582499193, "ZXZYYX": -0.10461737164998386, "IYZIZY": -0.026154342912495965, "YIZIZY": -0.01452550032278889, "IYIZYZ": -0.02324830481110752, "ZIZYIY": 0.023240800516462226, "XIXIZZ": 0.0435905715208266, "ZYIZYI": 0.005812076202776885, "YXXZZY": 0.13077171456247982, "YIYIYY": -0.008718114304165315, "IIIXXI": -0.0012915724895059709, "XIYYIX": -0.02034226670971908, "XYYXII": 0.13658379076525667, "XZYYZX": 0.026154342912495965, "YYZZXX": -0.18308040038747175, "YYYXXY": -0.3138521149499516, "IZYYIZ": -0.014530190506942205, "ZYXYZX": -0.0784630287374879, "YXXYZZ": 0.026154342912495965, "XYZXYZ": -0.026154342912495965, "ZYIIZY": 0.008718114304165315, "YYIXXI": 0.0, "IXIXII": 0.040038747174685176, "YYZZYY": 0.18308040038747175, "XYIIXY": -0.12495963835970292, "YXXIYI": 0.02034226670971907, "XZXZZZ": -0.026154342912495965, "ZXZIXI": -0.020342266709719087, "ZXYXZY": 0.026154342912495965, "IXYYIX": 0.0029060381013884425, "ZZYYZZ": 0.26154342912495965, "YZXZXY": -0.05230868582499193, "IZIZXX": 0.04649660962221505, "ZIIIIZ": -0.03939296092993219, "XZIIZX": -3.469446951953614e-18, "IXIXYY": 0.02324830481110752, "IZZXXI": -0.023248304811107522, "IYIIYI": 0.0029060381013884373, "ZZXYYX": 0.26154342912495965, "XXZZXX": -0.18308040038747175, "ZZIYYI": 0.03486120077469335, "YXZYXZ": -0.05229180116204002, "YZYZYY": 0.0, "XIYXIY": 0.008718114304165317, "XIIIXI": 0.02389409105586051, "ZXXIIZ": -0.02034226670971908, "IIZXZX": -0.02034226670971908, "XYYXZZ": 0.18308040038747175, "IIYIIY": -0.0006457862447529876, "YYZXZX": -0.026154342912495965, "XIYXYI": 0.00871811430416532, "XYXYXX": -0.13077171456247982, "ZXIIXZ": -0.02034226670971908, "YXYZXZ": -0.05230868582499193, "XIZIXZ": 0.011624152405553763, "YXYXYY": 0.026154342912495965, "IXIYYX": -0.049402647723603484, "XIYIXY": 0.002906038101388439, "IIIIXX": -0.4091055860510171, "XXYXYX": -0.4446238295124314, "IXZIXZ": -0.017436228608330627, "XYIYXI": -0.00871811430416532, "YYZZII": 0.4010332579916047, "ZIIZII": 0.07684856312560542, "XYIXIY": 0.0029060381013884303, "XXYYXX": 0.34000645786244754, "IZXZXI": 0.011624152405553758, "IYIXYX": -0.02615434291249595, "XYZZYX": -0.1569260574749758, "XYZZXY": -0.07843770174306006, "IYIZZY": -0.020342266709719087, "IYXIYX": -0.02615434291249597, "YIZYZI": -0.00871811430416533, "ZIXXZI": 0.005812076202776878, "YIIYYY": 0.005812076202776878, "XIXZIZ": -0.029060381013884393, "XZZZZX": -0.05230868582499193, "YIIYZZ": 0.0290603810138844, "IYIXXY": 0.029051000645577793, "XZIZXI": 0.02324830481110752, "XXZZII": 0.5841136583790765, "XXXIXI": 0.002906038101388446, "XYYXXX": -0.10461737164998386, "YIXXYI": 0.011624152405553752, "ZXYYZX": -0.0784630287374879, "ZIYYIZ": 0.008718114304165317, "YZZXYX": -0.05230868582499193, "XXIIYY": 0.30222796254439777, "ZZYYYY": 0.2876977720374556, "XYIXYI": 0.014525500322788883, "XIIXXX": -0.026154342912495965, "ZYYYZY": -0.05230868582499193, "IYYZIZ": 0.05810200129115558, "YXXZYZ": 0.05230868582499193, "YXZZYX": -0.05230868582499193, "XZZIXI": 0.017436228608330634, "ZZZZXX": 0.13072950290510008, "ZXXIZI": -0.014530190506942193, "ZZIZZI": 0.24991927671940584, "YZIZYI": -0.017436228608330634, "YIZYIZ": -0.026154342912495958, "YYIIYY": 0.23829512431385208, "ZYZIYI": 0.017430600387346683, "IZXIXZ": -0.0145301905069422, "XYYXYY": -0.05230868582499193, "XIIXII": 0.04262189215369713, "YIIZYZ": -0.0058120762027768745, "YZYIIZ": -0.02034226670971908, "IZYYZI": 0.011624152405553765, "XXYYII": -0.3371004197610591, "XZXYZY": -0.026154342912495965, "ZXIIZX": -0.02324830481110752, "YXYIIX": 0.023248304811107515, "IIIYIY": 0.002260251856635455, "YYXXXX": -0.1569260574749758, "XYXZZY": -0.026154342912495965, "IIXXXX": -0.4853083629318695, "ZYXXZY": -0.026154342912495965, "IIZIIZ": -0.4288020665159832, "YZIIYZ": 0.011624152405553763, "YYYYII": -0.1888924765902486, "YYIZZI": -0.1801743622860833, "XXXZXZ": -0.05230868582499193, "YXIYXI": -0.002906038101388439, "IYZIYZ": -3.469446951953614e-18, "IIYYZZ": -0.4097513722957701, "YXYXZZ": 0.0, "XIIZXZ": -0.02906038101388439, "XXYXXY": -0.49693251533742333, "ZXXYYZ": 0.0, "ZXZZZX": -0.026154342912495965, "YIXYXI": -0.014530190506942205, "XZXIZI": -0.002906038101388439, "IZIZYY": -0.0581207620277688,