{"IZYIZY": 0.04068453341943816, "IXIZXZ": -0.014530190506942205, "XZZYXY": 0.0784630287374879, "XXIXIX": -0.03196641911527285, "IYZZYI": 0.02034226670971908, "IXXIII": 0.024531956100710135, "ZZYXXY": 0.23538908621246368, "IYYIZZ": 0.014530190506942216, "IZIZZZ": -0.09008718114304164, "XXIIXX": -0.2993219244430093, "YIIXXY": -0.02324830481110752, "IXXIZZ": 0.04068453341943815, "YZZIYI": -0.005812076202776878, "ZXXXXZ": -0.10461737164998386, "IZIZII": -0.09622215046819502, "YYYXYX": -0.23531310522918014, "XXXXYY": 0.3138521149499516, "XIZXIZ": -0.008718114304165317, "YXYXXX": 0.0, "IYZZIY": -0.014530190506942205, "YYXIIX": -0.02614590058102001, "YZXZYX": -0.026154342912495965, "XYYZXZ": -0.026154342912495965, "YXIYIX": 0.008715300193673357, "XZXZYY": 0.0784630287374879, "ZIIYZY": -0.020342266709719073, "ZXZXZZ": 0.05230868582499193, "YYXIXI": -0.005812076202776878, "ZZXXYY": -0.20923474329996772, "ZXIXIZ": -0.002906038101388439, "XXZIIZ": -0.31094607684856307, "YIYXXI": 0.01743622860833064, "ZYZIIY": -0.011624152405553754, "YXIXYI": -0.011624152405553763, "ZYXZYX": -0.026145900581020034, "XYZXZY": 0.0, "IZXIZX": -0.01162415240555376, "YZZYXX": 0.05230868582499193, "YYZIIZ": -0.18017436228608327, "YIZIYZ": -0.008718114304165324, "ZIZIYY": 0.023248304811107522, "ZZXXXX": 0.23538908621246368, "IIZYZY": -0.0435905715208266, "IYIYYY": 0.011624152405553766, "ZIIXXZ": 0.023248304811107522, "IYYXXI": 0.0029060381013884433, "IYYIXX": 0.011624152405553752, "XZZXII": 0.0290603810138844, "YIYZIZ": 0.014530190506942202, "ZZIXIX": -0.031966419115272836, "YZZIIY": 0.00871811430416531, "IXXYYI": 0.011624152405553763, "ZZZZYY": -0.1569260574749758, "ZYZYXX": 0.026145900581020006, "ZYYXZX": -0.0784630287374879, "XXXZZX": -0.05230868582499193, "YYIIXX": -0.2005166289958024, "XYXXYX": 0.0, "YZIZIY": 0.002906038101388453, "ZYXZXY": 0.05230868582499193, "ZXIZXI": 0.008718114304165315, "YYYZZY": -0.026154342912495965, "IYXIXY": 6.938893903907228e-18, "IYYXIX": 0.03777849531804972, "IYZYZI": -0.00581020012911556, "YXYYXY": 0.10461737164998386, "XIIXYY": 0.029060381013884404, "IYXXYI": 0.008718114304165313, "YXZZXY": 0.0, "ZXYXYZ": 0.026145900581020034, "YZYZII": 0.026154342912495958, "IXIXXX": -0.03196641911527284, "ZIYYZI": 0.0058102001291155635, "ZYIIYZ": 0.002906038101388439, "YXYXII": -0.0029060381013884494, "XZXXZX": -0.026154342912495965, "ZZIZIZ": 0.23538908621246366, "IXIIXI": 0.02680012915724895, "ZIZIXX": -0.00871811430416532, "IIZZZZ": 0.72650952534711, "ZXXXZX": -0.05230868582499193, "XIZXZI": -0.03487245721666128, "XXZYZY": 0.05230868582499193, "ZZIIXX": 0.20632870519857924, "ZZZXZX": 0.05230868582499193, "XXYZYZ": -0.026154342912495965, "XYYIXI": 3.469446951953614e-18, "YXXYXX": -0.026154342912495965, "XIXZZI": -0.0058120762027768814, "XXYZZY": 0.026154342912495965, "ZXYYXZ": -0.026154342912495965, "ZZIIII": -0.5440749112043913, "XXYIYI": 0.014525500322788897, "XXYYZZ": -0.39231514368743947, "IXXXIX": -0.011624152405553756, "XZYZXY": -0.0784630287374879, "ZIXZIX": 0.011624152405553763, "ZXZYXY": -0.05230868582499193, "IIIIII": 0.9999999999999998, "XIXIYY": -0.0029060381013884407, "YXIIXY": -0.04649660962221505, "YYXXII": 0.217952857604133, "XZYXZY": -0.0784630287374879, "YYYYXX": 0.18308040038747175, "XXXYYX": -0.41846948659993544, "IYYYIY": -0.026154342912495958, "IYYIYY": -0.002906038101388439, "XXZIZI": -0.27897965773329025, "XZXYYZ": 0.0, "ZXIZIX": 0.014530190506942202, "ZYYXXZ": -0.026154342912495965, "YIXXIY": 0.014530190506942202, "YXXIIY": -0.008718114304165324, "XXZXZX": -0.05229180116204001, "YXXXYX": 0.0, "IYIYZZ": 0.03487245721666128, "IZYZIY": 0.008718114304165324, "XXIXXI": -0.0145255003227889, "ZYZZZY": -0.0784630287374879, "ZIIYYZ": 0.0058120762027768745, "ZZXYXY": 0.34000645786244754, "ZZZIIZ": 0.24991927671940584, "XIXIII": 0.02292541168873103, "XZXXXZ": 0.0, "ZXZYYX": 0.0784630287374879, "IYZIZY": -0.03487245721666129, "YIZIZY": -0.01162415240555376, "IYIZYZ": -0.008718114304165324, "ZIZYIY": -0.005810200129115553, "XIXIZZ": 0.029060381013884397, "ZYIZYI": 0.0, "YXXZZY": -0.10461737164998386, "YIYIYY": -0.008718114304165324, "IIIXXI": 0.0058120762027768745, "XIYYIX": 0.011624152405553763, "XYYXII": 0.12495963835970292, "XZYYZX": 0.0, "YYZZXX": -0.20923474329996772, "YYYXXY": -0.34000645786244754, "IZYYIZ": -0.03487245721666128, "ZYXYZX": 0.0784630287374879, "YXXYZZ": 0.026154342912495965, "XYZXYZ": 0.026154342912495965, "ZYIIZY": 0.0, "YYIXXI": 0.02615434291249595, "IXIXII": 0.041653212786567646, "YYZZYY": 0.10461737164998386, "XYIIXY": -0.11914756215692605, "YXXIYI": 0.026154342912495958, "XZXZZZ": -0.07843770174306003, "ZXZIXI": 0.005810200129115574, "ZXYXZY": 0.0784630287374879, "IXYYIX": 0.005812076202776888, "ZZYYZZ": 0.23538908621246368, "YZXZXY": 0.10461737164998386, "IZIZXX": 0.0406714009038089, "ZIIIIZ": -0.03519535033903778, "XZIIZX": -0.002906038101388425, "IXIXYY": 0.03487245721666128, "IZZXXI": -0.020342266709719083, "IYIIYI": 0.010332579916047788, "ZZXYYX": 0.34000645786244754, "XXZZXX": -0.20923474329996772, "ZZIYYI": 0.014530190506942195, "YXZYXZ": -0.05230868582499193, "YZYZYY": 0.13077171456247982, "XIYXIY": -0.017436228608330644, "XIIIXI": 0.01905069422021311, "ZXXIIZ": -0.005812076202776885, "IIZXZX": 0.014530190506942209, "XYYXZZ": 0.10461737164998386, "IIYIIY": 0.00581207620277688, "YYZXZX": 0.026154342912495965, "XIYXYI": 0.01162415240555378, "XYXYXX": -0.1569260574749758, "ZXIIXZ": 0.0029060381013884425, "YXYZXZ": -0.05229180116204003, "XIZIXZ": -0.02034226670971908, "YXYXYY": 0.0, "IXIYYX": -0.03196641911527284, "XIYIXY": 0.037778495318049714, "IIIIXX": -0.39877300613496924, "XXYXYX": -0.39231514368743947, "IXZIXZ": -0.04068453341943818, "XYIYXI": 0.011624152405553761, "YYZZII": 0.39522118178882787, "ZIIZII": 0.08104617371649983, "XYIXIY": -0.008718114304165322, "XXYYXX": 0.4446238295124314, "IZXZXI": 5.204170427930421e-18, "IYIXYX": 0.014525500322788897, "XYZZYX": -0.0784630287374879, "XYZZXY": -0.18308040038747175, "IYIZZY": -0.01162040025823111, "IYXIYX": -0.03487245721666128, "YIZYZI": -0.01162415240555377, "ZIXXZI": -3.469446951953614e-18, "YIIYYY": 0.002906038101388446, "XIXZIZ": -0.023248304811107515, "XZZZZX": 0.026154342912495965, "YIIYZZ": -0.00581207620277688, "IYIXXY": -0.04649660962221504, "XZIZXI": 0.00871811430416532, "XXZZII": 0.560865353567969, "XXXIXI": -0.014530190506942195, "XYYXXX": -0.05230868582499193, "YIXXYI": 0.026154342912495958, "ZXYYZX": -0.0784630287374879, "ZIYYIZ": 0.023248304811107522, "YZZXYX": 0.026154342912495965, "XXIIYY": 0.290603810138844, "ZZYYYY": 0.18308040038747175, "XYIXYI": -0.020342266709719087, "XIIXXX": -0.06393283823054569, "ZYYYZY": 0.026154342912495965, "IYYZIZ": -0.014530190506942195, "YXXZYZ": 0.026154342912495965, "YXZZYX": 0.026154342912495965, "XZZIXI": -0.02615434291249596, "ZZZZXX": 0.18308040038747175, "ZXXIZI": -0.0029060381013884303, "ZZIZZI": 0.22085889570552142, "YZIZYI": 0.008718114304165317, "YIZYIZ": 0.020342266709719097, "YYIIYY": 0.1801743622860833, "ZYZIYI": -1.3877787807814457e-17, "IZXIXZ": 0.002906038101388439, "XYYXYY": 0.0784630287374879, "XIIXII": 0.0439134646432031, "YIIZYZ": -0.03196641911527283, "YZYIIZ": -0.014530190506942205, "IZYYZI": 0.023248304811107522, "XXYYII": -0.363254762673555, "XZXYZY": 0.0784630287374879, "ZXIIZX": -0.00581207620277688, "YXYIIX": -0.011620400258231111, "IIIYIY": 0.0038747174685179187, "YYXXXX": -0.18308040038747175, "XYXZZY": -0.05230868582499193, "IIXXXX": -0.4736842105263157, "ZYXXZY": -0.0784630287374879, "IIZIIZ": -0.4284791733936067, "YZIIYZ": 0.005812076202776878, "YYYYII": -0.23829512431385208, "YYIZZI": -0.20342266709719078, "XXXZXZ": 0.026145900581020006, "YXIYXI": 0.011624152405553756, "IYZIYZ": -0.0058120762027768814, "IIYYZZ": -0.38650306748466257, "YXYXZZ": -0.026154342912495965, "XIIZXZ": -0.00871811430416532, "XXYXXY": -0.41846948659993544, "ZXXYYZ": 0.026154342912495965, "ZXZZZX": -0.05230868582499193, "YIXYXI": -0.002906038101388431, "XZXIZI": -0.008718114304165317,