{"IIII": 1.0, "IIXX": -0.5900000000000001, "YYII": 0.4066666666666666, "YYXX": -0.27444444444444444, "XXII": -0.40888888888888886, "XXYY": -0.2222222222222222, "IIYY": 0.5488888888888889, "ZZII": 0.8522222222222222, "ZZYY": 0.4688888888888889, "XXZZ": -0.3533333333333333, "IIZZ": 1.0, "ZZXX": -0.4633333333333334, "YYZZ": 0.3922222222222222, "YYYY": 0.21333333333333335, "YIIY": -0.001111111111111146, "YIYI": 0.007777777777777765, "IYYI": 0.009999999999999953, "IYIY": 0.01666666666666658, "ZZZZ": 0.8711111111111111, "ZIZI": -0.033333333333333326, "IZZI": -0.05555555555555558, "IZIZ": -0.05555555555555558, "ZIIZ": -0.033333333333333326, "XXXX": 0.22555555555555554, "IXIX": 0.0, "XIXI": -0.005555555555555557, "XIIX": -0.04222222222222224, "IXXI": 0.04777777777777781, "ZYYZ": 0.032, "YZZY": 0.09866666666666667, "XZZX": 0.037333333333333336, "XYYX": 0.152, "ZXXZ": -0.037333333333333336, "ZXZX": -0.021333333333333333, "XYXY": 0.16, "YXXY": 0.11466666666666667, "YZYZ": -0.008, "XZXZ": -0.029333333333333333, "ZYZY": 0.034666666666666665, "YXYX": 0.17333333333333334}