{"IIII": 0.9999999999999999, "IIXX": -0.5488888888888889, "YYII": 0.4033333333333333, "YYXX": -0.2544444444444445, "XXII": -0.37777777777777777, "XXYY": -0.2377777777777778, "IIYY": 0.5755555555555555, "ZZII": 0.8411111111111111, "ZZYY": 0.5144444444444445, "XXZZ": -0.37666666666666665, "IIZZ": 1.0, "ZZXX": -0.44777777777777783, "YYZZ": 0.4111111111111112, "YYYY": 0.24222222222222223, "YIIY": 0.02555555555555554, "YIYI": 0.039999999999999994, "IYYI": 0.05444444444444439, "IYIY": 0.04222222222222216, "ZZZZ": 0.8599999999999999, "ZIZI": -0.06444444444444447, "IZZI": -0.08222222222222225, "IZIZ": -0.08222222222222225, "ZIIZ": -0.06444444444444447, "XXXX": 0.23555555555555557, "IXIX": -0.04111111111111111, "XIXI": -0.01888888888888889, "XIIX": 0.007777777777777786, "IXXI": 0.02999999999999999, "ZYYZ": -0.04, "YZZY": -0.048, "XZZX": 0.0, "XYYX": 0.232, "ZXXZ": 0.06133333333333333, "ZXZX": 0.005333333333333333, "XYXY": 0.12533333333333332, "YXXY": 0.13066666666666665, "YZYZ": -0.016, "XZXZ": -0.016, "ZYZY": 0.02666666666666667, "YXYX": 0.14133333333333334}