{"IIII": 1.0, "IIXX": -0.5644444444444444, "YYII": 0.38555555555555554, "YYXX": -0.21444444444444444, "XXII": -0.3955555555555556, "XXYY": -0.23555555555555557, "IIYY": 0.5555555555555556, "ZZII": 0.8677777777777779, "ZZYY": 0.45444444444444443, "XXZZ": -0.36888888888888893, "IIZZ": 1.0, "ZZXX": -0.5022222222222221, "YYZZ": 0.42000000000000004, "YYYY": 0.2222222222222222, "YIIY": 0.004444444444444445, "YIYI": 0.004444444444444445, "IYYI": -0.0111111111111111, "IYIY": 0.006666666666666682, "ZZZZ": 0.8322222222222223, "ZIZI": -0.0755555555555556, "IZZI": -0.07666666666666666, "IZIZ": -0.07666666666666666, "ZIIZ": -0.0755555555555556, "XXXX": 0.2555555555555556, "IXIX": 0.0077777777777778, "XIXI": 0.0277777777777778, "XIIX": -0.022222222222222254, "IXXI": -0.024444444444444463, "ZYYZ": -0.04533333333333334, "YZZY": 0.032, "XZZX": 0.05333333333333334, "XYYX": 0.2, "ZXXZ": 0.04533333333333334, "ZXZX": -0.072, "XYXY": 0.22666666666666666, "YXXY": 0.14133333333333334, "YZYZ": 0.04533333333333334, "XZXZ": -0.04533333333333334, "ZYZY": 0.05333333333333334, "YXYX": 0.15733333333333333}