{"IIII": 1.0, "IIXX": -0.5855555555555555, "YYII": 0.3688888888888889, "YYXX": -0.2144444444444444, "XXII": -0.37444444444444447, "XXYY": -0.2244444444444445, "IIYY": 0.5655555555555555, "ZZII": 0.851111111111111, "ZZYY": 0.4322222222222222, "XXZZ": -0.3388888888888889, "IIZZ": 1.0, "ZZXX": -0.46222222222222226, "YYZZ": 0.41888888888888887, "YYYY": 0.2377777777777778, "YIIY": -0.041111111111111126, "YIYI": 0.008888888888888884, "IYYI": -0.007777777777777772, "IYIY": -0.04444444444444448, "ZZZZ": 0.8599999999999999, "ZIZI": -0.07111111111111107, "IZZI": -0.08222222222222225, "IZIZ": -0.08222222222222225, "ZIIZ": -0.07111111111111107, "XXXX": 0.23777777777777778, "IXIX": 0.016666666666666705, "XIXI": 0.010000000000000009, "XIIX": -0.017777777777777795, "IXXI": 0.024444444444444414, "ZYYZ": -0.034666666666666665, "YZZY": -0.013333333333333334, "XZZX": 0.034666666666666665, "XYYX": 0.25333333333333335, "ZXXZ": 0.016, "ZXZX": 0.016, "XYXY": 0.17866666666666667, "YXXY": 0.144, "YZYZ": 0.032, "XZXZ": -0.016, "ZYZY": 0.013333333333333334, "YXYX": 0.22133333333333333}