{"IIII": 0.9999999999999999, "IIXX": -0.5466666666666665, "YYII": 0.37777777777777777, "YYXX": -0.21111111111111105, "XXII": -0.3255555555555556, "XXYY": -0.19222222222222224, "IIYY": 0.5622222222222222, "ZZII": 0.8522222222222222, "ZZYY": 0.43999999999999995, "XXZZ": -0.34555555555555556, "IIZZ": 1.0, "ZZXX": -0.5066666666666667, "YYZZ": 0.3377777777777778, "YYYY": 0.24888888888888894, "YIIY": -0.01444444444444444, "YIYI": -0.0055555555555555775, "IYYI": 0.05888888888888888, "IYIY": 0.018888888888888844, "ZZZZ": 0.8488888888888889, "ZIZI": -0.03888888888888886, "IZZI": -0.025555555555555554, "IZIZ": -0.025555555555555554, "ZIIZ": -0.03888888888888886, "XXXX": 0.1977777777777778, "IXIX": -0.004444444444444487, "XIXI": -0.006666666666666654, "XIIX": -0.020000000000000018, "IXXI": -0.002222222222222195, "ZYYZ": -0.07733333333333334, "YZZY": -0.04, "XZZX": -0.034666666666666665, "XYYX": 0.15466666666666667, "ZXXZ": -0.0026666666666666666, "ZXZX": -0.008, "XYXY": 0.09333333333333334, "YXXY": 0.15733333333333333, "YZYZ": -0.008, "XZXZ": -0.024, "ZYZY": 0.005333333333333333, "YXYX": 0.24533333333333332}