{"IIII": 1.0, "IIXX": -0.5655555555555556, "YYII": 0.42000000000000004, "YYXX": -0.23000000000000004, "XXII": -0.32333333333333325, "XXYY": -0.15777777777777774, "IIYY": 0.5455555555555556, "ZZII": 0.8488888888888889, "ZZYY": 0.4733333333333334, "XXZZ": -0.37111111111111117, "IIZZ": 1.0, "ZZXX": -0.4555555555555555, "YYZZ": 0.4522222222222222, "YYYY": 0.25222222222222224, "YIIY": -0.02111111111111111, "YIYI": -0.03888888888888886, "IYYI": -0.022222222222222227, "IYIY": -0.020000000000000018, "ZZZZ": 0.8411111111111111, "ZIZI": -0.05333333333333329, "IZZI": -0.06555555555555553, "IZIZ": -0.06555555555555553, "ZIIZ": -0.05333333333333329, "XXXX": 0.2222222222222222, "IXIX": -0.017777777777777753, "XIXI": 0.06000000000000003, "XIIX": -0.09333333333333335, "IXXI": 0.0222222222222222, "ZYYZ": -0.06133333333333333, "YZZY": -0.016, "XZZX": 0.02666666666666667, "XYYX": 0.192, "ZXXZ": 0.013333333333333334, "ZXZX": 0.010666666666666666, "XYXY": 0.248, "YXXY": 0.12, "YZYZ": 0.0026666666666666666, "XZXZ": 0.032, "ZYZY": -0.0026666666666666666, "YXYX": 0.09866666666666667}