{"qwc_energy": [2.134858044164038, -3.9414290937170513, -7.179503160302374, -8.782888724414546, -9.449815923957274, -9.781008291119285], "qwc_shots": 469160, "qwc_moments": ["1.0", "(2.134858044164038+0j)", "(13.406940063091493+0j)", "(25.522870662460583+0j)", "(305.11356466876964+0j)", "(-215.24053627760222+0j)", "(11931.943217665617+0j)", "(-58796.58438485787+0j)", "(748296.5205047304+0j)", "(-5902495.1017350005+0j)", "(60024249.24290233+0j)", "(-546027966.0985814+0j)"], "mix_energy": [2.157728706624605, -3.382402448453226, -6.642524335578379, -8.785380551352207, -9.60195402253742, -9.80857039353822], "mix_shots": 469152, "mix_moments": ["(1+0j)", "(2.157728706624605+0j)", "(12.68769716088329+0j)", "(29.184542586750776+0j)", "(261.10094637224+0j)", "(100.98443021350835+0j)", "(8893.55086406049+0j)", "(-33622.94431958528+0j)", "(519152.84523481893+0j)", "(-3888874.731437999+0j)", "(41704137.48742362+0j)", "(-379647510.0217468+0j)"], "cs_energy": [2.2091176150582092, -3.691855506508549, -7.99127171289458, -9.765089344373234, -9.964833839317226, -9.966750268928367], "cs_shots": 468747, "cs_moments": ["(1+0j)", "(2.2091176150582092+0j)", "(13.21195030401562+0j)", "(28.596782547183867+0j)", "(303.0080664564535+0j)", "(-270.07349442046774+0j)", "(13775.978625733153+0j)", "(-83806.16318116701+0j)", "(1064703.7926438733+0j)", "(-9492395.663816921+0j)", "(99615584.11270586+0j)", "(-968339161.2208266+0j)"]}