{"qwc_energy": [2.1403785488958986, -3.4922162675498822, -6.254693229901723, -7.93028992693414, -8.785090582245415, -9.317345054692279], "qwc_shots": 469160, "qwc_moments": ["1.0", "(2.1403785488958986+0j)", "(12.861198738170344+0j)", "(28.506309148264993+0j)", "(262.1671924290216+0j)", "(144.82807570977985+0j)", "(8088.917981072528+0j)", "(-22401.676656151343+0j)", "(383996.11671923945+0j)", "(-2340441.9731861157+0j)", "(24739525.95899054+0j)", "(-197670346.30757013+0j)"], "mix_energy": [2.279968454258675, -3.3590587455859056, -6.442981678241743, -8.625460323516982, -9.552227993252774, -9.783469785978085], "mix_shots": 469152, "mix_moments": ["(1+0j)", "(2.279968454258675+0j)", "(12.954258675078849+0j)", "(31.83359621451095+0j)", "(262.8895899053628+0j)", "(210.34825437872206+0j)", "(8422.5202958811+0j)", "(-25958.49937307166+0j)", "(457670.2496456053+0j)", "(-3208552.4690681505+0j)", "(35319167.90488308+0j)", "(-314676336.0410268+0j)"], "cs_energy": [2.172560113154173, -2.997853267402443, -4.197917314699401, -4.2517658716707665, -11.044895284581674, -10.302586225210433], "cs_shots": 468747, "cs_moments": ["(1+0j)", "(2.172560113154173+0j)", "(12.766571242827926+0j)", "(33.61797952094489+0j)", "(222.75178606505517+0j)", "(602.3773821938076+0j)", "(4221.351539372038+0j)", "(14429.433873556847+0j)", "(60102.80901854498+0j)", "(630174.9232828001+0j)", "(-2101149.782155591+0j)", "(49667441.002097234+0j)"]}