{"qwc_energy": [2.214511041009464, -3.3508177015274234, -6.502083731464111, -8.821714247678475, -9.708597036517194, -9.855080058451206], "qwc_shots": 469160, "qwc_moments": ["1.0", "(2.214511041009464+0j)", "(12.876971608832811+0j)", "(30.87854889589904+0j)", "(261.86435331230257+0j)", "(174.0094637223975+0j)", "(8617.829652996901+0j)", "(-29578.272870662568+0j)", "(494030.05993690935+0j)", "(-3649113.5520504457+0j)", "(40006790.22712925+0j)", "(-365733750.88170224+0j)"], "mix_energy": [2.280757097791798, -3.4661133680267913, -7.055776684777161, -9.143583948359577, -9.71965450333414, -9.862132573199911], "mix_shots": 469152, "mix_moments": ["(1+0j)", "(2.280757097791798+0j)", "(12.889589905362774+0j)", "(30.56940063091483+0j)", "(271.6498422712931+0j)", "(49.30022610037886+0j)", "(9954.078341348904+0j)", "(-43771.28310460027+0j)", "(635129.4582902723+0j)", "(-5062478.290045801+0j)", "(53882324.664418034+0j)", "(-502626088.1273324+0j)"], "cs_energy": [2.201610270917202, -3.6591728920775695, -6.145360466283985, -7.427650645547759, -8.041582860730895, -8.16284295224345], "cs_shots": 468747, "cs_moments": ["(1+0j)", "(2.201610270917202+0j)", "(13.112703625630477+0j)", "(28.478624579214515+0j)", "(271.5126094259594+0j)", "(159.64395940755574+0j)", "(8021.538853417662+0j)", "(-18045.84942762523+0j)", "(335661.53985430696+0j)", "(-1717824.7572417643+0j)", "(18013346.74365967+0j)", "(-124115962.3437927+0j)"]}