{"qwc_energy": [2.1537854889589907, -3.4007608785655075, -6.340690878011998, -8.418978658868522, -9.344278813022218, -9.685801816582051], "qwc_shots": 469160, "qwc_moments": ["1.0", "(2.1537854889589907+0j)", "(12.883280757097804+0j)", "(29.704258675078933+0j)", "(260.8485804416403+0j)", "(166.22003154574324+0j)", "(8306.182965299662+0j)", "(-25686.772082018946+0j)", "(437048.621451104+0j)", "(-2978282.13012618+0j)", "(32233617.29968458+0j)", "(-280266871.79100674+0j)"], "mix_energy": [2.2555205047318614, -2.910995390074731, -5.16547033678236, -7.6059161209538235, -9.375352628146892, -9.675346570497997], "mix_shots": 469152, "mix_moments": ["(1+0j)", "(2.2555205047318614+0j)", "(12.583596214511044+0j)", "(34.345425867507906+0j)", "(230.8296529968456+0j)", "(485.2708014604023+0j)", "(5679.926550221691+0j)", "(-800.3430460218002+0j)", "(215534.40287336463+0j)", "(-914636.010027335+0j)", "(13190697.379086237+0j)", "(-101152130.9029312+0j)"], "cs_energy": [2.151670112066151, -3.4102749186545687, -6.747523833326035, -8.415325021013542, -9.110844744514328, -9.601270527097986], "cs_shots": 468747, "cs_moments": ["(1+0j)", "(2.151670112066151+0j)", "(12.5108219732121+0j)", "(28.167299929225962+0j)", "(262.9703222981095+0j)", "(54.61258534936893+0j)", "(9012.00077406535+0j)", "(-33221.25593871755+0j)", "(492187.91558230284+0j)", "(-3443443.267761448+0j)", "(35643055.15498989+0j)", "(-305993615.33104885+0j)"]}