{"qwc_energy": [2.1222397476340693, -4.273100389219254, -7.80371817816348, -9.33684274843149, -9.78730808128795, -9.89947559830263], "qwc_shots": 469160, "qwc_moments": ["1.0", "(2.1222397476340693+0j)", "(13.764984227129341+0j)", "(22.704258675078822+0j)", "(342.7192429022082+0j)", "(-569.2058359621441+0j)", "(15921.452681388033+0j)", "(-99285.57018927469+0j)", "(1177266.5457413236+0j)", "(-10297920.29416405+0j)", "(105363238.90694027+0j)", "(-1007951666.9045739+0j)"], "mix_energy": [2.1293375394321767, -3.8400457858497155, -7.079397254548043, -8.950246801453531, -9.66928266007745, -9.84501773939777], "mix_shots": 469152, "mix_moments": ["(1+0j)", "(2.1293375394321767+0j)", "(13.225552050473187+0j)", "(25.94794952681388+0j)", "(294.7823343848578+0j)", "(-156.2954739307628+0j)", "(11371.791013099191+0j)", "(-55659.64315779345+0j)", "(731672.5047062868+0j)", "(-5904604.552226982+0j)", "(61348593.49872685+0j)", "(-570821094.9301537+0j)"], "cs_energy": [2.181373082363181, -3.2262791304380394, -6.118006561646538, -8.329181798349541, -9.303646418233566, -9.64407388340129], "cs_shots": 468747, "cs_moments": ["(1+0j)", "(2.181373082363181+0j)", "(12.65106354604175+0j)", "(30.869246376466126+0j)", "(249.2098825317354+0j)", "(252.43002795395626+0j)", "(7500.401017527399+0j)", "(-18880.194505268584+0j)", "(373761.9080731008+0j)", "(-2404295.798852412+0j)", "(26806642.314958908+0j)", "(-229007606.32204676+0j)"]}