{"qwc_energy": [2.135646687697161, -3.8430191139316703, -7.18527534421923, -9.121114523676175, -9.75337794203901, -9.878815300278507], "qwc_shots": 469160, "qwc_moments": ["1.0", "(2.135646687697161+0j)", "(13.19400630914827+0j)", "(25.903785488958988+0j)", "(296.4353312302839+0j)", "(-183.7917981072546+0j)", "(11784.654574132486+0j)", "(-60534.38328075712+0j)", "(788990.1293375401+0j)", "(-6529601.1640378665+0j)", "(68091824.25394337+0j)", "(-641615565.4337548+0j)"], "mix_energy": [2.169558359621451, -3.633519159316245, -7.117703250179034, -9.004384029234096, -9.643865700119509, -9.837267798085419], "mix_shots": 469152, "mix_moments": ["(1+0j)", "(2.169558359621451+0j)", "(12.99842271293376+0j)", "(27.90930599369088+0j)", "(283.09148264984196+0j)", "(-70.63175311282791+0j)", "(10763.182704298903+0j)", "(-50724.61519723982+0j)", "(689446.333924033+0j)", "(-5518708.4711526465+0j)", "(57685893.281329505+0j)", "(-535242017.98562473+0j)"], "cs_energy": [2.15940948763921, -3.5106542308300286, -5.904457463638506, -7.36187115473089, -8.20504313600296, -8.525044645142906], "cs_shots": 468747, "cs_moments": ["(1+0j)", "(2.15940948763921+0j)", "(13.063577369842475+0j)", "(29.304312744142656+0j)", "(262.8617682300577+0j)", "(233.30050522728638+0j)", "(7434.046985495081+0j)", "(-13316.753020879343+0j)", "(299889.33883335197+0j)", "(-1448118.5455491696+0j)", "(16112834.727263978+0j)", "(-111371889.71071701+0j)"]}