{"qwc_energy": [2.2539432176656153, -3.1708169679406364, -5.88628452123068, -7.978918114700717, -9.21409983296085, -9.57942430232247], "qwc_shots": 469160, "qwc_moments": ["1.0", "(2.2539432176656153+0j)", "(12.610410094637226+0j)", "(31.97160883280757+0j)", "(244.34069400630858+0j)", "(323.7334384858033+0j)", "(6856.455835962102+0j)", "(-12074.0567823344+0j)", "(307976.3627760266+0j)", "(-1757931.7965299755+0j)", "(20549717.891167197+0j)", "(-168294930.6214529+0j)"], "mix_energy": [2.2358044164037865, -3.306523919493935, -6.676461125898877, -8.996283009389538, -9.734899001996768, -9.864020518203443], "mix_shots": 469152, "mix_moments": ["(0.9999999999999999+0j)", "(2.235804416403786+0j)", "(12.67665615141956+0j)", "(30.757886435331265+0j)", "(259.470031545741+0j)", "(147.68991867607173+0j)", "(8862.58127528834+0j)", "(-33201.25448966437+0j)", "(532017.7029229569+0j)", "(-4056403.8291423987+0j)", "(44165017.073901705+0j)", "(-407859485.8811145+0j)"], "cs_energy": [2.1788439575068015, -3.273862996285058, -4.75699330438222, -4.76168646908454, -11.608147966631567, -10.288772904578426], "cs_shots": 468747, "cs_moments": ["(1+0j)", "(2.1788439575068015+0j)", "(13.116826932471211+0j)", "(32.26125058633651+0j)", "(243.56652659526972+0j)", "(519.8985042795863+0j)", "(4741.672479686215+0j)", "(16470.12691008005+0j)", "(316.361183865194+0j)", "(1667127.9316749377+0j)", "(-15489591.292909343+0j)", "(210872238.3350445+0j)"]}