{"qwc_energy": [2.2334384858044167, -3.4848791965733814, -6.5860347768448895, -8.669906317355133, -9.583065011368474, -9.79806986220092], "qwc_shots": 469160, "qwc_moments": ["1.0", "(2.2334384858044167+0j)", "(12.971608832807583+0j)", "(30.126182965299684+0j)", "(268.57728706624573+0j)", "(124.56151419558569+0j)", "(8947.350157728706+0j)", "(-31778.498422712713+0j)", "(505446.8927444804+0j)", "(-3693141.1987381447+0j)", "(39814940.151419595+0j)", "(-359294886.07570744+0j)"], "mix_energy": [2.048895899053628, -3.9989588922273525, -6.818357631589314, -8.456021182061797, -9.292561657199066, -9.692181576827217], "mix_shots": 469152, "mix_moments": ["(1+0j)", "(2.048895899053628+0j)", "(13.561514195583587+0j)", "(24.02365930599365+0j)", "(305.4479495268142+0j)", "(-179.18850047160683+0j)", "(11208.845100431376+0j)", "(-49770.63930370693+0j)", "(647565.7283551119+0j)", "(-4825416.00068572+0j)", "(48900048.028994024+0j)", "(-432119688.26565635+0j)"], "cs_energy": [2.1702693042843157, -3.547998341263572, -7.4141346961981185, -9.589474285974465, -10.008159829849932, -10.01003689061757], "cs_shots": 468747, "cs_moments": ["(1+0j)", "(2.1702693042843157+0j)", "(12.851730648540101+0j)", "(28.266799800593752+0j)", "(283.02544411354614+0j)", "(-110.66416065224243+0j)", "(11639.506853318475+0j)", "(-62920.55754253461+0j)", "(846577.466968006+0j)", "(-7345875.3135656+0j)", "(78257971.93625678+0j)", "(-758307268.4924235+0j)"]}