{"qwc_energy": [2.147476340694006, -3.491109860920195, -6.234833518341755, -8.358827121207263, -9.385828571626448, -9.704786311537017], "qwc_shots": 469160, "qwc_moments": ["1.0", "(2.147476340694006+0j)", "(13.184542586750803+0j)", "(29.828864353312305+0j)", "(269.77287066246043+0j)", "(179.4471608832811+0j)", "(8477.01104100948+0j)", "(-24820.278391167194+0j)", "(437553.71293375484+0j)", "(-2930246.4329652847+0j)", "(32089404.93848578+0j)", "(-278400933.50236696+0j)"], "mix_energy": [2.261829652996845, -2.809559005909003, -4.78740741056514, -6.846799674240686, -8.512978203564032, -8.929309024855767], "mix_shots": 469152, "mix_moments": ["(1+0j)", "(2.261829652996845+0j)", "(12.657728706624615+0j)", "(35.714511041009466+0j)", "(228.11356466876973+0j)", "(562.4384000577647+0j)", "(5214.223286533712+0j)", "(5174.3452047313485+0j)", "(162099.72941215424+0j)", "(-335205.3270467484+0j)", "(7429309.601384267+0j)", "(-41437836.036747895+0j)"], "cs_energy": [2.1957349581111956, -3.2785693788293173, -5.789145718941281, -6.94669501439711, -7.05367549752798, -11.880413471699597], "cs_shots": 468747, "cs_moments": ["(1+0j)", "(2.1957349581111956+0j)", "(12.697318151001703+0j)", "(30.683031618895455+0j)", "(250.95513270748117+0j)", "(310.2217041100855+0j)", "(6734.997286137636+0j)", "(-6818.770458671754+0j)", "(234164.97436512244+0j)", "(-766036.1492412916+0j)", "(9001657.303239686+0j)", "(-37103326.95729961+0j)"]}