{"qwc_energy": [2.229495268138801, -3.2306331605062146, -5.872912626926842, -7.966371795803209, -9.032912601631363, -9.465790894836264], "qwc_shots": 469160, "qwc_moments": ["1.0", "(2.229495268138801+0j)", "(12.862776025236599+0j)", "(32.18375394321764+0j)", "(251.8107255520504+0j)", "(326.2578864353307+0j)", "(7143.8627760252475+0j)", "(-12552.936119873646+0j)", "(318740.62776025187+0j)", "(-1775381.284700324+0j)", "(20659647.859621353+0j)", "(-165145994.0055213+0j)"], "mix_energy": [2.1656151419558363, -3.3720030872476303, -5.695854599112984, -7.313981772425775, -8.124418889651844, -8.35865860552864], "mix_shots": 469152, "mix_moments": ["(1+0j)", "(2.1656151419558363+0j)", "(13.018927444794956+0j)", "(30.67350157728706+0j)", "(253.18296529968464+0j)", "(305.5600813239286+0j)", "(6829.96518234701+0j)", "(-9075.936716715563+0j)", "(263197.51301569125+0j)", "(-1166978.2233737835+0j)", "(13645952.07955336+0j)", "(-90789475.71589258+0j)"], "cs_energy": [2.1954085518441957, -3.555300216232853, -6.238467039299576, -8.157389726138348, -9.03966014924395, -9.527125169182103], "cs_shots": 468747, "cs_moments": ["(1+0j)", "(2.1954085518441957+0j)", "(13.081187827663037+0j)", "(29.352125137480563+0j)", "(266.16457287049263+0j)", "(161.94704357455674+0j)", "(8280.987387195046+0j)", "(-23607.799974821326+0j)", "(409129.5349661798+0j)", "(-2607932.1350766122+0j)", "(27982158.631176904+0j)", "(-232456551.12369034+0j)"]}