{"qwc_energy": [2.1458990536277605, -3.09420799658985, -5.2240939993541975, -7.434950458745131, -9.31422089016186, -9.651050260117806], "qwc_shots": 469160, "qwc_moments": ["1.0", "(2.1458990536277605+0j)", "(12.635646687697156+0j)", "(31.80678233438488+0j)", "(234.44794952681391+0j)", "(415.94085173501446+0j)", "(5852.821766561534+0j)", "(-2907.8619873817493+0j)", "(222958.62145110322+0j)", "(-985050.6932176637+0j)", "(13495451.165615225+0j)", "(-103577680.56545779+0j)"], "mix_energy": [2.1940063091482656, -3.140789522198256, -5.948468236962265, -8.27443758586176, -9.503510213294776, -9.744592162112726], "mix_shots": 469152, "mix_moments": ["(1+0j)", "(2.1940063091482656+0j)", "(12.59779179810726+0j)", "(31.627760252365906+0j)", "(246.37854889589883+0j)", "(308.1395481602848+0j)", "(7169.493981186905+0j)", "(-15017.197488074278+0j)", "(347231.23525470955+0j)", "(-2165290.202392924+0j)", "(25145079.163226202+0j)", "(-216302364.78597757+0j)"], "cs_energy": [2.186495881906618, -3.246670004373099, -6.272303568507228, -8.84506129658769, -9.806893420498277, -9.902732478282168], "cs_shots": 468747, "cs_moments": ["(1+0j)", "(2.186495881906618+0j)", "(12.61742697723474+0j)", "(30.583131630892943+0j)", "(250.5156173841572+0j)", "(217.913764538907+0j)", "(7939.367895877774+0j)", "(-24930.30745592098+0j)", "(447189.4531379614+0j)", "(-3270942.35648176+0j)", "(36541541.710657224+0j)", "(-335825734.56053156+0j)"]}