{"qwc_energy": [2.1182965299684544, -3.9018861034809134, -7.523698590972945, -9.273845390940037, -9.762503115473987, -9.888776558225631], "qwc_shots": 469160, "qwc_moments": ["1.0", "(2.1182965299684544+0j)", "(13.329652996845432+0j)", "(25.45268138801265+0j)", "(309.03470031545714+0j)", "(-302.46845425867406+0j)", "(13167.534700315457+0j)", "(-74410.70504731867+0j)", "(930049.5741324893+0j)", "(-7930955.5725552+0j)", "(81974451.12776025+0j)", "(-778870285.9037851+0j)"], "mix_energy": [2.212145110410095, -3.441322313368028, -5.597558236822209, -6.840825033241106, -7.163748196407583, -14.341043788045715], "mix_shots": 469152, "mix_moments": ["(1+0j)", "(2.212145110410095+0j)", "(13.110410094637233+0j)", "(30.844637223974686+0j)", "(256.31230283911685+0j)", "(331.0089074974154+0j)", "(6670.325901455518+0j)", "(-5357.037431045346+0j)", "(226873.23432804417+0j)", "(-725647.4749388135+0j)", "(9133990.144988205+0j)", "(-42503035.30028082+0j)"], "cs_energy": [2.174518550756175, -2.879563831794304, -3.171550484585925, -13.148209865174092, -10.50346552001979, -10.1227100200295], "cs_shots": 468747, "cs_moments": ["(1+0j)", "(2.174518550756175+0j)", "(12.848346504721931+0j)", "(35.25930830394516+0j)", "(205.58193544702158+0j)", "(865.0468601353949+0j)", "(1202.626117581068+0j)", "(49887.00760775495+0j)", "(-328659.94942262844+0j)", "(4845159.494187371+0j)", "(-46627971.77656791+0j)", "(515190569.03328305+0j)"]}