{"qwc_energy": [2.093059936908517, -3.8998822958902988, -6.917428290949854, -8.771300011474723, -9.50494204971584, -9.78686532241246], "qwc_shots": 469160, "qwc_moments": ["1.0", "(2.093059936908517+0j)", "(13.400630914826511+0j)", "(25.326498422712945+0j)", "(297.44794952681366+0j)", "(-148.04574132492164+0j)", "(11184.649842271314+0j)", "(-52083.23501577289+0j)", "(688070.5899053623+0j)", "(-5366104.417981063+0j)", "(55325395.49526788+0j)", "(-504093755.9100942+0j)"], "mix_energy": [2.0796529968454256, -3.2410757892495816, -5.943490974431548, -8.511772313605, -9.64773353463099, -9.824031723921408], "mix_shots": 469152, "mix_moments": ["(1+0j)", "(2.0796529968454256+0j)", "(12.591482649842275+0j)", "(29.428233438485783+0j)", "(247.0536277602519+0j)", "(244.56242017663658+0j)", "(7408.161618646027+0j)", "(-19216.824627415903+0j)", "(382836.04927624034+0j)", "(-2589178.339808598+0j)", "(29391472.117305685+0j)", "(-261749223.20537746+0j)"], "cs_energy": [2.206506364922207, -3.0048728734023062, -5.725468806899671, -8.137019435902818, -9.197375802150319, -9.552079054349818], "cs_shots": 468747, "cs_moments": ["(1+0j)", "(2.206506364922207+0j)", "(12.55911220572559+0j)", "(32.920768917488324+0j)", "(238.34614290440138+0j)", "(376.0155215476603+0j)", "(6594.059268497031+0j)", "(-9929.871503513676+0j)", "(296291.2997930108+0j)", "(-1658094.1330011294+0j)", "(19847701.809025984+0j)", "(-161666684.64889708+0j)"]}