{"qwc_energy": [2.183753943217666, -3.066950977782789, -5.434369643647761, -7.569468411564314, -8.90705651994196, -9.345144918141738], "qwc_shots": 469160, "qwc_moments": ["1.0", "(2.183753943217666+0j)", "(12.629337539432191+0j)", "(32.40457413249214+0j)", "(236.81388012618282+0j)", "(401.04179810725634+0j)", "(6138.992113564661+0j)", "(-4978.680599369199+0j)", "(241505.56151419587+0j)", "(-1101824.6805993684+0j)", "(14206040.244479408+0j)", "(-105583927.55757096+0j)"], "mix_energy": [2.2318611987381707, -3.2281493361076743, -5.901729374066447, -7.675549900571351, -8.570117258611056, -9.03014315622083], "mix_shots": 469152, "mix_moments": ["(1+0j)", "(2.2318611987381707+0j)", "(12.723974763406948+0j)", "(31.664037854889546+0j)", "(249.08517350157732+0j)", "(310.80476615986225+0j)", "(6979.292676132866+0j)", "(-11370.247928917343+0j)", "(293472.10496643366+0j)", "(-1493761.6366565854+0j)", "(17174747.75697014+0j)", "(-126970720.5952122+0j)"], "cs_energy": [2.1438363616581437, -3.381658182431483, -6.109846373727437, -8.465610009334762, -9.549936061238022, -9.7812679535548], "cs_shots": 468747, "cs_moments": ["(1+0j)", "(2.1438363616581437+0j)", "(12.929355335018052+0j)", "(29.97122355766303+0j)", "(258.8557168313731+0j)", "(216.76302600848084+0j)", "(7944.473820433792+0j)", "(-22113.43210427135+0j)", "(412615.1686674753+0j)", "(-2797276.7186653395+0j)", "(31204419.006759576+0j)", "(-275643474.1786319+0j)"]}