{"qwc_energy": [2.267350157728707, -3.464563192313015, -6.27697808860726, -8.208336181847162, -9.123923531883646, -9.560035668655818], "qwc_shots": 469160, "qwc_moments": ["1.0", "(2.267350157728707+0j)", "(13.201892744479512+0j)", "(31.619085173501496+0j)", "(267.14511041009507+0j)", "(221.1033123028402+0j)", "(8229.164037854922+0j)", "(-21821.797318611974+0j)", "(405150.9305993681+0j)", "(-2557459.291009462+0j)", "(27936634.19873814+0j)", "(-232945092.47555384+0j)"], "mix_energy": [2.1380126182965298, -3.406778518054563, -6.1267314029844755, -8.439201557079778, -9.552052837517127, -9.778451470845464], "mix_shots": 469152, "mix_moments": ["(1+0j)", "(2.1380126182965298+0j)", "(12.834384858044166+0j)", "(29.270504731861188+0j)", "(255.98107255520486+0j)", "(193.15087010285012+0j)", "(7870.400276645761+0j)", "(-22712.322207705507+0j)", "(410091.56384590385+0j)", "(-2804789.286148974+0j)", "(31058181.180106234+0j)", "(-274973289.05907243+0j)"], "cs_energy": [2.145466830731017, -3.431476742985713, -6.515788720132145, -9.013695170511397, -9.795989279664948, -9.894523349411216], "cs_shots": 468747, "cs_moments": ["(1+0j)", "(2.145466830731017+0j)", "(12.953057834009012+0j)", "(29.55414384526186+0j)", "(264.5629262556762+0j)", "(125.19979666211688+0j)", "(8977.683394359605+0j)", "(-34099.67710817172+0j)", "(540630.3680785801+0j)", "(-4159368.2229944146+0j)", "(45339628.92443376+0j)", "(-421417778.75196964+0j)"]}