{"qwc_energy": [1.673828125, -3.3580442854348003, -5.465459684510729, -6.275367852512304, -6.456214619456164], "qwc_shots": 21504, "qwc_moments": ["1.0", "(1.673828125+0j)", "(7.06640625+0j)", "(8.259765625+0j)", "(88.0703125+0j)", "(-102.388671875+0j)", "(1847.16796875+0j)", "(-7662.427734375+0j)", "(59421.765625+0j)", "(-343504.763671875+0j)"], "mix_energy": [1.625287356321839, -3.3640187067484937, -5.458182497222167, -6.269857954935577, -6.455877427046085], "mix_shots": 21504, "mix_moments": ["(1+0j)", "(1.625287356321839+0j)", "(7.172413793103448+0j)", "(7.893823314215582+0j)", "(90.68407090089457+0j)", "(-113.32749415846494+0j)", "(1922.6075007670715+0j)", "(-8075.6305081545515+0j)", "(62105.9812268404+0j)", "(-359976.5484528786+0j)"], "cs_energy": [1.6785610690396542, -3.463228122887448, -5.561609792067338, -6.305738718126731, -6.45760860943583], "cs_shots": 21465, "cs_moments": ["(1+0j)", "(1.6785610690396542+0j)", "(7.103100727906053+0j)", "(7.84660690209806+0j)", "(91.04632106794413+0j)", "(-123.0331535250598+0j)", "(1985.671094025245+0j)", "(-8575.81006594354+0j)", "(65401.7491294881+0j)", "(-382423.97122486663+0j)"]}