{"qwc_energy": [1.517578125, -3.3827020692455116, -5.063817125361706, -6.202516432144376, -6.454729207925202], "qwc_shots": 21504, "qwc_moments": ["1.0", "(1.517578125+0j)", "(7.28125+0j)", "(6.822265625+0j)", "(88.703125+0j)", "(-100.013671875+0j)", "(1726.515625+0j)", "(-6722.240234375+0j)", "(51999.96875+0j)", "(-292579.107421875+0j)"], "mix_energy": [1.5885416666666665, -3.0673717920342813, -4.720395933560605, -6.029894336169074, -6.447936042815077], "mix_shots": 21504, "mix_moments": ["(1+0j)", "(1.5885416666666665+0j)", "(6.914062499999999+0j)", "(8.630729166666665+0j)", "(76.09687499999998+0j)", "(-28.250000000000135+0j)", "(1252.5901041666662+0j)", "(-3775.5953125+0j)", "(32909.10208333335+0j)", "(-170525.2802083332+0j)"], "cs_energy": [1.6363712756594042, -3.371084484577063, -5.296811543067003, -6.257132149967541, -6.456347642963358], "cs_shots": 21465, "cs_moments": ["(1+0j)", "(1.6363712756594042+0j)", "(7.096512599235867+0j)", "(7.846522869844625+0j)", "(87.15811508808449+0j)", "(-96.58326787117043+0j)", "(1765.9005332002098+0j)", "(-7105.018939625017+0j)", "(55282.27853019492+0j)", "(-315945.60669606365+0j)"]}