{"qwc_energy": [1.6015625, -3.2771862869576136, -4.808054636020982, -6.182663413916262, -6.455759458486047], "qwc_shots": 21504, "qwc_moments": ["1.0", "(1.6015625+0j)", "(7.21484375+0j)", "(8.1953125+0j)", "(82.6328125+0j)", "(-49.8671875+0j)", "(1425.59765625+0j)", "(-4665.9296875+0j)", "(38887.203125+0j)", "(-206675.5859375+0j)"], "mix_energy": [1.5598958333333335, -3.3130770514861285, -4.85557155826839, -6.173275453269242, -6.454780778989674], "mix_shots": 21504, "mix_moments": ["(1+0j)", "(1.5598958333333335+0j)", "(7.187499999999998+0j)", "(7.515104166666669+0j)", "(83.49166666666663+0j)", "(-65.65885416666661+0j)", "(1490.5374999999995+0j)", "(-5183.086979166661+0j)", "(41866.28333333328+0j)", "(-226783.89427083317+0j)"], "cs_energy": [1.583615826945845, -3.9071372734265974, -5.421467224314625, -6.375467099263636, -6.463893426355846], "cs_shots": 21465, "cs_moments": ["(1+0j)", "(1.583615826945845+0j)", "(7.721992672387499+0j)", "(5.064960044219646+0j)", "(104.93228120802276+0j)", "(-194.76032880887044+0j)", "(2381.677715766815+0j)", "(-10876.224532936285+0j)", "(79266.45977593881+0j)", "(-468252.6730199197+0j)"]}