{"qwc_energy": [1.5703125, -2.827911504462765, -4.780128618291232, -6.00434737661068, -6.443902284974273], "qwc_shots": 21504, "qwc_moments": ["1.0", "(1.5703125+0j)", "(6.66015625+0j)", "(9.18359375+0j)", "(72.7734375+0j)", "(-15.65625+0j)", "(1192.58984375+0j)", "(-3490.69921875+0j)", "(31433.359375+0j)", "(-162411.6953125+0j)"], "mix_energy": [1.5325520833333335, -3.2641338264206485, -5.14862541162619, -6.19735377648678, -6.4536428501272525], "mix_shots": 21504, "mix_moments": ["(1+0j)", "(1.5325520833333335+0j)", "(7.117187499999997+0j)", "(7.390885416666667+0j)", "(86.53020833333333+0j)", "(-91.45703124999996+0j)", "(1698.1348958333338+0j)", "(-6617.073697916668+0j)", "(51709.66041666666+0j)", "(-291898.6882812502+0j)"], "cs_energy": [1.5480813880385378, -2.79165162141756, -3.6729248802205943, -18.551915331058265, -6.587103755924932], "cs_shots": 21465, "cs_moments": ["(1+0j)", "(1.5480813880385378+0j)", "(6.902252437869041+0j)", "(9.76010534532276+0j)", "(66.29328750359473+0j)", "(56.8585513088491+0j)", "(666.5482637691512+0j)", "(315.72332536167903+0j)", "(5838.986676841849+0j)", "(8532.716632659374+0j)"]}