{"qwc_energy": [1.51171875, -3.4338992720558985, -5.088604800781693, -6.231421986620733, -6.4561014135641415], "qwc_shots": 21504, "qwc_moments": ["1.0", "(1.51171875+0j)", "(7.24609375+0j)", "(6.39453125+0j)", "(89.2890625+0j)", "(-110.31640625+0j)", "(1770.28515625+0j)", "(-7064.77734375+0j)", "(53992.640625+0j)", "(-305974.89453125+0j)"], "mix_energy": [1.677083333333333, -3.0590347043111312, -5.082534014033044, -6.146016462177201, -6.451153778013218], "mix_shots": 21504, "mix_moments": ["(1+0j)", "(1.677083333333333+0j)", "(6.8828125+0j)", "(9.416145833333337+0j)", "(78.06354166666671+0j)", "(-39.27604166666679+0j)", "(1406.3088541666677+0j)", "(-4814.299479166676+0j)", "(40616.18541666667+0j)", "(-221670.35416666683+0j)"], "cs_energy": [1.6931770789890732, -3.852482045588953, -5.879813666928667, -6.369977039135445, -6.460114012486487], "cs_shots": 21465, "cs_moments": ["(1+0j)", "(1.6931770789890732+0j)", "(7.400967055621884+0j)", "(6.447688366076867+0j)", "(105.07497917867497+0j)", "(-208.5699148348674+0j)", "(2596.507045637605+0j)", "(-12502.954300770722+0j)", "(91452.30607534519+0j)", "(-551089.7070592073+0j)"]}