{"qwc_energy": [1.56640625, -3.139584559435279, -4.860767233744935, -6.12098973279369, -6.450982633451824], "qwc_shots": 21504, "qwc_moments": ["1.0", "(1.56640625+0j)", "(7.0234375+0j)", "(8.25+0j)", "(80.3125+0j)", "(-47.84765625+0j)", "(1403.0234375+0j)", "(-4661.2578125+0j)", "(38868.8125+0j)", "(-208185.51171875+0j)"], "mix_energy": [1.5651041666666672, -3.305935414580318, -4.862193357242949, -6.182132328845817, -6.455406378620046], "mix_shots": 21504, "mix_moments": ["(0.9999999999999999+0j)", "(1.5651041666666667+0j)", "(7.143229166666664+0j)", "(7.531770833333334+0j)", "(82.92187500000003+0j)", "(-64.83072916666679+0j)", "(1481.531770833333+0j)", "(-5155.284895833337+0j)", "(41668.068750000035+0j)", "(-225839.15989583338+0j)"], "cs_energy": [1.6513290167728378, -3.35520318223274, -5.241292539643799, -6.288729394118562, -6.4586150598659176], "cs_shots": 21465, "cs_moments": ["(1+0j)", "(1.6513290167728378+0j)", "(7.123649414948776+0j)", "(8.13321851000234+0j)", "(87.07090081330765+0j)", "(-86.25835934183442+0j)", "(1719.7194318672705+0j)", "(-6692.6860050817695+0j)", "(52790.042697099176+0j)", "(-298611.4026769562+0j)"]}