{"qwc_energy": [1.59375, -2.945739335012816, -4.385356186892805, -5.817042623387232, -6.439534640764716], "qwc_shots": 21504, "qwc_moments": ["1.0", "(1.59375+0j)", "(6.890625+0j)", "(9.26953125+0j)", "(72.109375+0j)", "(5.7890625+0j)", "(1031.1875+0j)", "(-2239.75390625+0j)", "(22893.15625+0j)", "(-104478.265625+0j)"], "mix_energy": [1.6705729166666667, -3.1204586905267613, -5.120838026248306, -6.1742713767159625, -6.452266183284522], "mix_shots": 21504, "mix_moments": ["(1+0j)", "(1.6705729166666667+0j)", "(7.020833333333334+0j)", "(9.330468750000001+0j)", "(81.15208333333331+0j)", "(-47.85546875000005+0j)", "(1489.122916666667+0j)", "(-5227.283072916666+0j)", "(43524.49583333332+0j)", "(-239215.18151041662+0j)"], "cs_energy": [1.590209557766261, -3.1235711828908834, -4.570705130161384, -6.088198229594621, -6.452801476145913], "cs_shots": 21465, "cs_moments": ["(1+0j)", "(1.590209557766261+0j)", "(7.102764598892268+0j)", "(8.719651596052605+0j)", "(78.04377520189523+0j)", "(-19.20341096253658+0j)", "(1217.049920138234+0j)", "(-3289.610705958074+0j)", "(29863.26430446813+0j)", "(-147886.72230079028+0j)"]}