{"qwc_energy": [1.94921875, -2.2927759685670055, -5.22394634191714, -6.152185680241846, -6.448463473108539], "qwc_shots": 21504, "qwc_moments": ["1.0", "(1.94921875+0j)", "(6.47265625+0j)", "(13.3828125+0j)", "(66.1171875+0j)", "(47.17578125+0j)", "(1003.74609375+0j)", "(-2218.484375+0j)", "(25663.671875+0j)", "(-126548.91015625+0j)"], "mix_energy": [1.875, -3.7295855344727213, -5.826281570169556, -6.393297543461804, -6.466527085572535], "mix_shots": 21504, "mix_moments": ["(1+0j)", "(1.875+0j)", "(7.1953125+0j)", "(9.082812500000001+0j)", "(93.50937500000003+0j)", "(-123.6197916666668+0j)", "(2094.7421874999995+0j)", "(-9187.266145833337+0j)", "(70486.42708333337+0j)", "(-415145.6229166665+0j)"], "cs_energy": [1.8590679515924424, -2.291331036513859, -4.4462098038659175, -5.835096653460859, -6.44916609716916], "cs_shots": 21465, "cs_moments": ["(1+0j)", "(1.8590679515924424+0j)", "(6.408646981125736+0j)", "(12.73820840745808+0j)", "(62.50746642133395+0j)", "(67.62073007221827+0j)", "(787.0216417287969+0j)", "(-772.511835476041+0j)", "(15319.733137216539+0j)", "(-58316.610738325304+0j)"]}