{"qwc_energy": [1.771484375, -3.4198531119669666, -5.716278265029468, -6.336936127643092, -6.459277638930228], "qwc_shots": 21504, "qwc_moments": ["1.0", "(1.771484375+0j)", "(6.94921875+0j)", "(8.826171875+0j)", "(88.4609375+0j)", "(-108.134765625+0j)", "(1934.37890625+0j)", "(-8298.455078125+0j)", "(64175.296875+0j)", "(-375576.728515625+0j)"], "mix_energy": [1.8671875000000002, -3.254640977857412, -5.173390698701773, -6.3289360592007835, -6.4694709059494775], "mix_shots": 21504, "mix_moments": ["(1+0j)", "(1.8671875000000002+0j)", "(7.078125+0j)", "(10.751562499999999+0j)", "(80.19791666666661+0j)", "(-25.122395833333123+0j)", "(1418.0927083333343+0j)", "(-4638.354687499998+0j)", "(40475.69583333327+0j)", "(-218645.41197916638+0j)"], "cs_energy": [1.8470681458003169, -3.600950666845338, -5.792642930372966, -6.373853654499623, -6.462842511883724], "cs_shots": 21465, "cs_moments": ["(1+0j)", "(1.8470681458003169+0j)", "(7.171951154229687+0j)", "(9.247374147695094+0j)", "(92.63273797000478+0j)", "(-115.45620612427064+0j)", "(2048.8066884694035+0j)", "(-8857.139804148826+0j)", "(68424.24770840925+0j)", "(-401457.87041915266+0j)"]}