{"qwc_energy": [1.951171875, -2.2151257734698544, -5.109276999671463, -6.103740576613303, -6.45013264655653], "qwc_shots": 21504, "qwc_moments": ["1.0", "(1.951171875+0j)", "(6.3125+0j)", "(13.162109375+0j)", "(62.78125+0j)", "(52.716796875+0j)", "(914.59375+0j)", "(-1801.947265625+0j)", "(22452.6875+0j)", "(-107266.142578125+0j)"], "mix_energy": [1.75390625, -3.1189962312200854, -5.297434844520562, -6.263896486572396, -6.456966149480893], "mix_shots": 21504, "mix_moments": ["(1+0j)", "(1.75390625+0j)", "(6.880208333333332+0j)", "(9.844010416666666+0j)", "(80.44166666666666+0j)", "(-46.36588541666656+0j)", "(1514.2468749999994+0j)", "(-5444.1049479166595+0j)", "(45383.35833333327+0j)", "(-252205.43567708333+0j)"], "cs_energy": [1.8613312202852614, -2.8318977763115503, -4.8085539828197135, -6.137835260735795, -6.459616239631153], "cs_shots": 21465, "cs_moments": ["(1+0j)", "(1.8613312202852614+0j)", "(6.780999498296323+0j)", "(11.746403730783067+0j)", "(70.74551796858559+0j)", "(25.323980439781614+0j)", "(1063.9098775867913+0j)", "(-2454.5411284971347+0j)", "(26114.654496721367+0j)", "(-126844.9566947557+0j)"]}