{"qwc_energy": [1.8046875, -3.0379595738162015, -5.772229217308982, -6.3247978506353615, -6.456721700503996], "qwc_shots": 21504, "qwc_moments": ["1.0", "(1.8046875+0j)", "(6.6328125+0j)", "(10.16015625+0j)", "(80.53125+0j)", "(-64.828125+0j)", "(1672.8515625+0j)", "(-6709.44140625+0j)", "(54210.75+0j)", "(-312566.4609375+0j)"], "mix_energy": [1.7747395833333335, -3.4858236728357803, -5.726020072620087, -6.354980642022373, -6.461477766795475], "mix_shots": 21504, "mix_moments": ["(1+0j)", "(1.7747395833333335+0j)", "(6.963541666666667+0j)", "(8.597656249999998+0j)", "(89.55833333333327+0j)", "(-115.19401041666652+0j)", "(1976.101041666666+0j)", "(-8561.283593749993+0j)", "(65827.44166666662+0j)", "(-386129.554427083+0j)"], "cs_energy": [1.8684627575277337, -3.94519915881078, -5.551272576130925, -6.4747186583866725, -6.490475338377039], "cs_shots": 21465, "cs_moments": ["(1+0j)", "(1.8684627575277337+0j)", "(7.534847241812456+0j)", "(8.493487189127352+0j)", "(96.41058159033837+0j)", "(-125.08464973489357+0j)", "(2071.04156670978+0j)", "(-8819.102587819923+0j)", "(67522.67390754957+0j)", "(-393076.02187701856+0j)"]}