{"qwc_energy": [1.845703125, -3.6267912332544, -5.69744548818016, -6.395685713641588, -6.467357141845804], "qwc_shots": 21504, "qwc_moments": ["1.0", "(1.845703125+0j)", "(7.21875+0j)", "(9.189453125+0j)", "(92.46875+0j)", "(-109.591796875+0j)", "(2001.375+0j)", "(-8483.748046875+0j)", "(65850.3125+0j)", "(-383909.279296875+0j)"], "mix_energy": [1.8268229166666667, -3.236970252499441, -5.482467743759424, -6.317369229156494, -6.460408718381055], "mix_shots": 21504, "mix_moments": ["(1+0j)", "(1.8268229166666667+0j)", "(6.973958333333332+0j)", "(10.223697916666666+0j)", "(83.21249999999998+0j)", "(-55.88151041666655+0j)", "(1629.457291666666+0j)", "(-6133.663802083333+0j)", "(50415.71666666667+0j)", "(-284568.56484375003+0j)"], "cs_energy": [1.8042789223454831, -4.088267726133277, -6.018014817162575, -6.407970823883219, -6.463883913616023], "cs_shots": 21465, "cs_moments": ["(1+0j)", "(1.8042789223454831+0j)", "(7.502377179080824+0j)", "(6.8973057392161685+0j)", "(108.38573792145287+0j)", "(-220.06102297753037+0j)", "(2733.3186017530984+0j)", "(-13320.806756317674+0j)", "(97404.92668901714+0j)", "(-589345.1027141797+0j)"]}