{"qwc_energy": [1.822265625, -3.3454467762770035, -5.322836869461355, -6.33992677366909, -6.465713857295781], "qwc_shots": 21504, "qwc_moments": ["1.0", "(1.822265625+0j)", "(7.10546875+0j)", "(9.955078125+0j)", "(84.0234375+0j)", "(-54.177734375+0j)", "(1598.47265625+0j)", "(-5841.044921875+0j)", "(48208.421875+0j)", "(-268993.865234375+0j)"], "mix_energy": [1.8333333333333333, -3.2897412518373295, -5.5680818604295705, -6.331140224832772, -6.461161694554853], "mix_shots": 21504, "mix_moments": ["(1+0j)", "(1.8333333333333333+0j)", "(6.958333333333332+0j)", "(10.043749999999996+0j)", "(84.19999999999997+0j)", "(-66.18749999999993+0j)", "(1695.4749999999985+0j)", "(-6607.943750000005+0j)", "(53508.19999999998+0j)", "(-305136.9749999999+0j)"], "cs_energy": [1.9112519809825674, -2.260909646179395, -4.773235008328719, -5.970255927539123, -6.439712130274466], "cs_shots": 21465, "cs_moments": ["(1+0j)", "(1.9112519809825674+0j)", "(6.540252694323028+0j)", "(13.488700462986591+0j)", "(64.93709656737578+0j)", "(64.42628877466022+0j)", "(884.5983930543282+0j)", "(-1321.0667614467459+0j)", "(19689.141951017245+0j)", "(-86288.62255326123+0j)"]}