{"qwc_energy": [1.7734375, -3.220211424317753, -5.477383393268564, -6.312745319386893, -6.459764499939169], "qwc_shots": 21504, "qwc_moments": ["1.0", "(1.7734375+0j)", "(6.875+0j)", "(9.58203125+0j)", "(82.953125+0j)", "(-65.984375+0j)", "(1653.328125+0j)", "(-6390.39453125+0j)", "(51682.09375+0j)", "(-293609.6171875+0j)"], "mix_energy": [1.8020833333333337, -3.500129388642294, -5.904689080903468, -6.362160991660163, -6.459445737225735], "mix_shots": 21504, "mix_moments": ["(0.9999999999999999+0j)", "(1.8020833333333333+0j)", "(6.986979166666663+0j)", "(8.878645833333335+0j)", "(91.63854166666664+0j)", "(-126.94270833333339+0j)", "(2097.9213541666672+0j)", "(-9365.6953125+0j)", "(71573.86874999997+0j)", "(-423915.14583333355+0j)"], "cs_energy": [1.8407377160406995, -3.958661275466021, -5.9263615895148405, -6.429626355141393, -6.469661489069208], "cs_shots": 21465, "cs_moments": ["(1+0j)", "(1.8407377160406995+0j)", "(7.400933442720502+0j)", "(7.901099017382867+0j)", "(102.55573703755799+0j)", "(-175.77873685206418+0j)", "(2452.3446168938403+0j)", "(-11424.020938970163+0j)", "(85151.46001620874+0j)", "(-509190.40132496995+0j)"]}