{"qwc_energy": [1.80859375, -3.5433171194580377, -5.726048798755377, -6.370277858069606, -6.462444387863115], "qwc_shots": 21504, "qwc_moments": ["1.0", "(1.80859375+0j)", "(7.15625+0j)", "(9.0234375+0j)", "(92.34375+0j)", "(-113.83984375+0j)", "(2022.84375+0j)", "(-8671.8125+0j)", "(67047.6875+0j)", "(-392185.17578125+0j)"], "mix_energy": [1.8020833333333333, -3.344972517388078, -5.480344185981662, -6.315848423730555, -6.459327678479101], "mix_shots": 21504, "mix_moments": ["(1+0j)", "(1.8020833333333333+0j)", "(7.132812500000002+0j)", "(9.7921875+0j)", "(86.75520833333339+0j)", "(-72.07812500000004+0j)", "(1738.9588541666667+0j)", "(-6766.633854166671+0j)", "(54504.90208333337+0j)", "(-310132.7666666671+0j)"], "cs_energy": [1.8898573692551506, -2.888432670081607, -5.04340158883763, -6.2238690068514515, -6.464620239704667], "cs_shots": 21465, "cs_moments": ["(1+0j)", "(1.8898573692551506+0j)", "(6.723790340150111+0j)", "(11.63878642486957+0j)", "(71.6112070392885+0j)", "(12.43692850286939+0j)", "(1151.2105375200872+0j)", "(-3112.054599178594+0j)", "(30475.71189386285+0j)", "(-156218.79733474532+0j)"]}