{"qwc_energy": [1.73828125, -3.263118219430289, -5.512268888741518, -6.30985952911375, -6.458537282427528], "qwc_shots": 21504, "qwc_moments": ["1.0", "(1.73828125+0j)", "(6.89453125+0j)", "(9.078125+0j)", "(84.7578125+0j)", "(-81.26953125+0j)", "(1738.83984375+0j)", "(-6974.4296875+0j)", "(55330.640625+0j)", "(-317449.77734375+0j)"], "mix_energy": [1.7682291666666665, -3.501619429552933, -5.625049484454237, -6.347873709011187, -6.461690778926271], "mix_shots": 21504, "mix_moments": ["(1+0j)", "(1.7682291666666665+0j)", "(7.049479166666669+0j)", "(8.585416666666662+0j)", "(89.63437500000003+0j)", "(-109.73697916666688+0j)", "(1934.8463541666674+0j)", "(-8223.02395833334+0j)", "(63509.51041666676+0j)", "(-370221.16718750034+0j)"], "cs_energy": [1.8328050713153725, -3.0366431280958057, -6.008371062526906, -6.370450476088777, -6.456281659270765], "cs_shots": 21465, "cs_moments": ["(1+0j)", "(1.8328050713153725+0j)", "(6.589786906654483+0j)", "(10.331995249376613+0j)", "(80.85264850989027+0j)", "(-76.46720127778815+0j)", "(1763.1174073746683+0j)", "(-7437.388596885451+0j)", "(59172.46928465522+0j)", "(-346581.69399997266+0j)"]}