{"qwc_energy": [1.859375, -3.146456358159188, -4.930443745057625, -6.294972888489012, -6.469827759920138], "qwc_shots": 21504, "qwc_moments": ["1.0", "(1.859375+0j)", "(7.12890625+0j)", "(11.22265625+0j)", "(78.1484375+0j)", "(-0.8046875+0j)", "(1268.30859375+0j)", "(-3539.97265625+0j)", "(33369.859375+0j)", "(-171182.03125+0j)"], "mix_energy": [1.875, -3.7774323467795696, -5.699242362857282, -6.3954280695889825, -6.465258539274515], "mix_shots": 21504, "mix_moments": ["(1+0j)", "(1.875+0j)", "(7.5494791666666705+0j)", "(9.359895833333336+0j)", "(97.8885416666667+0j)", "(-121.24479166666654+0j)", "(2136.683854166667+0j)", "(-9132.60572916667+0j)", "(70559.93541666666+0j)", "(-412162.72291666665+0j)"], "cs_energy": [1.8680930156125704, -4.174397320805637, -6.247142719016448, -6.42197063735078, -6.463966469580735], "cs_shots": 21465, "cs_moments": ["(1+0j)", "(1.8680930156125704+0j)", "(7.317696694606871+0j)", "(7.266773149018449+0j)", "(107.48430713228413+0j)", "(-227.82538471210538+0j)", "(2806.6504681530187+0j)", "(-13979.454029377672+0j)", "(102064.09883562411+0j)", "(-621946.8508495968+0j)"]}