{"qwc_energy": [1.8203125, -3.1342542607019497, -5.4293408758849715, -6.289401552681967, -6.458410391416507], "qwc_shots": 21504, "qwc_moments": ["1.0", "(1.8203125+0j)", "(6.88671875+0j)", "(10.41796875+0j)", "(80.6328125+0j)", "(-44+0j)", "(1539.42578125+0j)", "(-5600.62109375+0j)", "(46850.953125+0j)", "(-262004.1328125+0j)"], "mix_energy": [1.7864583333333335, -3.2695512392200827, -5.689243786317606, -6.33013494590879, -6.458643455476018], "mix_shots": 21504, "mix_moments": ["(1+0j)", "(1.7864583333333335+0j)", "(6.872395833333331+0j)", "(9.497916666666669+0j)", "(85.54270833333335+0j)", "(-85.70312499999991+0j)", "(1808.2317708333323+0j)", "(-7447.804166666664+0j)", "(58882.26041666662+0j)", "(-341094.55937499995+0j)"], "cs_energy": [1.8777343161579707, -3.3004446030395687, -5.954348306377316, -6.36030478103846, -6.459549368616189], "cs_shots": 21465, "cs_moments": ["(1+0j)", "(1.8777343161579707+0j)", "(6.721392619851779+0j)", "(10.04668894247588+0j)", "(83.55077851214352+0j)", "(-85.94032527329173+0j)", "(1824.9500649226948+0j)", "(-7743.294010180961+0j)", "(61076.999492071685+0j)", "(-357751.65209090884+0j)"]}