{"qwc_energy": [1.9140625, -2.3015961617830527, -5.341934721875191, -6.186587283527457, -6.448754978198105], "qwc_shots": 21504, "qwc_moments": ["1.0", "(1.9140625+0j)", "(6.37890625+0j)", "(12.90625+0j)", "(66.2109375+0j)", "(35.5546875+0j)", "(1052.83984375+0j)", "(-2643.234375+0j)", "(28195.859375+0j)", "(-143981.3046875+0j)"], "mix_energy": [1.7526041666666667, -2.9584229751285815, -4.878626254845863, -6.191368363486628, -6.458572127516795], "mix_shots": 21504, "mix_moments": ["(1+0j)", "(1.7526041666666667+0j)", "(6.809895833333332+0j)", "(10.393749999999997+0j)", "(74.37187499999999+0j)", "(-3.9921874999999454+0j)", "(1206.5359375+0j)", "(-3392.7218749999915+0j)", "(31677.618749999947+0j)", "(-162533.2453124999+0j)"], "cs_energy": [1.7900158478605386, -2.686899764180965, -4.807838845003323, -6.096537491427321, -6.449720286038504], "cs_shots": 21465, "cs_moments": ["(1+0j)", "(1.7900158478605386+0j)", "(6.717908082408876+0j)", "(11.631537242472259+0j)", "(70.93977812995247+0j)", "(25.371632329635574+0j)", "(1072.47385103011+0j)", "(-2475.6584786053945+0j)", "(26376.746434231347+0j)", "(-128157.98177496028+0j)"]}