{"qwc_energy": [1.880859375, -2.1733550806175237, -4.687296936569517, -5.913749536654344, -6.438281729503311], "qwc_shots": 21504, "qwc_moments": ["1.0", "(1.880859375+0j)", "(6.36328125+0j)", "(13.111328125+0j)", "(62.4140625+0j)", "(65.404296875+0j)", "(829.90234375+0j)", "(-1109.990234375+0j)", "(17874.578125+0j)", "(-75844.822265625+0j)"], "mix_energy": [1.9049479166666667, -3.105173490723799, -6.069570482904735, -6.382126810612719, -6.458659750159409], "mix_shots": 21504, "mix_moments": ["(1+0j)", "(1.9049479166666667+0j)", "(6.716145833333332+0j)", "(10.990885416666666+0j)", "(83.11979166666664+0j)", "(-69.86067708333356+0j)", "(1790.7109375+0j)", "(-7399.816406250011+0j)", "(59607.3229166667+0j)", "(-347378.0429687502+0j)"], "cs_energy": [1.8470681458003173, -4.41504733917768, -6.243920399475838, -6.424955103646375, -6.463153773358649], "cs_shots": 21465, "cs_moments": ["(1+0j)", "(1.8470681458003173+0j)", "(7.739460176803863+0j)", "(6.172589176894743+0j)", "(119.3004296226764+0j)", "(-286.3713335482895+0j)", "(3230.9710518223774+0j)", "(-16545.523373415668+0j)", "(119051.06097878273+0j)", "(-730019.0159617703+0j)"]}