{"qwc_energy": [1.87890625, -2.9764162779963534, -5.782454200343032, -6.325905921980805, -6.456783016440142], "qwc_shots": 21504, "qwc_moments": ["1.0", "(1.87890625+0j)", "(6.72265625+0j)", "(11.2265625+0j)", "(79.6015625+0j)", "(-43.14453125+0j)", "(1590.44921875+0j)", "(-6039.921875+0j)", "(50440.828125+0j)", "(-287072.54296875+0j)"], "mix_energy": [1.9335937500000002, -2.702294311019697, -5.761926629227009, -6.313279090114249, -6.4559489218507435], "mix_shots": 21504, "mix_moments": ["(0.9999999999999999+0j)", "(1.9335937499999998+0j)", "(6.58333333333333+0j)", "(12.288281249999992+0j)", "(74.19791666666666+0j)", "(-8.22786458333353+0j)", "(1379.6645833333357+0j)", "(-4692.502343750002+0j)", "(41909.37083333334+0j)", "(-232254.9893229169+0j)"], "cs_energy": [1.7711926230885773, -1.503472780632814, -1.6526068594249101, -7.070597923556376, -6.485501845705693], "cs_shots": 21465, "cs_moments": ["(1+0j)", "(1.7711926230885773+0j)", "(6.028137733220625+0j)", "(14.003285972340317+0j)", "(45.75078523472387+0j)", "(163.2327961078752+0j)", "(75.83137029839445+0j)", "(3739.3793334188163+0j)", "(-14868.349854281929+0j)", "(136639.51849083105+0j)"]}