{"qwc_energy": [1.90234375, -2.9099277589093346, -4.991942038541049, -6.2412366159159465, -6.465318138112959], "qwc_shots": 21504, "qwc_moments": ["1.0", "(1.90234375+0j)", "(6.88671875+0j)", "(12.02734375+0j)", "(73.6015625+0j)", "(17.99609375+0j)", "(1161.86328125+0j)", "(-2989.16015625+0j)", "(30091.640625+0j)", "(-151811.16015625+0j)"], "mix_energy": [1.9322916666666665, -3.052146400080001, -5.591669673429783, -6.332854669549318, -6.4624228528071175], "mix_shots": 21504, "mix_moments": ["(1+0j)", "(1.9322916666666665+0j)", "(6.888020833333332+0j)", "(11.773437499999996+0j)", "(79.60312500000002+0j)", "(-23.91666666666664+0j)", "(1492.8703125+0j)", "(-5201.663020833339+0j)", "(45168.214583333385+0j)", "(-250702.45729166665+0j)"], "cs_energy": [1.9683042789223455, -4.672602818308333, -6.464228586011738, -6.467242366312785, -6.464196670980187], "cs_shots": 21465, "cs_moments": ["(1+0j)", "(1.9683042789223455+0j)", "(7.602218700475437+0j)", "(6.974643423137879+0j)", "(117.26624405705225+0j)", "(-281.59112519809787+0j)", "(3231.5324881141028+0j)", "(-16689.61806656101+0j)", "(120423.80824088746+0j)", "(-740935.0269413623+0j)"]}