{"qwc_energy": [1.8203125, -2.9510269709067893, -5.1904110761785205, -6.242247093202751, -6.458763757686954], "qwc_shots": 21504, "qwc_moments": ["1.0", "(1.8203125+0j)", "(6.73828125+0j)", "(10.8515625+0j)", "(75.0078125+0j)", "(-12.6953125+0j)", "(1305.40234375+0j)", "(-4124.7890625+0j)", "(36967.515625+0j)", "(-198273.8984375+0j)"], "mix_energy": [1.787760416666667, -2.954450436873308, -5.402718845400492, -6.253434787322883, -6.455142385502726], "mix_shots": 21504, "mix_moments": ["(1+0j)", "(1.787760416666667+0j)", "(6.677083333333333+0j)", "(10.43098958333333+0j)", "(76.77708333333337+0j)", "(-33.63411458333352+0j)", "(1439.262499999999+0j)", "(-5098.570052083335+0j)", "(43337.129166666695+0j)", "(-240755.23932291655+0j)"], "cs_energy": [1.9065069597379685, -3.765247032182746, -6.401476294131193, -6.4545633766383785, -6.462851023869211], "cs_shots": 21465, "cs_moments": ["(1+0j)", "(1.9065069597379685+0j)", "(6.95594344567097+0j)", "(9.033114310008058+0j)", "(98.02964782393805+0j)", "(-170.71665631306274+0j)", "(2473.747206083186+0j)", "(-11886.485140607734+0j)", "(89033.70333626712+0j)", "(-538748.0687713741+0j)"]}