{"qwc_energy": [1.734375, -3.4105928369065603, -5.4106196100759, -6.321315823757275, -6.460778455440499], "qwc_shots": 21504, "qwc_moments": ["1.0", "(1.734375+0j)", "(7.09375+0j)", "(8.69921875+0j)", "(87.4375+0j)", "(-88.8203125+0j)", "(1779.1875+0j)", "(-7119.73046875+0j)", "(56068.25+0j)", "(-320738.1875+0j)"], "mix_energy": [1.8671875, -2.9746451883370235, -5.382884077791874, -6.299471824887501, -6.461546234084244], "mix_shots": 21504, "mix_moments": ["(1+0j)", "(1.8671875+0j)", "(6.786458333333335+0j)", "(11.266145833333328+0j)", "(77.09375000000001+0j)", "(-17.66406250000005+0j)", "(1392.0552083333341+0j)", "(-4618.623437499995+0j)", "(40755.204166666656+0j)", "(-222444.71197916678+0j)"], "cs_energy": [1.766604462050412, -4.251216438919697, -6.427162088186423, -6.470644524521826, -7.790161674873753], "cs_shots": 21465, "cs_moments": ["(1+0j)", "(1.766604462050412+0j)", "(7.401023077124183+0j)", "(5.4844266448224275+0j)", "(119.1126455469752+0j)", "(-314.9434369565133+0j)", "(3392.684804354238+0j)", "(-17909.965823148814+0j)", "(127885.08468459264+0j)", "(-790781.131435158+0j)"]}