{"qwc_energy": [1.802734375, -3.423137453484495, -5.709579336892691, -6.3427086118727445, -6.460289992743059], "qwc_shots": 21504, "qwc_moments": ["1.0", "(1.802734375+0j)", "(6.97265625+0j)", "(9.189453125+0j)", "(87.9453125+0j)", "(-99.611328125+0j)", "(1896.29296875+0j)", "(-8004.974609375+0j)", "(62436.390625+0j)", "(-363919.275390625+0j)"], "mix_energy": [1.82421875, -2.6399932596588185, -4.8389973385362826, -6.090396624644806, -6.450328573417625], "mix_shots": 21504, "mix_moments": ["(1+0j)", "(1.82421875+0j)", "(6.653645833333332+0j)", "(11.902343749999993+0j)", "(69.48229166666663+0j)", "(30.178385416666643+0j)", "(1043.0817708333327+0j)", "(-2349.710156249992+0j)", "(25616.814583333315+0j)", "(-124058.89244791682+0j)"], "cs_energy": [1.8399366085578448, -3.087190257762681, -5.642642733638471, -6.300090380346466, -6.4563431256147945], "cs_shots": 21465, "cs_moments": ["(1+0j)", "(1.8399366085578448+0j)", "(6.8034865293185405+0j)", "(10.625990491283689+0j)", "(80.69572107765451+0j)", "(-51.65610142630737+0j)", "(1609.4786053882706+0j)", "(-6159.67511885895+0j)", "(50780.8668779714+0j)", "(-288907.0031695717+0j)"]}