{"qwc_energy": [1.740234375, -3.566437024665505, -5.622106418037696, -6.3470706385343565, -6.460279570755565], "qwc_shots": 21504, "qwc_moments": ["1.0", "(1.740234375+0j)", "(7.25390625+0j)", "(8.271484375+0j)", "(94.1640625+0j)", "(-125.994140625+0j)", "(2065.69921875+0j)", "(-8928.025390625+0j)", "(68270.578125+0j)", "(-399505.041015625+0j)"], "mix_energy": [1.8216145833333333, -2.739043966491652, -5.058567160044216, -6.199362254631651, -6.4556979734661795], "mix_shots": 21504, "mix_moments": ["(1+0j)", "(1.8216145833333333+0j)", "(6.669270833333334+0j)", "(11.53671875+0j)", "(72.18020833333328+0j)", "(11.472656250000083+0j)", "(1171.9244791666679+0j)", "(-3196.895572916661+0j)", "(31207.427083333303+0j)", "(-160434.5596354168+0j)"], "cs_energy": [1.7900158478605386, -4.502723606666474, -6.272480945774661, -6.431688690591498, -6.464127781981065], "cs_shots": 21465, "cs_moments": ["(1+0j)", "(1.7900158478605386+0j)", "(7.730586370839932+0j)", "(4.814896864414264+0j)", "(124.18478754778951+0j)", "(-329.8502489222087+0j)", "(3478.498339896149+0j)", "(-18250.602780782872+0j)", "(129780.865588232+0j)", "(-800329.6991676454+0j)"]}