{"qwc_energy": [1.982421875, -3.2852054285072474, -5.598841370664527, -6.356180305578323, -6.467340920363393], "qwc_shots": 21504, "qwc_moments": ["1.0", "(1.982421875+0j)", "(7.05859375+0j)", "(11.775390625+0j)", "(81.8828125+0j)", "(-31.603515625+0j)", "(1553.84765625+0j)", "(-5539.404296875+0j)", "(47404.578125+0j)", "(-264607.126953125+0j)"], "mix_energy": [1.7682291666666665, -3.4415737685908487, -5.783016665790737, -6.346957305129262, -6.459204305169533], "mix_shots": 21504, "mix_moments": ["(1+0j)", "(1.7682291666666665+0j)", "(6.971354166666664+0j)", "(8.730729166666661+0j)", "(90.20729166666663+0j)", "(-118.00260416666673+0j)", "(2013.8953125+0j)", "(-8802.45260416667+0j)", "(67618.38958333335+0j)", "(-397848.80677083356+0j)"], "cs_energy": [1.7193783356136159, -3.924135697820545, -5.522889445346281, -6.426547618891549, -6.470844497460341], "cs_shots": 21465, "cs_moments": ["(1+0j)", "(1.7193783356136159+0j)", "(7.699348781158848+0j)", "(6.767061348524709+0j)", "(103.47762687936572+0j)", "(-168.97698138716672+0j)", "(2320.2739028188766+0j)", "(-10358.109007884083+0j)", "(77059.86194185461+0j)", "(-453478.1563136854+0j)"]}