{"qwc_energy": [1.826171875, -3.150879370381994, -5.836918398607436, -6.340973679758065, -6.457701883262657], "qwc_shots": 21504, "qwc_moments": ["1.0", "(1.826171875+0j)", "(6.74609375+0j)", "(10.138671875+0j)", "(83.3515625+0j)", "(-76.017578125+0j)", "(1771.53515625+0j)", "(-7285.236328125+0j)", "(58189.015625+0j)", "(-337771.611328125+0j)"], "mix_energy": [1.8203125, -2.9591195607648335, -5.097065845407123, -6.233582140891791, -6.458062111318037], "mix_shots": 21504, "mix_moments": ["(1+0j)", "(1.8203125+0j)", "(6.864583333333332+0j)", "(11.090104166666663+0j)", "(76.04583333333333+0j)", "(-6.085937500000059+0j)", "(1287.5020833333342+0j)", "(-3865.499479166665+0j)", "(35478.19166666675+0j)", "(-187114.94218750022+0j)"], "cs_energy": [1.9397781299524564, -2.9831992867758648, -5.361555759149283, -6.2788755260250895, -6.46267576248473], "cs_shots": 21465, "cs_moments": ["(1+0j)", "(1.9397781299524564+0j)", "(6.804472507758982+0j)", "(11.904737302726511+0j)", "(74.93209446968177+0j)", "(-3.0681034729596752+0j)", "(1306.860444213164+0j)", "(-4091.757258830539+0j)", "(37430.93131763817+0j)", "(-201376.58324608477+0j)"]}