{"qwc_energy": [1.82421875, -3.2933834546223775, -5.396060308552775, -6.327901461690029, -6.463184593050402], "qwc_shots": 21504, "qwc_moments": ["1.0", "(1.82421875+0j)", "(7.02734375+0j)", "(10.05859375+0j)", "(83.3984375+0j)", "(-54.81640625+0j)", "(1608.01953125+0j)", "(-5960.08203125+0j)", "(49090.296875+0j)", "(-275442.01953125+0j)"], "mix_energy": [1.8489583333333335, -3.230658394467931, -5.478028038757445, -6.31058819479074, -6.461713453141388], "mix_shots": 21504, "mix_moments": ["(1+0j)", "(1.8489583333333335+0j)", "(6.864583333333334+0j)", "(10.26875+0j)", "(80.56666666666665+0j)", "(-49.95312499999996+0j)", "(1562.214583333334+0j)", "(-5822.958333333326+0j)", "(48141.11666666665+0j)", "(-271134.75520833343+0j)"], "cs_energy": [1.9399630009100384, -4.104881354841375, -6.2895480696726205, -6.426475475546465, -6.4621883028515885], "cs_shots": 21465, "cs_moments": ["(1+0j)", "(1.9399630009100384+0j)", "(7.330850543346325+0j)", "(8.603776720700461+0j)", "(103.87638793271937+0j)", "(-194.82898315993594+0j)", "(2640.158888184814+0j)", "(-12838.988862302862+0j)", "(95163.61085099133+0j)", "(-577019.7367680316+0j)"]}