{"qwc_energy": [1.94140625, -3.3363058671118937, -5.800485849358491, -6.363999944352313, -6.46492204771458], "qwc_shots": 21504, "qwc_moments": ["1.0", "(1.94140625+0j)", "(6.9140625+0j)", "(10.91015625+0j)", "(83.46875+0j)", "(-60.73046875+0j)", "(1710.0390625+0j)", "(-6742.98046875+0j)", "(54970.75+0j)", "(-315577.58984375+0j)"], "mix_energy": [1.80859375, -3.073156924885715, -5.2381926404457175, -6.281748413558329, -6.462966025949611], "mix_shots": 21504, "mix_moments": ["(1+0j)", "(1.80859375+0j)", "(6.755208333333334+0j)", "(10.298177083333336+0j)", "(76.62916666666672+0j)", "(-27.805989583333485+0j)", "(1380.888541666667+0j)", "(-4652.4039062500015+0j)", "(40145.60000000004+0j)", "(-219097.86223958334+0j)"], "cs_energy": [1.797147385103011, -3.5046315608360903, -5.9471092526818765, -6.367840702991126, -6.4590896228818035], "cs_shots": 21465, "cs_moments": ["(1+0j)", "(1.797147385103011+0j)", "(7.031695721077655+0j)", "(8.871632329635498+0j)", "(93.30427892234543+0j)", "(-133.91125198098214+0j)", "(2163.0570522979397+0j)", "(-9752.472266244053+0j)", "(74290.86370839938+0j)", "(-441238.84944532486+0j)"]}