{"ZIXIZX": -0.0058391003460207674, "ZYIIZY": -0.005835945098886845, "XIIIIX": 0.00681228373702422, "XXYYZZ": -0.4464498000648439, "ZYXXYZ": 0.0, "IYYZIZ": 0.03503460207612456, "XXXXII": 0.47880622837370246, "XZXXXZ": -3.469446951953614e-17, "IXYIYX": 8.673617379884035e-19, "ZYZXXY": -0.026275951557093426, "XZXYZY": 0.052551903114186845, "XZYZYX": -6.938893903907228e-18, "IXXIYY": 0.014589862747217124, "ZIIZXX": -0.02335640138408305, "ZXZYXY": -0.05255190311418686, "XXIZZI": -0.4087370242214533, "IYYIZZ": -0.0029195501730103768, "XZZIIX": -0.005839100346020764, "XZYYZX": -0.07882785467128028, "YYXZZX": 3.469446951953614e-17, "XZXYYZ": 0.02627595155709344, "XZZYXY": 0.07882785467128031, "YYXXZZ": 0.3415873702422146, "XYYXXX": -0.05255190311418685, "XYYXZZ": 0.13137975778546715, "YIYIXX": -0.0029195501730103907, "IZZIXX": 0.03795415224913496, "YXIIYX": -0.0058391003460207674, "ZXXIZI": 0.0029195501730103768, "ZIXZXI": -0.011678200692041514, "YXYYYX": 0.026275951557093433, "ZXIXIZ": -0.014597750865051898, "IIIIXX": -0.4369593425605536, "XXIYIY": -0.014597750865051915, "ZXXZII": -0.0029195501730103768, "YZYZXX": 0.07882785467128028, "YIYIII": 0.00032439446366781984, "ZZZXZX": 0.07882785467128028, "XIZXIZ": 0.014597750865051893, "XIIXII": 0.03179065743944637, "XZIXZI": 0.0029195501730103803, "YZXZYX": 0.052551903114186845, "ZXZXXX": 0.05255190311418686, "XIXIII": 0.03990051903114186, "ZIZZZI": -0.020436851211072672, "IIIZZI": -0.4963235294117646, "XXZYZY": -0.026275951557093398, "IXIXXX": -0.014597750865051905, "YZZYII": 0.023356401384083042, "XIXYYI": 0.011678200692041521, "ZXYYZX": 0.02627595155709342, "IXXZIZ": -0.011678200692041507, "XXXZXZ": -6.938893903907228e-18, "XYXYZZ": 0.15765570934256057, "ZYYXXZ": -0.10504701177996326, "XXXXXX": -0.5517949826989619, "YXXXXY": -0.026275951557093426, "IXIZXZ": -0.0029195501730103837, "YXIXIY": -0.002919550173010387, "ZXZZXZ": 6.938893903907228e-18, "ZXYZYX": 0.07882785467128028, "IZIXZX": -0.008758650519031148, "XIYIYX": -0.00291955017301037, "YZZIYI": -0.008753917648330282, "ZZXXZZ": -0.26275951557093424, "ZXXZXX": 0.0, "ZZYXYX": 0.44669117647058826, "IZIYZY": -0.023356401384083042, "IXYYIX": -0.023356401384083035, "IYIIYI": 0.0019463667820069207, "ZZZIIZ": 0.29195501730103807, "IIZZZZ": 0.9897275086505191, "ZZZZYY": -0.26275951557093424, "ZXXZZZ": 0.052551903114186845, "ZYYIZI": 0.01167820069204153, "IZZXXI": -0.014597750865051901, "ZXZIIX": 0.029195501730103806, "YZZXYX": 0.0, "IYYYIY": 0.005839100346020761, "IXYIXY": -0.017517301038062278, "XYYZXZ": 0.026275951557093426, "ZYYXZX": 0.05255190311418686, "ZXZXYY": 0.026275951557093426, "IZYYZI": 0.0, "IXIZZX": 0.0029195501730103837, "IZZYYI": 0.0029195501730103768, "IYXIYX": 0.014597750865051906, "YYXZXZ": -0.05252350588998163, "YIYIZZ": 0.0, "ZIIXZX": -0.0029195501730103907, "ZIIYYZ": 0.02043685121107267, "ZIIZYY": 0.026275951557093422, "ZZYIIY": 0.014597750865051908, "XYIXYI": -0.002919550173010387, "ZYYIIZ": -0.002919550173010363, "XYIYIX": 0.026275951557093433, "IZZIII": -0.09569636678200691, "XXIXIX": -0.0029195501730103855, "XIIXXX": -0.020436851211072676, "YZIIZY": 0.008758650519031137, "XIZIZX": -0.0058391003460207674, "IZZZIZ": 0.05547145328719723, "ZYIIYZ": 0.011678200692041523, "IZIZXX": 0.05255190311418687, "XZZIXI": -6.938893903907228e-18, "ZYZYXX": -0.05255190311418685, "XIZZXI": -0.014597750865051912, "IYXIXY": -0.0029195501730103803, "XZYXZY": -0.07882785467128028, "XZIIXZ": -0.005839100346020764, "YIXYIX": 0.00875865051903114, "YXXYZZ": -0.026275951557093412, "XZZXYY": 0.026275951557093433, "XYZXYZ": 0.026275951557093412, "YZYYYZ": -0.052551903114186845, "ZIXXIZ": 0.008758650519031146, "ZIZZIZ": -0.008758650519031158, "ZYXYZX": -0.026275951557093426, "XXIXXI": 0.0058391003460207536, "ZYXZXY": 0.07882785467128028, "XYXYII": 0.16641435986159173, "IYZYZI": 0.008758650519031127, "XZZXZZ": 0.02627595155709344, "IIYZYZ": 0.014597750865051901, "IXIIXI": 0.0019463667820069242, "XXYIYI": 0.0029195501730103803, "IIZIZI": -0.5050821799307958, "IXYXYI": 0.005839100346020759, "IXIYXY": -0.011678200692041528, "XIIYYX": -0.04963235294117649, "ZIIYZY": 0.014597750865051901, "YZZZYZ": -0.026275951557093433, "IZYZIY": 0.02335640138408305, "IZXIZX": 0.01751730103806229, "IYYYYI": 3.469446951953614e-18, "XXZIIZ": -0.41749567474048443, "ZXXYYZ": 0.026275951557093433, "ZZIXXI": -0.014597750865051905, "IYIYZZ": -0.0029195501730103907, "IIIIYY": 0.4359861591695502, "XXYYII": -0.45253027681660907, "ZZZZZZ": -0.6043468858131488, "IZIZZZ": -0.09926470588235295, "XZZYYX": 0.026275951557093433, "IIYXXY": -0.805795847750865, "YZYZYY": -0.026275951557093426, "ZYIZIY": 3.469446951953614e-18, "IYIYYY": -0.02043685121107265, "IYYXXI": 0.00875865051903114, "XXXYYX": -0.6306228373702422, "ZZIIZZ": -0.6189446366782008, "ZXZYYX": 6.938893903907228e-18, "YZXZXY": 0.07882785467128027, "XXZYYZ": 0.07882785467128028, "YYXIIX": 0.014597750865051908, "IZYIZY": 0.02335640138408305, "YYYXXY": -0.4727115530098347, "ZZIXIX": -0.04087370242214534, "ZZXXII": -0.32698961937716264, "ZZIYYI": 0.0029195501730103768, "IXIXYY": 0.0058391003460207605, "IZXZXI": 0.0029195501730103837, "ZYYZII": -0.04379325259515571, "YYXIXI": 0.011678200692041521, "XZXZII": -0.020436851211072662, "IYYIXX": 0.014597750865051905, "XZXZZZ": 0.1051038062283737, "IYZZIY": -0.011678200692041518, "XXXIIX": -0.02335640138408305, "YIIZZY": 0.0, "IYZIYZ": 0.011671890197773697, "XIXZIZ": -0.026275951557093433, "IIZXXZ": 0.002919550173010379, "XXZZII": 0.8116349480968859, "IIIXXI": -0.0029195501730103794, "ZYZZZY": -0.05255190311418685, "YYYYZZ": -0.36786332179930803, "ZZZIZI": 0.30363321799307963, "XYZXZY": 0.052551903114186886, "XIYIXY": 0.011678200692041521, "YZZZZY": -0.052551903114186845, "IXZXIZ": -0.002919550173010383, "IYZIZY": -0.014597750865051912, "YYZZII": 0.5809904844290659, "XYYYXY": -0.052523505889981635, "XXIIYY": 0.3357482698961938, "XXXXZZ": 0.47296712802768165, "ZXIIXZ": 0.002919550173010376, "IIXZZX": 0.014597750865051898, "YXYXYY": -6.938893903907228e-18, "IZZXIX": 0.023356401384083045, "YIIZYZ": 0.029195501730103796, "XXIIXX": -0.37662197231833916, "YYZYYZ": -0.02627595155709344, "ZZZYYZ": 6.938893903907228e-18, "XIIXYY": 0.02043685121107268, "ZIIIIZ": -0.019139273356401386, "XXZZXX": -0.367863321799308, "YIIYZZ": 0.0029195501730103768, "ZIIZII": 0.06678914946503836, "IIZZII": 1.0028098994920565, "YIIYXX": -0.0029195501730103768, "YYYYXX": 0.4466911764705883, "ZYIZYI": 0.032115051903114186, "YXZXZY": -0.05255190311418686, "IXZZXI": -0.02043685121107266, "YIYZZI": 0.011678200692041521, "IIYXYX": -0.8057958477508651, "XXYIIY": 0.029195501730103796, "YZIIYZ": 0.0029195501730103803, "ZZXIXI": 0.026275951557093422, "XXYZYZ": 0.05255190311418683, "ZZXYYX": 0.47296712802768176, "XIXZZI": -0.032115051903114186, "IIXXYY": 0.683174740484429, "IIIIII": 0.9999999999999997, "IIIXIX": -0.005190311418685121, "XXZXZX": 0.07882785467128028, "ZXXXXZ": -0.026275951557093447, "XZIXIZ": -0.00875865051903114, "ZIIZZZ": 0.05839100346020762, "IYIIIY": 0.007461072664359863, "XZIZXI": -0.0029195501730103733, "XIZZIX": -0.008758650519031139, "YYZIIZ": -0.2948745674740485, "YIIYYY": -0.005839100346020764, "YXYXZZ": -0.13137975778546715, "YXXZZY": -0.05255190311418685, "YYIYYI": -1.3877787807814457e-17, "ZZXXXX": 0.367863321799308, "YYXYXY": -0.5255190311418685, "XZXZYY": 3.469446951953614e-17, "ZYXYXZ": 0.05255190311418686, "IIXYYX": -0.8116349480968859, "ZZYYZZ": 0.3678633217993079, "ZXXYZY": 0.0, "ZZIIYY": -0.2977941176470588, "YYYIYI": -0.0058391003460207605, "ZIIXXZ": 0.03211505190311418, "IZYIYZ": 0.017517301038062285, "YIZIZY": 0.01751730103806228, "ZIYIYZ": -0.008758650519031151, "ZIZXXI": -0.00875865051903113, "YXIYIX": 0.008758650519031142, "IYIYXX": -0.005839100346020764, "XXYXYX": -0.683174740484429, "XIYXIY": -0.011678200692041524, "XXYXXY": -0.6306228373702423, "XZIIZX": -0.0058391003460207605, "YYZZYY": 0.21020761245674743, "XXIIZZ": 0.8145544982698962, "YXXIIY": -0.02627595155709344, "ZIZIZZ": 0.06423010380622837,