{"ZZZIZI": 0.31661706569537607, "YIIXXY": -0.01079376360325146, "XXIYIY": -0.0179896060054191, "ZXZZZX": 0.032375538482035796, "ZYIIYZ": -0.014391684804335277, "XYZXYZ": 0.06476258161950872, "YXXYZZ": 0.09714387242926309, "XIZIZX": 0.0035979212010838237, "YZZIYI": 0.021587527206502907, "YIYIZZ": 0.010793763603251454, "IZIXZX": 0.03597921201083819, "ZYZZZY": -0.06476258161950872, "IYIYYY": 3.469446951953614e-18, "XXIXXI": 0.02158752720650291, "YZZYZZ": 0.06476258161950872, "ZYYIZI": 0.03238129080975437, "YYIZZI": -0.25905032647803494, "IZIZYY": -0.0575667392173411, "IIIXXI": -0.008395149469195578, "XIXZIZ": -0.00359792120108382, "ZZXIIX": 0.014391684804335288, "XZXZYY": 0.09714387242926309, "XIXIZZ": 0.04677297561408964, "ZXXXZX": 0.03238129080975435, "IZYZYI": 0.007195842402167637, "IIZZZZ": 0.9930262514991341, "YZZZZY": -0.06476258161950871, "XYZYXZ": -1.3877787807814457e-17, "IZZIXX": 0.05037089681517347, "ZYZIYI": -0.021587527206502928, "ZYYXXZ": 0.0, "IYYZZI": 0.025185448407586734, "ZYZIIY": -0.014391684804335274, "IIYZZY": 0.007195842402167633, "XZXXZX": 0.0, "YIZYZI": -0.003597921201083829, "YZYZII": 0.010791846160678596, "XZYXZY": -0.03238129080975436, "ZIXIXZ": -0.017989606005419094, "IYIZYZ": 0.0035979212010838167, "IXIYXY": -0.025185448407586738, "XZZXXX": 0.0, "XXZZXX": -0.42095678052680674, "ZIZIYY": 0.025185448407586734, "ZIZYYI": 0.028783369608670548, "ZIIIZI": -0.03318082885443965, "YYYYXX": 0.3885754897170523, "IZIYYZ": -0.02158752720650292, "YYYXXY": -0.5181006529560698, "ZXXZZZ": 0.0, "ZXYXZY": -0.03238129080975436, "XZZYYX": 1.3877787807814457e-17, "YIZZIY": 0.01079376360325146, "YXYXZZ": 0.06476258161950872, "ZYYZXX": 0.12952516323901744, "XIXXIX": -0.014391684804335274, "IZZIZZ": -0.10793763603251455, "IZZZIZ": 0.07195842402167638, "IZIZII": -0.0895482610047528, "XIIXZZ": -0.007195842402167635, "IIYYYY": -0.6656154222005065, "YIYZIZ": -0.025185448407586734, "YZYXZX": 0.06476258161950872, "IIXXXX": -0.6512237373961712, "XXZXZX": -0.03238129080975436, "XYZZXY": -0.09714387242926309, "XXIIZZ": 0.8239239550481946, "IIYXYX": -0.8095322702438593, "YZXYZX": -0.03238129080975436, "IZIZXX": 0.03238129080975437, "ZYYZII": 0.014391684804335263, "IXXIII": 0.02718429351929996, "IIYIYI": 0.0007995380446852917, "XYXIYI": 0.017989606005419094, "YXZYXZ": 0.12952516323901744, "ZIZIII": 0.0619641984631102, "YXXXXY": -0.09714387242926306, "YIIYZZ": 0.03597921201083818, "YYXZZX": -0.032381290809754375, "IZIXXZ": 0.010791846160678603, "ZIXXIZ": 0.00719584240216764, "ZXZXZZ": 1.3877787807814457e-17, "YZIZIY": 0.017989606005419094, "XIZZIX": -0.03957713321192201, "YZXZYX": 0.03238129080975436, "IIYXXY": -0.816728112646027, "YIYYIY": 0.01079376360325145, "ZXXZXX": -0.06476258161950872, "ZXXXXZ": -1.3877787807814457e-17, "YXIXIY": 0.02877825642847626, "ZYXYXZ": 0.06476258161950871, "XXIIYY": 0.330949948927477, "YYIXXI": -0.014391684804335274, "XIXXXI": -0.01439168480433527, "YIYXXI": 0.017989606005419087, "XYIXIY": 0.007195842402167633, "IYYIYY": 0.01079376360325145, "ZZIIZZ": -0.6440278949940037, "ZZYYZZ": 0.2914316172877893, "IIXXII": 0.5516812508328521, "IIIYYI": 0.002798383156398524, "XYXXXY": -0.12952516323901742, "YXXXYX": -0.09714387242926306, "YZZYII": 0.007195842402167633, "YZIZYI": -0.010793763603251467, "ZZZYZY": 0.03238129080975436, "YIXYXI": -0.01439168480433528, "YYXXII": 0.29862745968995696, "ZIYZYI": 0.003597921201083834, "ZZYXYX": 0.4857193621463155, "XYIYIX": 0.0179896060054191, "YZIYZI": -0.0215875272065029, "YIIYII": 0.0011993070670279376, "YXYXII": 0.0, "YYYXYX": -0.4532575387485011, "XYYIIX": 0.003597921201083822, "YXIIYX": 0.010791846160678603, "IZZIYY": -0.05396881801625728, "YYXXYY": 0.356194198907298, "YXXIYI": -0.028778256428476267, "IYXYIX": -0.021587527206502907, "YYXIXI": 0.014391684804335274, "XXXZZX": 0.06476258161950871, "XYXYZZ": 0.2266690356682805, "IZYYZI": 0.00719584240216764, "ZXXYYZ": 0.0, "XXZIIZ": -0.41735885932572303, "XZYYZX": -0.09714387242926309, "ZIZIZZ": 0.0971438724292631, "IIIXIX": 0.005996535335139695, "YXIYXI": -0.03597921201083818, "IZXZXI": 0.0071958424021676265, "ZYZYII": -0.014391684804335276, "ZYYYZY": 0.06476258161950871, "IXIIXI": -0.0011993070670279393, "YIZYIZ": -0.007195842402167646, "XYIXYI": -0.010793763603251455, "XZIIXZ": 0.0035979212010838237, "YIXXYI": 0.0035979212010838237, "YIYYYI": 0.01439168480433528, "IZZZZI": 0.035979212010838195, "XIXYYI": 0.028783369608670548, "YXZXZY": -0.03238129080975436, "YIIZYZ": 0.02518544840758673, "ZXXZII": -0.01079376360325146, "YZYZYY": -0.09714387242926306, "IIZYYZ": -0.010793763603251467, "ZIXZIX": 0.00719584240216763, "IYZZYI": -0.01079376360325146, "XXYXYX": -0.5828632345755786, "ZZIZZI": 0.31301914449429225, "IIYYZZ": -0.5324923377604052, "XXZYYZ": -0.06476258161950871, "ZIIXXZ": 0.0035979212010838132, "ZYXYZX": -0.09714387242926309, "XZYZYX": -0.03238129080975435, "XZIXIZ": 0.017989606005419094, "YXZZYX": -1.3877787807814457e-17, "IXZZXI": -0.010793763603251464, "YXZZXY": 0.06476258161950872, "XZZZZX": 1.3877787807814457e-17, "XIYXIY": -0.03597921201083818, "XZXXXZ": 0.06476258161950872, "ZYYXZX": 0.03238129080975436, "XYZZYX": -0.12952516323901747, "ZZIXXI": 0.017989606005419087, "XIIIXI": 0.003997690223426463, "YYYYZZ": -0.29143161728778927, "IXYYXI": 0.021587527206502928, "YXXYXX": -0.06476258161950871, "YZXXYZ": -0.06476258161950871, "XIXZZI": 0.00719584240216764, "IXYIYX": -0.01079376360325146, "ZIZXIX": 0.007195842402167635, "IIXYXY": -0.8023364278416917, "ZXYYZX": -0.03238129080975436, "XXZZZZ": 0.7771509794341047, "XZZXZZ": 0.0, "YYIXIX": 1.0408340855860843e-17, "IYIZZY": 3.469446951953614e-18, "XXIIII": 0.8123306534002575, "YIYIYY": -0.017989606005419094, "IZZYYI": 0.007195842402167613, "XYZXZY": -0.032381290809754375, "IIXZXZ": 3.469446951953614e-18, "XZZXYY": 0.03238129080975435, "XIIZXZ": 0.07195842402167638, "YIIIIY": -0.0023986141340558813, "YZIYIZ": 0.007195842402167633, "IIIZZI": -0.5069071203304758, "IYZIYZ": 0.014391684804335274, "XYXZYZ": -0.09714387242926309, "IYYIZZ": -0.01079376360325146, "ZIYZIY": -3.469446951953614e-18, "YXZXYZ": 0.12952516323901744, "ZZZZZZ": -0.6476258161950872, "IYIYZZ": 0.028783369608670548, "YIZZYI": 0.014391684804335265, "XYXIIY": 0.025185448407586727, "IXZIXZ": -0.010793763603251464, "YYYYYY": -0.4533380713365611, "ZIZXXI": 0.025185448407586734, "XIXIII": 0.03477990494381024, "XIIYXY": -0.028783369608670548, "XYXYXX": -0.03238129080975433, "XIYIXY": -0.0035979212010838132, "YXIIXY": -0.01798960600541908, "YIXIXY": -0.03597921201083819, "IZZIII": -0.1111357882112557, "ZZXIXI": -0.02518544840758673, "YXZYZX": 1.3877787807814457e-17, "IXXZZI": 0.010793763603251454, "ZZYIYI": 0.032381290809754375, "ZZYYXX": -0.38857548971705236, "XXXXYY": 0.6152445253853329, "XYIIXY": -0.16550437524985567, "IIIIYY": 0.43694754142051256, "IXYIXY": -0.014391684804335277, "YZZXXY": 0.03238129080975436, "XXXYXY": -0.6476258161950872, "XXXYYX": -0.615244525385333, "YIIYXX": 0.007195842402167628, "XYYZZX": -2.7755575615628914e-17, "YYZYYZ": 0.06476258161950874, "ZZXXYY": -0.356194198907298, "ZXXIIZ": 0.021587527206502925, "XYXZZY": -0.032381290809754375, "YYYIYI": 0.017989606005419087, "YXIYIX": -0.014391684804335274, "XXZYZY": 0.06476258161950872, "ZZXYYX": 0.4857193621463154, "YXYYYX": 0.06476258161950867, "ZXZIIX": 0.01439168480433528, "YYXYYX": -0.4533380713365611, "XYYXZZ": 0.1942877448585262, "YYYIIY": -0.007195842402167633, "IIIZIZ": -0.5129036556656155, "IIZXZX": -0.003597921201083815, "YZYZXX": -1.3877787807814457e-17, "YZYXXZ": -0.032381290809754375, "XZXZXX": -1.3877787807814457e-17, "ZXIZXI": 0.02518544840758673, "XYYYYX": -1.3877787807814457e-17, "ZYZXXY": 0.03238129080975435, "XYZYZX": -0.12952516323901742, "IIZXXZ": -0.01079376360325146, "YYZZXX": -0.22666903566828053, "ZZXZXZ": 0.03238129080975436, "ZYIZIY": 0.03957713321192201, "YXYIIX": -0.01798641026779766, "ZZIIXX": 0.2662461688802026, "IXXIZZ": 0.03957713321192201, "IZYYIZ": 8.673617379884035e-18, "XIIIIX": -0.009994225558566161,