{"ZIXIZX": 0.017517301038062295, "ZYIIZY": 0.02043685121107266, "XIIIIX": -0.00746107266435986, "XXYYZZ": -0.3939262941748622, "ZYXXYZ": -0.026275951557093433, "IYYZIZ": -0.0058391003460207605, "XXXXII": 0.4846453287197232, "XZXXXZ": 6.938893903907228e-18, "IXYIYX": -0.04379325259515571, "ZYZXXY": 0.0, "XZXYZY": -0.05255190311418686, "XZYZYX": -0.026275951557093426, "IXXIYY": 0.02042580784610397, "ZIIZXX": -0.06714965397923878, "ZXZYXY": -0.026275951557093405, "XXIZZI": -0.41457612456747406, "IYYIZZ": -0.00875865051903115, "XZZIIX": -0.0058391003460207674, "XZYYZX": 0.1051038062283737, "YYXZZX": 0.052551903114186886, "XZXYYZ": 0.0, "XZZYXY": -0.052551903114186845, "YYXXZZ": 0.3415873702422146, "XYYXXX": -0.026275951557093433, "XYYXZZ": 0.10510380622837373, "YIYIXX": 0.04087370242214535, "IZZIXX": 0.05255190311418685, "YXIIYX": 0.011678200692041521, "ZXXIZI": -0.005839100346020753, "ZIXZXI": -0.005835945098886842, "YXYYYX": 0.07882785467128027, "ZXIXIZ": -0.005839100346020763, "IIIIXX": -0.4366349480968858, "XXIYIY": 0.008758650519031134, "ZXXZII": -0.002919550173010382, "YZYZXX": -0.026261752944990828, "YIYIII": 0.004865916955017299, "ZZZXZX": -0.026275951557093433, "XIZXIZ": -0.005839100346020757, "XIIXII": 0.027249134948096883, "XZIXZI": -0.005839100346020774, "YZXZYX": -0.02627595155709342, "ZXZXXX": 0.1051038062283737, "XIXIII": 0.028871107266435984, "ZIZZZI": -0.0321150519031142, "IIIZZI": -0.4998918685121107, "XXZYZY": 0.05255190311418686, "IXIXXX": -0.02043685121107266, "YZZYII": 0.026275951557093433, "XIXYYI": 0.04668756079109479, "ZXYYZX": 0.13130876472495406, "IXXZIZ": -0.01751730103806229, "XXXZXZ": 0.026275951557093433, "XYXYZZ": 0.13137975778546712, "ZYYXXZ": 0.02627595155709344, "XXXXXX": -0.49924307958477515, "YXXXXY": -0.026275951557093426, "IXIZXZ": 0.014597750865051903, "YXIXIY": -0.008758650519031144, "ZXZZXZ": -0.15765570934256057, "ZXYZYX": 0.05255190311418686, "IZIXZX": 0.008758650519031144, "XIYIYX": -0.04963235294117649, "YZZIYI": -0.008758650519031158, "ZZXXZZ": -0.36786332179930803, "ZXXZXX": 0.05255190311418685, "ZZYXYX": 0.6043468858131487, "IZIYZY": 0.014597750865051901, "IXYYIX": 0.0058391003460207674, "IYIIYI": 0.001946366782006919, "ZZZIIZ": 0.31239186851211076, "IIZZZZ": 0.9950286393602075, "ZZZZYY": -0.3153114186851211, "ZXXZZZ": -6.938893903907228e-18, "ZYYIZI": 0.026275951557093436, "IZZXXI": 0.0, "ZXZIIX": 0.011678200692041528, "YZZXYX": -0.05255190311418683, "IYYYIY": 0.005839100346020776, "IXYIXY": -0.026275951557093426, "XYYZXZ": 0.052551903114186845, "ZYYXZX": 0.052551903114186845, "ZXZXYY": 6.938893903907228e-18, "IZYYZI": -0.00875865051903114, "IXIZZX": 0.032115051903114186, "IZZYYI": 0.005839100346020757, "IYXIYX": 0.0058391003460207605, "YYXZXZ": -0.05255190311418685, "YIYIZZ": 0.011678200692041523, "ZIIXZX": 0.0058391003460207536, "ZIIYYZ": 0.005839100346020756, "ZIIZYY": 0.017517301038062285, "ZZYIIY": -0.0029195501730103837, "XYIXYI": -3.469446951953614e-18, "ZYYIIZ": -0.005839100346020764, "XYIYIX": 0.029195501730103816, "IZZIII": -0.11256487889273356, "XXIXIX": 0.0029195501730103907, "XIIXXX": -0.014597750865051908, "YZIIZY": 0.017517301038062285, "XIZIZX": -0.03503460207612456, "IZZZIZ": 0.040873702422145324, "ZYIIYZ": 0.008758650519031144, "IZIZXX": 0.05547145328719724, "XZZIXI": 0.011678200692041514, "ZYZYXX": -0.07882785467128028, "XIZZXI": 0.017517301038062292, "IYXIXY": -0.011678200692041523, "XZYXZY": 0.13137975778546715, "XZIIXZ": 0.011678200692041524, "YIXYIX": 0.0029195501730103803, "YXXYZZ": 0.07882785467128028, "XZZXYY": 0.07882785467128028, "XYZXYZ": 0.0, "YZYYYZ": -6.938893903907228e-18, "ZIXXIZ": 0.017517301038062278, "ZIZZIZ": -0.04087370242214533, "ZYXYZX": 0.05255190311418686, "XXIXXI": 0.017517301038062295, "ZYXZXY": -0.02627595155709342, "XYXYII": 0.14597750865051903, "IYZYZI": 0.029195501730103806, "XZZXZZ": 0.0, "IIYZYZ": -0.0058391003460207674, "IXIIXI": 0.0009731833910034604, "XXYIYI": 0.00291955017301037, "IIZIZI": -0.5057309688581314, "IXYXYI": -0.0029195501730103837, "IXIYXY": -0.03503460207612458, "XIIYYX": -0.020436851211072672, "ZIIYZY": -0.014597750865051898, "YZZZYZ": -6.938893903907228e-18, "IZYZIY": -0.0029195501730103803, "IZXIZX": -0.0029195501730103855, "IYYYYI": 0.01459775086505189, "XXZIIZ": -0.4058174740484429, "ZXXYYZ": 0.1051038062283737, "ZZIXXI": 0.01751730103806228, "IYIYZZ": 0.008758650519031137, "IIIIYY": 0.4379325259515571, "XXYYII": -0.4727115530098346, "ZZZZZZ": -0.5780709342560554, "IZIZZZ": -0.10218425605536333, "XZZYYX": 0.026275951557093433, "IIYXXY": -0.8408304498269896, "YZYZYY": -0.02627595155709342, "ZYIZIY": 0.00875865051903114, "IYIYYY": -0.017517301038062278, "IYYXXI": 0.008758650519031137, "XXXYYX": -0.6043468858131488, "ZZIIZZ": -0.6423010380622838, "ZXZYYX": -0.07882785467128028, "YZXZXY": 0.026275951557093412, "XXZYYZ": -0.026275951557093433, "YYXIIX": 0.014597750865051894, "IZYIZY": -0.002919550173010387, "YYYXXY": -0.4204152249134949, "ZZIXIX": 0.014597750865051912, "ZZXXII": -0.3474264705882353, "ZZIYYI": 0.02335640138408305, "IXIXYY": 0.037954152249134954, "IZXZXI": 0.014597750865051901, "ZYYZII": -0.002917972549443419, "YYXIXI": -0.0029195501730103907, "XZXZII": -5.204170427930421e-18, "IYYIXX": 0.008758650519031139, "XZXZZZ": 0.026275951557093433, "IYZZIY": -0.023356401384083035, "XXXIIX": 0.00291955017301037, "YIIZZY": 6.938893903907228e-18, "IYZIYZ": -0.0058391003460207674, "XIXZIZ": -0.03795415224913495, "IIZXXZ": -0.0058391003460207674, "XXZZII": 0.8116349480968859, "IIIXXI": -0.008109861591695503, "ZYZZZY": -0.052551903114186845, "YYYYZZ": -0.3415873702422146, "ZZZIZI": 0.31531141868512114, "XYZXZY": -0.05255190311418686, "XIYIXY": -0.023356401384083045, "YZZZZY": 0.0, "IXZXIZ": -0.002917972549443426, "IYZIZY": 0.008758650519031151, "YYZZII": 0.5547145328719724, "XYYYXY": 0.0, "XXIIYY": 0.3649437716262976, "XXXXZZ": 0.4466911764705883, "ZXIIXZ": -0.020436851211072665, "IIXZZX": -0.011678200692041528, "YXYXYY": -0.07882785467128028, "IZZXIX": -0.0058391003460207605, "YIIZYZ": 0.032115051903114186, "XXIIXX": -0.3649437716262976, "YYZYYZ": 0.05255190311418686, "ZZZYYZ": -0.052551903114186865, "XIIXYY": 0.017517301038062285, "ZIIIIZ": -0.03795415224913495, "XXZZXX": -0.42041522491349487, "YIIYZZ": 0.029195501730103813, "ZIIZII": 0.06228373702422145, "IIZZII": 0.9984861591695499, "YIIYXX": -0.03795415224913495, "YYYYXX": 0.367863321799308, "ZYIZYI": 0.0, "YXZXZY": 0.05255190311418685, "IXZZXI": 0.01459775086505189, "YIYZZI": -0.020436851211072665, "IIYXYX": -0.8379108996539792, "XXYIIY": -0.017517301038062295, "YZIIYZ": 0.023356401384083035, "ZZXIXI": 0.0029195501730103907, "XXYZYZ": -6.938893903907228e-18, "ZZXYYX": 0.551794982698962, "XIXZZI": -0.043793252595155714, "IIXXYY": 0.6335423875432526, "IIIIII": 0.9999999999999997, "IIIXIX": 0.0009731833910034604, "XXZXZX": 6.938893903907228e-18, "ZXXXXZ": -0.026275951557093433, "XZIXIZ": 0.0029195501730103837, "ZIIZZZ": 0.07006920415224915, "IYIIIY": -0.015562520263698257, "XZIZXI": -0.011678200692041523, "XIZZIX": -1.734723475976807e-18, "YYZIIZ": -0.2744377162629758, "YIIYYY": 0.017517301038062295, "YXYXZZ": -0.07882785467128028, "YXXZZY": 0.0, "YYIYYI": -0.02335640138408305, "ZZXXXX": 0.44644980006484386, "YYXYXY": -0.36786332179930803, "XZXZYY": 0.02627595155709344, "ZYXYXZ": 0.026275951557093426, "IIXYYX": -0.8174740484429066, "ZZYYZZ": 0.3414027882848806, "ZXXYZY": 0.02627595155709346, "ZZIIYY": -0.30071366782006925, "YYYIYI": 0.011678200692041523, "ZIIXXZ": -0.011678200692041535, "IZYIYZ": -0.005835945098886859, "YIZIZY": -0.0029195501730103837, "ZIYIYZ": 0.008758650519031142, "ZIZXXI": -0.026275951557093447, "YXIYIX": 0.017517301038062295, "IYIYXX": -0.0058391003460207605, "XXYXYX": -0.6306228373702423, "XIYXIY": -0.008758650519031137, "XXYXXY": -0.630622837370242, "XZIIZX": -0.0029195501730103907, "YYZZYY": 0.26275951557093424, "XXIIZZ": 0.8087153979238755, "YXXIIY": -0.002919550173010394, "ZIZIZZ": 0.07298875432525952, "ZZXZXZ": -0.052523505889981635,