{"ZIXIZX": -0.01167820069204153, "ZYIIZY": -0.005839100346020762, "XIIIIX": -0.011029411764705881, "XXYYZZ": -0.4204152249134948, "ZYXXYZ": -0.1051038062283737, "IYYZIZ": -0.0029195501730103837, "XXXXII": 0.44669117647058826, "XZXXXZ": 0.026275951557093412, "IXYIYX": -0.04379325259515571, "ZYZXXY": -0.026275951557093433, "XZXYZY": -0.026275951557093426, "XZYZYX": 6.938893903907228e-18, "IXXIYY": 0.037954152249134954, "ZIIZXX": -0.029195501730103796, "ZXZYXY": -6.938893903907228e-18, "XXIZZI": -0.4204152249134948, "IYYIZZ": 0.00875391764833027, "XZZIIX": -0.020436851211072665, "XZYYZX": 0.1051038062283737, "YYXZZX": -0.15765570934256057, "XZXYYZ": 0.026275951557093433, "XZZYXY": -0.026261752944990814, "YYXXZZ": 0.34158737024221447, "XYYXXX": -0.07882785467128027, "XYYXZZ": 0.23635577650491732, "YIYIXX": -0.0029195501730103768, "IZZIXX": 0.029195501730103803, "YXIIYX": 0.014597750865051898, "ZXXIZI": -0.011678200692041523, "ZIXZXI": 0.014597750865051905, "YXYYYX": 0.05255190311418686, "ZXIXIZ": 0.011678200692041521, "IIIIXX": -0.43834432076083424, "XXIYIY": 0.0029195501730103768, "ZXXZII": -0.008758650519031134, "YZYZXX": -0.07882785467128028, "YIYIII": 0.010056228373702418, "ZZZXZX": 0.07882785467128028, "XIZXIZ": -0.02335640138408305, "XIIXII": 0.029519896193771628, "XZIXZI": 0.026275951557093443, "YZXZYX": 0.15765570934256054, "ZXZXXX": -0.07882785467128028, "XIXIII": 0.029844290657439446, "ZIZZZI": -0.026275951557093433, "IIIZZI": -0.5086505190311419, "XXZYZY": 0.07882785467128028, "IXIXXX": -0.058391003460207626, "YZZYII": 0.0, "XIXYYI": 0.014597750865051901, "ZXYYZX": -0.07882785467128031, "IXXZIZ": -0.014597750865051905, "XXXZXZ": 1.3877787807814457e-17, "XYXYZZ": 0.15765570934256057, "ZYYXXZ": 0.02627595155709342, "XXXXXX": -0.5780709342560553, "YXXXXY": -0.052551903114186845, "IXIZXZ": -0.011678200692041528, "YXIXIY": 0.005839100346020766, "ZXZZXZ": -0.026275951557093426, "ZXYZYX": 0.026275951557093426, "IZIXZX": 6.938893903907228e-18, "XIYIYX": -0.017507835296660536, "YZZIYI": -0.014597750865051912, "ZZXXZZ": -0.31531141868512114, "ZXXZXX": 4.163336342344337e-17, "ZZYXYX": 0.49924307958477504, "IZIYZY": -0.005839100346020755, "IXYYIX": -0.023356401384083056, "IYIIYI": 0.004217128027681663, "ZZZIIZ": 0.30071366782006925, "IIZZZZ": 1.0072448096885813, "ZZZZYY": -0.23648356401384082, "ZXXZZZ": -0.026261752944990814, "ZYYIZI": 0.026275951557093422, "IZZXXI": -0.011678200692041507, "ZXZIIX": -0.0029195501730103768, "YZZXYX": -6.938893903907228e-18, "IYYYIY": -0.0029195501730103768, "IXYIXY": 0.017517301038062275, "XYYZXZ": 0.052551903114186845, "ZYYXZX": 0.026275951557093426, "ZXZXYY": -0.026275951557093426, "IZYYZI": 0.017517301038062285, "IXIZZX": -0.014597750865051901, "IZZYYI": 0.049632352941176475, "IYXIYX": 5.204170427930421e-18, "YYXZXZ": -0.07882785467128031, "YIYIZZ": 0.0, "ZIIXZX": -0.029195501730103823, "ZIIYYZ": 0.0, "ZIIZYY": 0.02043685121107266, "ZZYIIY": 1.3877787807814457e-17, "XYIXYI": -0.01751730103806229, "ZYYIIZ": 0.008758650519031146, "XYIYIX": 0.03795415224913495, "IZZIII": -0.09894031141868512, "XXIXIX": -0.023356401384083042, "XIIXXX": -0.03503460207612456, "YZIIZY": 0.011678200692041535, "XIZIZX": 0.026275951557093422, "IZZZIZ": 0.046712802768166084, "ZYIIYZ": -0.008758650519031142, "IZIZXX": 0.037954152249134954, "XZZIXI": 0.02335640138408304, "ZYZYXX": 0.02627595155709342, "XIZZXI": 0.0029195501730103733, "IYXIXY": 0.017517301038062285, "XZYXZY": 0.05255190311418685, "XZIIXZ": 0.043793252595155714, "YIXYIX": -0.008758650519031142, "YXXYZZ": -0.026275951557093433, "XZZXYY": 0.1051038062283737, "XYZXYZ": -0.05252350588998162, "YZYYYZ": 0.026275951557093412, "ZIXXIZ": -0.035034602076124556, "ZIZZIZ": -0.020436851211072665, "ZYXYZX": 0.02627595155709342, "XXIXXI": -0.014597750865051905, "ZYXZXY": -0.05255190311418686, "XYXYII": 0.15181660899653981, "IYZYZI": 0.026275951557093426, "XZZXZZ": 0.02627595155709342, "IIYZYZ": 0.023356401384083063, "IXIIXI": -0.00940743944636678, "XXYIYI": 0.023356401384083042, "IIZIZI": -0.5054065743944636, "IXYXYI": -0.0058391003460207605, "IXIYXY": -0.03795415224913494, "XIIYYX": -0.02627595155709344, "ZIIYZY": 0.008758650519031148, "YZZZYZ": 0.05255190311418686, "IZYZIY": -3.469446951953614e-18, "IZXIZX": -0.008758650519031144, "IYYYYI": -0.017517301038062278, "XXZIIZ": -0.4058174740484429, "ZXXYYZ": -0.026275951557093426, "ZZIXXI": 0.014597750865051905, "IYIYZZ": 0.005835945098886838, "IIIIYY": 0.43436418685121103, "XXYYII": -0.4700475778546713, "ZZZZZZ": -0.5780709342560553, "IZIZZZ": -0.12846020761245674, "XZZYYX": 0.05255190311418686, "IIYXXY": -0.8116349480968859, "YZYZYY": -0.10510380622837373, "ZYIZIY": -0.0058391003460207674, "IYIYYY": 0.026275951557093415, "IYYXXI": 0.011678200692041514, "XXXYYX": -0.6568987889273356, "ZZIIZZ": -0.6160250865051904, "ZXZYYX": -0.07882785467128026, "YZXZXY": -0.05255190311418686, "XXZYYZ": -0.07882785467128028, "YYXIIX": 0.0, "IZYIZY": -0.014597750865051905, "YYYXXY": -0.49924307958477515, "ZZIXIX": -0.0058391003460207674, "ZZXXII": -0.3211505190311419, "ZZIYYI": -0.002919550173010387, "IXIXYY": 0.01751730103806228, "IZXZXI": -0.0029195501730103768, "ZYYZII": -0.029195501730103803, "YYXIXI": 0.005839100346020774, "XZXZII": -0.008758650519031144, "IYYIXX": -0.0029195501730103768, "XZXZZZ": 6.938893903907228e-18, "IYZZIY": 0.011678200692041524, "XXXIIX": 0.020436851211072672, "YIIZZY": -0.011678200692041524, "IYZIYZ": -0.014597750865051896, "XIXZIZ": -0.0058391003460207605, "IIZXXZ": 0.005839100346020762, "XXZZII": 0.8087153979238755, "IIIXXI": -0.004217128027681658, "ZYZZZY": -6.938893903907228e-18, "YYYYZZ": -0.3676645412298714, "ZZZIZI": 0.3211505190311419, "XYZXZY": 6.938893903907228e-18, "XIYIXY": 0.014597750865051905, "YZZZZY": 0.052523505889981635, "IXZXIZ": 0.014597750865051905, "IYZIZY": 0.03503460207612458, "YYZZII": 0.5456608667459202, "XYYYXY": -6.938893903907228e-18, "XXIIYY": 0.31239186851211076, "XXXXZZ": 0.4729671280276817, "ZXIIXZ": 0.0029195501730103837, "IIXZZX": 0.01751730103806229, "YXYXYY": -0.05255190311418686, "IZZXIX": -0.008758650519031144, "YIIZYZ": -0.0175173010380623, "XXIIXX": -0.36494377162629754, "YYZYYZ": 0.026275951557093426, "ZZZYYZ": 0.0, "XIIXYY": 0.026275951557093422, "ZIIIIZ": -0.030168685121107264, "XXZZXX": -0.36786332179930803, "YIIYZZ": 0.008758650519031162, "ZIIZII": 0.059364186851211066, "IIZZII": 1.000108131487889, "YIIYXX": 0.023356401384083042, "YYYYXX": 0.3678633217993079, "ZYIZYI": 0.0029195501730103837, "YXZXZY": -0.026275951557093433, "IXZZXI": 0.01459775086505191, "YIYZZI": -0.020436851211072655, "IIYXYX": -0.8087153979238755, "XXYIIY": 0.02627595155709344, "YZIIYZ": -0.014597750865051912, "ZZXIXI": 0.0029195501730103733, "XXYZYZ": 0.02627595155709344, "ZZXYYX": 0.5252350588998163, "XIXZZI": -0.005839100346020781, "IIXXYY": 0.6393814878892734, "IIIIII": 0.9999999999999997, "IIIXIX": -0.0113538062283737, "XXZXZX": 0.0, "ZXXXXZ": 6.938893903907228e-18, "XZIXIZ": 0.002917972549443421, "ZIIZZZ": 0.07298875432525953, "IYIIIY": -0.00940743944636678, "XZIZXI": 0.04087370242214532, "XIZZIX": -0.03211505190311419, "YYZIIZ": -0.30071366782006925, "YIIYYY": -0.011678200692041521, "YXYXZZ": -0.07878525883497248, "YXXZZY": -0.05255190311418683, "YYIYYI": -0.0029195501730103837, "ZZXXXX": 0.4204152249134948, "YYXYXY": -0.44669117647058826, "XZXZYY": -0.02627595155709344, "ZYXYXZ": 0.026275951557093433, "IIXYYX": -0.8379108996539792, "ZZYYZZ": 0.31531141868512114, "ZXXYZY": -0.026275951557093433, "ZZIIYY": -0.2773572664359862, "YYYIYI": -0.00291955017301037, "ZIIXXZ": 0.011678200692041521, "IZYIYZ": -0.005839100346020764, "YIZIZY": 0.02335640138408305, "ZIYIYZ": -0.020436851211072665, "ZIZXXI": -0.01751730103806229, "YXIYIX": 0.0058391003460207536, "IYIYXX": 0.005839100346020762, "XXYXYX": -0.6831747404844288, "XIYXIY": -0.020436851211072665, "XXYXXY": -0.6568987889273356, "XZIIZX": 0.008758650519031137, "YYZZYY": 0.26275951557093424, "XXIIZZ": 0.8233131487889274, "YXXIIY": 0.02919550173010381,