{"ZIXIZX": -0.023343780395547395, "ZYIIZY": -0.008758650519031148, "XIIIIX": -0.0006487889273356397, "XXYYZZ": -0.49924307958477515, "ZYXXYZ": 0.0, "IYYZIZ": 0.002919550173010387, "XXXXII": 0.46712802768166095, "XZXXXZ": 0.07882785467128028, "IXYIYX": -0.00875865051903114, "ZYZXXY": -0.052551903114186845, "XZXYZY": -0.07882785467128026, "XZYZYX": -0.05255190311418685, "IXXIYY": 0.0233437803955474, "ZIIZXX": -0.049632352941176475, "ZXZYXY": -0.05255190311418685, "XXIZZI": -0.42917387543252594, "IYYIZZ": -0.023356401384083035, "XZZIIX": -0.03503460207612457, "XZYYZX": -0.07878525883497245, "YYXZZX": -0.052551903114186886, "XZXYYZ": 0.026275951557093433, "XZZYXY": -0.026275951557093426, "YYXXZZ": 0.31531141868512114, "XYYXXX": -0.10504701177996326, "XYYXZZ": 0.21020761245674738, "YIYIXX": -0.002919550173010385, "IZZIXX": 0.043793252595155714, "YXIIYX": -0.0029195501730103907, "ZXXIZI": -0.008758650519031144, "ZIXZXI": 0.014597750865051915, "YXYYYX": 0.10510380622837373, "ZXIXIZ": -0.02043685121107268, "IIIIXX": -0.43371539792387537, "XXIYIY": 0.002919550173010387, "ZXXZII": 0.0029195501730103837, "YZYZXX": -0.052523505889981635, "YIYIII": -0.005190311418685121, "ZZZXZX": -0.02627595155709342, "XIZXIZ": -0.002919550173010375, "XIIXII": 0.020112456747404844, "XZIXZI": -0.020436851211072665, "YZXZYX": 6.938893903907228e-18, "ZXZXXX": 0.052551903114186845, "XIXIII": 0.022707612456747406, "ZIZZZI": -0.049632352941176475, "IIIZZI": -0.5089749134948097, "XXZYZY": 0.052523505889981635, "IXIXXX": 0.017517301038062295, "YZZYII": 0.011678200692041521, "XIXYYI": -0.0029195501730103733, "ZXYYZX": 0.07882785467128028, "IXXZIZ": 0.011678200692041514, "XXXZXZ": 0.05255190311418686, "XYXYZZ": 0.2102076124567474, "ZYYXXZ": -0.026261752944990793, "XXXXXX": -0.5255190311418686, "YXXXXY": -0.13137975778546715, "IXIZXZ": -0.008758650519031137, "YXIXIY": 0.005839100346020757, "ZXZZXZ": -6.938893903907228e-18, "ZXYZYX": 0.183931660899654, "IZIXZX": -0.011678200692041507, "XIYIYX": -0.011678200692041524, "YZZIYI": -0.026275951557093426, "ZZXXZZ": -0.39413927335640137, "ZXXZXX": 0.07882785467128028, "ZZYXYX": 0.5517949826989619, "IZIYZY": -0.011678200692041535, "IXYYIX": -0.008758650519031137, "IYIIYI": -0.0048659169550173, "ZZZIIZ": 0.3211505190311419, "IIZZZZ": 1.0101643598615917, "ZZZZYY": -0.31531141868512114, "ZXXZZZ": 0.0, "ZYYIZI": 0.01751730103806228, "IZZXXI": 0.0029195501730103733, "ZXZIIX": 0.0029195501730103907, "YZZXYX": -0.07882785467128028, "IYYYIY": -0.0058391003460207536, "IXYIXY": -0.037954152249134954, "XYYZXZ": -0.026275951557093426, "ZYYXZX": 0.05255190311418685, "ZXZXYY": 0.026275951557093433, "IZYYZI": 0.01167820069204153, "IXIZZX": 0.005839100346020774, "IZZYYI": 0.0, "IYXIYX": -1.0408340855860843e-17, "YYXZXZ": -0.052551903114186865, "YIYIZZ": -0.017517301038062295, "ZIIXZX": -0.002919550173010378, "ZIIYYZ": -1.734723475976807e-18, "ZIIZYY": 0.014597750865051912, "ZZYIIY": 0.014597750865051912, "XYIXYI": -0.005839100346020766, "ZYYIIZ": -0.002919550173010387, "XYIYIX": 0.02919550173010382, "IZZIII": -0.10380622837370243, "XXIXIX": -0.02919550173010381, "XIIXXX": 0.014597750865051905, "YZIIZY": 0.0058391003460207605, "XIZIZX": 6.938893903907228e-18, "IZZZIZ": 0.061310553633217996, "ZYIIYZ": 0.005839100346020757, "IZIZXX": 0.03503460207612456, "XZZIXI": 0.011678200692041535, "ZYZYXX": 0.02627595155709342, "XIZZXI": 0.020436851211072672, "IYXIXY": -0.0058391003460207605, "XZYXZY": -0.07882785467128026, "XZIIXZ": -0.014597750865051905, "YIXYIX": 0.029195501730103806, "YXXYZZ": -0.05255190311418686, "XZZXYY": 0.026275951557093433, "XYZXYZ": 0.026275951557093433, "YZYYYZ": -6.938893903907228e-18, "ZIXXIZ": 0.014597750865051898, "ZIZZIZ": -0.026275951557093422, "ZYXYZX": -6.938893903907228e-18, "XXIXXI": 0.02335640138408305, "ZYXZXY": -6.938893903907228e-18, "XYXYII": 0.1810121107266436, "IYZYZI": -0.008758650519031144, "XZZXZZ": -0.026275951557093426, "IIYZYZ": 0.005839100346020743, "IXIIXI": -0.0038927335640138406, "XXYIYI": -0.02627595155709343, "IIZIZI": -0.49307958477508645, "IXYXYI": 0.0029195501730103837, "IXIYXY": -0.04087370242214533, "XIIYYX": -0.017517301038062292, "ZIIYZY": 0.01751730103806229, "YZZZYZ": -6.938893903907228e-18, "IZYZIY": -0.026261752944990814, "IZXIZX": -0.017517301038062278, "IYYYYI": -0.014597750865051905, "XXZIIZ": -0.41457612456747406, "ZXXYYZ": -0.052551903114186824, "ZZIXXI": -0.014597750865051903, "IYIYZZ": 0.0058359450988868505, "IIIIYY": 0.4395544982698962, "XXYYII": -0.4758866782006921, "ZZZZZZ": -0.6831747404844289, "IZIZZZ": -0.11386245674740485, "XZZYYX": 0.05255190311418684, "IIYXXY": -0.8320717993079585, "YZYZYY": -0.026275951557093426, "ZYIZIY": -0.011678200692041537, "IYIYYY": -0.008758650519031137, "IYYXXI": 0.011678200692041531, "XXXYYX": -0.6568987889273357, "ZZIIZZ": -0.6306228373702423, "ZXZYYX": 0.05255190311418686, "YZXZXY": -0.026275951557093426, "XXZYYZ": 0.07882785467128028, "YYXIIX": -0.01751730103806228, "IZYIZY": 0.011678200692041531, "YYYXXY": -0.3415873702422145, "ZZIXIX": 0.0, "ZZXXII": -0.367863321799308, "ZZIYYI": 0.023356401384083042, "IXIXYY": 0.03795415224913495, "IZXZXI": -0.011678200692041524, "ZYYZII": -0.011678200692041521, "YYXIXI": -0.0029195501730103768, "XZXZII": 6.938893903907228e-18, "IYYIXX": 0.014597750865051905, "XZXZZZ": 0.026275951557093405, "IYZZIY": 0.0, "XXXIIX": -0.014597750865051905, "YIIZZY": 0.008758650519031142, "IYZIYZ": 0.0058391003460207605, "XIXZIZ": -0.026275951557093433, "IIZXXZ": -0.029195501730103813, "XXZZII": 0.7882785467128028, "IIIXXI": 0.0032439446366781984, "ZYZZZY": 1.3877787807814457e-17, "YYYYZZ": -0.31531141868512114, "ZZZIZI": 0.31823096885813146, "XYZXZY": 0.07882785467128028, "XIYIXY": 0.017517301038062275, "YZZZZY": -0.026275951557093398, "IXZXIZ": -0.026275951557093433, "IYZIZY": 0.014597750865051912, "YYZZII": 0.5605536332179931, "XYYYXY": -0.026275951557093426, "XXIIYY": 0.32698961937716264, "XXXXZZ": 0.49924307958477504, "ZXIIXZ": -0.020436851211072665, "IIXZZX": 0.0, "YXYXYY": -0.026275951557093433, "IZZXIX": 0.017517301038062275, "YIIZYZ": -0.032115051903114186, "XXIIXX": -0.3386678200692042, "YYZYYZ": 0.0, "ZZZYYZ": -0.026275951557093426, "XIIXYY": 0.017517301038062275, "ZIIIIZ": -0.022707612456747402, "XXZZXX": -0.2890354671280277, "YIIYZZ": -0.014597750865051908, "ZIIZII": 0.06487889273356401, "IIZZII": 1.0027032871972315, "YIIYXX": 0.017517301038062278, "YYYYXX": 0.4729671280276817, "ZYIZYI": 0.0029195501730103837, "YXZXZY": -0.02627595155709342, "IXZZXI": 0.0029195501730103803, "YIYZZI": 0.02919550173010381, "IIYXYX": -0.8233131487889274, "XXYIIY": -0.00583910034602075, "YZIIYZ": 0.008758650519031144, "ZZXIXI": 0.014597750865051903, "XXYZYZ": -0.07882785467128026, "ZZXYYX": 0.5255190311418685, "XIXZZI": -0.020436851211072665, "IIXXYY": 0.6773356401384083, "IIIIII": 0.9999999999999997, "IIIXIX": -0.014597750865051901, "XXZXZX": -0.05255190311418686, "ZXXXXZ": -0.05255190311418685, "XZIXIZ": -0.0029195501730103768, "ZIIZZZ": 0.07006920415224915, "IYIIIY": 0.003568339100346021, "XZIZXI": 0.026275951557093433, "XIZZIX": 0.014597750865051906, "YYZIIZ": -0.28027681660899656, "YIIYYY": 0.0058391003460207605, "YXYXZZ": 0.13130876472495406, "YXXZZY": -6.938893903907228e-18, "YYIYYI": -0.008758650519031155, "ZZXXXX": 0.47296712802768176, "YYXYXY": -0.5255190311418685, "XZXZYY": -1.3877787807814457e-17, "ZYXYXZ": 0.0, "IIXYYX": -0.8466695501730104, "ZZYYZZ": 0.42041522491349487, "ZXXYZY": -0.026275951557093433, "ZZIIYY": -0.27151816608996543, "YYYIYI": 0.020436851211072662, "ZIIXXZ": -0.04379325259515571, "IZYIYZ": 0.008758650519031139, "YIZIZY": -0.020436851211072665, "ZIYIYZ": 0.04087370242214533, "ZIZXXI": 0.020425807846103962, "YXIYIX": -0.005839100346020774, "IYIYXX": 0.029195501730103813, "XXYXYX": -0.6568987889273354, "XIYXIY": 0.0029195501730103803, "XXYXXY": -0.7357266435986158, "XZIIZX": 0.005839100346020764, "YYZZYY": 0.2102076124567474, "XXIIZZ": 0.7911980968858131, "YXXIIY": 0.0029195501730103837, "ZIZIZZ": 0.09050605536332182,