{"ZZZIZI": 0.2878336960867055, "YIIXXY": -0.025185448407586734, "XXIYIY": -0.007195842402167647, "ZXZZZX": 0.06476258161950872, "ZYIIYZ": 0.00359792120108382, "XYZXYZ": -0.032381290809754375, "YXXYZZ": -0.09714387242926309, "XIZIZX": -0.01079376360325146, "YZZIYI": 0.017989606005419087, "YIYIZZ": 0.0035979212010838254, "IZIXZX": -0.014391684804335272, "ZYZZZY": 2.7755575615628914e-17, "IYIYYY": 0.00719584240216763, "XXIXXI": -0.014391684804335267, "YZZYZZ": -0.06476258161950872, "ZYYIZI": 0.01798960600541908, "YYIZZI": -0.3058233020921246, "IZIZYY": -0.039577133211922, "IIIXXI": 0.0003997690223426437, "XIXZIZ": -0.03238129080975437, "ZZXIIX": 0.0071958424021676265, "XZXZYY": 0.06476258161950871, "XIXIZZ": 0.028778256428476263, "ZXXXZX": -1.3877787807814457e-17, "IZYZYI": -0.0035979212010838237, "IIZZZZ": 1.0074179363034694, "YZZZZY": 0.06476258161950872, "XYZYXZ": 0.03238129080975436, "IZZIXX": 0.039577133211922015, "ZYZIYI": -0.02518544840758674, "ZYYXXZ": 0.0, "IYYZZI": -0.00719584240216763, "ZYZIIY": -0.014391684804335274, "IIYZZY": 0.007195842402167637, "XZXXZX": 0.032381290809754375, "YIZYZI": 0.00719584240216764, "YZYZII": -0.01439168480433528, "XZYXZY": -2.7755575615628914e-17, "ZIXIXZ": -0.014391684804335269, "IYIZYZ": -0.007195842402167616, "IXIYXY": -0.014391684804335269, "XZZXXX": -0.032381290809754375, "XXZZXX": -0.3238129080975436, "ZIZIYY": 0.007195842402167633, "ZIZYYI": -0.02878336960867056, "ZIIIZI": -0.03877759516723671, "YYYYXX": 0.38857548971705236, "IZIYYZ": -0.007194564107119064, "YYYXXY": -0.4533380713365611, "ZXXZZZ": -0.032381290809754375, "ZXYXZY": -1.3877787807814457e-17, "XZZYYX": 0.06475107696407159, "YIZZIY": -0.010793763603251457, "YXYXZZ": -0.06476258161950872, "ZYYZXX": 0.0, "XIXXIX": 0.01079376360325145, "IZZIZZ": -0.11513347843468219, "IZZZIZ": 0.04317505441300582, "IZIZII": -0.12033047572513658, "XIIXZZ": 0.025185448407586734, "IIYYYY": -0.6440278949940036, "YIYZIZ": -0.014391684804335274, "YZYXZX": 0.06476258161950874, "IIXXXX": -0.654821658597255, "XXZXZX": -0.03238129080975435, "XYZZXY": -0.19428774485852618, "XXIIZZ": 0.8239239550481946, "IIYXYX": -0.816728112646027, "YZXYZX": 0.12952516323901742, "IZIZXX": 0.04317505441300582, "ZYYZII": 0.0035979212010838167, "IXXIII": 0.025185448407586724, "IIYIYI": 0.0015990760893705843, "XYXIYI": -0.0035979212010838237, "YXZYXZ": 0.0, "ZIZIII": 0.06596188868653666, "YXXXXY": -0.03238129080975436, "YIIYZZ": -0.017986410267797667, "YYXZZX": 1.3877787807814457e-17, "IZIXXZ": 0.025185448407586734, "ZIXXIZ": -0.010791846160678603, "ZXZXZZ": 0.0, "YZIZIY": 0.017989606005419097, "XIZZIX": 0.021587527206502914, "YZXZYX": 0.0, "IIYXXY": -0.8095322702438593, "YIYYIY": -0.0035979212010838306, "ZXXZXX": 0.03238129080975436, "ZXXXXZ": -0.09714387242926309, "YXIXIY": -0.01439168480433528, "ZYXYXZ": 0.06476258161950874, "XXIIYY": 0.34899835650513045, "YYIXXI": 0.010793763603251447, "XIXXXI": -0.021587527206502914, "YIYXXI": -0.03238129080975438, "XYIXIY": -3.469446951953614e-18, "IYYIYY": 0.0, "ZZIIZZ": -0.6116466041842492, "ZZYYZZ": 0.32381290809754365, "IIXXII": 0.5556789410562786, "IIIYYI": -0.00839514946919558, "XYXXXY": -0.06476258161950871, "YXXXYX": 0.03238129080975436, "YZZYII": -0.010793763603251457, "YZIZYI": 0.003597921201083827, "ZZZYZY": 0.0, "YIXYXI": -0.01079376360325146, "YYXXII": 0.29502953848887314, "ZIYZYI": 0.017989606005419108, "ZZYXYX": 0.3885754897170524, "XYIYIX": -1.734723475976807e-18, "YZIYZI": -0.00719584240216764, "YIIYII": -0.007595611424510283, "YXYXII": -0.050370896815173455, "YYYXYX": -0.5504819437658243, "XYYIIX": 0.0, "YXIIYX": -0.01798641026779767, "IZZIYY": -0.06476258161950874, "YYXXYY": 0.29143161728778927, "YXXIYI": -0.0035979212010838132, "IYXYIX": 0.0035979212010838167, "YYXIXI": 0.021587527206502907, "XXXZZX": 0.0, "XYXYZZ": 0.12952516323901744, "IZYYZI": -0.01079376360325146, "ZXXYYZ": 0.032381290809754375, "XXZIIZ": -0.3993692533203039, "XZYYZX": 1.3877787807814457e-17, "ZIZIZZ": 0.06476258161950874, "IIIXIX": -0.006396304357482342, "YXIYXI": 0.007195842402167649, "IZXZXI": -0.00719584240216764, "ZYZYII": 3.469446951953614e-18, "ZYYYZY": -0.09714387242926309, "IXIIXI": 0.010793763603251454, "YIZYIZ": 0.0, "XYIXYI": 0.01079376360325145, "XZIIXZ": 0.00719584240216764, "YIXXYI": -0.00719584240216764, "YIYYYI": -0.014389128214238121, "IZZZZI": 0.06476258161950875, "XIXYYI": 0.010793763603251454, "YXZXZY": 0.06476258161950876, "YIIZYZ": 0.0, "ZXXZII": -0.010793763603251454, "YZYZYY": -0.06476258161950874, "IIZYYZ": 0.03597282053559533, "ZIXZIX": 0.007195842402167637, "IYZZYI": 0.028778256428476267, "XXYXYX": -0.712388397814596, "ZZIZZI": 0.3274108292986275, "IIYYZZ": -0.5828632345755786, "XXZYYZ": 0.0, "ZIIXXZ": -0.0035979212010838167, "ZYXYZX": 0.0, "XZYZYX": 0.06476258161950874, "XZIXIZ": 0.039577133211922, "YXZZYX": 0.06476258161950872, "IXZZXI": -0.021587527206502907, "YXZZXY": 0.032375538482035796, "XZZZZX": 0.0, "XIYXIY": -0.010793763603251459, "XZXXXZ": 1.3877787807814457e-17, "ZYYXZX": -0.06475107696407159, "XYZZYX": -0.2266690356682805, "ZZIXXI": -0.03597921201083819, "XIIIXI": -0.010793763603251454, "YYYYZZ": -0.3885754897170524, "IXYYXI": -0.007194564107119061, "YXXYXX": 0.09712661544610739, "YZXXYZ": -0.03238129080975436, "XIXZZI": -0.025185448407586734, "IXYIYX": -0.007195842402167637, "ZIZXIX": -0.010793763603251443, "IIXYXY": -0.8239239550481946, "ZXYYZX": -0.03238129080975435, "XXZZZZ": 0.7771509794341047, "XZZXZZ": -0.03238129080975436, "YYIXIX": -0.0179896060054191, "IYIZZY": -0.01439168480433528, "XXIIII": 0.810731577310887, "YIYIYY": -0.01798960600541909, "IZZYYI": 0.02518544840758673, "XYZXZY": 0.0, "IIXZXZ": -0.010791846160678596, "XZZXYY": 0.03238129080975436, "XIIZXZ": -0.01079376360325146, "YIIIIY": 0.00559676631279705, "YZIYIZ": 0.0071958424021676265, "IIIZZI": -0.49771243281659483, "IYZIYZ": -0.025185448407586727, "XYXZYZ": 0.09714387242926309, "IYYIZZ": 0.00359792120108382, "ZIYZIY": 1.0408340855860843e-17, "YXZXYZ": 0.032375538482035796, "ZZZZZZ": -0.5828632345755785, "IYIYZZ": -0.0035972820535595355, "YIZZYI": -0.046772975614089635, "XYXIIY": 0.01439168480433529, "IXZIXZ": -0.014391684804335274, "YYYYYY": -0.42095678052680674, "ZIZXXI": 0.0035979212010838132, "XIXIII": 0.0283836005863279, "XIIYXY": -0.03957713321192201, "XYXYXX": -0.032381290809754375, "XIYIXY": 1.734723475976807e-18, "YXIIXY": -0.014391684804335267, "YIXIXY": 0.00719584240216764, "IZZIII": -0.10751876360083491, "ZZXIXI": -0.010793763603251459, "YXZYZX": 0.03238129080975436, "IXXZZI": -0.032381290809754354, "ZZYIYI": -0.01079376360325146, "ZZYYXX": -0.48571936214631556, "XXXXYY": 0.5504819437658242, "XYIIXY": -0.12230758982102413, "IIIIYY": 0.43574823435348464, "IXYIXY": 0.02518544840758673, "YZZXXY": -0.03238129080975436, "XXXYXY": -0.6476258161950873, "XXXYYX": -0.6476258161950872, "YIIYXX": -0.028783369608670548, "XYYZZX": 0.03238129080975433, "YYZYYZ": 0.03238129080975436, "ZZXXYY": -0.4857193621463155, "ZXXIIZ": 0.025180974374916735, "XYXZZY": 0.06476258161950872, "YYYIYI": -0.00719584240216764, "YXIYIX": -0.00359792120108382, "XXZYZY": 2.7755575615628914e-17, "ZZXYYX": 0.45333807133656107, "YXYYYX": 0.19428774485852618, "ZXZIIX": 0.007195842402167628, "YYXYYX": -0.4533380713365611, "XYYXZZ": 0.19428774485852615, "YYYIIY": 0.0359792120108382, "IIIZIZ": -0.49771243281659483, "IIZXZX": -0.007195842402167646, "YZYZXX": -0.06476258161950871, "YZYXXZ": 0.0323812908097544, "XZXZXX": 0.09714387242926306, "ZXIZXI": 0.00719584240216764, "XYYYYX": 0.032381290809754375, "ZYZXXY": -0.03238129080975436, "XYZYZX": -1.3877787807814457e-17, "IIZXXZ": 0.01079376360325145, "YYZZXX": -0.2266690356682805, "ZZXZXZ": 0.03238129080975436, "ZYIZIY": 0.0, "YXYIIX": 0.007195842402167637, "ZZIIXX": 0.25905032647803494, "IXXIZZ": 0.021587527206502907, "IZYYIZ": 0.025185448407586724, "XIIIIX": 0.0011993070670279372, "IYZYIZ": -0.00359792120108382, "ZXYZYX": 1.3877787807814457e-17, "YZXYXZ": -1.3877787807814457e-17, "ZZIYYI": -0.007195842402167639,