{"ZZZIZI": 0.3238129080975437, "YIIXXY": 0.010793763603251467, "XXIYIY": 0.025180974374916724, "ZXZZZX": -0.03238129080975433, "ZYIIYZ": 0.03957713321192201, "XYZXYZ": -0.06476258161950872, "YXXYZZ": -0.09714387242926309, "XIZIZX": -0.017989606005419108, "YZZIYI": 0.01439168480433529, "YIYIZZ": 0.007195842402167633, "IZIXZX": -0.028783369608670555, "ZYZZZY": 0.0, "IYIYYY": 0.007195842402167644, "XXIXXI": -0.035979212010838195, "YZZYZZ": -0.03238129080975436, "ZYYIZI": 6.938893903907228e-18, "YYIZZI": -0.28063785368453786, "IZIZYY": -1.3877787807814457e-17, "IIIXXI": -0.0031975840476084726, "XIXZIZ": -0.03957713321192201, "ZZXIIX": 0.032381290809754375, "XZXZYY": 0.03238129080975435, "XIXIZZ": 0.01439168480433528, "ZXXXZX": -0.06476258161950871, "IZYZYI": -0.01079376360325146, "IIZZZZ": 1.0110158575045531, "YZZZZY": -0.0323812908097544, "XYZYXZ": 0.0, "IZZIXX": 0.05036194874983346, "ZYZIYI": 0.003597921201083827, "ZYYXXZ": 0.03238129080975435, "IYYZZI": 0.028783369608670555, "ZYZIIY": 0.021587527206502904, "IIYZZY": -0.017989606005419087, "XZXXZX": 0.0, "YIZYZI": -0.00719584240216764, "YZYZII": -0.014391684804335267, "XZYXZY": 0.06476258161950872, "ZIXIXZ": 0.05037089681517347, "IYIZYZ": -0.0071958424021676265, "IXIYXY": 0.03238129080975437, "XZZXXX": 0.06476258161950874, "XXZZXX": -0.2914316172877893, "ZIZIYY": 0.014391684804335274, "ZIZYYI": -0.007195842402167644, "ZIIIZI": -0.03477990494381024, "YYYYXX": 0.38857548971705247, "IZIYYZ": 0.01439168480433528, "YYYXXY": -0.5181006529560699, "ZXXZZZ": 0.06476258161950872, "ZXYXZY": -0.032375538482035796, "XZZYYX": 1.3877787807814457e-17, "YIZZIY": 0.010793763603251471, "YXYXZZ": -0.03238129080975433, "ZYYZXX": 0.0, "XIXXIX": -0.01079376360325146, "IZZIZZ": -0.11513347843468222, "IZZZIZ": 0.07195842402167638, "IZIZII": -0.10553902189845865, "XIIXZZ": 0.025185448407586755, "IIYYYY": -0.6692133434015903, "YIYZIZ": -0.010793763603251459, "YZYXZX": -0.03238129080975436, "IIXXXX": -0.6512237373961713, "XXZXZX": -0.032381290809754375, "XYZZXY": -0.12952516323901747, "XXIIZZ": 0.8239239550481947, "IIYXYX": -0.8381667184793712, "YZXYZX": 0.06476258161950874, "IZIZXX": 0.05756673921734111, "ZYYZII": 0.01439168480433527, "IXXIII": 0.036378981033180824, "IIYIYI": 0.0007995380446852891, "XYXIYI": 0.003597921201083822, "YXZYXZ": -0.06476258161950871, "ZIZIII": 0.06876027184293518, "YXXXXY": 1.3877787807814457e-17, "YIIYZZ": -0.0035979212010838237, "YYXZZX": -0.0323812908097544, "IZIXXZ": -0.021587527206502914, "ZIXXIZ": 0.0, "ZXZXZZ": 0.0, "YZIZIY": -0.02158752720650292, "XIZZIX": 0.007195842402167651, "YZXZYX": 0.09712661544610739, "IIYXXY": -0.8311197974503622, "YIYYIY": -0.014391684804335279, "ZXXZXX": 0.06476258161950871, "ZXXXXZ": 0.0, "YXIXIY": -0.02158369232135721, "ZYXYXZ": -0.03238129080975436, "XXIIYY": 0.34899835650513045, "YYIXXI": 0.010793763603251464, "XIXXXI": 0.007195842402167633, "YIYXXI": 0.010793763603251454, "XYIXIY": 3.469446951953614e-18, "IYYIYY": -0.01079376360325146, "ZZIIZZ": -0.6008528405809979, "ZZYYZZ": 0.2590503264780349, "IIXXII": 0.5628747834584462, "IIIYYI": -0.0011993070670279406, "XYXXXY": 0.032381290809754375, "YXXXYX": -0.03238129080975436, "YZZYII": 0.014391684804335277, "YZIZYI": 0.014391684804335267, "ZZZYZY": 1.3877787807814457e-17, "YIXYXI": -0.003597921201083827, "YYXXII": 0.3058233020921246, "ZIYZYI": 0.021587527206502918, "ZZYXYX": 0.4857193621463155, "XYIYIX": 0.014389128214238121, "YZIYZI": -0.007195842402167633, "YIIYII": 0.0015990760893705835, "YXYXII": -0.021587527206502914, "YYYXYX": -0.5828632345755784, "XYYIIX": 0.017989606005419094, "YXIIYX": 0.0071958424021676265, "IZZIYY": -0.04677297561408965, "YYXXYY": 0.356194198907298, "YXXIYI": 0.0035979212010838132, "IYXYIX": 0.017989606005419097, "YYXIXI": -0.007195842402167637, "XXXZZX": 0.06476258161950872, "XYXYZZ": 0.19428774485852615, "IZYYZI": 0.01079376360325146, "ZXXYYZ": -0.0323812908097544, "XXZIIZ": -0.42815262292897444, "XZYYZX": -0.032381290809754375, "ZIZIZZ": 0.053968818016257275, "IIIXIX": -0.00039976902234264804, "YXIYXI": -0.007195842402167654, "IZXZXI": 0.0, "ZYZYII": 0.007195842402167646, "ZYYYZY": -0.12952516323901744, "IXIIXI": -0.002398614134055878, "YIZYIZ": -0.03238129080975436, "XYIXYI": 0.010793763603251459, "XZIIXZ": 0.03238129080975437, "YIXXYI": -0.007195842402167633, "YIYYYI": 0.014389128214238114, "IZZZZI": 0.06116466041842492, "XIXYYI": 0.017986410267797667, "YXZXZY": 0.09714387242926309, "YIIZYZ": -0.007195842402167644, "ZXXZII": 0.017989606005419087, "YZYZYY": -1.3877787807814457e-17, "IIZYYZ": 0.007195842402167639, "ZIXZIX": 0.02158752720650291, "IYZZYI": 0.010793763603251462, "XXYXYX": -0.6800071070048416, "ZZIZZI": 0.33100875049971135, "IIYYZZ": -0.5396881801625728, "XXZYYZ": 0.06476258161950876, "ZIIXXZ": 0.01079376360325146, "ZYXYZX": 0.0323812908097544, "XZYZYX": 0.06476258161950872, "XZIXIZ": 0.0071958424021676265, "YXZZYX": 4.163336342344337e-17, "IXZZXI": -0.025185448407586734, "YXZZXY": 0.03238129080975435, "XZZZZX": -0.03238129080975436, "XIYXIY": -0.0035979212010838063, "XZXXXZ": -0.06476258161950874, "ZYYXZX": 0.06476258161950872, "XYZZYX": -0.06476258161950874, "ZZIXXI": 0.025185448407586734, "XIIIXI": -0.011593301647936743, "YYYYZZ": -0.22666903566828053, "IXYYXI": 0.02518544840758673, "YXXYXX": 0.03238129080975435, "YZXXYZ": 0.09714387242926309, "XIXZZI": -0.021587527206502914, "IXYIYX": 6.938893903907228e-18, "ZIZXIX": 0.06116466041842492, "IIXYXY": -0.8023364278416917, "ZXYYZX": 0.06476258161950876, "XXZZZZ": 0.8419135610536135, "XZZXZZ": 0.0, "YYIXIX": -0.007195842402167639, "IYIZZY": 0.01079376360325145, "XXIIII": 0.8119308843779149, "YIYIYY": 0.010793763603251454, "IZZYYI": -0.01439168480433527, "XYZXZY": 0.06476258161950871, "IIXZXZ": -0.0035979212010838132, "XZZXYY": 0.06475107696407159, "XIIZXZ": 0.00359792120108382, "YIIIIY": -0.014791453826677917, "YZIYIZ": 0.00719584240216763, "IIIZZI": -0.5097055034868743, "IYZIYZ": 0.010793763603251454, "XYXZYZ": -2.7755575615628914e-17, "IYYIZZ": 0.017989606005419094, "ZIYZIY": -0.014391684804335279, "YXZXYZ": 0.03238129080975436, "ZZZZZZ": -0.6152445253853329, "IYIYZZ": 0.00359792120108382, "YIZZYI": -0.00359792120108382, "XYXIIY": 0.0035979212010838132, "IXZIXZ": -0.021587527206502914, "YYYYYY": -0.3885754897170523, "ZIZXXI": 0.017989606005419094, "XIXIII": 0.027983831563985255, "XIIYXY": 8.673617379884035e-18, "XYXYXX": -0.06476258161950872, "XIYIXY": 0.007195842402167639, "YXIIXY": -0.010793763603251454, "YIXIXY": 0.003597921201083827, "IZZIII": -0.11433394038999689, "ZZXIXI": -0.025180974374916728, "YXZYZX": 0.0, "IXXZZI": -0.01079376360325145, "ZZYIYI": 0.025185448407586727, "ZZYYXX": -0.3561941989072979, "XXXXYY": 0.5828632345755786, "XYIIXY": -0.1331230844401013, "IIIIYY": 0.43694754142051256, "IXYIXY": -0.025185448407586727, "YZZXXY": -0.06476258161950872, "XXXYXY": -0.6800071070048416, "XXXYYX": -0.6476258161950873, "YIIYXX": 0.03957713321192201, "XYYZZX": 0.032381290809754375, "YYZYYZ": 0.0, "ZZXXYY": -0.4533380713365611, "ZXXIIZ": -0.0107918461606786, "XYXZZY": 0.03238129080975435, "YYYIYI": 0.01079376360325146, "YXIYIX": -0.0035979212010838323, "XXZYZY": -0.032375538482035796, "ZZXYYX": 0.4857193621463155, "YXYYYX": 0.16190645404877188, "ZXZIIX": -0.02518544840758673, "YYXYYX": -0.4857193621463154, "XYYXZZ": 0.2266690356682806, "YYYIIY": 0.025185448407586734, "IIIZIZ": -0.5088155615756982, "IIZXZX": 0.02518544840758673, "YZYZXX": 0.03238129080975435, "YZYXXZ": 0.09714387242926306, "XZXZXX": 1.3877787807814457e-17, "ZXIZXI": -0.010793763603251467, "XYYYYX": 0.09714387242926309, "ZYZXXY": -0.032381290809754375, "XYZYZX": 1.3877787807814457e-17, "IIZXXZ": 0.021587527206502914, "YYZZXX": -0.3238129080975437, "ZZXZXZ": 2.7755575615628914e-17, "ZYIZIY": 0.007195842402167625, "YXYIIX": -0.0035979212010838237, "ZZIIXX": 0.2734420112823702, "IXXIZZ": 0.03597921201083819, "IZYYIZ": 0.007195842402167637, "XIIIIX": -0.009594456536223515, "IYZYIZ": -0.04317505441300582, "ZXYZYX": -0.06476258161950872,