{"ZIXIZX": -0.0029195501730103733, "ZYIIZY": 0.029195501730103803, "XIIIIX": -0.0025951557093425613, "XXYYZZ": -0.5255190311418686, "ZYXXYZ": -0.02627595155709342, "IYYZIZ": -0.01751730103806229, "XXXXII": 0.45253027681660907, "XZXXXZ": 0.07882785467128028, "IXYIYX": 0.0029195501730103907, "ZYZXXY": 0.052551903114186845, "XZXYZY": 0.02627595155709344, "XZYZYX": -0.026275951557093426, "IXXIYY": 4.336808689942018e-18, "ZIIZXX": -0.02043685121107266, "ZXZYXY": -0.052551903114186886, "XXIZZI": -0.39121972318339104, "IYYIZZ": 0.0175173010380623, "XZZIIX": -0.011671890197773694, "XZYYZX": -0.026275951557093426, "YYXZZX": -0.052551903114186845, "XZXYYZ": 0.02627595155709342, "XZZYXY": 0.02627595155709342, "YYXXZZ": 0.3153114186851212, "XYYXXX": -0.02627595155709344, "XYYXZZ": 0.183931660899654, "YIYIXX": -0.011678200692041524, "IZZIXX": 0.05255190311418686, "YXIIYX": -1.734723475976807e-18, "ZXXIZI": 0.032115051903114186, "ZIXZXI": 0.020436851211072644, "YXYYYX": -0.026275951557093433, "ZXIXIZ": -0.02335640138408305, "IIIIXX": -0.44409602076124566, "XXIYIY": -0.008758650519031137, "ZXXZII": 0.005839100346020762, "YZYZXX": 0.026275951557093412, "YIYIII": -0.0178416955017301, "ZZZXZX": 0.05255190311418683, "XIZXIZ": -0.0058391003460207605, "XIIXII": 0.019777369501783208, "XZIXZI": -0.0029195501730103768, "YZXZYX": -0.02627595155709346, "ZXZXXX": -0.05255190311418686, "XIXIII": 0.02465397923875432, "ZIZZZI": -0.05839100346020761, "IIIZZI": -0.513840830449827, "XXZYZY": 0.052551903114186886, "IXIXXX": -0.035015670593321085, "YZZYII": 0.008758650519031139, "XIXYYI": 0.02335640138408305, "ZXYYZX": -0.07882785467128028, "IXXZIZ": -0.020436851211072665, "XXXZXZ": 0.0, "XYXYZZ": 0.15765570934256057, "ZYYXXZ": 0.05255190311418685, "XXXXXX": -0.4992430795847752, "YXXXXY": -0.1051038062283737, "IXIZXZ": 0.02043685121107266, "YXIXIY": -0.020436851211072655, "ZXZZXZ": 0.05255190311418686, "ZXYZYX": -0.05255190311418686, "IZIXZX": -0.02043685121107268, "XIYIYX": 0.026275951557093433, "YZZIYI": 0.029195501730103806, "ZZXXZZ": -0.3415873702422146, "ZXXZXX": -0.05255190311418686, "ZZYXYX": 0.4727115530098348, "IZIYZY": -0.008758650519031151, "IXYYIX": -5.204170427930421e-18, "IYIIYI": 0.005839100346020761, "ZZZIIZ": 0.30071366782006925, "IIZZZZ": 1.0101643598615917, "ZZZZYY": -0.2890354671280277, "ZXXZZZ": 0.07882785467128026, "ZYYIZI": -0.011678200692041521, "IZZXXI": -0.023356401384083056, "ZXZIIX": -0.011678200692041521, "YZZXYX": -0.13137975778546712, "IYYYIY": -0.0496055333405382, "IXYIXY": -3.469446951953614e-18, "XYYZXZ": -0.05255190311418686, "ZYYXZX": 0.052551903114186886, "ZXZXYY": 1.3877787807814457e-17, "IZYYZI": -0.0029195501730103768, "IXIZZX": -0.014597750865051898, "IZZYYI": -0.02042580784610396, "IYXIYX": -0.023356401384083042, "YYXZXZ": 0.07882785467128027, "YIYIZZ": 0.0029195501730104045, "ZIIXZX": -0.008758650519031137, "ZIIYYZ": -0.0321150519031142, "ZIIZYY": 0.023356401384083042, "ZZYIIY": -0.02335640138408305, "XYIXYI": 0.005839100346020757, "ZYYIIZ": -0.02919550173010381, "XYIYIX": 0.00875865051903113, "IZZIII": -0.1040743542634821, "XXIXIX": 0.02919550173010381, "XIIXXX": -0.0029195501730103768, "YZIIZY": -0.0058391003460207536, "XIZIZX": -0.005839100346020757, "IZZZIZ": 0.0759083044982699, "ZYIIYZ": 0.011678200692041521, "IZIZXX": 0.05255190311418685, "XZZIXI": 0.008753917648330273, "ZYZYXX": 0.0, "XIZZXI": -0.01167820069204153, "IYXIXY": -0.020436851211072672, "XZYXZY": 0.02627595155709344, "XZIIXZ": 0.008758650519031144, "YIXYIX": 0.0029195501730104184, "YXXYZZ": -0.052551903114186845, "XZZXYY": 0.026275951557093433, "XYZXYZ": -6.938893903907228e-18, "YZYYYZ": 0.0, "ZIXXIZ": -0.035034602076124584, "ZIZZIZ": -0.03211505190311419, "ZYXYZX": 0.026275951557093426, "XXIXXI": -6.938893903907228e-18, "ZYXZXY": -0.02627595155709342, "XYXYII": 0.14597750865051903, "IYZYZI": -0.005835945098886849, "XZZXZZ": 0.026275951557093426, "IIYZYZ": 0.0058391003460207536, "IXIIXI": 0.007136678200692043, "XXYIYI": 0.032115051903114186, "IIZIZI": -0.5057309688581315, "IXYXYI": -0.005839100346020758, "IXIYXY": -0.011678200692041524, "XIIYYX": -0.043793252595155714, "ZIIYZY": 0.014597750865051901, "YZZZYZ": -0.05255190311418685, "IZYZIY": 0.0058391003460207605, "IZXIZX": -0.005839100346020757, "IYYYYI": -0.008758650519031136, "XXZIIZ": -0.42625432525951557, "ZXXYYZ": 0.07882785467128028, "ZZIXXI": -6.938893903907228e-18, "IYIYZZ": -0.0029195501730103768, "IIIIYY": 0.4402032871972318, "XXYYII": -0.4817257785467127, "ZZZZZZ": -0.6043468858131488, "IZIZZZ": -0.11970155709342561, "XZZYYX": -0.052551903114186845, "IIYXXY": -0.8233131487889274, "YZYZYY": -6.938893903907228e-18, "ZYIZIY": -0.011678200692041521, "IYIYYY": -3.469446951953614e-18, "IYYXXI": -0.020436851211072665, "XXXYYX": -0.6568987889273354, "ZZIIZZ": -0.61310553633218, "ZXZYYX": 0.05255190311418686, "YZXZXY": -0.07882785467128028, "XXZYYZ": -6.938893903907228e-18, "YYXIIX": -0.02335640138408303, "IZYIZY": 0.020436851211072665, "YYYXXY": -0.3678633217993079, "ZZIXIX": 0.002919550173010383, "ZZXXII": -0.35326557093425603, "ZZIYYI": -0.0029195501730103924, "IXIXYY": 0.032115051903114186, "IZXZXI": 0.0029195501730103837, "ZYYZII": -0.008758650519031144, "YYXIXI": 0.014597750865051898, "XZXZII": 0.00291955017301037, "IYYIXX": 0.02043685121107266, "XZXZZZ": 0.052551903114186865, "IYZZIY": 0.011678200692041521, "XXXIIX": 0.008758650519031144, "YIIZZY": 0.011678200692041514, "IYZIYZ": -0.005839100346020771, "XIXZIZ": -0.029195501730103806, "IIZXXZ": -0.005839100346020757, "XXZZII": 0.8116349480968859, "IIIXXI": -0.007461072664359862, "ZYZZZY": 0.026275951557093426, "YYYYZZ": -0.3415873702422145, "ZZZIZI": 0.3328287197231834, "XYZXZY": 0.026275951557093433, "XIYIXY": -0.014597750865051898, "YZZZZY": 6.938893903907228e-18, "IXZXIZ": -0.0029195501730103837, "IYZIZY": -0.03795415224913495, "YYZZII": 0.560553633217993, "XYYYXY": 0.026275951557093433, "XXIIYY": 0.329909169550173, "XXXXZZ": 0.5255190311418685, "ZXIIXZ": 0.020436851211072672, "IIXZZX": -0.01751730103806229, "YXYXYY": -0.10510380622837368, "IZZXIX": 0.011671890197773697, "YIIZYZ": 0.011678200692041535, "XXIIXX": -0.35910467128027684, "YYZYYZ": 0.1051038062283737, "ZZZYYZ": -0.1575705176699449, "XIIXYY": -0.011671890197773692, "ZIIIIZ": -0.027897923875432523, "XXZZXX": -0.39413927335640137, "YIIYZZ": 0.008758650519031151, "ZIIZII": 0.06487889273356401, "IIZZII": 0.9958910034602073, "YIIYXX": -0.023343780395547395, "YYYYXX": 0.44669117647058826, "ZYIZYI": 0.020436851211072665, "YXZXZY": -0.13137975778546715, "IXZZXI": -0.0058391003460207536, "YIYZZI": 0.008758650519031139, "IIYXYX": -0.84375, "XXYIIY": -0.0029195501730103803, "YZIIYZ": -0.011678200692041524, "ZZXIXI": -0.008758650519031137, "XXYZYZ": -0.02627595155709342, "ZZXYYX": 0.44669117647058826, "XIXZZI": -0.017517301038062275, "IIXXYY": 0.6306228373702423, "IIIIII": 0.9999999999999997, "IIIXIX": 0.00681228373702422, "XXZXZX": -1.3877787807814457e-17, "ZXXXXZ": 1.3877787807814457e-17, "XZIXIZ": -0.03795415224913494, "ZIIZZZ": 0.049632352941176475, "IYIIIY": 0.004541522491349479, "XZIZXI": 0.008758650519031158, "XIZZIX": 0.020436851211072665, "YYZIIZ": -0.2831963667820069, "YIIYYY": 0.03503460207612458, "YXYXZZ": -0.10510380622837373, "YXXZZY": -0.05255190311418686, "YYIYYI": -0.00875865051903115, "ZZXXXX": 0.3415873702422145, "YYXYXY": -0.5255190311418685, "XZXZYY": -0.07882785467128028, "ZYXYXZ": 0.13137975778546715, "IIXYYX": -0.8174740484429066, "ZZYYZZ": 0.2890354671280277, "ZXXYZY": -0.026275951557093433, "ZZIIYY": -0.28611591695501737, "YYYIYI": -0.005839100346020764, "ZIIXXZ": -0.011678200692041523, "IZYIYZ": 0.026275951557093433, "YIZIZY": -0.026275951557093433, "ZIYIYZ": 3.469446951953614e-18, "ZIZXXI": 0.011678200692041528, "YXIYIX": -0.0058391003460207536, "IYIYXX": -0.008758650519031144, "XXYXYX": -0.6831747404844289, "XIYXIY": 0.0, "XXYXXY": -0.6306228373702423, "XZIIZX": -0.032115051903114186, "YYZZYY": 0.23635577650491732, "XXIIZZ": 0.820393598615917, "YXXIIY": 0.008758650519031151,