{"ZIXIZX": -0.014597750865051905, "ZYIIZY": 0.0175173010380623, "XIIIIX": -0.00681228373702422, "XXYYZZ": -0.5255190311418685, "ZYXXYZ": 6.938893903907228e-18, "IYYZIZ": -0.029195501730103803, "XXXXII": 0.46712802768166095, "XZXXXZ": -0.026275951557093433, "IXYIYX": 0.008758650519031134, "ZYZXXY": 6.938893903907228e-18, "XZXYZY": 0.07878525883497245, "XZYZYX": 0.05255190311418685, "IXXIYY": 0.026275951557093426, "ZIIZXX": -0.05547145328719725, "ZXZYXY": -0.052551903114186845, "XXIZZI": -0.3853806228373703, "IYYIZZ": 0.011678200692041521, "XZZIIX": -0.02043685121107266, "XZYYZX": -0.026275951557093426, "YYXZZX": -6.938893903907228e-18, "XZXYYZ": 6.938893903907228e-18, "XZZYXY": -0.02627595155709342, "YYXXZZ": 0.2890354671280277, "XYYXXX": -0.1051038062283737, "XYYXZZ": 0.1576557093425605, "YIYIXX": -0.014597750865051905, "IZZIXX": 0.04963235294117647, "YXIIYX": 0.014597750865051915, "ZXXIZI": 0.002917972549443426, "ZIXZXI": -0.008753917648330278, "YXYYYX": 0.026275951557093426, "ZXIXIZ": -0.01751730103806229, "IIIIXX": -0.43760813148788924, "XXIYIY": 0.032115051903114186, "ZXXZII": -0.011678200692041521, "YZYZXX": -0.07882785467128027, "YIYIII": 0.004217128027681661, "ZZZXZX": 0.1051038062283737, "XIZXIZ": -0.008758650519031144, "XIIXII": 0.025627162629757783, "XZIXZI": 0.014597750865051905, "YZXZYX": 6.938893903907228e-18, "ZXZXXX": -0.026275951557093426, "XIXIII": 0.03209769804387766, "ZIZZZI": -0.02335640138408305, "IIIZZI": -0.5021626297577855, "XXZYZY": 0.026275951557093433, "IXIXXX": -0.04087370242214533, "YZZYII": 0.014597750865051906, "XIXYYI": 0.008758650519031148, "ZXYYZX": -0.05255190311418685, "IXXZIZ": -0.02335640138408305, "XXXZXZ": 0.05255190311418685, "XYXYZZ": 0.15765570934256054, "ZYYXXZ": -0.026275951557093412, "XXXXXX": -0.5255190311418685, "YXXXXY": -0.15765570934256057, "IXIZXZ": 0.0029195501730103855, "YXIXIY": 0.03211505190311417, "ZXZZXZ": -0.026275951557093433, "ZXYZYX": -0.07882785467128031, "IZIXZX": 0.0029195501730103768, "XIYIYX": -0.020436851211072665, "YZZIYI": -0.008758650519031137, "ZZXXZZ": -0.3415873702422146, "ZXXZXX": -1.3877787807814457e-17, "ZZYXYX": 0.5517949826989619, "IZIYZY": -0.008758650519031137, "IXYYIX": 0.011678200692041521, "IYIIYI": -0.006487889273356403, "ZZZIIZ": 0.32407006920415227, "IIZZZZ": 0.9955666089965398, "ZZZZYY": -0.2626175294499081, "ZXXZZZ": 0.05255190311418685, "ZYYIZI": -0.03503460207612457, "IZZXXI": 0.0, "ZXZIIX": -0.014597750865051898, "YZZXYX": -6.938893903907228e-18, "IYYYIY": -0.005839100346020757, "IXYIXY": -0.032115051903114186, "XYYZXZ": 0.0, "ZYYXZX": 0.0, "ZXZXYY": 0.05255190311418685, "IZYYZI": -0.0029195501730103716, "IXIZZX": -0.04085161569220793, "IZZYYI": -0.01751730103806228, "IYXIYX": 0.0029195501730103837, "YYXZXZ": 0.026275951557093405, "YIYIZZ": 0.0029195501730103855, "ZIIXZX": 0.0058391003460207536, "ZIIYYZ": 0.026275951557093415, "ZIIZYY": 0.04087370242214533, "ZZYIIY": -0.011678200692041521, "XYIXYI": -0.011678200692041514, "ZYYIIZ": -0.02335640138408305, "XYIYIX": 0.026275951557093433, "IZZIII": -0.11029411764705882, "XXIXIX": -0.026275951557093422, "XIIXXX": -0.026261752944990814, "YZIIZY": -0.032115051903114186, "XIZIZX": -0.002919550173010382, "IZZZIZ": 0.06714965397923876, "ZYIIYZ": -0.029195501730103813, "IZIZXX": 0.0467128027681661, "XZZIXI": 0.02335640138408307, "ZYZYXX": 0.07882785467128026, "XIZZXI": -0.014597750865051905, "IYXIXY": -0.011678200692041514, "XZYXZY": -0.026275951557093412, "XZIIXZ": 0.02043685121107266, "YIXYIX": 0.0, "YXXYZZ": -0.05255190311418686, "XZZXYY": 0.05255190311418685, "XYZXYZ": -0.026275951557093426, "YZYYYZ": 0.0, "ZIXXIZ": 0.020436851211072665, "ZIZZIZ": -0.04379325259515571, "ZYXYZX": -0.05255190311418686, "XXIXXI": -0.0058391003460207605, "ZYXZXY": 1.3877787807814457e-17, "XYXYII": 0.1664143598615917, "IYZYZI": 0.008758650519031137, "XZZXZZ": 0.0, "IIYZYZ": -0.017517301038062285, "IXIIXI": -0.0019463667820069207, "XXYIYI": 0.005839100346020764, "IIZIZI": -0.4998918685121107, "IXYXYI": 0.011678200692041521, "IXIYXY": -0.049605533340538195, "XIIYYX": -0.032115051903114186, "ZIIYZY": -0.029195501730103813, "YZZZYZ": -0.026275951557093426, "IZYZIY": -6.938893903907228e-18, "IZXIZX": -0.04087370242214534, "IYYYYI": -0.0029195501730103837, "XXZIIZ": -0.3999783737024221, "ZXXYYZ": -0.02627595155709342, "ZZIXXI": -0.0058391003460207605, "IYIYZZ": 0.005839100346020764, "IIIIYY": 0.43241782006920415, "XXYYII": -0.4846453287197232, "ZZZZZZ": -0.5780709342560553, "IZIZZZ": -0.08466695501730104, "XZZYYX": -0.05255190311418686, "IIYXXY": -0.8087153979238755, "YZYZYY": -0.026275951557093412, "ZYIZIY": 0.023356401384083056, "IYIYYY": 0.008758650519031144, "IYYXXI": 0.023356401384083045, "XXXYYX": -0.7094506920415224, "ZZIIZZ": -0.6189446366782008, "ZXZYYX": 6.938893903907228e-18, "YZXZXY": -0.026275951557093412, "XXZYYZ": 0.02627595155709344, "YYXIIX": -0.0058391003460207536, "IZYIZY": -0.0058391003460207605, "YYYXXY": -0.42041522491349476, "ZZIXIX": 0.01751730103806229, "ZZXXII": -0.3474264705882353, "ZZIYYI": 0.026275951557093433, "IXIXYY": 0.01751730103806228, "IZXZXI": 0.014597750865051912, "ZYYZII": -0.02043685121107267, "YYXIXI": -0.02043685121107266, "XZXZII": -0.0029195501730103724, "IYYIXX": -0.008758650519031148, "XZXZZZ": -0.026275951557093426, "IYZZIY": -0.02627595155709342, "XXXIIX": -0.020436851211072665, "YIIZZY": 0.008758650519031137, "IYZIYZ": 0.011678200692041528, "XIXZIZ": -0.02335640138408304, "IIZXXZ": 0.011678200692041528, "XXZZII": 0.8145544982698962, "IIIXXI": -0.0038927335640138432, "ZYZZZY": -6.938893903907228e-18, "YYYYZZ": -0.26275951557093424, "ZZZIZI": 0.29487456747404844, "XYZXZY": 0.05255190311418685, "XIYIXY": -0.005835945098886866, "YZZZZY": -0.10510380622837368, "IXZXIZ": -0.014597750865051917, "IYZIZY": 0.026275951557093433, "YYZZII": 0.5634731833910036, "XYYYXY": 2.0816681711721685e-17, "XXIIYY": 0.3620242214532872, "XXXXZZ": 0.4204152249134948, "ZXIIXZ": 0.0029195501730103768, "IIXZZX": 0.023356401384083052, "YXYXYY": -0.07882785467128028, "IZZXIX": -0.011678200692041521, "YIIZYZ": -0.020436851211072672, "XXIIXX": -0.3561851211072664, "YYZYYZ": 0.052551903114186865, "ZZZYYZ": 0.026275951557093426, "XIIXYY": 0.02042580784610397, "ZIIIIZ": -0.039251730103806226, "XXZZXX": -0.39413927335640137, "YIIYZZ": 0.017517301038062285, "ZIIZII": 0.06131055363321799, "IIZZII": 0.9962153979238751, "YIIYXX": 0.0058391003460207605, "YYYYXX": 0.34140278828488063, "ZYIZYI": -0.008758650519031144, "YXZXZY": -0.05255190311418686, "IXZZXI": -1.3877787807814457e-17, "YIYZZI": 0.0058391003460207536, "IIYXYX": -0.8262326989619377, "XXYIIY": 0.020425807846103962, "YZIIYZ": 6.938893903907228e-18, "ZZXIXI": -0.04087370242214533, "XXYZYZ": 0.0, "ZZXYYX": 0.551496811844807, "XIXZZI": 0.0029195501730103768, "IIXXYY": 0.6744160899653979, "IIIIII": 0.9999999999999997, "IIIXIX": -8.673617379884035e-19, "XXZXZX": -0.026275951557093398, "ZXXXXZ": -0.07882785467128028, "XZIXIZ": 0.008758650519031137, "ZIIZZZ": 0.08174740484429066, "IYIIIY": -0.004541522491349482, "XZIZXI": -0.0058391003460207605, "XIZZIX": -0.002917972549443426, "YYZIIZ": -0.2861159169550173, "YIIYYY": 0.046712802768166084, "YXYXZZ": -0.026261752944990807, "YXXZZY": -0.026275951557093426, "YYIYYI": -0.0058391003460207605, "ZZXXXX": 0.3941392733564014, "YYXYXY": -0.4729671280276817, "XZXZYY": -0.02627595155709342, "ZYXYXZ": 0.15765570934256054, "IIXYYX": -0.8145544982698962, "ZZYYZZ": 0.2890354671280277, "ZXXYZY": -6.938893903907228e-18, "ZZIIYY": -0.28319636678200694, "YYYIYI": 0.03503460207612458, "ZIIXXZ": -0.008758650519031151, "IZYIYZ": 0.008758650519031151, "YIZIZY": 0.008758650519031148, "ZIYIYZ": -0.0029195501730103907, "ZIZXXI": 0.0058391003460207605, "YXIYIX": 0.04379325259515572, "IYIYXX": -0.01751730103806228, "XXYXYX": -0.7620025951557092, "XIYXIY": -0.04379325259515571, "XXYXXY": -0.7094506920415224, "XZIIZX": 0.029195501730103816, "YYZZYY": 0.23648356401384082, "XXIIZZ": 0.8233131487889273, "YXXIIY": 0.00875865051903113, "ZIZIZZ": 0.09634515570934257,