{"ZIXIZX": -0.008758650519031144, "ZYIIZY": -0.026275951557093426, "XIIIIX": -0.004865916955017303, "XXYYZZ": -0.4204152249134948, "ZYXXYZ": -0.05255190311418685, "IYYZIZ": -0.0029195501730103837, "XXXXII": 0.48464532871972316, "XZXXXZ": 0.0, "IXYIYX": -0.032115051903114186, "ZYZXXY": -0.026261752944990807, "XZXYZY": -0.026275951557093433, "XZYZYX": 0.02627595155709342, "IXXIYY": 0.020436851211072665, "ZIIZXX": -0.008758650519031158, "ZXZYXY": 0.026275951557093426, "XXIZZI": -0.3824610726643599, "IYYIZZ": 0.01751730103806229, "XZZIIX": -0.02335640138408305, "XZYYZX": 6.938893903907228e-18, "YYXZZX": -0.07882785467128028, "XZXYYZ": -0.05255190311418685, "XZZYXY": 0.05255190311418686, "YYXXZZ": 0.3151410353398898, "XYYXXX": -6.938893903907228e-18, "XYYXZZ": 0.13137975778546715, "YIYIXX": -0.01751730103806229, "IZZIXX": 0.0467128027681661, "YXIIYX": -0.014597750865051906, "ZXXIZI": 0.011678200692041514, "ZIXZXI": -0.023356401384083042, "YXYYYX": 0.07882785467128028, "ZXIXIZ": -0.014597750865051898, "IIIIXX": -0.4333910034602076, "XXIYIY": 0.020436851211072665, "ZXXZII": -0.014597750865051905, "YZYZXX": -6.938893903907228e-18, "YIYIII": 0.003892733564013838, "ZZZXZX": 6.938893903907228e-18, "XIZXIZ": 0.0058391003460207605, "XIIXII": 0.028871107266435984, "XZIXZI": -0.026275951557093433, "YZXZYX": -0.026275951557093433, "ZXZXXX": -0.1051038062283737, "XIXIII": 0.029844290657439446, "ZIZZZI": -0.06714965397923876, "IIIZZI": -0.5060553633217993, "XXZYZY": 0.05255190311418685, "IXIXXX": -6.938893903907228e-18, "YZZYII": -0.01751730103806228, "XIXYYI": -0.014597750865051908, "ZXYYZX": -0.026275951557093426, "IXXZIZ": -6.938893903907228e-18, "XXXZXZ": -1.3877787807814457e-17, "XYXYZZ": 0.23648356401384082, "ZYYXXZ": 0.05255190311418686, "XXXXXX": -0.6043468858131487, "YXXXXY": -0.026275951557093426, "IXIZXZ": -0.026275951557093426, "YXIXIY": 0.014597750865051896, "ZXZZXZ": -0.026275951557093433, "ZXYZYX": -0.05255190311418686, "IZIXZX": -0.014597750865051893, "XIYIYX": -0.0058391003460207605, "YZZIYI": -0.008758650519031144, "ZZXXZZ": -0.367863321799308, "ZXXZXX": 6.938893903907228e-18, "ZZYXYX": 0.4466911764705883, "IZIYZY": -0.005839100346020773, "IXYYIX": 0.008758650519031144, "IYIIYI": 0.002270761245674742, "ZZZIIZ": 0.30655276816609, "IIZZZZ": 0.9984861591695502, "ZZZZYY": -0.23648356401384082, "ZXXZZZ": -6.938893903907228e-18, "ZYYIZI": 0.002919550173010394, "IZZXXI": -0.029179725494434233, "ZXZIIX": 0.023356401384083045, "YZZXYX": -6.938893903907228e-18, "IYYYIY": -0.0029195501730103768, "IXYIXY": 0.002917972549443433, "XYYZXZ": -6.938893903907228e-18, "ZYYXZX": -0.05255190311418686, "ZXZXYY": -0.026275951557093426, "IZYYZI": 0.0058391003460207605, "IXIZZX": -0.032115051903114186, "IZZYYI": 0.011678200692041535, "IYXIYX": -0.0029195501730103768, "YYXZXZ": 0.02627595155709344, "YIYIZZ": 0.0029195501730103768, "ZIIXZX": 0.01751730103806229, "ZIIYYZ": -0.01751730103806228, "ZIIZYY": 0.026275951557093422, "ZZYIIY": 0.011678200692041521, "XYIXYI": 0.005839100346020757, "ZYYIIZ": 0.0058391003460207674, "XYIYIX": -0.01167820069204153, "IZZIII": -0.10964532871972318, "XXIXIX": 0.0058391003460207536, "XIIXXX": -0.026275951557093433, "YZIIZY": 0.0058391003460207674, "XIZIZX": -8.673617379884035e-19, "IZZZIZ": 0.04085161569220793, "ZYIIYZ": 0.020436851211072662, "IZIZXX": 0.026275951557093405, "XZZIXI": -0.002919550173010394, "ZYZYXX": 0.1051038062283737, "XIZZXI": 0.014597750865051906, "IYXIXY": -0.011678200692041535, "XZYXZY": 6.938893903907228e-18, "XZIIXZ": 0.0058391003460207674, "YIXYIX": -0.023356401384083042, "YXXYZZ": 0.02627595155709344, "XZZXYY": -0.052523505889981635, "XYZXYZ": -0.07882785467128028, "YZYYYZ": 0.0, "ZIXXIZ": 0.014597750865051901, "ZIZZIZ": -0.052551903114186865, "ZYXYZX": 0.0, "XXIXXI": 0.0029195501730103885, "ZYXZXY": 0.0, "XYXYII": 0.18393166089965396, "IYZYZI": 0.008758650519031137, "XZZXZZ": -0.07882785467128028, "IIYZYZ": -0.0058391003460207605, "IXIIXI": -0.0009731833910034595, "XXYIYI": 0.017517301038062292, "IIZIZI": -0.5067041522491349, "IXYXYI": -0.014597750865051903, "IXIYXY": -0.023356401384083056, "XIIYYX": 0.02627595155709344, "ZIIYZY": 0.0029195501730103785, "YZZZYZ": 0.10510380622837369, "IZYZIY": -0.008753917648330277, "IZXIZX": 0.008758650519031134, "IYYYYI": -0.0058391003460207674, "XXZIIZ": -0.37662197231833916, "ZXXYYZ": -0.07882785467128028, "ZZIXXI": -0.029195501730103803, "IYIYZZ": 0.017517301038062285, "IIIIYY": 0.4444204152249135, "XXYYII": -0.47296712802768165, "ZZZZZZ": -0.6306228373702423, "IZIZZZ": -0.1051038062283737, "XZZYYX": -0.02627595155709342, "IIYXXY": -0.8291522491349481, "YZYZYY": 0.05255190311418684, "ZYIZIY": -0.014597750865051903, "IYIYYY": -0.023356401384083042, "IYYXXI": 0.023356401384083045, "XXXYYX": -0.6043468858131487, "ZZIIZZ": -0.6393814878892734, "ZXZYYX": -3.469446951953614e-17, "YZXZXY": -0.026261752944990807, "XXZYYZ": -0.13137975778546715, "YYXIIX": -0.008753917648330277, "IZYIZY": -0.01459775086505189, "YYYXXY": -0.49924307958477504, "ZZIXIX": 0.0029195501730103837, "ZZXXII": -0.37078287197231835, "ZZIYYI": -0.0029195501730103776, "IXIXYY": 0.02335640138408305, "IZXZXI": 0.020436851211072672, "ZYYZII": -0.026261752944990824, "YYXIXI": 0.002919550173010387, "XZXZII": -0.011678200692041524, "IYYIXX": 0.005839100346020774, "XZXZZZ": 0.07882785467128028, "IYZZIY": 0.0029195501730103803, "XXXIIX": 0.0029195501730103768, "YIIZZY": -0.02919550173010381, "IYZIYZ": 0.011678200692041524, "XIXZIZ": -0.026275951557093412, "IIZXXZ": -0.02335640138408305, "XXZZII": 0.8174740484429066, "IIIXXI": 0.005190311418685121, "ZYZZZY": -0.026275951557093398, "YYYYZZ": -0.3415873702422146, "ZZZIZI": 0.3240700692041522, "XYZXZY": -0.026261752944990807, "XIYIXY": 0.0029195501730103837, "YZZZZY": 0.026261752944990814, "IXZXIZ": 0.02335640138408303, "IYZIZY": 0.008758650519031144, "YYZZII": 0.5663927335640138, "XYYYXY": 0.05255190311418686, "XXIIYY": 0.34432076083432395, "XXXXZZ": 0.4992430795847751, "ZXIIXZ": 1.0408340855860843e-17, "IIXZZX": -0.026275951557093433, "YXYXYY": -0.07882785467128028, "IZZXIX": 0.011678200692041535, "YIIZYZ": -0.0175173010380623, "XXIIXX": -0.3445069204152249, "YYZYYZ": 0.026275951557093433, "ZZZYYZ": -0.05255190311418685, "XIIXYY": 0.011678200692041524, "ZIIIIZ": -0.035358996539792395, "XXZZXX": -0.34158737024221447, "YIIYZZ": -0.023356401384083045, "ZIIZII": 0.07396193771626297, "IIZZII": 1.0010813148788924, "YIIYXX": 0.020436851211072662, "YYYYXX": 0.2102076124567474, "ZYIZYI": -0.011678200692041524, "YXZXZY": 0.07882785467128028, "IXZZXI": 6.938893903907228e-18, "YIYZZI": 0.023356401384083042, "IIYXYX": -0.8145544982698962, "XXYIIY": -0.014597750865051894, "YZIIYZ": 0.029195501730103816, "ZZXIXI": 0.002917972549443433, "XXYZYZ": 0.07882785467128028, "ZZXYYX": 0.5255190311418686, "XIXZZI": -0.01751730103806229, "IIXXYY": 0.6452205882352942, "IIIIII": 0.9999999999999997, "IIIXIX": 0.0019453150329622844, "XXZXZX": -6.938893903907228e-18, "ZXXXXZ": 1.3877787807814457e-17, "XZIXIZ": 0.0, "ZIIZZZ": 0.07006920415224914, "IYIIIY": 0.00551470588235294, "XZIZXI": 0.017517301038062275, "XIZZIX": 0.014597750865051905, "YYZIIZ": -0.26859861591695505, "YIIYYY": -0.0058391003460207674, "YXYXZZ": -0.026275951557093433, "YXXZZY": -0.026275951557093447, "YYIYYI": -0.011678200692041521, "ZZXXXX": 0.3941392733564015, "YYXYXY": -0.44669117647058826, "XZXZYY": -0.02626175294499082, "ZYXYXZ": 6.938893903907228e-18, "IIXYYX": -0.8057958477508651, "ZZYYZZ": 0.31531141868512114, "ZXXYZY": 6.938893903907228e-18, "ZZIIYY": -0.29195501730103807, "YYYIYI": -0.011678200692041518, "ZIIXXZ": -0.0058391003460207605, "IZYIYZ": 0.011678200692041507, "YIZIZY": -0.00583910034602074, "ZIYIYZ": -0.005839100346020751, "ZIZXXI": 0.0029195501730103768, "YXIYIX": 5.204170427930421e-18, "IYIYXX": 0.0029195501730103855, "XXYXYX": -0.6568987889273357, "XIYXIY": -0.0029195501730103803, "XXYXXY": -0.6306228373702423, "XZIIZX": -0.020436851211072676, "YYZZYY": 0.367863321799308, "XXIIZZ": 0.8087153979238755,