{"ZIXIZX": -3.469446951953614e-18, "ZYIIZY": 0.0029195501730103837, "XIIIIX": 0.006163494809688578, "XXYYZZ": -0.42041522491349487, "ZYXXYZ": -0.052551903114186886, "IYYZIZ": -0.017517301038062292, "XXXXII": 0.4729671280276817, "XZXXXZ": 0.052551903114186845, "IXYIYX": -0.017517301038062295, "ZYZXXY": 0.1051038062283737, "XZXYZY": -0.1051038062283737, "XZYZYX": 0.05255190311418685, "IXXIYY": 0.00875865051903114, "ZIIZXX": -0.06423010380622839, "ZXZYXY": 0.0, "XXIZZI": -0.4087370242214533, "IYYIZZ": 0.01751730103806228, "XZZIIX": -0.0029195501730103803, "XZYYZX": -0.07882785467128028, "YYXZZX": 0.07882785467128028, "XZXYYZ": 6.938893903907228e-18, "XZZYXY": -0.052523505889981635, "YYXXZZ": 0.26275951557093424, "XYYXXX": -0.1051038062283737, "XYYXZZ": 0.23648356401384082, "YIYIXX": -0.011678200692041521, "IZZIXX": 0.02043685121107266, "YXIIYX": -1.0408340855860843e-17, "ZXXIZI": 0.03503460207612456, "ZIXZXI": 0.0029195501730103768, "YXYYYX": 1.3877787807814457e-17, "ZXIXIZ": -0.005839100346020762, "IIIIXX": -0.4317690311418685, "XXIYIY": -0.0029195501730103785, "ZXXZII": -0.0058391003460207674, "YZYZXX": -6.938893903907228e-18, "YIYIII": 0.0058391003460207605, "ZZZXZX": -0.026275951557093433, "XIZXIZ": 0.029195501730103806, "XIIXII": 0.023032006920415227, "XZIXZI": -0.0058391003460207605, "YZXZYX": -6.938893903907228e-18, "ZXZXXX": -0.026275951557093433, "XIXIII": 0.030817474048442907, "ZIZZZI": -0.011678200692041521, "IIIZZI": -0.5109212802768166, "XXZYZY": 0.02627595155709342, "IXIXXX": -0.04087370242214533, "YZZYII": -0.017517301038062278, "XIXYYI": -1.3877787807814457e-17, "ZXYYZX": -0.026275951557093426, "IXXZIZ": -0.029179725494434237, "XXXZXZ": -0.026275951557093433, "XYXYZZ": 0.13137975778546715, "ZYYXXZ": -0.05255190311418686, "XXXXXX": -0.6040203177347887, "YXXXXY": -0.052523505889981635, "IXIZXZ": 0.008758650519031142, "YXIXIY": 0.011678200692041524, "ZXZZXZ": 0.0, "ZXYZYX": 0.0, "IZIXZX": -0.002919550173010382, "XIYIYX": -0.002919550173010394, "YZZIYI": 0.005839100346020768, "ZZXXZZ": -0.2890354671280277, "ZXXZXX": 0.07882785467128028, "ZZYXYX": 0.5255190311418686, "IZIYZY": 0.03503460207612458, "IXYYIX": 0.0058391003460207605, "IYIIYI": -0.0058391003460207605, "ZZZIIZ": 0.3182309688581315, "IIZZZZ": 0.9955666089965398, "ZZZZYY": -0.2890354671280277, "ZXXZZZ": 6.938893903907228e-18, "ZYYIZI": 0.0029195501730103803, "IZZXXI": -0.008758650519031144, "ZXZIIX": -0.008758650519031144, "YZZXYX": -0.05255190311418684, "IYYYIY": -0.011678200692041535, "IXYIXY": -0.029179725494434237, "XYYZXZ": -0.1051038062283737, "ZYYXZX": -0.05255190311418686, "ZXZXYY": 2.7755575615628914e-17, "IZYYZI": 0.002919550173010363, "IXIZZX": 0.040873702422145344, "IZZYYI": -0.023356401384083042, "IYXIYX": -0.02919550173010381, "YYXZXZ": 0.05255190311418686, "YIYIZZ": 0.0058391003460207605, "ZIIXZX": -0.03211505190311419, "ZIIYYZ": 0.005839100346020755, "ZIIZYY": 0.023356401384083042, "ZZYIIY": -0.005839100346020764, "XYIXYI": 0.0029195501730103733, "ZYYIIZ": 0.008758650519031144, "XYIYIX": 0.04087370242214533, "IZZIII": -0.1132136678200692, "XXIXIX": -0.008758650519031144, "XIIXXX": -0.02627595155709343, "YZIIZY": 0.011678200692041521, "XIZIZX": -0.008758650519031158, "IZZZIZ": 0.07006920415224913, "ZYIIYZ": -0.02919550173010381, "IZIZXX": 0.04963235294117648, "XZZIXI": -0.03211505190311417, "ZYZYXX": 0.02627595155709342, "XIZZXI": -5.204170427930421e-18, "IYXIXY": 0.0029195501730103768, "XZYXZY": 0.07878525883497248, "XZIIXZ": 0.0058391003460207605, "YIXYIX": -0.0029195501730103768, "YXXYZZ": 6.938893903907228e-18, "XZZXYY": 0.05255190311418685, "XYZXYZ": 0.026275951557093426, "YZYYYZ": -0.026275951557093433, "ZIXXIZ": 0.01751730103806229, "ZIZZIZ": -0.049632352941176475, "ZYXYZX": -0.026275951557093426, "XXIXXI": 0.008758650519031144, "ZYXZXY": -6.938893903907228e-18, "XYXYII": 0.17809256055363323, "IYZYZI": -0.0029195501730103803, "XZZXZZ": 0.05255190311418686, "IIYZYZ": -0.002919550173010389, "IXIIXI": 0.002595155709342557, "XXYIYI": -6.938893903907228e-18, "IIZIZI": -0.501189446366782, "IXYXYI": -0.0321150519031142, "IXIYXY": -0.06423010380622837, "XIIYYX": -0.0029195501730103763, "ZIIYZY": -0.01751730103806229, "YZZZYZ": -0.026275951557093426, "IZYZIY": -0.014597750865051912, "IZXIZX": 0.0058391003460207536, "IYYYYI": 0.008758650519031134, "XXZIIZ": -0.41749567474048443, "ZXXYYZ": 0.026261752944990807, "ZZIXXI": -0.02919550173010381, "IYIYZZ": 0.0058391003460207605, "IIIIYY": 0.43663494809688574, "XXYYII": -0.4554498269896194, "ZZZZZZ": -0.7357266435986158, "IZIZZZ": -0.09926470588235295, "XZZYYX": 0.026275951557093405, "IIYXXY": -0.8262326989619377, "YZYZYY": -0.05255190311418685, "ZYIZIY": 0.00583910034602075, "IYIYYY": 0.017517301038062285, "IYYXXI": -0.014597750865051894, "XXXYYX": -0.683174740484429, "ZZIIZZ": -0.5897491349480969, "ZXZYYX": 0.0, "YZXZXY": -0.02627595155709342, "XXZYYZ": -0.07882785467128027, "YYXIIX": 0.02627595155709343, "IZYIZY": 0.01751730103806229, "YYYXXY": -0.4992430795847752, "ZZIXIX": 0.014597750865051898, "ZZXXII": -0.3357482698961938, "ZZIYYI": -0.014597750865051901, "IXIXYY": 0.03211505190311418, "IZXZXI": -0.0058391003460207605, "ZYYZII": 0.020425807846103962, "YYXIXI": -0.020436851211072662, "XZXZII": -0.0058391003460207536, "IYYIXX": -0.00875865051903114, "XZXZZZ": 0.0, "IYZZIY": -0.020436851211072665, "XXXIIX": -0.005839100346020757, "YIIZZY": 0.011678200692041524, "IYZIYZ": -0.0029195501730103837, "XIXZIZ": -0.014597750865051905, "IIZXXZ": -0.008758650519031146, "XXZZII": 0.8111963687452718, "IIIXXI": 0.002270761245674743, "ZYZZZY": 0.07882785467128027, "YYYYZZ": -0.3153114186851211, "ZZZIZI": 0.31531141868512114, "XYZXZY": -0.02627595155709342, "XIYIXY": -0.029195501730103816, "YZZZZY": 0.05255190311418685, "IXZXIZ": 0.014597750865051896, "IYZIZY": -0.005835945098886859, "YYZZII": 0.5430363321799307, "XYYYXY": 0.052551903114186845, "XXIIYY": 0.35618512110726647, "XXXXZZ": 0.4466911764705883, "ZXIIXZ": -0.00291955017301039, "IIXZZX": -0.01751730103806229, "YXYXYY": 0.026275951557093426, "IZZXIX": 0.008758650519031136, "YIIZYZ": -0.0145977508650519, "XXIIXX": -0.3445069204152249, "YYZYYZ": -0.07882785467128028, "ZZZYYZ": 0.026275951557093426, "XIIXYY": -0.014589862747217115, "ZIIIIZ": -0.033737024221453284, "XXZZXX": -0.367863321799308, "YIIYZZ": -6.938893903907228e-18, "ZIIZII": 0.07331314878892733, "IIZZII": 1.0017301038062283, "YIIYXX": -0.04087370242214533, "YYYYXX": 0.36786332179930803, "ZYIZYI": 0.0291955017301038, "YXZXZY": -0.05255190311418685, "IXZZXI": -0.03211505190311419, "YIYZZI": -0.00875865051903113, "IIYXYX": -0.8145544982698962, "XXYIIY": 0.020436851211072662, "YZIIYZ": 0.005839100346020764, "ZZXIXI": 0.02043685121107267, "XXYZYZ": 0.026275951557093398, "ZZXYYX": 0.5780709342560554, "XIXZZI": 0.005839100346020762, "IIXXYY": 0.683174740484429, "IIIIII": 0.9999999999999997, "IIIXIX": -0.0035683391003460234, "XXZXZX": -0.026275951557093426, "ZXXXXZ": 1.3877787807814457e-17, "XZIXIZ": -0.020425807846103976, "ZIIZZZ": 0.0759083044982699, "IYIIIY": -0.006812283737024222, "XZIZXI": 0.0058391003460207536, "XIZZIX": 0.0029195501730103855, "YYZIIZ": -0.2977941176470588, "YIIYYY": -6.938893903907228e-18, "YXYXZZ": -0.05255190311418686, "YXXZZY": 0.026275951557093412, "YYIYYI": -0.0058391003460207605, "ZZXXXX": 0.34158737024221464, "YYXYXY": -0.4204152249134948, "XZXZYY": -0.05255190311418686, "ZYXYXZ": 0.026275951557093433, "IIXYYX": -0.8525086505190311, "ZZYYZZ": 0.3941392733564015, "ZXXYZY": -0.026275951557093426, "ZZIIYY": -0.25108131487889274, "YYYIYI": 0.020436851211072655, "ZIIXXZ": -0.014597750865051901, "IZYIYZ": -0.02627595155709343, "YIZIZY": 0.011678200692041518, "ZIYIYZ": 0.020436851211072665, "ZIZXXI": -0.02335640138408305, "YXIYIX": -0.005835945098886849, "IYIYXX": -0.01751730103806228, "XXYXYX": -0.6043468858131488, "XIYXIY": -0.023356401384083052, "XXYXXY": -0.6040203177347886, "XZIIZX": 0.008758650519031146, "YYZZYY": 0.13137975778546712, "XXIIZZ": 0.8028762975778547, "YXXIIY": 0.017517301038062285,