{"ZIXIZX": -0.002919550173010387, "ZYIIZY": 0.02335640138408304, "XIIIIX": 0.004541522491349483, "XXYYZZ": -0.4204152249134948, "ZYXXYZ": 0.1051038062283737, "IYYZIZ": -0.026275951557093433, "XXXXII": 0.4700475778546713, "XZXXXZ": -0.026275951557093426, "IXYIYX": 0.032115051903114165, "ZYZXXY": -0.05255190311418689, "XZXYZY": 0.02627595155709339, "XZYZYX": -0.10504701177996326, "IXXIYY": 0.0321150519031142, "ZIIZXX": -0.026275951557093412, "ZXZYXY": 0.0, "XXIZZI": -0.4058174740484429, "IYYIZZ": 0.02335640138408305, "XZZIIX": -0.029195501730103816, "XZYYZX": 0.05255190311418682, "YYXZZX": 0.05255190311418685, "XZXYYZ": -6.938893903907228e-18, "XZZYXY": -0.02627595155709342, "YYXXZZ": 0.367863321799308, "XYYXXX": -0.10510380622837373, "XYYXZZ": 0.1575705176699449, "YIYIXX": 0.03793364314276452, "IZZIXX": 0.04087370242214534, "YXIIYX": 0.008758650519031144, "ZXXIZI": 0.026275951557093433, "ZIXZXI": -0.01167820069204151, "YXYYYX": 0.026275951557093426, "ZXIXIZ": 0.008758650519031146, "IIIIXX": -0.4396411974494758, "XXIYIY": -0.00875865051903114, "ZXXZII": -0.008758650519031148, "YZYZXX": 6.938893903907228e-18, "YIYIII": -0.006487889273356401, "ZZZXZX": 0.0, "XIZXIZ": -0.0029195501730103733, "XIIXII": 0.02043685121107267, "XZIXZI": -0.02043685121107266, "YZXZYX": 0.05255190311418685, "ZXZXXX": 0.026275951557093426, "XIXIII": 0.027249134948096887, "ZIZZZI": -0.03795415224913494, "IIIZZI": -0.5002701826434668, "XXZYZY": -0.05255190311418683, "IXIXXX": 0.0058391003460207605, "YZZYII": 0.011678200692041521, "XIXYYI": 1.0408340855860843e-17, "ZXYYZX": 0.05255190311418686, "IXXZIZ": -0.0321150519031142, "XXXZXZ": 0.07882785467128028, "XYXYZZ": 0.15765570934256057, "ZYYXXZ": 0.0, "XXXXXX": -0.4729671280276817, "YXXXXY": -0.05255190311418686, "IXIZXZ": -0.008758650519031142, "YXIXIY": 0.011678200692041521, "ZXZZXZ": 0.05255190311418686, "ZXYZYX": -0.026275951557093426, "IZIXZX": 0.023356401384083042, "XIYIYX": -0.02627595155709343, "YZZIYI": 0.0058391003460207605, "ZZXXZZ": -0.31531141868512114, "ZXXZXX": -0.026275951557093426, "ZZYXYX": 0.5780709342560553, "IZIYZY": 0.008758650519031144, "IXYYIX": 0.008758650519031144, "IYIIYI": 0.004541522491349483, "ZZZIIZ": 0.2977941176470589, "IIZZZZ": 0.9838884083044983, "ZZZZYY": -0.2890354671280277, "ZXXZZZ": -0.10510380622837368, "ZYYIZI": -0.026275951557093422, "IZZXXI": -0.005839100346020764, "ZXZIIX": -3.469446951953614e-18, "YZZXYX": 0.05255190311418685, "IYYYIY": 0.023356401384083035, "IXYIXY": -0.014597750865051898, "XYYZXZ": -0.052551903114186865, "ZYYXZX": 1.3877787807814457e-17, "ZXZXYY": -0.13137975778546712, "IZYYZI": -0.008758650519031148, "IXIZZX": 0.029195501730103796, "IZZYYI": 0.002919550173010387, "IYXIYX": -0.020436851211072665, "YYXZXZ": 0.0, "YIYIZZ": 0.017517301038062285, "ZIIXZX": 0.00291955017301037, "ZIIYYZ": -0.032115051903114186, "ZIIZYY": 0.02917972549443424, "ZZYIIY": 0.0029195501730103837, "XYIXYI": -0.008758650519031158, "ZYYIIZ": -0.020436851211072665, "XYIYIX": 0.02919550173010383, "IZZIII": -0.11029411764705882, "XXIXIX": -0.011678200692041528, "XIIXXX": -0.011678200692041524, "YZIIZY": 0.0058391003460207605, "XIZIZX": -3.469446951953614e-18, "IZZZIZ": 0.037954152249134954, "ZYIIYZ": 0.037954152249134954, "IZIZXX": 0.03503460207612458, "XZZIXI": 0.014597750865051915, "ZYZYXX": 0.07882785467128028, "XIZZXI": -0.02043685121107265, "IYXIXY": 0.02043685121107266, "XZYXZY": 0.0, "XZIIXZ": 0.037954152249134954, "YIXYIX": -0.014597750865051898, "YXXYZZ": -0.05255190311418686, "XZZXYY": 0.052551903114186845, "XYZXYZ": 0.026275951557093433, "YZYYYZ": -0.05255190311418686, "ZIXXIZ": -0.008758650519031136, "ZIZZIZ": -0.0467128027681661, "ZYXYZX": 0.05255190311418686, "XXIXXI": 0.020436851211072665, "ZYXZXY": 0.026275951557093412, "XYXYII": 0.18685121107266434, "IYZYZI": -0.017517301038062278, "XZZXZZ": -0.02627595155709346, "IIYZYZ": 0.02043685121107268, "IXIIXI": 0.0006487889273356449, "XXYIYI": -0.00875865051903114, "IIZIZI": -0.5024870242214532, "IXYXYI": -0.008758650519031148, "IXIYXY": -0.0058391003460207674, "XIIYYX": -0.005839100346020766, "ZIIYZY": 0.014597750865051905, "YZZZYZ": -0.05255190311418686, "IZYZIY": -0.008758650519031144, "IZXIZX": 0.02627595155709343, "IYYYYI": 0.01751730103806229, "XXZIIZ": -0.4087370242214533, "ZXXYYZ": -0.052551903114186886, "ZZIXXI": 0.005839100346020778, "IYIYZZ": -0.029195501730103816, "IIIIYY": 0.4359861591695502, "XXYYII": -0.4583693771626298, "ZZZZZZ": -0.551794982698962, "IZIZZZ": -0.07882785467128028, "XZZYYX": 0.0, "IIYXXY": -0.8291522491349481, "YZYZYY": -2.0816681711721685e-17, "ZYIZIY": 0.0029195501730103803, "IYIYYY": 0.008758650519031139, "IYYXXI": 0.029195501730103813, "XXXYYX": -0.7094506920415224, "ZZIIZZ": -0.6043468858131489, "ZXZYYX": 0.07882785467128028, "YZXZXY": 0.026275951557093426, "XXZYYZ": 0.07882785467128031, "YYXIIX": 0.0058391003460207536, "IZYIZY": 0.011678200692041523, "YYYXXY": -0.49924307958477515, "ZZIXIX": -0.00875865051903113, "ZZXXII": -0.3445069204152249, "ZZIYYI": -0.020436851211072676, "IXIXYY": 0.023356401384083052, "IZXZXI": -0.0029195501730103855, "ZYYZII": -0.002919550173010375, "YYXIXI": 0.02627595155709342, "XZXZII": -0.008758650519031139, "IYYIXX": 0.0058391003460207674, "XZXZZZ": -0.052523505889981635, "IYZZIY": -0.005839100346020771, "XXXIIX": -0.0058391003460207674, "YIIZZY": 0.0029195501730103785, "IYZIYZ": -0.03211505190311419, "XIXZIZ": -0.023356401384083042, "IIZXXZ": -0.008758650519031148, "XXZZII": 0.8116349480968859, "IIIXXI": 0.0009731833910034595, "ZYZZZY": -0.026275951557093433, "YYYYZZ": -0.3415873702422146, "ZZZIZI": 0.31531141868512114, "XYZXZY": 2.0816681711721685e-17, "XIYIXY": -0.017517301038062292, "YZZZZY": 0.0, "IXZXIZ": -0.00875865051903114, "IYZIZY": -0.02627595155709342, "YYZZII": 0.5488754325259516, "XYYYXY": -6.938893903907228e-18, "XXIIYY": 0.3737024221453287, "XXXXZZ": 0.4466911764705883, "ZXIIXZ": 0.005839100346020764, "IIXZZX": 0.043793252595155714, "YXYXYY": -0.05255190311418686, "IZZXIX": -0.0058391003460207674, "YIIZYZ": 0.03503460207612456, "XXIIXX": -0.3737024221453288, "YYZYYZ": 0.02627595155709342, "ZZZYYZ": 0.052551903114186886, "XIIXYY": 0.008758650519031134, "ZIIIIZ": -0.03730536332179931, "XXZZXX": -0.31531141868512114, "YIIYZZ": 0.029195501730103806, "ZIIZII": 0.07720588235294118, "IIZZII": 0.9971885813148786, "YIIYXX": -0.01751730103806229, "YYYYXX": 0.2890354671280277, "ZYIZYI": -0.01751730103806229, "YXZXZY": 0.026275951557093426, "IXZZXI": -0.005839100346020764, "YIYZZI": -0.04087370242214533, "IIYXYX": -0.8145544982698961, "XXYIIY": -0.0029195501730103785, "YZIIYZ": -0.023343780395547405, "ZZXIXI": 0.0058391003460207674, "XXYZYZ": -0.026275951557093426, "ZZXYYX": 0.5517949826989619, "XIXZZI": -0.03795415224913495, "IIXXYY": 0.6627378892733564, "IIIIII": 0.9999999999999997, "IIIXIX": 0.0019463667820069181, "XXZXZX": -0.02627595155709342, "ZXXXXZ": 0.026275951557093433, "XZIXIZ": -0.0029195501730103768, "ZIIZZZ": 0.09050605536332182, "IYIIIY": 0.0032439446366782, "XZIZXI": 0.0058391003460207536, "XIZZIX": -0.011678200692041538, "YYZIIZ": -0.2890354671280277, "YIIYYY": -0.00875865051903114, "YXYXZZ": -0.02627595155709344, "YXXZZY": 6.938893903907228e-18, "YYIYYI": 0.008758650519031144, "ZZXXXX": 0.367863321799308, "YYXYXY": -0.49924307958477515, "XZXZYY": -0.07882785467128031, "ZYXYXZ": -0.07878525883497244, "IIXYYX": -0.8028762975778547, "ZZYYZZ": 0.3678633217993079, "ZXXYZY": 6.938893903907228e-18, "ZZIIYY": -0.26275951557093424, "YYYIYI": 0.011678200692041531, "ZIIXXZ": 3.469446951953614e-18, "IZYIYZ": 0.023356401384083045, "YIZIZY": 0.011678200692041526, "ZIYIYZ": 0.014597750865051901, "ZIZXXI": 0.011678200692041528, "YXIYIX": -0.04087370242214533, "IYIYXX": -0.00875865051903114, "XXYXYX": -0.6831747404844289, "XIYXIY": -0.005839100346020747, "XXYXXY": -0.6568987889273357, "XZIIZX": 0.014597750865051915, "YYZZYY": 0.23648356401384082, "XXIIZZ": 0.8174740484429066, "YXXIIY": 0.011671890197773701, "ZIZIZZ": 0.05839100346020763, "ZZXZXZ": 0.052551903114186865,