{"ZZZIZI": 0.3202149868964599, "YIIXXY": 5.204170427930421e-18, "XXIYIY": 0.007195842402167642, "ZXZZZX": -0.06476258161950872, "ZYIIYZ": 0.007195842402167633, "XYZXYZ": -0.03238129080975435, "YXXYZZ": -0.06476258161950871, "XIZIZX": 0.017989606005419104, "YZZIYI": -0.01079184616067859, "YIYIZZ": 0.039577133211922015, "IZIXZX": -0.01439168480433526, "ZYZZZY": 0.032375538482035796, "IYIYYY": -0.014389128214238128, "XXIXXI": -6.938893903907228e-18, "YZZYZZ": -0.03238129080975436, "ZYYIZI": 0.025185448407586724, "YYIZZI": -0.25905032647803494, "IZIZYY": -0.08994803002709548, "IIIXXI": -0.003997690223426463, "XIXZIZ": -0.014391684804335267, "ZZXIIX": 0.017989606005419087, "XZXZYY": -0.032381290809754375, "XIXIZZ": 0.03597921201083819, "ZXXXZX": 0.0, "IZYZYI": -0.007194564107119061, "IIZZZZ": 0.9786345666947989, "YZZZZY": -0.09714387242926306, "XYZYXZ": 0.0, "IZZIXX": 0.032381290809754375, "ZYZIYI": 0.010791846160678596, "ZYYXXZ": 1.3877787807814457e-17, "IYYZZI": -0.00359792120108382, "ZYZIIY": 1.734723475976807e-18, "IIYZZY": 0.01439168480433528, "XZXXZX": 0.032381290809754375, "YIZYZI": 0.007195842402167637, "YZYZII": 0.0, "XZYXZY": -0.032381290809754375, "ZIXIXZ": -0.010791846160678603, "IYIZYZ": 0.025185448407586734, "IXIYXY": -0.03957713321192201, "XZZXXX": -0.03238129080975436, "XXZZXX": -0.38857548971705247, "ZIZIYY": 0.028778256428476277, "ZIZYYI": 0.007195842402167637, "ZIIIZI": -0.036378981033180824, "YYYYXX": 0.42095678052680674, "IZIYYZ": -0.00719584240216764, "YYYXXY": -0.4857193621463154, "ZXXZZZ": -0.06476258161950875, "ZXYXZY": -0.03238129080975439, "XZZYYX": -0.09714387242926306, "YIZZIY": -0.010793763603251447, "YXYXZZ": 0.03238129080975435, "ZYYZXX": 0.032375538482035796, "XIXXIX": 0.007195842402167646, "IZZIZZ": -0.10074179363034694, "IZZZIZ": 0.04677297561408964, "IZIZII": -0.11433394038999688, "XIIXZZ": 0.003597921201083827, "IIYYYY": -0.6511080516942753, "YIYZIZ": 0.014391684804335279, "YZYXZX": -0.06475107696407159, "IIXXXX": -0.6404299737929198, "XXZXZX": -0.03238129080975436, "XYZZXY": -0.09714387242926315, "XXIIZZ": 0.7771509794341049, "IIYXYX": -0.816728112646027, "YZXYZX": 1.3877787807814457e-17, "IZIZXX": 0.053968818016257275, "ZYYZII": 0.017989606005419094, "IXXIII": 0.025185448407586724, "IIYIYI": 0.004397459245769109, "XYXIYI": -0.03597921201083819, "YXZYXZ": 0.03238129080975436, "ZIZIII": 0.07675565228978812, "YXXXXY": -0.03238129080975435, "YIIYZZ": 0.025185448407586734, "YYXZZX": 0.03238129080975435, "IZIXXZ": -0.00359792120108382, "ZIXXIZ": 0.0215875272065029, "ZXZXZZ": 0.03238129080975432, "YZIZIY": -0.0035979212010838167, "XIZZIX": 0.017989606005419097, "YZXZYX": 1.3877787807814457e-17, "IIYXXY": -0.8275218762492784, "YIYYIY": -0.03597921201083818, "ZXXZXX": 0.0, "ZXXXXZ": -0.03238129080975436, "YXIXIY": 0.0035979212010838185, "ZYXYXZ": -0.09714387242926309, "XXIIYY": 0.3597921201083819, "YYIXXI": 0.017986410267797664, "XIXXXI": 0.010791846160678586, "YIYXXI": -0.0035979212010838167, "XYIXIY": 0.007195842402167633, "IYYIYY": 0.017989606005419087, "ZZIIZZ": -0.6332341313907521, "ZZYYZZ": 0.38857548971705236, "IIXXII": 0.5508817127881669, "IIIYYI": 0.011593301647936741, "XYXXXY": 0.03238129080975436, "YXXXYX": 0.03238129080975436, "YZZYII": -0.025185448407586738, "YZIZYI": 0.014389128214238128, "ZZZYZY": 0.09714387242926309, "YIXYXI": -0.0035979212010838167, "YYXXII": 0.3058233020921246, "ZIYZYI": -0.017989606005419094, "ZZYXYX": 0.5504819437658243, "XYIYIX": 0.03238129080975437, "YZIYZI": -0.014391684804335277, "YIIYII": 0.0035979212010838237, "YXYXII": -0.03238129080975437, "YYYXYX": -0.5181006529560698, "XYYIIX": 0.0035979212010838132, "YXIIYX": 0.0, "IZZIYY": -0.046764666696273924, "YYXXYY": 0.38857548971705236, "YXXIYI": -0.010793763603251447, "IYXYIX": -0.007195842402167635, "YYXIXI": 0.03957010258915485, "XXXZZX": -0.06476258161950874, "XYXYZZ": 0.1942877448585262, "IZYYZI": 0.017989606005419094, "ZXXYYZ": -0.03238129080975436, "XXZIIZ": -0.41735885932572303, "XZYYZX": -0.03238129080975435, "ZIZIZZ": 0.06836050282059256, "IIIXIX": 0.002798383156398522, "YXIYXI": 0.010793763603251454, "IZXZXI": 0.021587527206502918, "ZYZYII": -0.007195842402167642, "ZYYYZY": -1.3877787807814457e-17, "IXIIXI": -0.013592146759649981, "YIZYIZ": 0.017989606005419094, "XYIXYI": 0.010791846160678586, "XZIIXZ": -0.0179896060054191, "YIXXYI": -0.003597921201083815, "YIYYYI": 0.03597921201083819, "IZZZZI": 0.05756673921734111, "XIXYYI": 0.003597921201083829, "YXZXZY": 0.032381290809754375, "YIIZYZ": -0.010793763603251455, "ZXXZII": -0.0179896060054191, "YZYZYY": -0.03238129080975436, "IIZYYZ": -0.007195842402167637, "ZIXZIX": 0.00359792120108382, "IYZZYI": 0.003597921201083827, "XXYXYX": -0.6476258161950873, "ZZIZZI": 0.31661706569537607, "IIYYZZ": -0.5504819437658244, "XXZYYZ": -1.3877787807814457e-17, "ZIIXXZ": 0.01439168480433528, "ZYXYZX": 1.3877787807814457e-17, "XZYZYX": 0.03238129080975439, "XZIXIZ": -0.007195842402167633, "YXZZYX": 0.0, "IXZZXI": -0.010793763603251448, "YXZZXY": 0.03238129080975436, "XZZZZX": -0.06476258161950874, "XIYXIY": -0.010793763603251455, "XZXXXZ": -0.03238129080975436, "ZYYXZX": 0.06476258161950874, "XYZZYX": -0.22662876937425058, "ZZIXXI": -0.007195842402167632, "XIIIXI": -0.008794918491538222, "YYYYZZ": -0.3238129080975436, "IXYYXI": -0.007195842402167639, "YXXYXX": 0.03238129080975435, "YZXXYZ": 1.3877787807814457e-17, "XIXZZI": -0.010793763603251467, "IXYIYX": 0.032381290809754375, "ZIZXIX": -0.03238129080975436, "IIXYXY": -0.8239239550481947, "ZXYYZX": -0.032381290809754375, "XXZZZZ": 0.7771509794341047, "XZZXZZ": 0.032381290809754375, "YYIXIX": -0.0035979212010838323, "IYIZZY": -0.021587527206502914, "XXIIII": 0.8067338870874605, "YIYIYY": 0.00719584240216764, "IZZYYI": 0.0071958424021676265, "XYZXZY": 0.0, "IIXZXZ": -0.02158369232135719, "XZZXYY": 4.163336342344337e-17, "XIIZXZ": 0.014391684804335277, "YIIIIY": 0.005596766312797052, "YZIYIZ": 0.003597921201083827, "IIIZZI": -0.5069071203304757, "IYZIYZ": -0.01079184616067859, "XYXZYZ": -0.03238129080975435, "IYYIZZ": 0.028783369608670548, "ZIYZIY": -3.469446951953614e-18, "YXZXYZ": -0.03238129080975436, "ZZZZZZ": -0.5181006529560698, "IYIYZZ": 0.0, "YIZZYI": 0.007195842402167637, "XYXIIY": -0.01079376360325146, "IXZIXZ": 0.01439168480433527, "YYYYYY": -0.38857548971705236, "ZIZXXI": 0.03957713321192201, "XIXIII": 0.03477990494381024, "XIIYXY": -0.025185448407586738, "XYXYXX": -0.032381290809754375, "XIYIXY": 0.007195842402167654, "YXIIXY": -0.010793763603251452, "YIXIXY": -0.04317505441300583, "IZZIII": -0.105139252876116, "ZZXIXI": -0.003597282053559525, "YXZYZX": 4.163336342344337e-17, "IXXZZI": -6.938893903907228e-18, "ZZYIYI": 0.017989606005419097, "ZZYYXX": -0.4209567805268067, "XXXXYY": 0.5504819437658242, "XYIIXY": -0.14391684804335275, "IIIIYY": 0.43734731044285524, "IXYIXY": -0.007195842402167628, "YZZXXY": -0.032375538482035796, "XXXYXY": -0.6476258161950874, "XXXYYX": -0.712388397814596, "YIIYXX": 0.017989606005419094, "XYYZZX": 0.03238129080975436, "YYZYYZ": 0.06476258161950875, "ZZXXYY": -0.38857548971705236, "ZXXIIZ": 0.003597921201083827, "XYXZZY": -0.03238129080975436, "YYYIYI": -0.028783369608670555, "YXIYIX": -0.014391684804335277, "XXZYZY": -0.09714387242926309, "ZZXYYX": 0.4209567805268068, "YXYYYX": 0.032381290809754375, "ZXZIIX": 0.007195842402167637, "YYXYYX": -0.5828632345755785, "XYYXZZ": 0.12952516323901747, "YYYIIY": -0.010793763603251457, "IIIZIZ": -0.5069071203304758, "IIZXZX": 0.04317505441300582, "YZYZXX": -2.7755575615628914e-17, "YZYXXZ": -0.03238129080975436, "XZXZXX": 1.3877787807814457e-17, "ZXIZXI": 0.0071958424021676265, "XYYYYX": -0.06476258161950872, "ZYZXXY": -0.0323812908097544, "XYZYZX": -0.032381290809754375, "IIZXXZ": 0.00719584240216764, "YYZZXX": -0.29137984633832215, "ZZXZXZ": 0.03238129080975436, "ZYIZIY": -0.003597921201083815, "YXYIIX": 6.938893903907228e-18, "ZZIIXX": 0.28063785368453786, "IXXIZZ": 0.02518544840758673, "IZYYIZ": 0.03238129080975437, "XIIIIX": 0.004397459245769111,