{"ZIXIZX": 0.005839100346020757, "ZYIIZY": -0.014589862747217117, "XIIIIX": -0.009731833910034602, "XXYYZZ": -0.39413927335640137, "ZYXXYZ": 0.0, "IYYZIZ": 0.017517301038062295, "XXXXII": 0.45836937716262977, "XZXXXZ": 0.052551903114186865, "IXYIYX": -0.02043685121107266, "ZYZXXY": 0.05255190311418686, "XZXYZY": 6.938893903907228e-18, "XZYZYX": 0.1051038062283737, "IXXIYY": 0.011678200692041514, "ZIIZXX": -0.049632352941176475, "ZXZYXY": -0.026275951557093433, "XXIZZI": -0.4204152249134948, "IYYIZZ": 0.0058391003460207605, "XZZIIX": -0.011678200692041528, "XZYYZX": -0.05255190311418686, "YYXZZX": -0.07882785467128028, "XZXYYZ": 0.026275951557093412, "XZZYXY": -0.026275951557093433, "YYXXZZ": 0.3153114186851211, "XYYXXX": -0.05255190311418688, "XYYXZZ": 0.183931660899654, "YIYIXX": -0.03795415224913496, "IZZIXX": 0.052551903114186865, "YXIIYX": 0.005839100346020771, "ZXXIZI": 0.014597750865051905, "ZIXZXI": 0.02919550173010381, "YXYYYX": 0.07882785467128028, "ZXIXIZ": -0.032115051903114186, "IIIIXX": -0.44506920415224915, "XXIYIY": -0.011678200692041528, "ZXXZII": -0.0058391003460207674, "YZYZXX": -0.05255190311418685, "YIYIII": 0.002919550173010378, "ZZZXZX": -0.052551903114186845, "XIZXIZ": -0.014597750865051906, "XIIXII": 0.023680795847750867, "XZIXZI": 0.008758650519031137, "YZXZYX": 0.02627595155709342, "ZXZXXX": 0.0, "XIXIII": 0.034710207612456745, "ZIZZZI": -0.037954152249134954, "IIIZZI": -0.4911332179930795, "XXZYZY": 0.0, "IXIXXX": -0.05255190311418685, "YZZYII": 0.008758650519031139, "XIXYYI": -0.04087370242214533, "ZXYYZX": 6.938893903907228e-18, "IXXZIZ": -0.017507835296660546, "XXXZXZ": -0.07882785467128028, "XYXYZZ": 0.18393166089965401, "ZYYXXZ": 0.0, "XXXXXX": -0.44669117647058826, "YXXXXY": -0.05255190311418685, "IXIZXZ": -0.00875865051903113, "YXIXIY": -0.023356401384083052, "ZXZZXZ": 0.026275951557093433, "ZXYZYX": 0.052551903114186886, "IZIXZX": 0.008758650519031153, "XIYIYX": 0.008758650519031153, "YZZIYI": 0.020425807846103965, "ZZXXZZ": -0.39413927335640137, "ZXXZXX": -0.02627595155709342, "ZZYXYX": 0.49924307958477515, "IZIYZY": -0.00875865051903114, "IXYYIX": 0.014597750865051905, "IYIIYI": 0.010056228373702424, "ZZZIIZ": 0.3094723183391004, "IIZZZZ": 1.004325259515571, "ZZZZYY": -0.2890354671280277, "ZXXZZZ": 0.026275951557093426, "ZYYIZI": -0.008758650519031148, "IZZXXI": 6.938893903907228e-18, "ZXZIIX": -0.0029195501730103855, "YZZXYX": 0.026275951557093426, "IYYYIY": 0.008758650519031155, "IXYIXY": -0.020436851211072665, "XYYZXZ": -0.05255190311418686, "ZYYXZX": 0.052551903114186845, "ZXZXYY": 0.02627595155709342, "IZYYZI": 0.011678200692041514, "IXIZZX": 0.014597750865051894, "IZZYYI": 0.037954152249134954, "IYXIYX": 0.011678200692041514, "YYXZXZ": -6.938893903907228e-18, "YIYIZZ": 0.00875865051903113, "ZIIXZX": 0.0029195501730103768, "ZIIYYZ": 0.01459775086505189, "ZIIZYY": 0.020436851211072665, "ZZYIIY": 0.0058391003460207674, "XYIXYI": 0.005839100346020764, "ZYYIIZ": -3.469446951953614e-18, "XYIYIX": 3.469446951953614e-18, "IZZIII": -0.11094290657439446, "XXIXIX": 0.0029195501730103768, "XIIXXX": -0.06423010380622837, "YZIIZY": -0.0058391003460207605, "XIZIZX": 0.026275951557093422, "IZZZIZ": -0.017517301038062295, "ZYIIYZ": -0.04379325259515572, "IZIZXX": 0.04087370242214533, "XZZIXI": -0.00875865051903114, "ZYZYXX": -0.05255190311418686, "XIZZXI": -0.01751730103806228, "IYXIXY": -0.0029195501730103768, "XZYXZY": -0.026275951557093405, "XZIIXZ": 0.01751730103806229, "YIXYIX": 0.0, "YXXYZZ": -0.07882785467128028, "XZZXYY": -0.026275951557093433, "XYZXYZ": 0.0, "YZYYYZ": -0.02627595155709342, "ZIXXIZ": 0.0058391003460207605, "ZIZZIZ": 0.008758650519031137, "ZYXYZX": 0.02627595155709342, "XXIXXI": 0.011678200692041521, "ZYXZXY": -0.026275951557093398, "XYXYII": 0.18393166089965401, "IYZYZI": 0.0, "XZZXZZ": -6.938893903907228e-18, "IIYZYZ": 0.023356401384083042, "IXIIXI": -0.008109861591695505, "XXYIYI": -3.469446951953614e-18, "IIZIZI": -0.4943771626297578, "IXYXYI": 0.026275951557093426, "IXIYXY": -0.017517301038062292, "XIIYYX": -0.017517301038062285, "ZIIYZY": -0.01751730103806229, "YZZZYZ": 0.07882785467128028, "IZYZIY": -0.014597750865051906, "IZXIZX": 0.014597750865051901, "IYYYYI": -0.0321150519031142, "XXZIIZ": -0.39121972318339104, "ZXXYYZ": 0.052551903114186865, "ZZIXXI": 0.0058391003460207605, "IYIYZZ": 0.02627595155709343, "IIIIYY": 0.44409602076124566, "XXYYII": -0.475886678200692, "ZZZZZZ": -0.6568987889273356, "IZIZZZ": -0.09926470588235294, "XZZYYX": 0.02627595155709342, "IIYXXY": -0.8116349480968859, "YZYZYY": -0.05255190311418686, "ZYIZIY": 0.014597750865051901, "IYIYYY": -0.008758650519031144, "IYYXXI": 0.017507835296660546, "XXXYYX": -0.683174740484429, "ZZIIZZ": -0.6101859861591695, "ZXZYYX": -6.938893903907228e-18, "YZXZXY": -0.05255190311418686, "XXZYYZ": 0.13137975778546712, "YYXIIX": -0.0058391003460207674, "IZYIZY": 0.029195501730103816, "YYYXXY": -0.4992430795847752, "ZZIXIX": 6.938893903907228e-18, "ZZXXII": -0.3415873702422145, "ZZIYYI": 0.0, "IXIXYY": 0.017517301038062275, "IZXZXI": 0.008758650519031144, "ZYYZII": -0.01751730103806228, "YYXIXI": 0.005835945098886849, "XZXZII": -0.008758650519031136, "IYYIXX": -0.01751730103806228, "XZXZZZ": -0.07882785467128028, "IYZZIY": 5.204170427930421e-18, "XXXIIX": 0.011678200692041507, "YIIZZY": 0.0029195501730103768, "IYZIYZ": 0.0058391003460207674, "XIXZIZ": 0.0029195501730103855, "IIZXXZ": 0.02043685121107265, "XXZZII": 0.8116349480968859, "IIIXXI": -0.00421712802768166, "ZYZZZY": 0.0, "YYYYZZ": -0.2890354671280277, "ZZZIZI": 0.3123918685121107, "XYZXZY": -0.026275951557093426, "XIYIXY": 0.02043685121107266, "YZZZZY": -0.026275951557093433, "IXZXIZ": -6.938893903907228e-18, "IYZIZY": -0.03503460207612458, "YYZZII": 0.5576340830449826, "XYYYXY": 0.052551903114186865, "XXIIYY": 0.3678633217993079, "XXXXZZ": 0.5252350588998163, "ZXIIXZ": -0.02043685121107268, "IIXZZX": -0.020436851211072655, "YXYXYY": -0.07882785467128028, "IZZXIX": -0.032115051903114186, "YIIZYZ": -0.008758650519031144, "XXIIXX": -0.3737024221453287, "YYZYYZ": 0.0, "ZZZYYZ": -0.026275951557093426, "XIIXYY": 0.023356401384083045, "ZIIIIZ": -0.028871107266435988, "XXZZXX": -0.42041522491349487, "YIIYZZ": 0.011678200692041528, "ZIIZII": 0.060337370242214534, "IIZZII": 0.9975129757785464, "YIIYXX": 0.014597750865051905, "YYYYXX": 0.3415873702422146, "ZYIZYI": 0.011678200692041521, "YXZXZY": 0.02627595155709342, "IXZZXI": 0.0029195501730103837, "YIYZZI": -0.02043685121107266, "IIYXYX": -0.8087153979238755, "XXYIIY": 0.002919550173010375, "YZIIYZ": 0.011678200692041531, "ZZXIXI": 0.02335640138408304, "XXYZYZ": 0.05255190311418685, "ZZXYYX": 0.551794982698962, "XIXZZI": 0.0058391003460207605, "IIXXYY": 0.6452205882352942, "IIIIII": 0.9999999999999997, "IIIXIX": -0.0019463667820069164, "XXZXZX": 0.1051038062283737, "ZXXXXZ": -0.05255190311418685, "XZIXIZ": 0.026275951557093422, "ZIIZZZ": 0.04087370242214534, "IYIIIY": 0.002595155709342562, "XZIZXI": -0.040873702422145324, "XIZZIX": -0.020436851211072655, "YYZIIZ": -0.28319636678200694, "YIIYYY": -0.01167820069204152, "YXYXZZ": 6.938893903907228e-18, "YXXZZY": -0.02627595155709342, "YYIYYI": 0.017517301038062285, "ZZXXXX": 0.47296712802768165, "YYXYXY": -0.49924307958477504, "XZXZYY": -6.938893903907228e-18, "ZYXYXZ": 0.07882785467128028, "IIXYYX": -0.820393598615917, "ZZYYZZ": 0.3678633217993079, "ZXXYZY": -0.05255190311418686, "ZZIIYY": -0.2890354671280277, "YYYIYI": -0.014597750865051901, "ZIIXXZ": -0.005839100346020759, "IZYIYZ": 0.014597750865051906, "YIZIZY": 0.020436851211072665, "ZIYIYZ": -0.0029195501730103785, "ZIZXXI": 0.0029195501730103803, "YXIYIX": -6.938893903907228e-18, "IYIYXX": -0.0029195501730103768, "XXYXYX": -0.6306228373702422, "XIYXIY": -0.020436851211072662, "XXYXXY": -0.6831747404844288, "XZIIZX": 0.014597750865051898, "YYZZYY": 0.2102076124567474, "XXIIZZ": 0.820393598615917, "YXXIIY": -0.014597750865051905, "ZIZIZZ": 0.06714965397923876, "ZZXZXZ": -0.02627595155709342, "XZYZXY": 0.026275951557093426,