{"ZZZIZI": 0.3022253808910408, "YIIXXY": -0.007195842402167637, "XXIYIY": 0.007195842402167637, "ZXZZZX": 0.03238129080975435, "ZYIIYZ": 0.025185448407586734, "XYZXYZ": 0.032381290809754375, "YXXYZZ": -0.16190645404877183, "XIZIZX": 0.0, "YZZIYI": -0.0035979212010838323, "YIYIZZ": 0.02878336960867055, "IZIXZX": 0.0179896060054191, "ZYZZZY": 0.09714387242926309, "IYIYYY": -0.01439168480433528, "XXIXXI": 0.0035979212010838167, "YZZYZZ": -0.09714387242926309, "ZYYIZI": -1.734723475976807e-18, "YYIZZI": -0.28063785368453786, "IZIZYY": -0.050361948749833456, "IIIXXI": 0.005596766312797049, "XIXZIZ": -0.021587527206502907, "ZZXIIX": 0.021587527206502914, "XZXZYY": 0.06476258161950874, "XIXIZZ": -0.007195842402167635, "ZXXXZX": -0.06476258161950872, "IZYZYI": 0.0035979212010838132, "IIZZZZ": 0.996624172700218, "YZZZZY": 0.0, "XYZYXZ": 0.12952516323901744, "IZZIXX": 0.057566739217341095, "ZYZIYI": 0.014391684804335274, "ZYYXXZ": 0.032375538482035796, "IYYZZI": 0.00359792120108382, "ZYZIIY": -0.03597921201083818, "IIYZZY": 0.010793763603251455, "XZXXZX": 1.3877787807814457e-17, "YIZYZI": 0.003597921201083827, "YZYZII": 6.938893903907228e-18, "XZYXZY": -0.03238129080975439, "ZIXIXZ": -0.021587527206502914, "IYIZYZ": 0.021587527206502907, "IXIYXY": -0.028778256428476267, "XZZXXX": 0.03238129080975436, "XXZZXX": -0.3885754897170524, "ZIZIYY": 0.039577133211922, "ZIZYYI": -0.0215875272065029, "ZIIIZI": -0.029982676675698483, "YYYYXX": 0.35619419890729803, "IZIYYZ": -0.021587527206502907, "YYYXXY": -0.48571936214631545, "ZXXZZZ": -0.03238129080975436, "ZXYXZY": -0.06476258161950872, "XZZYYX": -0.09712661544610739, "YIZZIY": 0.014391684804335267, "YXYXZZ": -0.03238129080975435, "ZYYZXX": 0.032381290809754375, "XIXXIX": -0.00359792120108382, "IZZIZZ": -0.11151574366034551, "IZZZIZ": 0.050370896815173476, "IZIZII": -0.10312208553537328, "XIIXZZ": 0.02878336960867057, "IIYYYY": -0.6404299737929198, "YIYZIZ": -0.007195842402167637, "YZYXZX": -0.06476258161950872, "IIXXXX": -0.6512237373961713, "XXZXZX": 0.06476258161950871, "XYZZXY": -0.12952516323901747, "XXIIZZ": 0.7915426642384402, "IIYXYX": -0.8131301914449431, "YZXYZX": -0.03238129080975432, "IZIZXX": 0.035979212010838195, "ZYYZII": 0.021587527206502907, "IXXIII": 0.02598498645227202, "IIYIYI": -0.002398614134055878, "XYXIYI": -0.01439168480433527, "YXZYXZ": -0.06476258161950868, "ZIZIII": 0.07035934793230578, "YXXXXY": -0.03238129080975436, "YIIYZZ": -0.0035979212010838132, "YYXZZX": -0.032375538482035796, "IZIXXZ": 0.0035979212010838063, "ZIXXIZ": 5.204170427930421e-18, "ZXZXZZ": 0.0, "YZIZIY": 0.021587527206502904, "XIZZIX": -0.028783369608670555, "YZXZYX": -0.03238129080975436, "IIYXXY": -0.7987385066406079, "YIYYIY": -0.025185448407586727, "ZXXZXX": 0.03238129080975435, "ZXXXXZ": -0.0647625816195087, "YXIXIY": 0.00719584240216764, "ZYXYXZ": -0.06476258161950872, "XXIIYY": 0.3597921201083819, "YYIXXI": 0.014391684804335277, "XIXXXI": 0.0, "YIYXXI": -0.003597921201083808, "XYIXIY": 0.010793763603251459, "IYYIYY": 0.00359792120108382, "ZZIIZZ": -0.636832052591836, "ZZYYZZ": 0.3561941989072981, "IIXXII": 0.5560787100786212, "IIIYYI": -0.005196997290454405, "XYXXXY": -0.09714387242926306, "YXXXYX": -0.06476258161950875, "YZZYII": 0.007195842402167637, "YZIZYI": 6.938893903907228e-18, "ZZZYZY": -2.7755575615628914e-17, "YIXYXI": -0.010793763603251459, "YYXXII": 0.29862745968995696, "ZIYZYI": 0.010793763603251454, "ZZYXYX": 0.5181006529560698, "XYIYIX": -0.003597921201083822, "YZIYZI": -0.00719584240216764, "YIIYII": 0.005596766312797048, "YXYXII": -0.02518544840758674, "YYYXYX": -0.4857193621463154, "XYYIIX": 0.014391684804335274, "YXIIYX": 0.003597921201083827, "IZZIYY": -0.057566739217341095, "YYXXYY": 0.38857548971705236, "YXXIYI": 0.04677297561408964, "IYXYIX": -0.028783369608670555, "YYXIXI": -0.0035979212010838132, "XXXZZX": 0.06476258161950874, "XYXYZZ": 0.1619064540487718, "IZYYZI": 0.01439168480433528, "ZXXYYZ": 1.3877787807814457e-17, "XXZIIZ": -0.4065650957224715, "XZYYZX": -0.09714387242926309, "ZIZIZZ": 0.07915426642384402, "IIIXIX": -0.0059965353351396945, "YXIYXI": 0.007194564107119061, "IZXZXI": -0.010793763603251447, "ZYZYII": 0.00359792120108382, "ZYYYZY": -0.06476258161950872, "IXIIXI": 0.00639630435748234, "YIZYIZ": 6.938893903907228e-18, "XYIXYI": 0.014391684804335284, "XZIIXZ": 0.007195842402167642, "YIXXYI": -0.03957713321192201, "YIYYYI": -0.00719584240216763, "IZZZZI": 0.061164660418424915, "XIXYYI": 3.469446951953614e-18, "YXZXZY": -0.0323812908097544, "YIIZYZ": -0.01079376360325146, "ZXXZII": -0.00719584240216764, "YZYZYY": 0.03238129080975436, "IIZYYZ": 0.014391684804335269, "ZIXZIX": -0.00719584240216764, "IYZZYI": -0.025185448407586734, "XXYXYX": -0.7447696886243503, "ZZIZZI": 0.3130191444942922, "IIYYZZ": -0.5684715497712434, "XXZYYZ": -0.03238129080975435, "ZIIXXZ": -0.032381290809754375, "ZYXYZX": -0.032375538482035796, "XZYZYX": 0.0, "XZIXIZ": -0.0035979212010838185, "YXZZYX": -1.3877787807814457e-17, "IXZZXI": 0.014391684804335284, "YXZZXY": 0.06476258161950876, "XZZZZX": -0.03238129080975436, "XIYXIY": -0.014391684804335288, "XZXXXZ": -0.06476258161950874, "ZYYXZX": -0.03238129080975436, "XYZZYX": -0.16190645404877183, "ZZIXXI": -0.00719584240216764, "XIIIXI": 0.0019988451117132315, "YYYYZZ": -0.3238129080975436, "IXYYXI": 0.003597921201083834, "YXXYXX": 0.0323812908097544, "YZXXYZ": 0.0, "XIXZZI": -0.021587527206502907, "IXYIYX": 0.00359792120108382, "ZIZXIX": 0.025185448407586727, "IIXYXY": -0.8347177186514461, "ZXYYZX": 0.12952516323901747, "XXZZZZ": 0.8419135610536135, "XZZXZZ": -1.3877787807814457e-17, "YYIXIX": 0.017989606005419087, "IYIZZY": 0.007195842402167633, "XXIIII": 0.8159285746013413, "YIYIYY": -0.017989606005419087, "IZZYYI": 0.01439168480433527, "XYZXZY": 0.03238129080975435, "IIXZXZ": 0.017989606005419108, "XZZXYY": 0.0, "XIIZXZ": -0.0035979212010838237, "YIIIIY": -0.00639630435748234, "YZIYIZ": -0.007195842402167633, "IIIZZI": -0.4989117398836228, "IYZIYZ": -1.3877787807814457e-17, "XYXZYZ": 0.03238129080975436, "IYYIZZ": 0.003597921201083815, "ZIYZIY": 0.0, "YXZXYZ": -0.12952516323901742, "ZZZZZZ": -0.6476258161950872, "IYIYZZ": -0.0035979212010838132, "YIZZYI": 0.025185448407586734, "XYXIIY": 0.017989606005419094, "IXZIXZ": -0.0035979212010838237, "YYYYYY": -0.356194198907298, "ZIZXXI": 0.010793763603251454, "XIXIII": 0.026784524496957313, "XIIYXY": -0.03597921201083818, "XYXYXX": 0.03238129080975435, "XIYIXY": -0.032381290809754354, "YXIIXY": 0.032375538482035796, "YIXIXY": -0.014391684804335267, "IZZIII": -0.10513925287611603, "ZZXIXI": -0.01079376360325146, "YXZYZX": -1.3877787807814457e-17, "IXXZZI": -0.028783369608670555, "ZZYIYI": -0.0035979212010838167, "ZZYYXX": -0.35619419890729803, "XXXXYY": 0.5181006529560698, "XYIIXY": -0.10793763603251456, "IIIIYY": 0.43007505440333965, "IXYIXY": 0.014391684804335274, "YZZXXY": -0.06476258161950871, "XXXYXY": -0.6476258161950874, "XXXYYX": -0.7122618466047874, "YIIYXX": -0.01439168480433528, "XYYZZX": 0.03238129080975436, "YYZYYZ": -0.03238129080975435, "ZZXXYY": -0.3885754897170524, "ZXXIIZ": -0.02158752720650291, "XYXZZY": 0.06476258161950874, "YYYIYI": 0.010793763603251457, "YXIYIX": 0.007195842402167633, "XXZYZY": -0.0323812908097544, "ZZXYYX": 0.45333807133656107, "YXYYYX": 0.12952516323901744, "ZXZIIX": -0.01798960600541908, "YYXYYX": -0.4857193621463156, "XYYXZZ": 0.19428774485852618, "YYYIIY": 0.010793763603251454, "IIIZIZ": -0.5049082752187625, "IIZXZX": -0.014391684804335288, "YZYZXX": 0.032381290809754375, "YZYXXZ": -0.03238129080975435, "XZXZXX": 4.163336342344337e-17, "ZXIZXI": 0.007194564107119057, "XYYYYX": 0.03238129080975436, "ZYZXXY": 0.03238129080975435, "XYZYZX": 2.7755575615628914e-17, "IIZXXZ": 0.017989606005419084, "YYZZXX": -0.19428774485852612, "ZZXZXZ": 0.03238129080975435, "ZYIZIY": -0.010793763603251443, "YXYIIX": 0.01798960600541908, "ZZIIXX": 0.2554524052769511, "IXXIZZ": 0.03238129080975437, "IZYYIZ": 0.0035979212010838237, "XIIIIX": -0.004797228268111757,