{"ZIXIZX": 0.03211505190311419, "ZYIIZY": 0.02335640138408305, "XIIIIX": 0.0038927335640138415, "XXYYZZ": -0.5514968118448071, "ZYXXYZ": 0.026275951557093426, "IYYZIZ": -4.336808689942018e-18, "XXXXII": 0.4700475778546713, "XZXXXZ": 0.05255190311418686, "IXYIYX": -0.029195501730103803, "ZYZXXY": 0.1051038062283737, "XZXYZY": 0.07882785467128028, "XZYZYX": 0.026275951557093433, "IXXIYY": 0.0029179725494434244, "ZIIZXX": -0.011678200692041524, "ZXZYXY": 0.026275951557093433, "XXIZZI": -0.3999783737024222, "IYYIZZ": 0.017517301038062295, "XZZIIX": 0.01751730103806229, "XZYYZX": 0.183931660899654, "YYXZZX": -0.026275951557093426, "XZXYYZ": 0.0, "XZZYXY": 0.026275951557093426, "YYXXZZ": 0.23648356401384082, "XYYXXX": -6.938893903907228e-18, "XYYXZZ": 0.1051038062283737, "YIYIXX": -0.005839100346020764, "IZZIXX": 0.03211505190311419, "YXIIYX": -0.023356401384083042, "ZXXIZI": -0.032115051903114186, "ZIXZXI": 0.03795415224913494, "YXYYYX": 0.07882785467128028, "ZXIXIZ": 0.0029195501730103768, "IIIIXX": -0.43858131487889274, "XXIYIY": -0.014597750865051903, "ZXXZII": 0.0029195501730103855, "YZYZXX": 0.07882785467128028, "YIYIII": -0.004865916955017302, "ZZZXZX": -0.052551903114186845, "XIZXIZ": 0.032115051903114186, "XIIXII": 0.019463667820069204, "XZIXZI": -0.017517301038062275, "YZXZYX": -0.026275951557093426, "ZXZXXX": -0.026275951557093412, "XIXIII": 0.020112456747404847, "ZIZZZI": -0.049632352941176475, "IIIZZI": -0.5050821799307958, "XXZYZY": 0.05255190311418686, "IXIXXX": 0.0, "YZZYII": 0.014597750865051905, "XIXYYI": 0.011678200692041537, "ZXYYZX": -0.02626175294499082, "IXXZIZ": -0.002919550173010387, "XXXZXZ": 0.05255190311418687, "XYXYZZ": 0.2102076124567474, "ZYYXXZ": 0.02627595155709344, "XXXXXX": -0.5255190311418686, "YXXXXY": 0.0, "IXIZXZ": 0.008758650519031142, "YXIXIY": -0.03503460207612457, "ZXZZXZ": 0.07878525883497245, "ZXYZYX": 0.1051038062283737, "IZIXZX": 0.0029195501730103837, "XIYIYX": -0.011678200692041521, "YZZIYI": -0.005839100346020764, "ZZXXZZ": -0.2627595155709343, "ZXXZXX": -0.07882785467128028, "ZZYXYX": 0.6302820706797795, "IZIYZY": 1.0408340855860843e-17, "IXYYIX": 0.005839100346020756, "IYIIYI": -0.005190311418685124, "ZZZIIZ": 0.30930509024100294, "IIZZZZ": 0.9984861591695502, "ZZZZYY": -0.23648356401384082, "ZXXZZZ": 0.02627595155709342, "ZYYIZI": -0.008758650519031144, "IZZXXI": 0.040873702422145324, "ZXZIIX": -0.02335640138408305, "YZZXYX": 0.0, "IYYYIY": -0.008758650519031134, "IXYIXY": -0.008753917648330271, "XYYZXZ": -0.05255190311418686, "ZYYXZX": 0.05255190311418685, "ZXZXYY": -6.938893903907228e-18, "IZYYZI": 0.014597750865051898, "IXIZZX": -0.008758650519031144, "IZZYYI": -0.011678200692041521, "IYXIYX": 0.0, "YYXZXZ": 0.0, "YIYIZZ": 0.0, "ZIIXZX": 0.011678200692041521, "ZIIYYZ": -0.0029195501730103924, "ZIIZYY": 0.03795415224913495, "ZZYIIY": 0.037954152249134954, "XYIXYI": 3.469446951953614e-18, "ZYYIIZ": -6.938893903907228e-18, "XYIYIX": 0.032115051903114186, "IZZIII": -0.11256487889273356, "XXIXIX": -0.04671280276816609, "XIIXXX": -0.00875865051903113, "YZIIZY": -3.469446951953614e-18, "XIZIZX": -0.0029195501730103837, "IZZZIZ": 0.02335640138408305, "ZYIIYZ": 0.0029195501730103803, "IZIZXX": 0.07006920415224914, "XZZIXI": 0.0058391003460207605, "ZYZYXX": -0.026275951557093405, "XIZZXI": 0.0, "IYXIXY": -0.04087370242214533, "XZYXZY": 0.052551903114186845, "XZIIXZ": -0.0058391003460207605, "YIXYIX": 0.002919550173010387, "YXXYZZ": -0.07882785467128027, "XZZXYY": -6.938893903907228e-18, "XYZXYZ": -0.052551903114186845, "YZYYYZ": -0.026275951557093433, "ZIXXIZ": -0.029195501730103816, "ZIZZIZ": -0.03503460207612458, "ZYXYZX": -0.026275951557093433, "XXIXXI": 0.014597750865051894, "ZYXZXY": 1.3877787807814457e-17, "XYXYII": 0.17517301038062283, "IYZYZI": 0.0058391003460207605, "XZZXZZ": -0.026275951557093426, "IIYZYZ": 0.040873702422145324, "IXIIXI": 0.0012975778546712802, "XXYIYI": 0.020436851211072662, "IIZIZI": -0.5044333910034602, "IXYXYI": -0.014597750865051903, "IXIYXY": -0.05547145328719723, "XIIYYX": -0.014597750865051912, "ZIIYZY": -0.008758650519031148, "YZZZYZ": 0.0, "IZYZIY": 0.03503460207612458, "IZXIZX": 0.017517301038062278, "IYYYYI": 0.0029195501730103716, "XXZIIZ": -0.4466911764705883, "ZXXYYZ": 0.10510380622837368, "ZZIXXI": -0.014589862747217117, "IYIYZZ": -0.01751730103806228, "IIIIYY": 0.43598615916955014, "XXYYII": -0.4700475778546712, "ZZZZZZ": -0.6040203177347886, "IZIZZZ": -0.09926470588235295, "XZZYYX": 0.05255190311418686, "IIYXXY": -0.8233131487889274, "YZYZYY": 0.0, "ZYIZIY": 0.029195501730103806, "IYIYYY": 0.0058391003460207536, "IYYXXI": -0.01751730103806228, "XXXYYX": -0.6043468858131488, "ZZIIZZ": -0.6539792387543253, "ZXZYYX": -0.07878525883497245, "YZXZXY": -0.026275951557093426, "XXZYYZ": -0.07882785467128028, "YYXIIX": -0.05255190311418687, "IZYIZY": -0.01751730103806228, "YYYXXY": -0.44669117647058826, "ZZIXIX": 0.005839100346020781, "ZZXXII": -0.3591046712802768, "ZZIYYI": -0.011678200692041524, "IXIXYY": 0.04379325259515571, "IZXZXI": -0.008758650519031148, "ZYYZII": 0.014597750865051905, "YYXIXI": -0.0029195501730103768, "XZXZII": -0.01751730103806228, "IYYIXX": 0.00291955017301037, "XZXZZZ": -0.07882785467128031, "IYZZIY": 0.008758650519031144, "XXXIIX": 0.008758650519031144, "YIIZZY": -0.0029195501730103768, "IYZIYZ": -0.0058391003460207536, "XIXZIZ": 2.0816681711721685e-17, "IIZXXZ": -0.0058391003460207674, "XXZZII": 0.7941176470588236, "IIIXXI": 1.734723475976807e-18, "ZYZZZY": 0.05255190311418686, "YYYYZZ": -0.26275951557093424, "ZZZIZI": 0.32681292553766345, "XYZXZY": -0.02627595155709344, "XIYIXY": 0.002919550173010387, "YZZZZY": 0.026275951557093412, "IXZXIZ": 0.037954152249134954, "IYZIZY": -0.0029195501730103837, "YYZZII": 0.5605536332179931, "XYYYXY": 0.1051038062283737, "XXIIYY": 0.35326557093425603, "XXXXZZ": 0.4466911764705883, "ZXIIXZ": 0.005839100346020754, "IIXZZX": -0.00875865051903114, "YXYXYY": -0.10504701177996326, "IZZXIX": -0.020436851211072672, "YIIZYZ": -0.014597750865051912, "XXIIXX": -0.37078287197231835, "YYZYYZ": 0.05255190311418686, "ZZZYYZ": 0.0, "XIIXYY": 0.03795415224913497, "ZIIIIZ": -0.03535899653979239, "XXZZXX": -0.31531141868512114, "YIIYZZ": 0.0029195501730103733, "ZIIZII": 0.05806660899653979, "IIZZII": 0.996539792387543, "YIIYXX": 0.04087370242214533, "YYYYXX": 0.36786332179930803, "ZYIZYI": 0.02043685121107267, "YXZXZY": 0.0, "IXZZXI": -0.008758650519031137, "YIYZZI": 0.01751730103806229, "IIYXYX": -0.8174740484429066, "XXYIIY": 0.0, "YZIIYZ": -0.008758650519031137, "ZZXIXI": 0.00875865051903114, "XXYZYZ": -0.026275951557093426, "ZZXYYX": 0.49924307958477504, "XIXZZI": -0.029195501730103806, "IIXXYY": 0.659818339100346, "IIIIII": 0.9999999999999997, "IIIXIX": 0.0019463667820069194, "XXZXZX": 0.0, "ZXXXXZ": 0.026275951557093433, "XZIXIZ": 0.014597750865051901, "ZIIZZZ": 0.06714965397923876, "IYIIIY": -0.0068122837370242235, "XZIZXI": -0.029195501730103806, "XIZZIX": 0.01751730103806228, "YYZIIZ": -0.2802768166089966, "YIIYYY": -0.020436851211072665, "YXYXZZ": -0.1051038062283737, "YXXZZY": -0.052523505889981635, "YYIYYI": 0.0029195501730103803, "ZZXXXX": 0.42041522491349487, "YYXYXY": -0.4204152249134948, "XZXZYY": -0.05255190311418684, "ZYXYXZ": -0.02627595155709346, "IIXYYX": -0.8262326989619377, "ZZYYZZ": 0.44669117647058826, "ZXXYZY": -0.026275951557093433, "ZZIIYY": -0.2831963667820069, "YYYIYI": 0.01458986274721712, "ZIIXXZ": 0.011678200692041518, "IZYIYZ": -0.020436851211072672, "YIZIZY": 0.029195501730103813, "ZIYIYZ": 0.011678200692041518, "ZIZXXI": -0.011678200692041524, "YXIYIX": 0.0, "IYIYXX": 0.0058391003460207536, "XXYXYX": -0.6043468858131487, "XIYXIY": 0.0029195501730103837, "XXYXXY": -0.7094506920415223, "XZIIZX": -0.02043685121107267, "YYZZYY": 0.2102076124567474, "XXIIZZ": 0.820393598615917, "YXXIIY": -0.0029195501730103768, "ZIZIZZ": 0.06131055363321801, "ZZXZXZ": 0.05255190311418686, "XZYZXY": 0.0, "XYZYZX": 0.026275951557093426, "YYIIZZ": 0.5663927335640138, "YIYIYY": 0.02335640138408305,