{"ZIXIZX": 6.938893903907228e-18, "ZYIIZY": -0.014597750865051908, "XIIIIX": 0.008434256055363324, "XXYYZZ": -0.4204152249134948, "ZYXXYZ": -0.026275951557093426, "IYYZIZ": 0.0029195501730103803, "XXXXII": 0.47004757785467133, "XZXXXZ": -0.026275951557093433, "IXYIYX": -0.01167820069204152, "ZYZXXY": 0.05255190311418685, "XZXYZY": -0.026275951557093426, "XZYZYX": -2.0816681711721685e-17, "IXXIYY": 0.0029195501730103863, "ZIIZXX": -0.020436851211072672, "ZXZYXY": -2.7755575615628914e-17, "XXIZZI": -0.4116565743944637, "IYYIZZ": -1.0408340855860843e-17, "XZZIIX": -0.005835945098886852, "XZYYZX": -0.05255190311418685, "YYXZZX": 6.938893903907228e-18, "XZXYYZ": -0.026275951557093433, "XZZYXY": 1.3877787807814457e-17, "YYXXZZ": 0.28903546712802763, "XYYXXX": -0.07882785467128028, "XYYXZZ": 0.15765570934256057, "YIYIXX": 0.014597750865051898, "IZZIXX": 0.037954152249134954, "YXIIYX": -0.032115051903114186, "ZXXIZI": -0.014597750865051898, "ZIXZXI": -0.011678200692041528, "YXYYYX": 0.026275951557093405, "ZXIXIZ": -0.02627595155709343, "IIIIXX": -0.43663494809688574, "XXIYIY": 0.008758650519031151, "ZXXZII": 0.029195501730103813, "YZYZXX": 0.05255190311418686, "YIYIII": -0.009083044982698962, "ZZZXZX": 0.02627595155709342, "XIZXIZ": -0.00291955017301037, "XIIXII": 0.015246539792387543, "XZIXZI": 0.005839100346020757, "YZXZYX": 0.05255190311418686, "ZXZXXX": -0.05255190311418685, "XIXIII": 0.023680795847750864, "ZIZZZI": -0.03503460207612456, "IIIZZI": -0.5034602076124567, "XXZYZY": 0.0788278546712803, "IXIXXX": 0.014597750865051898, "YZZYII": 0.008758650519031137, "XIXYYI": -0.008758650519031151, "ZXYYZX": -1.3877787807814457e-17, "IXXZIZ": -0.005839100346020757, "XXXZXZ": 0.026275951557093426, "XYXYZZ": 0.15765570934256057, "ZYYXXZ": 0.07882785467128028, "XXXXXX": -0.551794982698962, "YXXXXY": -0.026275951557093426, "IXIZXZ": 0.02043685121107267, "YXIXIY": 0.0058391003460207674, "ZXZZXZ": 0.15765570934256054, "ZXYZYX": 6.938893903907228e-18, "IZIXZX": -0.014597750865051905, "XIYIYX": -0.026275951557093426, "YZZIYI": -0.023356401384083052, "ZZXXZZ": -0.3415873702422145, "ZXXZXX": 0.02627595155709342, "ZZYXYX": 0.47296712802768176, "IZIYZY": 0.0029195501730103837, "IXYYIX": 0.0029195501730103803, "IYIIYI": -0.005190311418685123, "ZZZIIZ": 0.3094723183391004, "IIZZZZ": 1.0067005295579812, "ZZZZYY": -0.28903546712802775, "ZXXZZZ": 0.07882785467128028, "ZYYIZI": 0.0467128027681661, "IZZXXI": 0.00291955017301037, "ZXZIIX": 0.02335640138408305, "YZZXYX": 0.02627595155709342, "IYYYIY": -0.0058391003460207674, "IXYIXY": -0.017517301038062295, "XYYZXZ": -0.1051038062283737, "ZYYXZX": 0.02627595155709342, "ZXZXYY": 0.052551903114186865, "IZYYZI": -0.002919550173010387, "IXIZZX": -0.011678200692041524, "IZZYYI": -0.002919550173010375, "IYXIYX": -0.03795415224913495, "YYXZXZ": 0.026261752944990807, "YIYIZZ": -0.0058391003460207605, "ZIIXZX": 1.734723475976807e-18, "ZIIYYZ": -0.01751730103806229, "ZIIZYY": -0.0029195501730103907, "ZZYIIY": 0.005839100346020771, "XYIXYI": -0.014597750865051912, "ZYYIIZ": 0.0058391003460207674, "XYIYIX": 0.0058391003460207605, "IZZIII": -0.11061851211072664, "XXIXIX": 3.469446951953614e-18, "XIIXXX": -0.02919550173010381, "YZIIZY": -0.008758650519031139, "XIZIZX": -0.03795415224913495, "IZZZIZ": 0.061310553633217996, "ZYIIYZ": -0.008758650519031137, "IZIZXX": 0.03503460207612458, "XZZIXI": 0.026275951557093433, "ZYZYXX": -0.026275951557093426, "XIZZXI": -0.011678200692041521, "IYXIXY": -0.0029195501730103733, "XZYXZY": 0.02627595155709342, "XZIIXZ": 0.005835945098886842, "YIXYIX": -0.0145977508650519, "YXXYZZ": 0.0, "XZZXYY": 0.052551903114186845, "XYZXYZ": 0.02626175294499082, "YZYYYZ": -0.07878525883497245, "ZIXXIZ": 0.0058391003460207674, "ZIZZIZ": -0.026261752944990814, "ZYXYZX": 0.0, "XXIXXI": -0.00875865051903114, "ZYXZXY": -0.02627595155709342, "XYXYII": 0.1750783529666054, "IYZYZI": -0.026275951557093426, "XZZXZZ": 6.938893903907228e-18, "IIYZYZ": 0.03503460207612456, "IXIIXI": 0.0032439446366782, "XXYIYI": -0.026275951557093433, "IIZIZI": -0.5005406574394463, "IXYXYI": -0.011678200692041521, "IXIYXY": 0.0, "XIIYYX": -0.035015670593321085, "ZIIYZY": -0.0058391003460207605, "YZZZYZ": -0.05255190311418684, "IZYZIY": -0.002919550173010382, "IZXIZX": 0.005835945098886838, "IYYYYI": -0.011678200692041518, "XXZIIZ": -0.4233347750865052, "ZXXYYZ": -0.02627595155709342, "ZZIXXI": -0.00875865051903114, "IYIYZZ": -0.02042580784610397, "IIIIYY": 0.4359861591695502, "XXYYII": -0.4846453287197232, "ZZZZZZ": -0.6306228373702422, "IZIZZZ": -0.07882785467128028, "XZZYYX": -0.02627595155709344, "IIYXXY": -0.8174740484429066, "YZYZYY": -0.052551903114186845, "ZYIZIY": -0.0058391003460207605, "IYIYYY": -0.014597750865051901, "IYYXXI": 0.0058391003460207605, "XXXYYX": -0.7094506920415224, "ZZIIZZ": -0.6131055363321799, "ZXZYYX": -6.938893903907228e-18, "YZXZXY": 0.0, "XXZYYZ": 0.0, "YYXIIX": -0.014597750865051901, "IZYIZY": 0.01751730103806229, "YYYXXY": -0.5517949826989619, "ZZIXIX": -0.005839100346020771, "ZZXXII": -0.3737024221453287, "ZZIYYI": -0.0058391003460207605, "IXIXYY": -0.017507835296660543, "IZXZXI": 0.02043685121107268, "ZYYZII": -0.032115051903114186, "YYXIXI": 0.002919550173010382, "XZXZII": 0.0029195501730103907, "IYYIXX": 0.017517301038062275, "XZXZZZ": 0.026275951557093426, "IYZZIY": -0.0058391003460207605, "XXXIIX": -0.023356401384083042, "YIIZZY": 0.0058391003460207674, "IYZIYZ": -0.014597750865051919, "XIXZIZ": 0.032097698043877666, "IIZXXZ": -0.0058391003460207605, "XXZZII": 0.8116349480968859, "IIIXXI": 0.011353806228373703, "ZYZZZY": 6.938893903907228e-18, "YYYYZZ": -0.28903546712802775, "ZZZIZI": 0.3094723183391004, "XYZXZY": 0.07882785467128027, "XIYIXY": -0.02335640138408305, "YZZZZY": 0.026275951557093412, "IXZXIZ": 0.02335640138408306, "IYZIZY": 0.02627595155709343, "YYZZII": 0.5401167820069204, "XYYYXY": 0.026275951557093447, "XXIIYY": 0.33866782006920415, "XXXXZZ": 0.3678633217993079, "ZXIIXZ": 0.03795415224913495, "IIXZZX": 0.008758650519031148, "YXYXYY": -0.1051038062283737, "IZZXIX": 0.0058391003460207536, "YIIZYZ": 0.0029195501730103768, "XXIIXX": -0.3561851211072664, "YYZYYZ": 0.05255190311418685, "ZZZYYZ": 0.02627595155709344, "XIIXYY": 0.008758650519031151, "ZIIIIZ": -0.040549307958477505, "XXZZXX": -0.36766454122987136, "YIIYZZ": 0.005839100346020759, "ZIIZII": 0.05871539792387544, "IIZZII": 1.0030276816608992, "YIIYXX": -0.0029195501730103837, "YYYYXX": 0.3941392733564014, "ZYIZYI": -0.020436851211072665, "YXZXZY": 0.026275951557093426, "IXZZXI": 0.005839100346020778, "YIYZZI": 6.938893903907228e-18, "IIYXYX": -0.8082783961958283, "XXYIIY": -0.005839100346020764, "YZIIYZ": -0.02043685121107266, "ZZXIXI": 0.023356401384083042, "XXYZYZ": 0.07882785467128028, "ZZXYYX": 0.5255190311418686, "XIXZZI": 0.014597750865051905, "IIXXYY": 0.6481401384083045, "IIIIII": 0.9999999999999997, "IIIXIX": -0.0009731833910034608, "XXZXZX": 0.026275951557093426, "ZXXXXZ": 0.026275951557093426, "XZIXIZ": 0.014597750865051912, "ZIIZZZ": 0.05839100346020762, "IYIIIY": 0.0016219723183390992, "XZIZXI": 0.011678200692041521, "XIZZIX": 0.008758650519031137, "YYZIIZ": -0.30071366782006925, "YIIYYY": 0.0058391003460207605, "YXYXZZ": 0.05252350588998163, "YXXZZY": -0.05255190311418686, "YYIYYI": -0.026275951557093433, "ZZXXXX": 0.4204152249134949, "YYXYXY": -0.47296712802768176, "XZXZYY": 0.026275951557093426, "ZYXYXZ": 0.026275951557093426, "IIXYYX": -0.8145544982698962, "ZZYYZZ": 0.3415873702422146, "ZXXYZY": -0.10504701177996326, "ZZIIYY": -0.2569204152249135, "YYYIYI": -0.0029195501730103907, "ZIIXXZ": 0.0029195501730103837, "IZYIYZ": 6.938893903907228e-18, "YIZIZY": 0.008758650519031151, "ZIYIYZ": -0.02919550173010381, "ZIZXXI": 0.017517301038062278, "YXIYIX": 0.011678200692041514, "IYIYXX": -0.008758650519031151, "XXYXYX": -0.6568987889273357, "XIYXIY": 0.0029195501730103855, "XXYXXY": -0.6306228373702422, "XZIIZX": -0.0029195501730103837, "YYZZYY": 0.2890354671280277, "XXIIZZ": 0.8116349480968859, "YXXIIY": 0.03795415224913497,