{"ZIXIZX": 0.0, "ZYIIZY": 0.011678200692041531, "XIIIIX": 0.007461072664359861, "XXYYZZ": -0.49924307958477515, "ZYXXYZ": 0.07882785467128031, "IYYZIZ": -0.01751730103806228, "XXXXII": 0.4729671280276817, "XZXXXZ": -0.026275951557093426, "IXYIYX": -0.0029195501730103907, "ZYZXXY": 0.05255190311418685, "XZXYZY": 0.02627595155709344, "XZYZYX": -0.052551903114186845, "IXXIYY": 0.0029195501730103768, "ZIIZXX": -0.04379325259515571, "ZXZYXY": -0.07882785467128028, "XXIZZI": -0.4087370242214533, "IYYIZZ": 0.0058391003460207605, "XZZIIX": -0.008758650519031144, "XZYYZX": 0.026275951557093433, "YYXZZX": 0.1051038062283737, "XZXYYZ": 0.05255190311418686, "XZZYXY": -0.05255190311418685, "YYXXZZ": 0.26275951557093424, "XYYXXX": -0.052551903114186845, "XYYXZZ": 0.15765570934256054, "YIYIXX": 0.020436851211072665, "IZZIXX": 0.020436851211072672, "YXIIYX": -0.037954152249134954, "ZXXIZI": -1.0408340855860843e-17, "ZIXZXI": 0.026275951557093422, "YXYYYX": 0.13137975778546715, "ZXIXIZ": 0.011678200692041524, "IIIIXX": -0.43436418685121103, "XXIYIY": 0.026275951557093422, "ZXXZII": 0.023356401384083035, "YZYZXX": 0.05255190311418686, "YIYIII": 0.004217128027681668, "ZZZXZX": 0.05255190311418686, "XIZXIZ": 0.037954152249134954, "XIIXII": 0.024329584775086507, "XZIXZI": -0.0058391003460207605, "YZXZYX": -0.052551903114186865, "ZXZXXX": 0.026275951557093426, "XIXIII": 0.024653979238754325, "ZIZZZI": -0.04379325259515571, "IIIZZI": -0.5073529411764706, "XXZYZY": 6.938893903907228e-18, "IXIXXX": -0.026275951557093426, "YZZYII": 0.01167820069204152, "XIXYYI": -0.0058391003460207605, "ZXYYZX": -0.05255190311418686, "IXXZIZ": -0.014597750865051919, "XXXZXZ": -0.026275951557093433, "XYXYZZ": 0.2364835640138408, "ZYYXXZ": 6.938893903907228e-18, "XXXXXX": -0.5517949826989619, "YXXXXY": -0.1051038062283737, "IXIZXZ": -0.020436851211072662, "YXIXIY": -0.020436851211072665, "ZXZZXZ": -0.05255190311418686, "ZXYZYX": -0.07882785467128028, "IZIXZX": 0.029195501730103816, "XIYIYX": 0.0029195501730103768, "YZZIYI": 0.0029195501730103803, "ZZXXZZ": -0.3151410353398898, "ZXXZXX": 0.026275951557093433, "ZZYXYX": 0.44669117647058826, "IZIYZY": -0.005839100346020767, "IXYYIX": -0.023356401384083056, "IYIIYI": 0.004865916955017299, "ZZZIIZ": 0.33866782006920415, "IIZZZZ": 0.9984861591695502, "ZZZZYY": -0.31531141868512114, "ZXXZZZ": 0.10504701177996326, "ZYYIZI": -0.008758650519031139, "IZZXXI": 0.00875865051903113, "ZXZIIX": 0.0029195501730103803, "YZZXYX": 0.0, "IYYYIY": 0.005839100346020764, "IXYIXY": -0.00875865051903114, "XYYZXZ": -0.052551903114186886, "ZYYXZX": 0.05255190311418684, "ZXZXYY": -0.026275951557093433, "IZYYZI": -0.02043685121107266, "IXIZZX": -0.0029195501730103768, "IZZYYI": -0.0029195501730103803, "IYXIYX": -0.026275951557093433, "YYXZXZ": -0.02627595155709342, "YIYIZZ": -0.005835945098886845, "ZIIXZX": 0.01167820069204151, "ZIIYYZ": 0.002919550173010379, "ZIIZYY": 0.040873702422145324, "ZZYIIY": 0.0058391003460207674, "XYIXYI": -0.014597750865051903, "ZYYIIZ": 0.011678200692041528, "XYIYIX": 0.00291955017301038, "IZZIII": -0.10153546712802768, "XXIXIX": -0.0029195501730103837, "XIIXXX": -0.011678200692041528, "YZIIZY": -0.02919550173010382, "XIZIZX": 0.005839100346020757, "IZZZIZ": 0.04963235294117647, "ZYIIYZ": -0.005839100346020762, "IZIZXX": 0.04671280276816609, "XZZIXI": -0.020436851211072662, "ZYZYXX": 0.07882785467128028, "XIZZXI": -0.01751730103806229, "IYXIXY": 0.014597750865051903, "XZYXZY": -0.026275951557093426, "XZIIXZ": -0.0029195501730103733, "YIXYIX": -0.023356401384083045, "YXXYZZ": 1.3877787807814457e-17, "XZZXYY": -0.02627595155709346, "XYZXYZ": -6.938893903907228e-18, "YZYYYZ": -0.02627595155709344, "ZIXXIZ": 0.0, "ZIZZIZ": -0.05255190311418686, "ZYXYZX": 2.7755575615628914e-17, "XXIXXI": -0.00875865051903114, "ZYXZXY": -6.938893903907228e-18, "XYXYII": 0.19269031141868515, "IYZYZI": -0.008758650519031144, "XZZXZZ": -0.026275951557093426, "IIYZYZ": 0.0058391003460207536, "IXIIXI": 0.0032439446366782036, "XXYIYI": 0.014597750865051908, "IIZIZI": -0.5090241002917971, "IXYXYI": 0.005839100346020762, "IXIYXY": -0.02335640138408305, "XIIYYX": 0.017517301038062275, "ZIIYZY": -0.0058391003460207605, "YZZZYZ": -0.052551903114186865, "IZYZIY": -0.017517301038062295, "IZXIZX": -0.005839100346020774, "IYYYYI": 0.03211505190311417, "XXZIIZ": -0.39121972318339104, "ZXXYYZ": -0.026275951557093426, "ZZIXXI": 0.008758650519031144, "IYIYZZ": 0.008758650519031144, "IIIIYY": 0.44506920415224915, "XXYYII": -0.4642084775086506, "ZZZZZZ": -0.6043468858131489, "IZIZZZ": -0.11380092942829353, "XZZYYX": 0.026275951557093426, "IIYXXY": -0.797037197231834, "YZYZYY": -0.02626175294499082, "ZYIZIY": 0.02043685121107268, "IYIYYY": -0.008758650519031144, "IYYXXI": 0.0029195501730103837, "XXXYYX": -0.6306228373702423, "ZZIIZZ": -0.6247837370242215, "ZXZYYX": 0.10510380622837372, "YZXZXY": 2.7755575615628914e-17, "XXZYYZ": 0.05255190311418686, "YYXIIX": -0.026275951557093426, "IZYIZY": 0.020436851211072672, "YYYXXY": -0.5255190311418685, "ZZIXIX": 0.0058391003460207674, "ZZXXII": -0.35034602076124566, "ZZIYYI": -0.002919550173010379, "IXIXYY": 0.029195501730103796, "IZXZXI": 0.005839100346020755, "ZYYZII": -0.011678200692041521, "YYXIXI": 0.02627595155709342, "XZXZII": 3.469446951953614e-18, "IYYIXX": 0.011678200692041528, "XZXZZZ": -0.026275951557093426, "IYZZIY": -0.011678200692041518, "XXXIIX": -0.014597750865051908, "YIIZZY": -0.005839100346020757, "IYZIYZ": -0.00291955017301037, "XIXZIZ": 0.032115051903114186, "IIZXXZ": 0.0058391003460207674, "XXZZII": 0.8228682589430455, "IIIXXI": -0.0035683391003460147, "ZYZZZY": -0.07882785467128028, "YYYYZZ": -0.31531141868512114, "ZZZIZI": 0.30638711769155946, "XYZXZY": 0.026275951557093447, "XIYIXY": -0.005839100346020759, "YZZZZY": 6.938893903907228e-18, "IXZXIZ": -0.011678200692041524, "IYZIZY": 0.020436851211072665, "YYZZII": 0.5809904844290656, "XYYYXY": 0.0, "XXIIYY": 0.35034602076124566, "XXXXZZ": 0.49924307958477515, "ZXIIXZ": 0.0, "IIXZZX": 0.008758650519031151, "YXYXYY": -0.05255190311418685, "IZZXIX": -0.026275951557093433, "YIIZYZ": 0.011678200692041531, "XXIIXX": -0.3474264705882353, "YYZYYZ": -0.026275951557093433, "ZZZYYZ": -0.026275951557093426, "XIIXYY": 0.01167189019777369, "ZIIIIZ": -0.037305363321799304, "XXZZXX": -0.26275951557093424, "YIIYZZ": -0.014597750865051908, "ZIIZII": 0.06520328719723183, "IIZZII": 1.0023788927335637, "YIIYXX": -0.0029195501730103837, "YYYYXX": 0.2890354671280277, "ZYIZYI": 0.0058391003460207674, "YXZXZY": 2.7755575615628914e-17, "IXZZXI": 0.0058391003460207605, "YIYZZI": 0.017507835296660543, "IIYXYX": -0.8233131487889274, "XXYIIY": 0.008758650519031151, "YZIIYZ": -0.023356401384083045, "ZZXIXI": 0.01751730103806228, "XXYZYZ": 0.026275951557093405, "ZZXYYX": 0.5255190311418685, "XIXZZI": 0.008758650519031151, "IIXXYY": 0.6423010380622838, "IIIIII": 0.9999999999999997, "IIIXIX": 0.005839100346020764, "XXZXZX": 0.0, "ZXXXXZ": 0.05255190311418686, "XZIXIZ": -0.008758650519031137, "ZIIZZZ": 0.07590830449826992, "IYIIIY": 0.0012975778546712845, "XZIZXI": -0.005839100346020771, "XIZZIX": 0.008758650519031134, "YYZIIZ": -0.30071366782006925, "YIIYYY": -0.014597750865051919, "YXYXZZ": 0.0, "YXXZZY": -0.026275951557093447, "YYIYYI": -0.00875865051903113, "ZZXXXX": 0.3941392733564015, "YYXYXY": -0.39413927335640153, "XZXZYY": -0.026275951557093426, "ZYXYXZ": -0.10510380622837373, "IIXYYX": -0.8174740484429066, "ZZYYZZ": 0.3941392733564014, "ZXXYZY": 0.05255190311418686, "ZZIIYY": -0.2831963667820069, "YYYIYI": 0.02335640138408305, "ZIIXXZ": -0.0029195501730103803, "IZYIYZ": 0.037933643142764505, "YIZIZY": -0.0029195501730103855, "ZIYIYZ": 0.008758650519031134, "ZIZXXI": 0.0029195501730103837, "YXIYIX": -0.017517301038062275, "IYIYXX": 0.011678200692041507, "XXYXYX": -0.6565438236247704, "XIYXIY": 0.008758650519031148, "XXYXXY": -0.6568987889273354, "XZIIZX": -0.03795415224913496, "YYZZYY": 0.2890354671280277, "XXIIZZ": 0.8116349480968859, "YXXIIY": -0.002919550173010387,