{"ZIXIZX": 0.00583910034602076, "ZYIIZY": -0.014589862747217106, "XIIIIX": -0.0012975778546712793, "XXYYZZ": -0.44669117647058826, "ZYXXYZ": -0.052551903114186845, "IYYZIZ": -6.938893903907228e-18, "XXXXII": 0.46712802768166095, "XZXXXZ": -1.3877787807814457e-17, "IXYIYX": 0.0029195501730103907, "ZYZXXY": -0.026275951557093433, "XZXYZY": 0.05255190311418685, "XZYZYX": -6.938893903907228e-18, "IXXIYY": 0.008758650519031146, "ZIIZXX": -0.04087370242214532, "ZXZYXY": 0.026275951557093433, "XXIZZI": -0.41749567474048443, "IYYIZZ": 0.020436851211072662, "XZZIIX": -2.6020852139652106e-18, "XZYYZX": -0.07882785467128028, "YYXZZX": -0.05252350588998163, "XZXYYZ": -0.10510380622837373, "XZZYXY": 0.0, "YYXXZZ": 0.3415873702422146, "XYYXXX": -0.2102076124567474, "XYYXZZ": 0.13137975778546712, "YIYIXX": 0.023356401384083045, "IZZIXX": 0.037954152249134954, "YXIIYX": -0.037954152249134954, "ZXXIZI": 0.01167820069204151, "ZIXZXI": 0.011678200692041518, "YXYYYX": 0.052551903114186865, "ZXIXIZ": -0.008758650519031144, "IIIIXX": -0.43436418685121103, "XXIYIY": -0.0029195501730103768, "ZXXZII": -0.01167820069204153, "YZYZXX": -0.02627595155709344, "YIYIII": 0.001297577854671281, "ZZZXZX": 0.026275951557093433, "XIZXIZ": -0.008758650519031144, "XIIXII": 0.020436851211072665, "XZIXZI": 0.0058391003460207605, "YZXZYX": 0.02626175294499082, "ZXZXXX": -0.0788278546712803, "XIXIII": 0.03665657439446367, "ZIZZZI": -0.026275951557093436, "IIIZZI": -0.5028114186851211, "XXZYZY": 0.026261752944990807, "IXIXXX": -0.0058391003460207674, "YZZYII": 0.023356401384083042, "XIXYYI": 0.017517301038062278, "ZXYYZX": -0.07882785467128028, "IXXZIZ": 0.0, "XXXZXZ": 0.10510380622837369, "XYXYZZ": 0.13137975778546715, "ZYYXXZ": -6.938893903907228e-18, "XXXXXX": -0.49924307958477515, "YXXXXY": 0.026275951557093426, "IXIZXZ": -0.02043685121107267, "YXIXIY": 0.026275951557093433, "ZXZZXZ": -0.026261752944990828, "ZXYZYX": -1.3877787807814457e-17, "IZIXZX": 0.008758650519031127, "XIYIYX": -0.02043685121107267, "YZZIYI": 0.011678200692041521, "ZZXXZZ": -0.3153114186851211, "ZXXZXX": -0.02627595155709342, "ZZYXYX": 0.4729671280276817, "IZIYZY": -0.0029195501730103768, "IXYYIX": 0.026275951557093433, "IYIIYI": -0.005514705882352939, "ZZZIIZ": 0.31239186851211076, "IIZZZZ": 0.9955666089965398, "ZZZZYY": -0.3415873702422146, "ZXXZZZ": 0.02627595155709346, "ZYYIZI": 0.008758650519031144, "IZZXXI": 0.01751730103806228, "ZXZIIX": 0.011678200692041528, "YZZXYX": -6.938893903907228e-18, "IYYYIY": -0.008758650519031137, "IXYIXY": -0.014597750865051906, "XYYZXZ": 0.026275951557093433, "ZYYXZX": 0.0, "ZXZXYY": -0.05255190311418685, "IZYYZI": -0.0029195501730103768, "IXIZZX": -0.0058391003460207605, "IZZYYI": 0.0058391003460207674, "IYXIYX": -0.008758650519031137, "YYXZXZ": -0.07882785467128028, "YIYIZZ": -0.008758650519031137, "ZIIXZX": -0.00583910034602076, "ZIIYYZ": 0.008758650519031123, "ZIIZYY": 0.02627595155709342, "ZZYIIY": -0.01751730103806229, "XYIXYI": 0.0, "ZYYIIZ": 0.017517301038062285, "XYIYIX": 0.02335640138408306, "IZZIII": -0.10283304498269896, "XXIXIX": 0.02043685121107266, "XIIXXX": -0.0029195501730103837, "YZIIZY": 0.008758650519031151, "XIZIZX": -0.01751730103806227, "IZZZIZ": 0.07590830449826991, "ZYIIYZ": 0.026275951557093426, "IZIZXX": 0.035015670593321085, "XZZIXI": -0.01751730103806228, "ZYZYXX": -2.7755575615628914e-17, "XIZZXI": -0.0058391003460207674, "IYXIXY": -0.02335640138408305, "XZYXZY": -0.07882785467128028, "XZIIXZ": 0.011678200692041528, "YIXYIX": -0.023356401384083042, "YXXYZZ": -0.026275951557093433, "XZZXYY": 0.02627595155709344, "XYZXYZ": -0.052551903114186865, "YZYYYZ": -0.026261752944990807, "ZIXXIZ": -0.011678200692041521, "ZIZZIZ": -0.06711336863719874, "ZYXYZX": -0.05255190311418686, "XXIXXI": 0.011678200692041521, "ZYXZXY": -0.07882785467128028, "XYXYII": 0.16057525951557097, "IYZYZI": -0.005839100346020747, "XZZXZZ": 0.07882785467128028, "IIYZYZ": 0.0058391003460207536, "IXIIXI": 0.0009731833910034578, "XXYIYI": -0.002919550173010387, "IIZIZI": -0.5021626297577855, "IXYXYI": -0.00875865051903114, "IXIYXY": -0.040873702422145344, "XIIYYX": -0.023356401384083035, "ZIIYZY": -0.00875865051903115, "YZZZYZ": -0.05252350588998163, "IZYZIY": -0.008758650519031137, "IZXIZX": -0.011678200692041528, "IYYYYI": -0.029195501730103806, "XXZIIZ": -0.40289792387543255, "ZXXYYZ": -0.05255190311418686, "ZZIXXI": -0.014589862747217137, "IYIYZZ": -0.00583910034602075, "IIIIYY": 0.44344723183391, "XXYYII": -0.46103966281206094, "ZZZZZZ": -0.6306228373702422, "IZIZZZ": -0.11380092942829353, "XZZYYX": 0.026275951557093433, "IIYXXY": -0.8262326989619377, "YZYZYY": 0.05255190311418684, "ZYIZIY": 0.011671890197773697, "IYIYYY": 0.0058391003460207674, "IYYXXI": 0.020436851211072672, "XXXYYX": -0.6565438236247704, "ZZIIZZ": -0.6277032871972319, "ZXZYYX": 0.0, "YZXZXY": 6.938893903907228e-18, "XXZYYZ": -0.07882785467128031, "YYXIIX": 0.014597750865051912, "IZYIZY": -0.026275951557093422, "YYYXXY": -0.42041522491349487, "ZZIXIX": -0.02919550173010381, "ZZXXII": -0.3445069204152249, "ZZIYYI": 0.005839100346020769, "IXIXYY": 0.02627595155709342, "IZXZXI": -0.01751730103806229, "ZYYZII": 0.01751730103806229, "YYXIXI": -0.0058391003460207536, "XZXZII": 0.023356401384083056, "IYYIXX": 0.011678200692041528, "XZXZZZ": 0.026275951557093433, "IYZZIY": -0.0058391003460207674, "XXXIIX": 0.0058391003460207536, "YIIZZY": -0.01751730103806229, "IYZIYZ": -0.0058391003460207536, "XIXZIZ": -3.469446951953614e-18, "IIZXXZ": 0.005839100346020757, "XXZZII": 0.8174740484429066, "IIIXXI": 0.0032439446366781984, "ZYZZZY": -0.026275951557093426, "YYYYZZ": -0.31531141868512114, "ZZZIZI": 0.30363321799307963, "XYZXZY": 0.05255190311418686, "XIYIXY": -0.020436851211072672, "YZZZZY": 0.07882785467128028, "IXZXIZ": -0.011678200692041528, "IYZIZY": -1.0408340855860843e-17, "YYZZII": 0.560553633217993, "XYYYXY": 1.3877787807814457e-17, "XXIIYY": 0.35910467128027684, "XXXXZZ": 0.49924307958477515, "ZXIIXZ": -0.017517301038062292, "IIXZZX": -0.020436851211072665, "YXYXYY": -0.07882785467128028, "IZZXIX": -0.01751730103806229, "YIIZYZ": 0.008758650519031151, "XXIIXX": -0.37662197231833916, "YYZYYZ": 0.026275951557093426, "ZZZYYZ": -0.026275951557093426, "XIIXYY": 0.002919550173010383, "ZIIIIZ": -0.039576124567474044, "XXZZXX": -0.49924307958477515, "YIIYZZ": -0.011678200692041521, "ZIIZII": 0.06714965397923875, "IIZZII": 1.0044309953528583, "YIIYXX": -0.01750783529666055, "YYYYXX": 0.3678633217993079, "ZYIZYI": 0.0058391003460207605, "YXZXZY": 0.05255190311418686, "IXZZXI": 0.0029195501730103733, "YIYZZI": -0.01751730103806228, "IIYXYX": -0.8028762975778547, "XXYIIY": -0.005839100346020759, "YZIIYZ": -0.03795415224913495, "ZZXIXI": -0.026275951557093426, "XXYZYZ": 0.0, "ZZXYYX": 0.47296712802768165, "XIXZZI": 0.00875865051903114, "IIXXYY": 0.6539792387543253, "IIIIII": 0.9999999999999997, "IIIXIX": 0.007136678200692036, "XXZXZX": -0.07882785467128028, "ZXXXXZ": 0.052551903114186886, "XZIXIZ": 3.469446951953614e-18, "ZIIZZZ": 0.06714965397923876, "IYIIIY": -0.0009731833910034604, "XZIZXI": -0.03211505190311419, "XIZZIX": 0.008758650519031144, "YYZIIZ": -0.2744377162629758, "YIIYYY": -0.011678200692041524, "YXYXZZ": -0.07882785467128028, "YXXZZY": 6.938893903907228e-18, "YYIYYI": 0.0029195501730103803, "ZZXXXX": 0.36786332179930803, "YYXYXY": -0.4204152249134948, "XZXZYY": 0.0, "ZYXYXZ": 0.0, "IIXYYX": -0.8028762975778547, "ZZYYZZ": 0.31531141868512114, "ZXXYZY": 6.938893903907228e-18, "ZZIIYY": -0.2977941176470588, "YYYIYI": 0.0029195501730103794, "ZIIXXZ": 0.0058391003460207605, "IZYIYZ": 0.026275951557093422, "YIZIZY": 0.005839100346020761, "ZIYIYZ": -0.014597750865051905, "ZIZXXI": 0.01751730103806229, "YXIYIX": -6.938893903907228e-18, "IYIYXX": -0.020436851211072672, "XXYXYX": -0.6306228373702423, "XIYXIY": 0.002919550173010382, "XXYXXY": -0.7094506920415224, "XZIIZX": 0.0321150519031142, "YYZZYY": 0.183931660899654, "XXIIZZ": 0.797037197231834, "YXXIIY": -0.008758650519031144, "ZIZIZZ": 0.07298875432525952,