{"ZZZIZI": 0.31301914449429225, "YIIXXY": -0.017989606005419087, "XXIYIY": 0.0035979212010838063, "ZXZZZX": -0.06476258161950876, "ZYIIYZ": -0.03597921201083819, "XYZXYZ": -0.06476258161950874, "YXXYZZ": -0.03238129080975436, "XIZIZX": 0.00359792120108382, "YZZIYI": 0.03597921201083819, "YIYIZZ": 0.01079376360325146, "IZIXZX": 0.03957713321192201, "ZYZZZY": -0.06476258161950874, "IYIYYY": -0.017989606005419087, "XXIXXI": 0.007195842402167633, "YZZYZZ": -0.09714387242926309, "ZYYIZI": -0.0179896060054191, "YYIZZI": -0.2734420112823702, "IZIZYY": -0.035979212010838174, "IIIXXI": -0.003198152178741172, "XIXZIZ": -0.007195842402167633, "ZZXIIX": -0.04317505441300583, "XZXZYY": 0.03238129080975436, "XIXIZZ": 0.02518544840758674, "ZXXXZX": -0.03238129080975436, "IZYZYI": -1.734723475976807e-18, "IIZZZZ": 1.0002220939013018, "YZZZZY": -4.163336342344337e-17, "XYZYXZ": -0.03238129080975436, "IZZIXX": 0.061164660418424915, "ZYZIYI": -0.007195842402167639, "ZYYXXZ": 0.0, "IYYZZI": 0.021587527206502907, "ZYZIIY": 0.010793763603251457, "IIYZZY": -0.01439168480433527, "XZXXZX": -0.03238129080975433, "YIZYZI": 0.010793763603251454, "YZYZII": 0.0, "XZYXZY": -2.7755575615628914e-17, "ZIXIXZ": -0.010793763603251454, "IYIZYZ": 0.02878336960867054, "IXIYXY": -0.053968818016257275, "XZZXXX": 0.06476258161950876, "XXZZXX": -0.4533380713365611, "ZIZIYY": 0.05756673921734111, "ZIZYYI": 0.0035979212010838167, "ZIIIZI": -0.03198152178741172, "YYYYXX": 0.42095678052680674, "IZIYYZ": 0.00719584240216764, "YYYXXY": -0.4533380713365611, "ZXXZZZ": -0.06476258161950874, "ZXYXZY": 0.0323812908097544, "XZZYYX": 0.06476258161950874, "YIZZIY": 0.003597921201083827, "YXYXZZ": -0.06476258161950876, "ZYYZXX": -0.032375538482035796, "XIXXIX": 0.01439168480433527, "IZZIZZ": -0.14391684804335275, "IZZZIZ": 0.07914020517830973, "IZIZII": -0.11553324745702484, "XIIXZZ": -0.0035979212010838132, "IIYYYY": -0.6728112646026743, "YIYZIZ": -0.010793763603251457, "YZYXZX": 0.0, "IIXXXX": -0.654821658597255, "XXZXZX": -0.06476258161950872, "XYZZXY": -0.12952516323901747, "XXIIZZ": 0.8131301914449431, "IIYXYX": -0.8095322702438593, "YZXYZX": -0.09714387242926306, "IZIZXX": 0.0755563452227602, "ZYYZII": 0.01439168480433528, "IXXIII": 0.03477990494381024, "IIYIYI": -0.005596766312797049, "XYXIYI": -6.938893903907228e-18, "YXZYXZ": -0.03238129080975433, "ZIZIII": 0.07195842402167636, "YXXXXY": -0.06476258161950872, "YIIYZZ": -0.00359792120108382, "YYXZZX": 0.09714387242926312, "IZIXXZ": -0.0035979212010838167, "ZIXXIZ": -0.007195842402167642, "ZXZXZZ": -0.032381290809754375, "YZIZIY": -0.00359792120108382, "XIZZIX": 0.02518544840758673, "YZXZYX": -0.1619064540487718, "IIYXXY": -0.8023364278416918, "YIYYIY": 0.014391684804335288, "ZXXZXX": 1.3877787807814457e-17, "ZXXXXZ": 0.06475107696407159, "YXIXIY": -0.0035979212010838098, "ZYXYXZ": -0.1619064540487718, "XXIIYY": 0.3561941989072981, "YYIXXI": 0.007195842402167633, "XIXXXI": -0.01079376360325145, "YIYXXI": -0.00359792120108382, "XYIXIY": -0.02518544840758674, "IYYIYY": -0.03597282053559532, "ZZIIZZ": -0.6116466041842492, "ZZYYZZ": 0.35619419890729803, "IIXXII": 0.5512814818105094, "IIIYYI": -0.008395149469195576, "XYXXXY": 0.06476258161950872, "YXXXYX": -0.032375538482035796, "YZZYII": -0.05037089681517347, "YZIZYI": -0.00719584240216764, "ZZZYZY": -0.09714387242926309, "YIXYXI": -0.007195842402167637, "YYXXII": 0.35253364124883424, "ZIYZYI": 0.032381290809754375, "ZZYXYX": 0.5504819437658242, "XYIYIX": -0.007195842402167647, "YZIYZI": 8.673617379884035e-18, "YIIYII": 4.336808689942018e-19, "YXYXII": -0.05037089681517347, "YYYXYX": -0.4857193621463155, "XYYIIX": 6.938893903907228e-18, "YXIIYX": -0.010793763603251467, "IZZIYY": -0.06836050282059256, "YYXXYY": 0.35619419890729803, "YXXIYI": -0.007195842402167644, "IYXYIX": -0.014391684804335284, "YYXIXI": -0.014391684804335272, "XXXZZX": -0.06476258161950874, "XYXYZZ": 0.19428774485852615, "IZYYZI": -0.010793763603251457, "ZXXYYZ": 0.0, "XXZIIZ": -0.3993692533203039, "XZYYZX": -2.7755575615628914e-17, "ZIZIZZ": 0.07915426642384402, "IIIXIX": -0.0031981521787411713, "YXIYXI": -0.025185448407586727, "IZXZXI": 3.469446951953614e-18, "ZYZYII": -0.017989606005419094, "ZYYYZY": 0.0, "IXIIXI": -0.006796073379824989, "YIZYIZ": -0.01079184616067859, "XYIXYI": -0.0179896060054191, "XZIIXZ": -0.017989606005419087, "YIXXYI": 0.01079376360325146, "YIYYYI": -0.014391684804335274, "IZZZZI": 0.07195842402167639, "XIXYYI": 0.007195842402167633, "YXZXZY": 2.7755575615628914e-17, "YIIZYZ": -0.025185448407586724, "ZXXZII": -0.017989606005419097, "YZYZYY": -0.09714387242926309, "IIZYYZ": -0.014389128214238135, "ZIXZIX": -0.010793763603251454, "IYZZYI": 0.01798960600541909, "XXYXYX": -0.6476258161950872, "ZZIZZI": 0.2914316172877893, "IIYYZZ": -0.5576777861679919, "XXZYYZ": -1.3877787807814457e-17, "ZIIXXZ": 0.025180974374916735, "ZYXYZX": -0.03238129080975435, "XZYZYX": -0.03238129080975435, "XZIXIZ": -0.021587527206502914, "YXZZYX": -1.3877787807814457e-17, "IXZZXI": 0.035979212010838195, "YXZZXY": 0.06476258161950874, "XZZZZX": -0.06476258161950871, "XIYXIY": 0.03597921201083819, "XZXXXZ": 0.06476258161950875, "ZYYXZX": 0.03238129080975436, "XYZZYX": -0.09714387242926312, "ZZIXXI": -6.938893903907228e-18, "XIIIXI": -0.009594456536223511, "YYYYZZ": -0.35619419890729803, "IXYYXI": -0.02878336960867055, "YXXYXX": 0.09714387242926309, "YZXXYZ": -0.09714387242926312, "XIXZZI": -0.014391684804335269, "IXYIYX": -0.0215836923213572, "ZIZXIX": -0.003597921201083834, "IIXYXY": -0.8059343490427755, "ZXYYZX": -2.7755575615628914e-17, "XXZZZZ": 0.8419135610536135, "XZZXZZ": -1.3877787807814457e-17, "YYIXIX": 0.010793763603251443, "IYIZZY": 0.02158752720650291, "XXIIII": 0.8127304224226002, "YIYIYY": -0.007195842402167647, "IZZYYI": 0.003597921201083827, "XYZXZY": 0.06476258161950872, "IIXZXZ": -0.007194564107119064, "XZZXYY": 0.09714387242926309, "XIIZXZ": -0.0071958424021676265, "YIIIIY": 0.007195842402167636, "YZIYIZ": -0.01079376360325146, "IIIZZI": -0.5024203934804814, "IYZIYZ": 0.021587527206502907, "XYXZYZ": 0.06476258161950874, "IYYIZZ": 0.010793763603251464, "ZIYZIY": 0.007195842402167644, "YXZXYZ": 0.03238129080975436, "ZZZZZZ": -0.5504819437658242, "IYIYZZ": -0.03597921201083819, "YIZZYI": 0.010793763603251448, "XYXIIY": -0.035979212010838195, "IXZIXZ": -0.028783369608670548, "YYYYYY": -0.4533380713365611, "ZIZXXI": 0.014391684804335274, "XIXIII": 0.025984986452272023, "XIIYXY": -0.032381290809754354, "XYXYXX": -0.09714387242926312, "XIYIXY": -0.0035979212010838185, "YXIIXY": 0.046772975614089635, "YIXIXY": -0.017989606005419104, "IZZIII": -0.12033047572513658, "ZZXIXI": -0.0215875272065029, "YXZYZX": 1.3877787807814457e-17, "IXXZZI": -0.0215836923213572, "ZZYIYI": 0.017989606005419087, "ZZYYXX": -0.42095678052680674, "XXXXYY": 0.5181006529560698, "XYIIXY": -0.1151334784346822, "IIIIYY": 0.44414338382268026, "IXYIXY": -1.734723475976807e-18, "YZZXXY": -0.09714387242926309, "XXXYXY": -0.6800071070048416, "XXXYYX": -0.5828632345755786, "YIIYXX": 0.0035979212010838132, "XYYZZX": 1.3877787807814457e-17, "YYZYYZ": -0.09714387242926309, "ZZXXYY": -0.3885754897170524, "ZXXIIZ": 6.938893903907228e-18, "XYXZZY": -0.03238129080975435, "YYYIYI": 0.021587527206502907, "YXIYIX": -0.003597921201083815, "XXZYZY": 4.163336342344337e-17, "ZZXYYX": 0.5827596926766443, "YXYYYX": 0.03238129080975439, "ZXZIIX": 0.007195842402167633, "YYXYYX": -0.4857193621463155, "XYYXZZ": 0.16190645404877183, "YYYIIY": -0.007194564107119066, "IIIZIZ": -0.5013103540176786, "IIZXZX": 0.021587527206502907, "YZYZXX": -0.03238129080975436, "YZYXXZ": 0.03238129080975435, "XZXZXX": 0.0, "ZXIZXI": 0.01439168480433528, "XYYYYX": 0.09712661544610739, "ZYZXXY": -1.3877787807814457e-17, "XYZYZX": 0.0, "IIZXXZ": -0.021587527206502914, "YYZZXX": -0.22666903566828053, "ZZXZXZ": 0.12952516323901747, "ZYIZIY": 0.017989606005419094, "YXYIIX": -0.017989606005419094, "ZZIIXX": 0.27703993248345404, "IXXIZZ": 0.039577133211922, "IZYYIZ": 5.204170427930421e-18,