{"YZZYZZ": 0.13179065352978397, "ZXYXYZ": 0.0, "XZXIIZ": -0.036608514869384434, "ZXYZYX": -0.06582987177171754, "YIYIXX": 0.014643405947753789, "XZXZXX": 0.06589532676489199, "XYZZYX": -0.13179065352978397, "XYXIYI": 0.05125192081713821, "YYXXXX": -0.3953719605893519, "ZZZYZY": 0.0, "XIYIYX": -0.014643405947753771, "YXYXZZ": 0.0, "XZIXIZ": -0.01464340594775377, "XIIZZX": 3.469446951953614e-18, "IIYYZZ": -0.5491277230407665, "IYXXYI": 0.029286811895507553, "ZZYZZY": -0.06589532676489199, "ZXZZXZ": 0.0, "XYIYIX": 0.021965108921630644, "YZXXYZ": 0.19768598029467596, "ZIZXXI": 0.021965108921630658, "YYYYYY": -0.46126728735424394, "YXXIIY": 0.007321702973876892, "IZYYZI": -0.007321702973876888, "ZIYYIZ": 0.0219651089216307, "YZYYZY": -0.06589532676489199, "YYYIYI": 0.021965108921630658, "IXYIYX": 0.0, "XYXXYX": -0.06589532676489199, "IYXYXI": -6.938893903907228e-18, "YXYXXX": 0.0, "ZYZXXY": 0.0, "ZIZIYY": 0.05120101137800253, "YZXZYX": 0.06589532676489199, "IZIZII": -0.11063906716080629, "IYYXIX": 0.029286811895507556, "IIZYZY": 0.05125192081713821, "YIZIYZ": 0.0073217029738768796, "IXXIYY": 0.03660851486938443, "YYYXXY": -0.46126728735424394, "IXIYXY": -0.036608514869384434, "YXYIXI": -1.734723475976807e-18, "XIIIXI": -0.000813522552652989, "ZIIZII": 0.0520654433697912, "ZIXXZI": 0.021965108921630658, "YYXZZX": -0.06589532676489199, "YYIYYI": 0.02928681189550756, "IZZYIY": -0.0073217029738768934, "ZYYZXX": 0.0, "ZZIIII": -0.6231582753321885, "XZZXYY": 0.0, "IZIYZY": 0.04393021784326131, "YIIIIY": 0.004881135315917922, "YYZZXX": -0.19768598029467596, "YIZZYI": -0.014643405947753766, "IIIXIX": 0.0008135225526529899, "XZZXXX": 0.0, "IIYXYX": -0.8265306122448981, "ZIZYIY": 0.029257720787430004, "ZIYIZY": -0.014643405947753771, "YIYIII": -8.673617379884035e-18, "IYIIYI": 0.013016360842447802, "XIIXXX": 0.007321702973876885, "ZZYYYY": 0.46126728735424394, "XZZZXZ": -0.06582987177171754, "YZIZIY": -0.029286811895507553, "XZXZZZ": 0.19768598029467596, "IXZXIZ": -0.014643405947753776, "YXZXZY": -0.06589532676489199, "YZXXZY": -0.06589532676489199, "ZZXYYX": 0.5271626141191359, "ZZYXYX": 0.5271626141191359, "YYZIZI": -0.24893790111181413, "ZZXIIX": 0.036608514869384434, "YYYYXX": 0.395371960589352, "IYYZIZ": -6.938893903907228e-18, "XIIYXY": -0.04393021784326133, "XYYYXY": -0.06589532676489199, "ZXYXZY": 0.0, "ZYIZIY": -0.021965108921630665, "IYIYYY": 0.03660851486938443, "IIZZZZ": 1.0103950103950106, "YIIXXY": -0.029286811895507553, "ZIYZIY": 0.0073217029738768796, "YYIIXX": -0.2709030100334448, "ZXZXYY": -0.06589532676489199, "IIXYXY": -0.8127090301003346, "IZIZYY": -0.051251920817138204, "IZYIYZ": -0.03660851486938445, "IIYZZY": -0.014643405947753771, "YZZYYY": 0.19768598029467596, "YIXXYI": 0.01464340594775378, "YYIZIZ": -0.30751152490282924, "XIXIZZ": 0.0073217029738768865, "XYXZYZ": 0.0, "ZXYZXY": 0.0, "IXIIIX": 0.010575793184488834, "XYYXZZ": 0.26358130705956795, "YYXXII": 0.3001898219289523, "ZYXZYX": 0.06589532676489199, "ZXIIZX": 0.014643405947753776, "ZXXZXX": 0.06589532676489199, "IIIZZI": -0.5035704600921993, "XIZXIZ": 0.029286811895507532, "YZYXXZ": 0.0, "IZYIZY": 0.02928681189550754, "YYXIIX": -0.007321702973876888, "XXXXXX": -0.3294766338244599, "XXZXXZ": -0.06589532676489199, "XXZZII": 0.8346741390219652, "YIZYIZ": 0.02196510892163066, "ZIIYZY": -0.029286811895507546, "ZZIIZZ": -0.5857362379101511, "ZZXXZZ": -0.32947663382446, "ZIZXIX": -0.05125192081713821, "XYYYYX": 0.0, "ZZXIXI": -0.007321702973876888, "YXYXII": -0.007321702973876874, "XZYZYX": 0.0, "IIIYYI": 0.0024405676579589593, "YYXXYY": 0.3294766338244599, "YYZXXZ": 0.0, "ZIXZIX": -0.036608514869384434, "ZZYYII": 0.2928681189550755, "YYYZYZ": 0.0, "YYXIXI": 0.029286811895507543, "IIXYYX": -0.8273524360480882, "YYIZZI": -0.27090301003344475, "ZXZXZZ": 0.13179065352978397, "YZIYIZ": 0.007321702973876902, "ZZZXZX": -0.13179065352978397, "IIYZYZ": -0.007321702973876881, "XIYXIY": -0.0073217029738768865, "XZIXZI": -0.04393021784326133, "YZZYXX": -0.06582987177171754, "IIXXII": 0.5450601102775016, "IYYYYI": -1.734723475976807e-17, "YYXYXY": -0.3294766338244599, "XXZZZZ": 0.7907439211787037, "YYXYYX": -0.5271626141191359, "XZXXZX": 0.13179065352978397, "IXZZXI": -0.051251920817138204, "YXIXIY": 0.01464340594775377, "XXXXZZ": 0.5271626141191359, "XXXIXI": 0.029286811895507553, "IYXYIX": 0.014643405947753771, "XXXYYX": -0.7248485944138118, "XXYXYX": -0.7248485944138118, "IXYXIY": 0.029286811895507546, "XYXYII": 0.16839916839916838, "YZIZYI": -0.051251920817138225, "YIIIYI": 0.01789749615836573, "ZYXXYZ": 0.0, "XXXXYY": 0.5930579408840279, "XIXZZI": -0.007321702973876881, "ZIIXXZ": 0.0, "XYYXII": 0.19036427732079905, "IZXZXI": -0.05125192081713821, "XIYYIX": -0.014643405947753771, "ZXXYZY": 0.0, "ZYIIZY": 0.007321702973876881, "XXXIIX": 0.007321702973876876, "YZYZXX": 0.06589532676489199, "ZXXZYY": 0.06589532676489199, "IYZZIY": 0.014643405947753776, "YYZZII": 0.5198409111452589, "IZIIIZ": 0.038235559974690414, "ZYZIYI": -0.04393021784326131, "XYIXIY": -0.03660851486938445, "YZIIYZ": -0.014628860393715009, "YYZYZY": 0.0, "XIYYXI": 0.02196510892163065, "XZXYYZ": -0.06582987177171754, "IYIIIY": 0.014643405947753776, "IYYXXI": -0.014628860393715012, "ZYXYZX": -0.13179065352978397, "IIXXZZ": 0.5857362379101511, "YZYYYZ": -0.13165974354343507, "ZYZZZY": -0.06589532676489199, "IIYXXY": -0.7834222182048268, "XIYXYI": 0.007321702973876881, "ZIIZZZ": 0.12446895055590709, "XYXIIY": -0.021965108921630665, "ZIXZXI": 0.014643405947753783, "YZZYII": 0.02196510892163065, "XYIYXI": 0.029286811895507553, "ZIZIXX": -0.03660851486938442, "IZIYYZ": -0.007321702973876885, "IXXZZI": -0.02196510892163067, "YIZZIY": -0.014643405947753771, "ZIIZYY": 0.03660851486938442, "ZXZZZX": 0.0, "IYXIXY": -0.04388658118114503, "YYZYYZ": 0.0, "ZYZYII": -0.007321702973876895, "YXZYXZ": 0.0, "ZZYYXX": -0.395371960589352, "IXZXZI": 1.734723475976807e-18, "IIXXXX": -0.644309861701166, "XZXXXZ": 0.0, "ZZZYYZ": -0.06589532676489199, "YIYYYI": 0.036608514869384434, "ZYYXZX": 0.06589532676489199, "IYZIZY": 0.029286811895507536, "YXXZZY": 0.0, "YZXZXY": -0.06582987177171754, "XZZIXI": -0.0073217029738768865, "ZIZZIZ": -0.043930217843261316, "IIYIYI": 0.013829883395100787, "ZXYYXZ": 0.13179065352978397, "XXIIZZ": 0.7687788122570731, "XYYZZX": 0.06582987177171754, "IZZYYI": -0.01464340594775378, "YXXZYZ": 0.13179065352978397, "ZZIIYY": -0.2928681189550755, "IZZIXX": 0.03660851486938443, "ZYZXYX": -0.06589532676489199, "YZIYZI": -0.007321702973876895, "YIXYXI": 0.05857362379101509, "YZZXXY": 0.06589532676489199, "XXYYZZ": -0.5930579408840279, "YXXYZZ": -0.13179065352978397, "ZZXZZX": 0.06589532676489199, "XXYYXX": 0.4612672873542438, "YZZIIY": -0.007321702973876888, "YYZIIZ": -0.3001898219289524, "XXIZIZ": -0.38805025761547496, "IZYZYI": -0.029286811895507543, "YXYIIX": -0.06589532676489199, "IYIZYZ": -0.029286811895507546, "YZYZZZ": 0.06589532676489199, "XYZYXZ": -0.06582987177171754, "XXXYXY": -0.6589532676489198, "IYYIZZ": -0.007314430196857506, "ZYYZYY": 0.13165974354343507, "YIYIZZ": 0.0512519208171382, "IZIZXX": 0.029286811895507546, "IIYIIY": 0.012190716994762506, "XXYZZY": 0.0, "ZZIZIZ": 0.30751152490282924, "YXXIYI": -0.02928681189550754, "XXZIZI": -0.38805025761547507, "ZZZXXZ": 0.13179065352978397, "XIXIYY": -0.03660851486938442, "YYXZXZ": 0.19768598029467596, "IXZIZX": 0.014643405947753756, "IZYYIZ": 0.03660851486938443, "IYZZYI": -0.029286811895507546, "IXZZIX": 0.01464340594775379, "IXXIZZ": 0.05857362379101509, "YXIIYX": -6.938893903907228e-18, "XZYXYZ": -0.13179065352978397, "YXZXYZ": -0.13179065352978397, "XYYXYY": 0.06589532676489199, "XYZZXY": -0.26358130705956795, "ZYIYZI": -0.01464340594775378, "IIXIIX": -0.0032540902106119544, "XXIIYY": 0.35876344571996743, "ZYZYZZ": -0.06589532676489199, "XZIIZX": -0.02196510892163067, "YIIXYX": -0.0073217029738768934, "ZZXYXY": 0.46126728735424394, "IIIZIZ": -0.49380818946036337, "YZYIZI": -0.02928681189550754, "ZIIIZI": -0.034981469764078454, "XIIZXZ": 0.02196510892163065,