{"YZZYZZ": 0.13179065352978397, "ZXYXYZ": 0.0, "XZXIIZ": 0.007321702973876892, "ZXYZYX": -0.06582987177171754, "YIYIXX": -0.00732170297387689, "XZXZXX": 0.06582987177171754, "XYZZYX": -0.19768598029467596, "XYXIYI": 0.0, "YYXXXX": -0.3294766338244599, "ZZZYZY": 0.13179065352978397, "XIYIYX": -0.06589532676489197, "YXYXZZ": -0.13179065352978397, "XZIXIZ": -0.029286811895507536, "XIIZZX": -0.007321702973876881, "IIYYZZ": -0.527162614119136, "IYXXYI": 0.021965108921630658, "ZZYZZY": 0.06589532676489199, "ZXZZXZ": 0.06589532676489199, "XYIYIX": 0.007321702973876892, "YZXXYZ": 0.06589532676489199, "ZIZXXI": -0.007321702973876881, "YYYYYY": -0.5271626141191359, "YXXIIY": 0.036608514869384434, "IZYYZI": 0.021965108921630665, "ZIYYIZ": -0.029286811895507546, "YZYYZY": 0.0, "YYYIYI": 0.007321702973876881, "IXYIYX": -0.02928681189550756, "XYXXYX": 0.06589532676489199, "IYXYXI": 0.01464340594775377, "YXYXXX": 0.13179065352978397, "ZYZXXY": 0.06589532676489199, "ZIZIYY": 0.07321702973876887, "YZXZYX": 0.0, "IZIZII": -0.10331736418692941, "IYYXIX": 0.0, "IIZYZY": 0.02928681189550754, "YIZIYZ": -0.0439302178432613, "IXXIYY": 0.021965108921630654, "YYYXXY": -0.39537196058935187, "IXIYXY": 0.021965108921630658, "YXYIXI": -0.0073217029738768535, "XIIIXI": 0.0016270451053059765, "ZIIZII": 0.06426828165958601, "ZIXXZI": 0.014643405947753763, "YYXZZX": 0.0, "YYIYYI": -0.04388658118114504, "IZZYIY": -0.029286811895507553, "ZYYZXX": 0.0, "ZZIIII": -0.6133960047003526, "XZZXYY": -0.06582987177171754, "IZIYZY": -0.014643405947753776, "YIIIIY": -0.004067612763264932, "YYZZXX": -0.3294766338244599, "YIZZYI": -0.04393021784326131, "IIIXIX": 0.010575793184488837, "XZZXXX": 0.0, "IIYXYX": -0.7980656241525806, "ZIZYIY": 0.029286811895507553, "ZIYIZY": -0.0512519208171382, "YIYIII": 0.007321702973876891, "IYIIYI": 0.0056946578685709084, "XIIXXX": -0.01464340594775377, "ZZYYYY": 0.5271626141191359, "XZZZXZ": 0.0, "YZIZIY": -0.021965108921630658, "XZXZZZ": 0.0, "IXZXIZ": 0.02196510892163065, "YXZXZY": 0.0, "YZXXZY": 0.0, "ZZXYYX": 0.46126728735424394, "ZZYXYX": 0.4608091024020228, "YYZIZI": -0.2855464159811986, "ZZXIIX": -1.734723475976807e-18, "YYYYXX": 0.3294766338244599, "IYYZIZ": 0.007321702973876881, "XIIYXY": 0.014643405947753776, "XYYYXY": 0.06589532676489199, "ZXYXZY": 0.0, "ZYIZIY": -0.007321702973876881, "IYIYYY": 0.007321702973876881, "IIZZZZ": 1.0030733074211335, "YIIXXY": 0.036608514869384434, "ZIYZIY": -0.03660851486938441, "YYIIXX": -0.21965108921630663, "ZXZXYY": 0.0, "IIXYXY": -0.8273524360480883, "IZIZYY": -0.05857362379101509, "IZYIYZ": -0.02196510892163066, "IIYZZY": -0.021965108921630665, "YZZYYY": 0.06589532676489199, "YIXXYI": 0.01464340594775376, "YYIZIZ": -0.24893790111181416, "XIXIZZ": 0.07321702973876887, "XYXZYZ": -0.06582987177171754, "ZXYZXY": -0.13179065352978397, "IXIIIX": 0.004881135315917924, "XYYXZZ": 0.26358130705956795, "YYXXII": 0.3291493588585877, "ZYXZYX": -0.06589532676489199, "ZXIIZX": 0.007321702973876888, "ZXXZXX": 0.13179065352978397, "IIIZZI": -0.5011298924342403, "XIZXIZ": 0.029286811895507525, "YZYXXZ": -0.06582987177171754, "IZYIZY": 0.01464340594775377, "YYXIIX": 2.7755575615628914e-17, "XXXXXX": -0.5930579408840277, "XXZXXZ": 0.06589532676489199, "XXZZII": 0.8127090301003346, "YIZYIZ": -0.04393021784326132, "ZIIYZY": -1.0408340855860843e-17, "ZZIIZZ": -0.6223447527795354, "ZZXXZZ": -0.26358130705956795, "ZIZXIX": -0.021965108921630654, "XYYYYX": 0.0, "ZZXIXI": 0.0073217029738768865, "YXYXII": -0.0073217029738768605, "XZYZYX": 0.06589532676489199, "IIIYYI": -0.004067612763264931, "YYXXYY": 0.39537196058935187, "YYZXXZ": -0.13179065352978397, "ZIXZIX": 0.036608514869384434, "ZZYYII": 0.3001898219289523, "YYYZYZ": 0.0, "YYXIXI": 0.0073217029738768796, "IIXYYX": -0.8127090301003346, "YYIZZI": -0.2782247130073217, "ZXZXZZ": 0.0, "YZIYIZ": -0.021965108921630658, "ZZZXZX": 0.13179065352978397, "IIYZYZ": 0.014628860393715016, "XIYXIY": 0.02928681189550754, "XZIXZI": -0.014643405947753787, "YZZYXX": 0.0, "IIXXII": 0.5613305613305613, "IYYYYI": -0.014643405947753783, "YYXYXY": -0.5930579408840277, "XXZZZZ": 0.7907439211787037, "YYXYYX": -0.3953719605893519, "XZXXZX": -0.06589532676489199, "IXZZXI": -0.007321702973876881, "YXIXIY": -0.043886581181145044, "XXXXZZ": 0.3953719605893519, "XXXIXI": 5.204170427930421e-18, "IYXYIX": 0.014643405947753771, "XXXYYX": -0.5930579408840279, "XXYXYX": -0.6589532676489198, "IXYXIY": -0.043930217843261316, "XYXYII": 0.19036427732079905, "YZIZYI": 0.007321702973876881, "YIIIYI": -0.009762270631835846, "ZYXXYZ": 0.0, "XXXXYY": 0.5930579408840279, "XIXZZI": -0.014643405947753771, "ZIIXXZ": -0.014643405947753776, "XYYXII": 0.1683991683991684, "IZXZXI": 0.021965108921630665, "XIYYIX": 0.043930217843261316, "ZXXYZY": 0.13179065352978397, "ZYIIZY": 0.007321702973876881, "XXXIIX": 0.04393021784326132, "YZYZXX": -0.06589532676489199, "ZXXZYY": 0.06589532676489199, "IYZZIY": 0.007321702973876892, "YYZZII": 0.5784145349362741, "IZIIIZ": 0.06420444283908254, "ZYZIYI": -0.02928681189550754, "XYIXIY": 0.007321702973876881, "YZIIYZ": 0.043930217843261316, "YYZYZY": 0.0, "XIYYXI": 0.029257720787430025, "XZXYYZ": -0.06582987177171754, "IYIIIY": -0.0016270451053059728, "IYYXXI": -0.029286811895507532, "ZYXYZX": 0.06589532676489199, "IIXXZZ": 0.5344843170930128, "YZYYYZ": -0.06589532676489199, "ZYZZZY": -0.06589532676489199, "IIYXXY": -0.7834222182048268, "XIYXYI": 0.021965108921630665, "ZIIZZZ": 0.05857362379101509, "XYXIIY": -0.007321702973876888, "ZIXZXI": -0.014628860393715012, "YZZYII": -0.007321702973876885, "XYIYXI": 3.469446951953614e-18, "ZIZIXX": -0.014643405947753773, "IZIYYZ": -0.0073217029738768865, "IXXZZI": -0.029286811895507546, "YIZZIY": -0.051251920817138204, "ZIIZYY": 0.04393021784326131, "ZXZZZX": 0.06589532676489199, "IYXIXY": -0.043886581181145023, "YYZYYZ": 0.06589532676489199, "ZYZYII": 0.029286811895507546, "YXZYXZ": 0.06589532676489199, "ZZYYXX": -0.3294766338244599, "IXZXZI": 0.021965108921630665, "IIXXXX": -0.6223447527795354, "XZXXXZ": -0.13179065352978397, "ZZZYYZ": 0.0, "YIYYYI": 0.014643405947753782, "ZYYXZX": 0.0, "IYZIZY": -0.014628860393715012, "YXXZZY": 0.0, "YZXZXY": 0.0, "XZZIXI": 0.007321702973876883, "ZIZZIZ": -0.036608514869384434, "IIYIYI": 0.003254090210611956, "ZXYYXZ": -0.06589532676489199, "XXIIZZ": 0.8053873271264577, "XYYZZX": 0.0, "IZZYYI": -1.3877787807814457e-17, "YXXZYZ": 0.0, "ZZIIYY": -0.27822471300732166, "IZZIXX": 0.014643405947753776, "ZYZXYX": -0.06582987177171754, "YZIYZI": 0.021965108921630658, "YIXYXI": 0.007321702973876881, "YZZXXY": -0.06589532676489199, "XXYYZZ": -0.46126728735424394, "YXXYZZ": -0.06589532676489199, "ZZXZZX": -0.06589532676489199, "XXYYXX": 0.5924688459454578, "YZZIIY": -0.05857362379101513, "YYZIIZ": -0.30018982192895244, "XXIZIZ": -0.43155138161459283, "IZYZYI": -0.007321702973876881, "YXYIIX": 0.021965108921630658, "IYIZYZ": 0.029257720787430004, "YZYZZZ": -0.06582987177171754, "XYZYXZ": 0.0, "XXXYXY": -0.7248485944138118, "IYYIZZ": 0.007321702973876888, "ZYYZYY": 0.06589532676489199, "YIYIZZ": 0.021965108921630658, "IZIZXX": 0.0585736237910151, "IIYIIY": 0.0008135225526529864, "XXYZZY": 0.0, "ZZIZIZ": 0.2928681189550755, "YXXIYI": -0.021965108921630644, "XXZIZI": -0.36608514869384434, "ZZZXXZ": 0.06589532676489199, "XIXIYY": -0.007321702973876888, "YYXZXZ": 0.06582987177171754, "IXZIZX": -0.007321702973876888, "IZYYIZ": -6.938893903907228e-18, "IYZZYI": 0.01464340594775378, "IXZZIX": -1.0408340855860843e-17, "IXXIZZ": 0.05857362379101511, "YXIIYX": -0.029286811895507546, "XZYXYZ": 0.0, "YXZXYZ": 0.06589532676489199, "XYYXYY": 0.0, "XYZZXY": -0.26358130705956795, "ZYIYZI": -0.007321702973876883, "IIXIIX": -0.007321702973876881, "XXIIYY": 0.35876344571996743, "ZYZYZZ": 0.0, "XZIIZX": -0.021965108921630665, "YIIXYX": -0.029286811895507546, "ZZXYXY": 0.5271626141191359, "IIIZIZ": -0.4905540992497514, "YZYIZI": 0.021965108921630658, "ZIIIZI": -0.026032721684895604, "XIIZXZ": 0.007321702973876895, "ZXXXZX": 0.0, "IXIZZX": -0.02196510892163065,