{"YZZYZZ": 0.13179065352978397, "ZXYXYZ": 0.06589532676489199, "XZXIIZ": -0.029286811895507525, "ZXYZYX": 0.13179065352978397, "YIYIXX": -0.01464340594775376, "XZXZXX": 0.06589532676489199, "XYZZYX": -0.13179065352978397, "XYXIYI": 0.007321702973876895, "YYXXXX": -0.39537196058935187, "ZZZYZY": -0.06589532676489199, "XIYIYX": -0.04393021784326131, "YXYXZZ": -0.06582987177171754, "XZIXIZ": 0.05125192081713821, "XIIZZX": -0.007321702973876885, "IIYYZZ": -0.5418060200668897, "IYXXYI": 1.3877787807814457e-17, "ZZYZZY": -0.06589532676489199, "ZXZZXZ": -0.06589532676489199, "XYIYIX": -0.007321702973876878, "YZXXYZ": 0.0, "ZIZXXI": 0.02196510892163063, "YYYYYY": -0.39537196058935187, "YXXIIY": -0.014643405947753766, "IZYYZI": 0.04393021784326132, "ZIYYIZ": 0.02196510892163067, "YZYYZY": -0.19768598029467596, "YYYIYI": 0.029286811895507532, "IXYIYX": -0.04393021784326132, "XYXXYX": 0.0, "IYXYXI": -0.00732170297387689, "YXYXXX": 0.06589532676489199, "ZYZXXY": 0.26358130705956795, "ZIZIYY": 0.02925772078743004, "YZXZYX": -0.06589532676489199, "IZIZII": -0.11145258971345928, "IYYXIX": 0.007321702973876895, "IIZYZY": 0.0585736237910151, "YIZIYZ": 1.3877787807814457e-17, "IXXIYY": -0.007321702973876895, "YYYXXY": -0.5266389741737402, "IXIYXY": -0.02196510892163067, "YXYIXI": 0.05125192081713821, "XIIIXI": 0.013829883395100787, "ZIIZII": 0.08541986802856368, "ZIXXZI": 0.05857362379101507, "YYXZZX": 0.0, "YYIYYI": 0.029286811895507556, "IZZYIY": -0.043930217843261316, "ZYYZXX": -0.13179065352978397, "ZZIIII": -0.6174636174636174, "XZZXYY": 0.0, "IZIYZY": -0.007321702973876881, "YIIIIY": -0.006508180421223897, "YYZZXX": -0.39537196058935187, "YIZZYI": 0.007321702973876902, "IIIXIX": 0.005694657868570905, "XZZXXX": 0.06582987177171754, "IIYXYX": -0.8273524360480883, "ZIZYIY": -0.029286811895507543, "ZIYIZY": -0.021965108921630665, "YIYIII": -0.007321702973876885, "IYIIYI": 0.006508180421223895, "XIIXXX": -0.014643405947753768, "ZZYYYY": 0.4612672873542438, "XZZZXZ": -0.06589532676489199, "YZIZIY": -0.029286811895507532, "XZXZZZ": 0.13179065352978397, "IXZXIZ": 0.029286811895507553, "YXZXZY": -0.13179065352978397, "YZXXZY": 0.19768598029467596, "ZZXYYX": 0.5930579408840277, "ZZYXYX": 0.4612672873542438, "YYZIZI": -0.27090301003344486, "ZZXIIX": -0.021965108921630665, "YYYYXX": 0.4612672873542438, "IYYZIZ": -5.204170427930421e-18, "XIIYXY": -0.007321702973876881, "XYYYXY": 0.13179065352978397, "ZXYXZY": -0.06589532676489199, "ZYIZIY": -0.01464340594775377, "IYIYYY": -0.05857362379101509, "IIZZZZ": 0.9737864955256261, "YIIXXY": -0.007321702973876881, "ZIYZIY": 0.0, "YYIIXX": -0.28554641598119856, "ZXZXYY": 0.0, "IIXYXY": -0.8200307330742113, "IZIZYY": -0.07321702973876887, "IZYIYZ": 0.01464340594775377, "IIYZZY": 0.03660851486938443, "YZZYYY": 0.06589532676489199, "YIXXYI": 2.7755575615628914e-17, "YYIZIZ": -0.2782247130073217, "XIXIZZ": 0.07321702973876887, "XYXZYZ": 0.06589532676489199, "ZXYZXY": -0.13179065352978397, "IXIIIX": -0.007321702973876888, "XYYXZZ": 0.13179065352978397, "YYXXII": 0.32947663382446, "ZYXZYX": 0.13179065352978397, "ZXIIZX": -0.02196510892163067, "ZXXZXX": 0.06589532676489199, "IIIZZI": -0.5051975051975052, "XIZXIZ": -0.03660851486938442, "YZYXXZ": 0.0, "IZYIZY": -0.04393021784326132, "YYXIIX": -6.938893903907228e-18, "XXXXXX": -0.5271626141191359, "XXZXXZ": -0.13179065352978397, "XXZZII": 0.7541354063093195, "YIZYIZ": 6.938893903907228e-18, "ZIIYZY": 0.029286811895507553, "ZZIIZZ": -0.6150230498056585, "ZZXXZZ": -0.26358130705956795, "ZIZXIX": -0.05125192081713823, "XYYYYX": -0.06582987177171754, "ZZXIXI": 0.03660851486938443, "YXYXII": 0.007321702973876888, "XZYZYX": 0.0, "IIIYYI": 0.0008135225526529899, "YYXXYY": 0.19768598029467596, "YYZXXZ": 0.0, "ZIXZIX": 0.021965108921630658, "ZZYYII": 0.3367983367983368, "YYYZYZ": 0.0, "YYXIXI": 0.0512519208171382, "IIXYYX": -0.8273524360480884, "YYIZZI": -0.28554641598119856, "ZXZXZZ": -0.06589532676489199, "YZIYIZ": 0.014643405947753766, "ZZZXZX": -0.13179065352978397, "IIYZYZ": 0.02928681189550755, "XIYXIY": -5.204170427930421e-18, "XZIXZI": 0.05857362379101509, "YZZYXX": 0.06582987177171754, "IIXXII": 0.5629576064358673, "IYYYYI": 0.01464340594775378, "YYXYXY": -0.46126728735424394, "XXZZZZ": 0.7248485944138118, "YYXYYX": -0.5271626141191358, "XZXXZX": -0.13179065352978397, "IXZZXI": 0.029286811895507553, "YXIXIY": 0.014643405947753776, "XXXXZZ": 0.4612672873542438, "XXXIXI": 0.03660851486938444, "IYXYIX": 1.734723475976807e-18, "XXXYYX": -0.5930579408840279, "XXYXYX": -0.6589532676489198, "IXYXIY": -0.05125192081713822, "XYXYII": 0.19036427732079902, "YZIZYI": -0.014628860393715014, "YIIIYI": -0.0024405676579589653, "ZYXXYZ": 0.06589532676489199, "XXXXYY": 0.5271626141191359, "XIXZZI": -0.04393021784326131, "ZIIXXZ": -0.014643405947753783, "XYYXII": 0.14643405947753774, "IZXZXI": -0.007321702973876874, "XIYYIX": 0.021965108921630658, "ZXXYZY": 0.06589532676489199, "ZYIIZY": 0.051251920817138204, "XXXIIX": -0.021965108921630644, "YZYZXX": 0.13179065352978397, "ZXXZYY": 0.0, "IYZZIY": -0.007321702973876892, "YYZZII": 0.5710928319623971, "IZIIIZ": 0.04393021784326132, "ZYZIYI": 0.0, "XYIXIY": -0.014643405947753782, "YZIIYZ": 0.014643405947753776, "YYZYZY": 0.0, "XIYYXI": -0.007321702973876881, "XZXYYZ": 0.06589532676489199, "IYIIIY": -0.007321702973876892, "IYYXXI": -0.014643405947753776, "ZYXYZX": 0.13179065352978397, "IIXXZZ": 0.5784145349362741, "YZYYYZ": -0.13179065352978397, "ZYZZZY": -0.06589532676489199, "IIYXXY": -0.8273524360480884, "XIYXYI": -0.0073217029738768865, "ZIIZZZ": 0.058573623791015106, "XYXIIY": -0.02196510892163066, "ZIXZXI": 0.007321702973876892, "YZZYII": -0.007321702973876881, "XYIYXI": 0.036608514869384455, "ZIZIXX": -0.02196510892163065, "IZIYYZ": -0.09518213866039953, "IXXZZI": -0.02928681189550755, "YIZZIY": -0.0073217029738768865, "ZIIZYY": 0.0585736237910151, "ZXZZZX": 0.06589532676489199, "IYXIXY": 0.02928681189550754, "YYZYYZ": 0.0, "ZYZYII": -0.014643405947753766, "YXZYXZ": -0.06589532676489199, "ZZYYXX": -0.3294766338244599, "IXZXZI": 0.051251920817138204, "IIXXXX": -0.651631564675043, "XZXXXZ": 0.06589532676489199, "ZZZYYZ": -0.06589532676489199, "YIYYYI": 6.938893903907228e-18, "ZYYXZX": -0.06589532676489199, "IYZIZY": -3.469446951953614e-18, "YXXZZY": -0.06589532676489199, "YZXZXY": 0.13179065352978397, "XZZIXI": 0.029286811895507546, "ZIZZIZ": -0.05125192081713821, "IIYIYI": 0.002440567657958966, "ZXYYXZ": -0.06589532676489199, "XXIIZZ": 0.8346741390219652, "XYYZZX": -0.13179065352978397, "IZZYYI": 3.469446951953614e-18, "YXXZYZ": 0.06589532676489199, "ZZIIYY": -0.3001898219289524, "IZZIXX": -0.007321702973876867, "ZYZXYX": -0.06589532676489199, "YZIYZI": -0.014643405947753764, "YIXYXI": -0.029257720787430004, "YZZXXY": 0.13179065352978397, "XXYYZZ": -0.46126728735424394, "YXXYZZ": -0.06589532676489199, "ZZXZZX": -0.06589532676489199, "XXYYXX": 0.5930579408840277, "YZZIIY": -0.014643405947753771, "YYZIIZ": -0.2709030100334448, "XXIZIZ": -0.3807285546415981, "IZYZYI": 0.014643405947753763, "YXYIIX": 0.0073217029738768796, "IYIZYZ": -0.007321702973876888, "YZYZZZ": 0.06589532676489199, "XYZYXZ": 0.0, "XXXYXY": -0.6589532676489198, "IYYIZZ": -0.021965108921630665, "ZYYZYY": -0.13179065352978397, "YIYIZZ": -0.014643405947753773, "IZIZXX": 0.0585736237910151, "IIYIIY": -0.01057579318448883, "XXYZZY": 0.06589532676489199, "ZZIZIZ": 0.32947663382446, "YXXIYI": 0.036608514869384434, "XXZIZI": -0.38072855464159816, "ZZZXXZ": 0.0, "XIXIYY": -0.007321702973876902, "YYXZXZ": 0.06589532676489199, "IXZIZX": -1.0408340855860843e-17, "IZYYIZ": 0.0073217029738768865, "IYZZYI": 0.043886581181145023, "IXZZIX": -0.021965108921630658, "IXXIZZ": 0.0585736237910151, "YXIIYX": -0.01464340594775377, "XZYXYZ": 0.06589532676489199, "YXZXYZ": 0.13179065352978397, "XYYXYY": 0.06589532676489199, "XYZZXY": -0.13179065352978397, "ZYIYZI": -0.007321702973876881, "IIXIIX": -0.0016270451053059711, "XXIIYY": 0.3660851486938443, "ZYZYZZ": -0.19768598029467596, "XZIIZX": 0.05857362379101508,