{"YZZYZZ": 0.0, "ZXYXYZ": -0.13179065352978397, "XZXIIZ": -0.007321702973876885, "ZXYZYX": 0.06589532676489199, "YIYIXX": -6.938893903907228e-18, "XZXZXX": 0.19768598029467596, "XYZZYX": -0.19768598029467596, "XYXIYI": -0.007321702973876895, "YYXXXX": -0.5271626141191359, "ZZZYZY": 0.0, "XIYIYX": 0.02196510892163067, "YXYXZZ": -0.06589532676489199, "XZIXIZ": 3.469446951953614e-18, "XIIZZX": -0.021965108921630658, "IIYYZZ": -0.6077013468317818, "IYXXYI": -0.007321702973876881, "ZZYZZY": 0.0, "ZXZZXZ": -0.06589532676489199, "XYIYIX": -0.007321702973876907, "YZXXYZ": -0.13179065352978397, "ZIZXXI": 0.01464340594775377, "YYYYYY": -0.4612672873542438, "YXXIIY": 0.03657215098428751, "IZYYZI": -0.014643405947753766, "ZIYYIZ": 0.04393021784326132, "YZYYZY": -0.06589532676489199, "YYYIYI": 0.014643405947753773, "IXYIYX": -0.007314430196857506, "XYXXYX": 0.13179065352978397, "IYXYXI": -0.06589532676489197, "YXYXXX": 0.19768598029467596, "ZYZXXY": 0.0, "ZIZIYY": 0.007321702973876892, "YZXZYX": -0.06589532676489199, "IZIZII": -0.10250384163427642, "IYYXIX": 0.03660851486938442, "IIZYZY": 0.02196510892163065, "YIZIYZ": -0.021965108921630658, "IXXIYY": 0.02196510892163067, "YYYXXY": -0.46126728735424394, "IXIYXY": -0.014643405947753776, "YXYIXI": -0.02196510892163065, "XIIIXI": 3.469446951953614e-18, "ZIIZII": 0.07639515983384504, "ZIXXZI": 0.06589532676489199, "YYXZZX": 0.0, "YYIYYI": -0.007321702973876874, "IZZYIY": 0.007321702973876895, "ZYYZXX": 0.0, "ZZIIII": -0.6231582753321885, "XZZXYY": 0.06589532676489199, "IZIYZY": -0.014643405947753773, "YIIIIY": -0.005694657868570912, "YYZZXX": -0.19768598029467596, "YIZZYI": -0.021965108921630658, "IIIXIX": 0.008948748079182854, "XZZXXX": 0.06589532676489199, "IIYXYX": -0.8127090301003346, "ZIZYIY": -0.014643405947753763, "ZIYIZY": -0.021965108921630658, "YIYIII": 0.006508180421223895, "IYIIYI": -0.0008135225526529864, "XIIXXX": -0.01464340594775377, "ZZYYYY": 0.5271626141191359, "XZZZXZ": 0.0, "YZIZIY": -0.02928681189550756, "XZXZZZ": 0.0, "IXZXIZ": -1.214306433183765e-17, "YXZXZY": 0.0, "YZXXZY": 0.0, "ZZXYYX": 0.4612672873542438, "ZZYXYX": 0.5271626141191359, "YYZIZI": -0.27822471300732166, "ZZXIIX": -3.469446951953614e-18, "YYYYXX": 0.46126728735424394, "IYYZIZ": -0.02196510892163066, "XIIYXY": -0.03660851486938443, "XYYYXY": 0.06589532676489199, "ZXYXZY": -0.06589532676489199, "ZYIZIY": 0.007321702973876897, "IYIYYY": -0.021965108921630665, "IIZZZZ": 0.98842990147338, "YIIXXY": 0.0, "ZIYZIY": -0.029286811895507553, "YYIIXX": -0.24893790111181413, "ZXZXYY": 0.0, "IIXYXY": -0.849317544969719, "IZIZYY": -0.058573623791015085, "IZYIYZ": 0.007321702973876885, "IIYZZY": 0.021965108921630665, "YZZYYY": 0.0, "YIXXYI": -0.029286811895507546, "YYIZIZ": -0.3001898219289524, "XIXIZZ": 6.938893903907228e-18, "XYXZYZ": 0.0, "ZXYZXY": -0.06589532676489199, "IXIIIX": -0.0024405676579589636, "XYYXZZ": 0.26358130705956795, "YYXXII": 0.34412003977221367, "ZYXZYX": 0.0, "ZXIIZX": 0.051251920817138225, "ZXXZXX": -0.06589532676489199, "IIIZZI": -0.49950284732893435, "XIZXIZ": -0.01464340594775377, "YZYXXZ": 0.0, "IZYIZY": 0.02928681189550754, "YYXIIX": 0.05857362379101509, "XXXXXX": -0.3294766338244599, "XXZXXZ": 0.06589532676489199, "XXZZII": 0.8053873271264577, "YIZYIZ": 0.043930217843261336, "ZIIYZY": 0.03657215098428752, "ZZIIZZ": -0.6150230498056586, "ZZXXZZ": -0.3294766338244599, "ZIZXIX": -0.007321702973876902, "XYYYYX": 0.13179065352978397, "ZZXIXI": -0.021965108921630644, "YXYXII": -0.05125192081713821, "XZYZYX": 0.06589532676489199, "IIIYYI": -0.013816145927397511, "YYXXYY": 0.13179065352978397, "YYZXXZ": 0.06589532676489199, "ZIXZIX": -0.007321702973876881, "ZZYYII": 0.322154930850583, "YYYZYZ": 0.06589532676489199, "YYXIXI": -0.029286811895507546, "IIXYYX": -0.7980656241525806, "YYIZZI": -0.322154930850583, "ZXZXZZ": 0.0, "YZIYIZ": 0.007321702973876878, "ZZZXZX": 0.0, "IIYZYZ": -0.02928681189550754, "XIYXIY": -0.007321702973876897, "XZIXZI": 1.0408340855860843e-17, "YZZYXX": -0.06589532676489199, "IIXXII": 0.5621440838832144, "IYYYYI": -0.00732170297387689, "YYXYXY": -0.46126728735424394, "XXZZZZ": 0.8566392479435958, "YYXYYX": -0.5271626141191358, "XZXXZX": -0.06589532676489199, "IXZZXI": -0.007321702973876888, "YXIXIY": 0.036608514869384434, "XXXXZZ": 0.4612672873542438, "XXXIXI": -0.02928681189550754, "IYXYIX": -0.014643405947753768, "XXXYYX": -0.7248485944138118, "XXYXYX": -0.6582987177171753, "IXYXIY": 0.029286811895507532, "XYXYII": 0.19036427732079905, "YZIZYI": 0.014643405947753787, "YIIIYI": -0.007321702973876885, "ZYXXYZ": -0.06589532676489199, "XXXXYY": 0.5930579408840279, "XIXZZI": -0.036608514869384434, "ZIIXXZ": -0.03660851486938443, "XYYXII": 0.1828607549214376, "IZXZXI": -0.007321702973876888, "XIYYIX": 0.02928681189550755, "ZXXYZY": 0.13179065352978397, "ZYIIZY": 0.043930217843261316, "XXXIIX": 0.014643405947753778, "YZYZXX": -0.06589532676489199, "ZXXZYY": 0.06589532676489199, "IYZZIY": 0.014643405947753763, "YYZZII": 0.6003796438579048, "IZIIIZ": 0.04962487571183224, "ZYZIYI": 0.007321702973876881, "XYIXIY": -0.029286811895507553, "YZIIYZ": -0.014643405947753764, "YYZYZY": 0.0, "XIYYXI": 0.007314430196857491, "XZXYYZ": -0.06589532676489199, "IYIIIY": 0.015456928500406752, "IYYXXI": 0.02928681189550754, "ZYXYZX": -0.06589532676489199, "IIXXZZ": 0.5710928319623972, "YZYYYZ": 0.0, "ZYZZZY": -0.06589532676489199, "IIYXXY": -0.8200307330742111, "XIYXYI": -0.014643405947753775, "ZIIZZZ": 0.07321702973876887, "XYXIIY": -0.021965108921630658, "ZIXZXI": 0.03660851486938443, "YZZYII": -0.051251920817138204, "XYIYXI": 0.01464340594775377, "ZIZIXX": -0.014643405947753794, "IZIYYZ": -0.00732170297387689, "IXXZZI": 5.204170427930421e-18, "YIZZIY": 0.0073217029738768865, "ZIIZYY": 0.007321702973876881, "ZXZZZX": 0.0, "IYXIXY": -0.014643405947753768, "YYZYYZ": -0.13179065352978397, "ZYZYII": -0.014643405947753785, "YXZYXZ": 0.0, "ZZYYXX": -0.3294766338244599, "IXZXZI": -0.014643405947753773, "IIXXXX": -0.6662749706227968, "XZXXXZ": 0.13179065352978397, "ZZZYYZ": 0.0, "YIYYYI": 1.3877787807814457e-17, "ZYYXZX": 0.0, "IYZIZY": -0.021965108921630658, "YXXZZY": -0.06589532676489199, "YZXZXY": -0.06589532676489199, "XZZIXI": -0.02928681189550756, "ZIZZIZ": -0.007321702973876909, "IIYIYI": -0.007321702973876885, "ZXYYXZ": -0.13179065352978397, "XXIIZZ": 0.8053873271264577, "XYYZZX": 0.0, "IZZYYI": 0.014643405947753768, "YXXZYZ": -0.06589532676489199, "ZZIIYY": -0.3001898219289524, "IZZIXX": 0.1025038416342764, "ZYZXYX": 0.06589532676489199, "YZIYZI": -0.0073217029738768865, "YIXYXI": -0.007314430196857506, "YZZXXY": 0.19768598029467596, "XXYYZZ": -0.46126728735424394, "YXXYZZ": 0.06589532676489199, "ZZXZZX": 0.0, "XXYYXX": 0.5930579408840279, "YZZIIY": 0.01464340594775377, "YYZIIZ": -0.27822471300732177, "XXIZIZ": -0.4173370695109826, "IZYZYI": -0.01464340594775377, "YXYIIX": -0.02196510892163065, "IYIZYZ": -3.469446951953614e-18, "YZYZZZ": 0.13179065352978397, "XYZYXZ": 0.13179065352978397, "XXXYXY": -0.6589532676489198, "IYYIZZ": -0.007321702973876888, "ZYYZYY": 0.0, "YIYIZZ": 0.0073144301968575045, "IZIZXX": 0.014643405947753787, "IIYIIY": 0.004067612763264939, "XXYZZY": 0.06589532676489199, "ZZIZIZ": 0.3001898219289524, "YXXIYI": 0.02928681189550754, "XXZIZI": -0.4173370695109826, "ZZZXXZ": 0.06589532676489199, "XIXIYY": 0.029286811895507553, "YYXZXZ": -0.06589532676489199, "IXZIZX": 0.0512519208171382, "IZYYIZ": 0.029286811895507553, "IYZZYI": -0.007321702973876888, "IXZZIX": 0.01464340594775379, "IXXIZZ": 0.029286811895507553, "YXIIYX": 0.036608514869384434, "XZYXYZ": -0.13179065352978397, "YXZXYZ": -0.06589532676489199, "XYYXYY": 0.19768598029467596, "XYZZXY": -0.19768598029467596, "ZYIYZI": -0.007321702973876885, "IIXIIX": 0.008135225526529875, "XXIIYY": 0.39537196058935187, "ZYZYZZ": -0.13179065352978397, "XZIIZX": -0.02928681189550754, "YIIXYX": -0.014643405947753763, "ZZXYXY": 0.395371960589352, "IIIZIZ": -0.4873000090391395, "YZYIZI": -0.029286811895507553, "ZIIIZI": -0.04962487571183223,