{"YZZYZZ": 0.06582987177171754, "ZXYXYZ": 0.13179065352978397, "XZXIIZ": -0.029286811895507553, "ZXYZYX": 0.0, "YIYIXX": 0.0, "XZXZXX": -0.06589532676489199, "XYZZYX": -0.26358130705956795, "XYXIYI": -0.036608514869384434, "YYXXXX": -0.3294766338244599, "ZZZYZY": 0.0, "XIYIYX": -0.014643405947753776, "YXYXZZ": -0.06589532676489199, "XZIXIZ": -0.014643405947753776, "XIIZZX": -0.03660851486938443, "IIYYZZ": -0.5271626141191359, "IYXXYI": 0.021965108921630658, "ZZYZZY": 0.19768598029467596, "ZXZZXZ": -0.06589532676489199, "XYIYIX": -0.02196510892163067, "YZXXYZ": -0.13165974354343507, "ZIZXXI": -0.036608514869384434, "YYYYYY": -0.3953719605893519, "YXXIIY": 0.01464340594775377, "IZYYZI": -0.05857362379101509, "ZIYYIZ": -0.04393021784326133, "YZYYZY": 0.0, "YYYIYI": -0.007321702973876874, "IXYIYX": -0.07321702973876887, "XYXXYX": 0.06589532676489199, "IYXYXI": -0.03660851486938445, "YXYXXX": 0.06589532676489199, "ZYZXXY": -0.13179065352978397, "ZIZIYY": 0.05857362379101509, "YZXZYX": -0.06589532676489199, "IZIZII": -0.09599566121305253, "IYYXIX": 0.02196510892163065, "IIZYZY": 0.036608514869384434, "YIZIYZ": 1.734723475976807e-18, "IXXIYY": 0.065895326764892, "YYYXXY": -0.39537196058935187, "IXIYXY": -0.05125192081713821, "YXYIXI": 1.734723475976807e-18, "XIIIXI": 0.013829883395100785, "ZIIZII": 0.05369248847509717, "ZIXXZI": -0.02196510892163065, "YYXZZX": -0.06589532676489199, "YYIYYI": -0.014643405947753776, "IZZYIY": 0.014643405947753776, "ZYYZXX": -0.06589532676489199, "ZZIIII": -0.6272258880954533, "XZZXYY": 0.13179065352978397, "IZIYZY": 0.021965108921630644, "YIIIIY": -0.004881135315917924, "YYZZXX": -0.13179065352978397, "YIZZYI": 0.02196510892163065, "IIIXIX": -0.006501715730540007, "XZZXXX": 0.0, "IIYXYX": -0.7980656241525808, "ZIZYIY": 0.007321702973876867, "ZIYIZY": 0.014628860393714999, "YIYIII": 0.008127144663175004, "IYIIYI": 0.009762270631835851, "XIIXXX": 0.04393021784326132, "ZZYYYY": 0.26358130705956795, "XZZZXZ": 0.06589532676489199, "YZIZIY": -0.007314430196857506, "XZXZZZ": 0.0, "IXZXIZ": 0.021965108921630665, "YXZXZY": 0.13179065352978397, "YZXXZY": 0.0, "ZZXYYX": 0.5271626141191359, "ZZYXYX": 0.5271626141191358, "YYZIZI": -0.26358130705956795, "ZZXIIX": 0.021965108921630668, "YYYYXX": 0.3294766338244599, "IYYZIZ": 0.043930217843261316, "XIIYXY": -0.014643405947753778, "XYYYXY": 0.06589532676489199, "ZXYXZY": 0.06589532676489199, "ZYIZIY": 0.04393021784326133, "IYIYYY": 0.02196510892163067, "IIZZZZ": 0.9957516044472567, "YIIXXY": -0.02196510892163066, "ZIYZIY": 0.014643405947753771, "YYIIXX": -0.26358130705956795, "ZXZXYY": 0.0, "IIXYXY": -0.7753296008668955, "IZIZYY": -0.04393021784326134, "IZYIYZ": -0.029286811895507553, "IIYZZY": -0.014643405947753775, "YZZYYY": 0.0, "YIXXYI": -0.029286811895507553, "YYIZIZ": -0.23429449516406037, "XIXIZZ": 0.021965108921630665, "XYXZYZ": 0.0, "ZXYZXY": 0.0, "IXIIIX": -0.01789749615836572, "XYYXZZ": 0.26331948708687014, "YYXXII": 0.3221549308505831, "ZYXZYX": 0.0, "ZXIIZX": -0.036608514869384434, "ZXXZXX": 0.06589532676489199, "IIIZZI": -0.49950284732893435, "XIZXIZ": -0.051201011378002516, "YZYXXZ": 0.06589532676489199, "IZYIZY": 0.03660851486938444, "YYXIIX": 0.029286811895507546, "XXXXXX": -0.5930579408840279, "XXZXXZ": -0.06589532676489199, "XXZZII": 0.7907439211787038, "YIZYIZ": -0.014643405947753766, "ZIIYZY": -1.3877787807814457e-17, "ZZIIZZ": -0.6150230498056586, "ZZXXZZ": -0.26358130705956795, "ZIZXIX": 0.007321702973876895, "XYYYYX": -0.13165974354343507, "ZZXIXI": -0.007321702973876878, "YXYXII": 0.014643405947753763, "XZYZYX": 0.19768598029467596, "IIIYYI": -0.003254090210611956, "YYXXYY": 0.395371960589352, "YYZXXZ": 0.06589532676489199, "ZIXZIX": 0.014643405947753764, "ZZYYII": 0.32947663382446, "YYYZYZ": 0.0, "YYXIXI": 0.029286811895507546, "IIXYYX": -0.8200307330742113, "YYIZZI": -0.24893790111181419, "ZXZXZZ": 0.0, "YZIYIZ": 0.029286811895507543, "ZZZXZX": -0.13179065352978397, "IIYZYZ": -0.007321702973876881, "XIYXIY": -0.02925772078743001, "XZIXZI": -0.029286811895507553, "YZZYXX": -0.13179065352978397, "IIXXII": 0.5623984106917103, "IYYYYI": 0.007321702973876881, "YYXYXY": -0.5271626141191359, "XXZZZZ": 0.7248485944138118, "YYXYYX": -0.5930579408840279, "XZXXZX": 0.0, "IXZZXI": -0.014643405947753763, "YXIXIY": -0.007321702973876855, "XXXXZZ": 0.39537196058935187, "XXXIXI": 1.3877787807814457e-17, "IYXYIX": 0.014643405947753756, "XXXYYX": -0.5930579408840279, "XXYXYX": -0.7248485944138118, "IXYXIY": -6.938893903907228e-18, "XYXYII": 0.13179065352978395, "YZIZYI": -0.007321702973876888, "YIIIYI": -0.01708397360571274, "ZYXXYZ": 0.0, "XXXXYY": 0.5930579408840279, "XIXZZI": -0.058573623791015085, "ZIIXXZ": 6.938893903907228e-18, "XYYXII": 0.16107746542529153, "IZXZXI": -0.05120101137800253, "XIYYIX": 0.03660851486938443, "ZXXYZY": -0.06589532676489199, "ZYIIZY": 0.021965108921630665, "XXXIIX": 0.0073217029738768865, "YZYZXX": 0.0, "ZXXZYY": 0.0, "IYZZIY": 0.007321702973876881, "YYZZII": 0.5637711289885202, "IZIIIZ": 0.04067612763264937, "ZYZIYI": -0.03660851486938445, "XYIXIY": -0.014643405947753776, "YZIIYZ": -0.029286811895507546, "YYZYZY": 0.0, "XIYYXI": 0.014643405947753763, "XZXYYZ": -0.06589532676489199, "IYIIIY": 0.017897496158365722, "IYYXXI": -0.03660851486938444, "ZYXYZX": 0.0, "IIXXZZ": 0.5710928319623971, "YZYYYZ": 0.0, "ZYZZZY": 0.06589532676489199, "IIYXXY": -0.8273524360480883, "XIYXYI": -0.029286811895507525, "ZIIZZZ": 0.05857362379101509, "XYXIIY": -6.938893903907228e-18, "ZIXZXI": 0.007321702973876895, "YZZYII": 0.02196510892163066, "XYIYXI": -0.007321702973876897, "ZIZIXX": 0.014643405947753768, "IZIYYZ": 0.043930217843261316, "IXXZZI": -0.0073217029738768796, "YIZZIY": 0.058573623791015085, "ZIIZYY": -0.007321702973876881, "ZXZZZX": -0.06589532676489199, "IYXIXY": 0.058573623791015085, "YYZYYZ": 0.0, "ZYZYII": -0.05857362379101509, "YXZYXZ": 0.0, "ZZYYXX": -0.3294766338244599, "IXZXZI": -0.029286811895507543, "IIXXXX": -0.6150230498056585, "XZXXXZ": 0.0, "ZZZYYZ": 0.06589532676489199, "YIYYYI": 5.204170427930421e-18, "ZYYXZX": -0.06589532676489199, "IYZIZY": 0.05125192081713821, "YXXZZY": 0.06589532676489199, "YZXZXY": 0.0, "XZZIXI": -0.007321702973876881, "ZIZZIZ": -0.014628860393715012, "IIYIYI": 0.013829883395100787, "ZXYYXZ": 0.13179065352978397, "XXIIZZ": 0.7541354063093194, "XYYZZX": 0.06589532676489199, "IZZYYI": 0.03660851486938443, "YXXZYZ": 0.0, "ZZIIYY": -0.24161619813793725, "IZZIXX": 0.014643405947753771, "ZYZXYX": 0.0, "YZIYZI": 0.021965108921630658, "YIXYXI": -0.007321702973876888, "YZZXXY": 0.0, "XXYYZZ": -0.3953719605893519, "YXXYZZ": 0.0, "ZZXZZX": -0.06589532676489199, "XXYYXX": 0.5271626141191359, "YZZIIY": 0.014643405947753775, "YYZIIZ": -0.24893790111181416, "XXIZIZ": -0.3441200397722136, "IZYZYI": -0.03660851486938444, "YXYIIX": -0.043930217843261316, "IYIZYZ": -0.036608514869384434, "YZYZZZ": 0.06589532676489199, "XYZYXZ": 0.0, "XXXYXY": -0.5930579408840279, "IYYIZZ": 0.007321702973876878, "ZYYZYY": 0.13179065352978397, "YIYIZZ": 0.00732170297387689, "IZIZXX": 0.04393021784326133, "IIYIIY": -0.012202838289794812, "XXYZZY": -0.06589532676489199, "ZZIZIZ": 0.33679833679833676, "YXXIYI": 0.007321702973876885, "XXZIZI": -0.3441200397722137, "ZZZXXZ": 0.0, "XIXIYY": 0.007321702973876895, "YYXZXZ": -0.06589532676489199, "IXZIZX": 0.014643405947753759, "IZYYIZ": -0.04393021784326132, "IYZZYI": 0.021965108921630658, "IXZZIX": -0.014643405947753768, "IXXIZZ": 0.007321702973876888, "YXIIYX": -0.021965108921630658, "XZYXYZ": 0.0, "YXZXYZ": 0.13179065352978397, "XYYXYY": 0.13179065352978397, "XYZZXY": -0.19768598029467596, "ZYIYZI": 5.204170427930421e-18, "IIXIIX": 0.004067612763264941, "XXIIYY": 0.40269366356322867, "ZYZYZZ": -0.06589532676489199, "XZIIZX": -0.007321702973876888, "YIIXYX": -0.014643405947753776, "ZZXYXY": 0.3953719605893519, "IIIZIZ": -0.5030702546505328, "YZYIZI": -0.036608514869384406, "ZIIIZI": -0.026846244237548583, "XIIZXZ": 0.0073217029738768934, "ZXXXZX": -0.06589532676489199, "IXIZZX": -0.02928681189550755,