{"qwc_energy": [1.697265625, -2.946905735517937, -4.8280645766026575, -6.065232951891718, -6.448117550693379], "qwc_shots": 21504, "qwc_moments": ["1.0", "(1.697265625+0j)", "(6.8671875+0j)", "(10.095703125+0j)", "(74.609375+0j)", "(-8.349609375+0j)", "(1213.3515625+0j)", "(-3465.888671875+0j)", "(31908.96875+0j)", "(-164206.521484375+0j)"], "mix_energy": [1.5222929936305731, -3.352821654550627, -5.191602325891378, -6.229708575848402, -6.455068778426757], "mix_shots": 21501, "mix_moments": ["(1+0j)", "(1.5222929936305731+0j)", "(7.148619957537158+0j)", "(6.826331604654669+0j)", "(88.70081097072847+0j)", "(-108.4848073509449+0j)", "(1791.8531319248668+0j)", "(-7245.076467926633+0j)", "(55595.40390750992+0j)", "(-317133.49558548833+0j)"], "cs_energy": [1.5974643423137878, -3.359186431810972, -4.996022385104466, -6.228500246530458, -6.456153260755544], "cs_shots": 21465, "cs_moments": ["(1+0j)", "(1.5974643423137878+0j)", "(7.326077511350578+0j)", "(7.890796663110338+0j)", "(87.21393491297374+0j)", "(-74.63727571169075+0j)", "(1617.0251275111632+0j)", "(-5865.223480976956+0j)", "(46984.269947700726+0j)", "(-258834.4727393142+0j)"]}