{"qwc_energy": [1.486328125, -3.562361028219647, -5.341043450978699, -6.279991931084061, -6.4573087807043645], "qwc_shots": 21504, "qwc_moments": ["1.0", "(1.486328125+0j)", "(7.328125+0j)", "(5.455078125+0j)", "(96.296875+0j)", "(-159.810546875+0j)", "(2108.46875+0j)", "(-9308.373046875+0j)", "(68764.90625+0j)", "(-402327.794921875+0j)"], "mix_energy": [1.570417551309271, -3.2907912088764446, -5.299753431492615, -6.230113541882145, -6.454655490258789], "mix_shots": 21501, "mix_moments": ["(1+0j)", "(1.570417551309271+0j)", "(6.9532908704883205+0j)", "(7.341860707946118+0j)", "(85.68325734108342+0j)", "(-102.03590778833538+0j)", "(1757.8143584745872+0j)", "(-7194.814926966233+0j)", "(55475.35063172181+0j)", "(-318521.235564373+0j)"], "cs_energy": [1.5475435816164818, -3.1386595936826795, -4.92730689934128, -6.114676115477636, -6.45065276319228], "cs_shots": 21465, "cs_moments": ["(1+0j)", "(1.5475435816164818+0j)", "(6.972424971646894+0j)", "(7.978128583041913+0j)", "(80.36990002029223+0j)", "(-56.872493193387584+0j)", "(1445.0724146387925+0j)", "(-5028.418844761927+0j)", "(41118.86939022459+0j)", "(-223753.0941466246+0j)"]}