{"qwc_energy": [1.654296875, -2.7718791890971324, -4.241741345473595, -5.564470092552353, -6.424445095456887], "qwc_shots": 21504, "qwc_moments": ["1.0", "(1.654296875+0j)", "(6.87890625+0j)", "(10.626953125+0j)", "(69.4921875+0j)", "(35.021484375+0j)", "(909.58984375+0j)", "(-1357.787109375+0j)", "(17907.171875+0j)", "(-71702.673828125+0j)"], "mix_energy": [1.5690021231422504, -3.00065442274118, -4.822583517241511, -6.068673696127428, -6.448004989400553], "mix_shots": 21501, "mix_moments": ["(1+0j)", "(1.5690021231422504+0j)", "(6.837225760792638+0j)", "(8.652999663545767+0j)", "(76.52617962015469+0j)", "(-32.74508370749328+0j)", "(1299.0732542085773+0j)", "(-4094.1491536435587+0j)", "(35214.247201048725+0j)", "(-185782.2785493018+0j)"], "cs_energy": [1.5404120443740097, -1.28822993623094, -21.967479482805878, -6.849508707273925, -6.47695169145973], "cs_shots": 21465, "cs_moments": ["(1+0j)", "(1.5404120443740097+0j)", "(5.762282091917592+0j)", "(13.792393026941369+0j)", "(34.112519809825635+0j)", "(226.3169572107767+0j)", "(-463.5023771790825+0j)", "(7199.291600633924+0j)", "(-38705.4912836768+0j)", "(291662.98573692597+0j)"]}