{"qwc_energy": [1.693359375, -3.155944694783604, -5.10789924848944, -6.193657582240613, -6.453580691080653], "qwc_shots": 21504, "qwc_moments": ["1.0", "(1.693359375+0j)", "(7.015625+0j)", "(9.361328125+0j)", "(80.9375+0j)", "(-46.392578125+0j)", "(1477.296875+0j)", "(-5149.224609375+0j)", "(42986.625+0j)", "(-235698.291015625+0j)"], "mix_energy": [1.5803255484784147, -3.2026107515544515, -5.055677426376593, -6.175804311026644, -6.453237649227173], "mix_shots": 21501, "mix_moments": ["(1+0j)", "(1.5803255484784147+0j)", "(6.893842887473459+0j)", "(7.803406309097027+0j)", "(80.83256180896366+0j)", "(-69.15474574501411+0j)", "(1518.7311382594885+0j)", "(-5614.532375018858+0j)", "(44915.813221491284+0j)", "(-249595.49312589163+0j)"], "cs_energy": [1.611727416798732, -4.075137150929759, -5.971235892718946, -6.375725433900459, -6.460141819740431], "cs_shots": 21465, "cs_moments": ["(1+0j)", "(1.611727416798732+0j)", "(7.530903328050712+0j)", "(4.264659270998421+0j)", "(114.09984152139457+0j)", "(-285.4564183835179+0j)", "(3039.223454833597+0j)", "(-15556.502377179066+0j)", "(110685.49445324877+0j)", "(-677276.3724247223+0j)"]}