{"qwc_energy": [1.607421875, -3.2541253079450296, -5.0742004979725515, -6.201816519800575, -6.454518779882], "qwc_shots": 21504, "qwc_moments": ["1.0", "(1.607421875+0j)", "(7.0234375+0j)", "(8.033203125+0j)", "(82.890625+0j)", "(-70.150390625+0j)", "(1560.0078125+0j)", "(-5759.724609375+0j)", "(46169.28125+0j)", "(-256532.470703125+0j)"], "mix_energy": [1.5350318471337578, -3.716856932685558, -5.473957625901489, -6.317461911241653, -6.459075903744141], "mix_shots": 21501, "mix_moments": ["(1+0j)", "(1.5350318471337578+0j)", "(7.389242745930645+0j)", "(5.184852598238837+0j)", "(99.9167565811609+0j)", "(-185.24131890060704+0j)", "(2290.3023795435834+0j)", "(-10529.7575905236+0j)", "(76881.25310640078+0j)", "(-455533.4938916157+0j)"], "cs_energy": [1.6968744981407087, -3.6782334627445255, -5.4665636526115655, -6.3109055997605115, -6.459629290312172], "cs_shots": 21465, "cs_moments": ["(1+0j)", "(1.6968744981407087+0j)", "(7.260767643972148+0j)", "(7.2108917004766795+0j)", "(92.51811797630414+0j)", "(-134.50523116339244+0j)", "(2011.8407545224918+0j)", "(-8760.3606757687+0j)", "(65993.46562582866+0j)", "(-386039.5090966471+0j)"]}