{"qwc_energy": [1.693359375, -3.2865394010023183, -5.045050460709334, -6.217814001868694, -6.456295559387973], "qwc_shots": 21504, "qwc_moments": ["1.0", "(1.693359375+0j)", "(7.13671875+0j)", "(8.943359375+0j)", "(82.6484375+0j)", "(-53.666015625+0j)", "(1504.81640625+0j)", "(-5273.916015625+0j)", "(43510.171875+0j)", "(-238261.337890625+0j)"], "mix_energy": [1.5888181174805378, -3.3609019384735546, -5.264086249949127, -6.244355864158955, -6.45554008995494], "mix_shots": 21501, "mix_moments": ["(1+0j)", "(1.5888181174805378+0j)", "(7.168435951875445+0j)", "(7.516956133328689+0j)", "(88.67282725975427+0j)", "(-102.34519044469981+0j)", "(1798.0420335758133+0j)", "(-7254.452623762948+0j)", "(56157.393953105224+0j)", "(-320829.6077755734+0j)"], "cs_energy": [1.6641131235971283, -1.6500764198765028, -58.709796428153666, -6.828172457699159, -6.475248721013119], "cs_shots": 21465, "cs_moments": ["(1+0j)", "(1.6641131235971283+0j)", "(6.170981359778801+0j)", "(13.808499208851897+0j)", "(39.88504263236327+0j)", "(211.14586941014338+0j)", "(-331.1020213802959+0j)", "(6550.010764220438+0j)", "(-34328.647699445886+0j)", "(265522.78516065085+0j)"]}