{"qwc_energy": [1.6171875, -3.320278470435302, -5.136803557953611, -6.2140949077072545, -6.4548732608917625], "qwc_shots": 21504, "qwc_moments": ["1.0", "(1.6171875+0j)", "(7.15625+0j)", "(8.015625+0j)", "(85.640625+0j)", "(-80.0703125+0j)", "(1649.203125+0j)", "(-6265.515625+0j)", "(49671.34375+0j)", "(-278544.9453125+0j)"], "mix_energy": [1.651096956829441, -3.447594503504198, -5.39795747183142, -6.28102861037857, -6.456891367302674], "mix_shots": 21501, "mix_moments": ["(1+0j)", "(1.651096956829441+0j)", "(7.28733191790517+0j)", "(7.918276426159888+0j)", "(91.78180362674465+0j)", "(-111.608425278155+0j)", "(1917.4244892276645+0j)", "(-7944.690520111848+0j)", "(61245.77662919269+0j)", "(-353284.49478495977+0j)"], "cs_energy": [1.675911251980983, -3.871436615200042, -5.818592383416771, -6.348516917840527, -6.459461329747896], "cs_shots": 21465, "cs_moments": ["(1+0j)", "(1.675911251980983+0j)", "(7.316957210776545+0j)", "(6.028367421380055+0j)", "(102.06371138717955+0j)", "(-206.7741903959225+0j)", "(2513.7589618842135+0j)", "(-12150.768953007911+0j)", "(88440.68046331023+0j)", "(-533240.2501577934+0j)"]}