{"qwc_energy": [1.85546875, -2.6445897096003885, -4.743756861514855, -5.980019676525112, -6.444234266678441], "qwc_shots": 21504, "qwc_moments": ["1.0", "(1.85546875+0j)", "(6.6796875+0j)", "(12.16796875+0j)", "(67.796875+0j)", "(37.82421875+0j)", "(982.6640625+0j)", "(-2015.48828125+0j)", "(23327.09375+0j)", "(-109890.58203125+0j)"], "mix_energy": [1.651096956829441, -3.247255501310635, -5.3047368139738555, -6.227414162497399, -6.454512470081351], "mix_shots": 21501, "mix_moments": ["(1+0j)", "(1.651096956829441+0j)", "(6.94762915782024+0j)", "(8.371201837736244+0j)", "(83.52210736370702+0j)", "(-80.7731370296891+0j)", "(1664.12726091446+0j)", "(-6544.069205155867+0j)", "(51728.704384346776+0j)", "(-294173.78198925656+0j)"], "cs_energy": [1.6331220285261487, -3.10191130529622, -5.2499764222187935, -6.187336172808791, -6.452414289622899], "cs_shots": 21465, "cs_moments": ["(1+0j)", "(1.6331220285261487+0j)", "(6.7694142516212+0j)", "(8.583989926088964+0j)", "(79.3566054953359+0j)", "(-65.28941019317483+0j)", "(1538.198560122898+0j)", "(-5848.425764039927+0j)", "(47020.257847056295+0j)", "(-264948.15236541437+0j)"]}