{"qwc_energy": [1.625, -3.719310387128008, -5.71209765796076, -6.336821043154281, -6.4588195849920815], "qwc_shots": 21504, "qwc_moments": ["1.0", "(1.625+0j)", "(7.34375+0j)", "(6.22265625+0j)", "(101.234375+0j)", "(-189.3046875+0j)", "(2411.828125+0j)", "(-11332.73828125+0j)", "(83201.28125+0j)", "(-497486.359375+0j)"], "mix_energy": [1.5520169851380043, -3.135919185434373, -4.948417558840391, -6.1465161084744295, -6.451647459770846], "mix_shots": 21501, "mix_moments": ["(1+0j)", "(1.5520169851380043+0j)", "(6.933474876150035+0j)", "(7.9613425684220385+0j)", "(80.44287819196448+0j)", "(-57.831297205109415+0j)", "(1454.6573039573968+0j)", "(-5090.563526040392+0j)", "(41572.969231840114+0j)", "(-226707.7752369679+0j)"], "cs_energy": [1.547543581616482, -2.532601735573223, -3.184102545945391, -7.801426126797242, -6.499327344949208], "cs_shots": 21465, "cs_moments": ["(1+0j)", "(1.547543581616482+0j)", "(6.632329635499207+0j)", "(10.490491283676715+0j)", "(58.90174326465927+0j)", "(91.16719492868476+0j)", "(420.5657686212342+0j)", "(1759.5332805071412+0j)", "(-3669.1616481775377+0j)", "(68423.39857369315+0j)"]}