{"qwc_energy": [1.451171875, -3.3895826857091342, -5.2046733383474475, -6.234791909174012, -6.455250306791543], "qwc_shots": 21504, "qwc_moments": ["1.0", "(1.451171875+0j)", "(7.18359375+0j)", "(5.908203125+0j)", "(91.2109375+0j)", "(-129.228515625+0j)", "(1892.58203125+0j)", "(-7917.458984375+0j)", "(59582.796875+0j)", "(-342844.283203125+0j)"], "mix_energy": [1.454352441613588, -3.2974128147345056, -5.069098962387901, -6.1959599200807105, -6.4539205637165855], "mix_shots": 21501, "mix_moments": ["(1+0j)", "(1.454352441613588+0j)", "(6.998584571832979+0j)", "(6.19669810773496+0j)", "(85.71732043205371+0j)", "(-104.25253790911071+0j)", "(1691.471894469389+0j)", "(-6716.673070899027+0j)", "(51426.092803359956+0j)", "(-290968.8780411405+0j)"], "cs_energy": [1.6259904912836767, -4.342062848645822, -5.9370753219712125, -6.40279370374423, -6.46276936468424], "cs_shots": 21465, "cs_moments": ["(1+0j)", "(1.6259904912836767+0j)", "(7.916006339144214+0j)", "(3.209191759112526+0j)", "(123.71315372424718+0j)", "(-328.4881141045956+0j)", "(3336.4231378763843+0j)", "(-17261.85261489698+0j)", "(121764.42313787635+0j)", "(-746424.2567353403+0j)"]}