{"qwc_energy": [1.650390625, -3.79487577736335, -5.715199032438884, -6.340919132726691, -6.4594759333738665], "qwc_shots": 21504, "qwc_moments": ["1.0", "(1.650390625+0j)", "(7.31640625+0j)", "(6.099609375+0j)", "(100.5703125+0j)", "(-191.763671875+0j)", "(2406.38671875+0j)", "(-11374.314453125+0j)", "(83255.890625+0j)", "(-498601.427734375+0j)"], "mix_energy": [1.5647558386411888, -3.4367120367506687, -5.4964407362323, -6.279713012806733, -6.456423565245062], "mix_shots": 21501, "mix_moments": ["(1+0j)", "(1.5647558386411888+0j)", "(7.035385704175511+0j)", "(6.628879375355307+0j)", "(91.31508359147495+0j)", "(-140.7592843966448+0j)", "(2023.1740512570611+0j)", "(-8946.841123989187+0j)", "(67008.40932558324+0j)", "(-393657.76572343474+0j)"], "cs_energy": [1.6687797147385104, -3.4012584033004067, -5.357156545903057, -6.263506584071458, -6.45644316730445], "cs_shots": 21465, "cs_moments": ["(1+0j)", "(1.6687797147385104+0j)", "(7.160063391442156+0j)", "(8.144215530903336+0j)", "(88.25515055467508+0j)", "(-98.26782884310614+0j)", "(1806.9223454833598+0j)", "(-7333.8969889064965+0j)", "(57076.759112519765+0j)", "(-327391.9160063387+0j)"]}