{"qwc_energy": [1.6875, -3.0548658205459915, -5.205301500720687, -6.190362303042174, -6.452209034404891], "qwc_shots": 21504, "qwc_moments": ["1.0", "(1.6875+0j)", "(6.90625+0j)", "(9.578125+0j)", "(79.921875+0j)", "(-45.640625+0j)", "(1484.734375+0j)", "(-5271.53125+0j)", "(43987.78125+0j)", "(-243185.40625+0j)"], "mix_energy": [1.6510969568294405, -3.146154398265605, -5.148746557655969, -6.194353039227648, -6.453282441834746], "mix_shots": 21501, "mix_moments": ["(1+0j)", "(1.6510969568294405+0j)", "(6.9079971691436635+0j)", "(8.799067209634199+0j)", "(80.6174167275765+0j)", "(-57.41089183576385+0j)", "(1511.4909679440314+0j)", "(-5495.300360818159+0j)", "(44893.08654995184+0j)", "(-249201.3381481093+0j)"], "cs_energy": [1.497622820919176, -3.0468517140355353, -4.873708407480513, -6.057313506829526, -6.44830573374068], "cs_shots": 21465, "cs_moments": ["(1+0j)", "(1.497622820919176+0j)", "(6.817749603803488+0j)", "(7.728367919348961+0j)", "(77.61299225782837+0j)", "(-52.79712497650213+0j)", "(1377.0318463566732+0j)", "(-4720.063852063384+0j)", "(38743.52555887674+0j)", "(-209616.9756742185+0j)"]}