{"qwc_energy": [1.634765625, -3.6805270920936297, -5.4675725198903695, -6.31105606722417, -6.458889231005715], "qwc_shots": 21504, "qwc_moments": ["1.0", "(1.634765625+0j)", "(7.42578125+0j)", "(6.666015625+0j)", "(97.1328125+0j)", "(-152.849609375+0j)", "(2146.96484375+0j)", "(-9492.505859375+0j)", "(70843.015625+0j)", "(-415782.646484375+0j)"], "mix_energy": [1.5208775654635527, -3.4104303985857953, -5.066134806187747, -6.239175383166726, -6.456365649431341], "mix_shots": 21501, "mix_moments": ["(1+0j)", "(1.5208775654635527+0j)", "(7.2590233545647544+0j)", "(6.655088000185635+0j)", "(89.07095703827459+0j)", "(-103.21948418085013+0j)", "(1741.4287587159056+0j)", "(-6817.230912023026+0j)", "(52554.61683663406+0j)", "(-296080.64519160526+0j)"], "cs_energy": [1.7900158478605386, -4.088022036970548, -5.911038425573842, -6.377536711959108, -6.461555445933044], "cs_shots": 21465, "cs_moments": ["(1+0j)", "(1.7900158478605386+0j)", "(7.476069481601913+0j)", "(6.670048912996118+0j)", "(104.82312891294633+0j)", "(-210.40485432542033+0j)", "(2601.9207059207242+0j)", "(-12612.012479723327+0j)", "(92069.2380291386+0j)", "(-555990.473917633+0j)"]}