{"qwc_energy": [1.79296875, -1.961755010669478, -2.822391245438255, -8.154181291307543, -6.511907754189176], "qwc_shots": 21504, "qwc_moments": ["1.0", "(1.79296875+0j)", "(6.35546875+0j)", "(13.4921875+0j)", "(53.7890625+0j)", "(124.73828125+0j)", "(366.05078125+0j)", "(1979.28125+0j)", "(-3119.109375+0j)", "(61699.87109375+0j)"], "mix_energy": [1.629865534324133, -3.253134249224661, -5.030915612242797, -6.200318776086489, -6.454722202444772], "mix_shots": 21501, "mix_moments": ["(1+0j)", "(1.629865534324133+0j)", "(7.089171974522293+0j)", "(8.38286171730883+0j)", "(82.89472462961032+0j)", "(-61.6218834476119+0j)", "(1525.894736231479+0j)", "(-5453.853027508028+0j)", "(44370.31704430753+0j)", "(-244056.5163412341+0j)"], "cs_energy": [1.6617546183504035, -3.053155624550419, -4.569568988427795, -6.001815543032785, -6.448820229735203], "cs_shots": 21465, "cs_moments": ["(1+0j)", "(1.6617546183504035+0j)", "(6.988693615914088+0j)", "(9.521728250896656+0j)", "(74.62231797057746+0j)", "(-4.363141337270542+0j)", "(1136.1656381533808+0j)", "(-2884.939109606687+0j)", "(27478.845886092033+0j)", "(-134095.75054496448+0j)"]}