{"qwc_energy": [1.716796875, -3.276485950449338, -5.295615350904889, -6.243120363474604, -6.455309174068944], "qwc_shots": 21504, "qwc_moments": ["1.0", "(1.716796875+0j)", "(7.140625+0j)", "(9.240234375+0j)", "(85.25+0j)", "(-68.392578125+0j)", "(1657.140625+0j)", "(-6272.369140625+0j)", "(50652.375+0j)", "(-285123.626953125+0j)"], "mix_energy": [1.481245576786978, -3.512951448691578, -5.250566722722034, -6.25477484624324, -6.456603675891403], "mix_shots": 21501, "mix_moments": ["(1+0j)", "(1.481245576786978+0j)", "(7.264685067232837+0j)", "(5.606986646247372+0j)", "(93.24530994396292+0j)", "(-143.97873377188415+0j)", "(1980.706565498358+0j)", "(-8515.289234624617+0j)", "(63356.896372095216+0j)", "(-367543.738250206+0j)"], "cs_energy": [1.5122388308685948, -3.7498438483859577, -5.51129637693553, -6.323826239765184, -6.459058139236248], "cs_shots": 21465, "cs_moments": ["(1+0j)", "(1.5122388308685948+0j)", "(7.487531480971983+0j)", "(4.825865874564129+0j)", "(103.21654427005844+0j)", "(-201.77834968123736+0j)", "(2409.7528020088066+0j)", "(-11248.419668900473+0j)", "(81643.60082189758+0j)", "(-485770.18750085536+0j)"]}