{"qwc_energy": [1.697265625, -3.1316756962912247, -5.443735652545264, -6.253545966110366, -6.454269752567502], "qwc_shots": 21504, "qwc_moments": ["1.0", "(1.697265625+0j)", "(6.9140625+0j)", "(9.318359375+0j)", "(83.375+0j)", "(-70.466796875+0j)", "(1670.7890625+0j)", "(-6518.814453125+0j)", "(52391.3125+0j)", "(-298283.130859375+0j)"], "mix_energy": [1.5647558386411888, -3.707818969044551, -5.6719141552049965, -6.326394678607908, -6.458428016157259], "mix_shots": 21501, "mix_moments": ["(1+0j)", "(1.5647558386411888+0j)", "(7.400566171266806+0j)", "(5.618518905247525+0j)", "(102.87416611557785+0j)", "(-200.65319689533942+0j)", "(2461.7195015836555+0j)", "(-11642.91846205609+0j)", "(84931.21363683828+0j)", "(-508292.9069530011+0j)"], "cs_energy": [1.6144388575099313, -3.0008755473750144, -5.101832922175674, -6.1491401539639545, -6.450463649092676], "cs_shots": 21465, "cs_moments": ["(1+0j)", "(1.6144388575099313+0j)", "(6.798556637116361+0j)", "(8.971485055330573+0j)", "(78.19707244078211+0j)", "(-46.32397483763099+0j)", "(1432.8143945382772+0j)", "(-5028.9944040743785+0j)", "(41844.53159550482+0j)", "(-229935.13708088145+0j)"]}