{"qwc_energy": [1.615234375, -3.5300759361812104, -5.552545137035045, -6.308109738742475, -6.457649721780985], "qwc_shots": 21504, "qwc_moments": ["1.0", "(1.615234375+0j)", "(7.234375+0j)", "(6.986328125+0j)", "(95.21875+0j)", "(-147.095703125+0j)", "(2127.484375+0j)", "(-9440.537109375+0j)", "(70805.0625+0j)", "(-416575.244140625+0j)"], "mix_energy": [1.6737438075017694, -3.693883657649062, -5.589778960690041, -6.316743034341663, -6.458687997362766], "mix_shots": 21501, "mix_moments": ["(1+0j)", "(1.6737438075017694+0j)", "(7.352441613588107+0j)", "(6.971053333797414+0j)", "(96.94329005835738+0j)", "(-157.15314468692333+0j)", "(2196.911965008757+0j)", "(-9903.67531005997+0j)", "(73817.36745443357+0j)", "(-436306.4158226301+0j)"], "cs_energy": [1.6759728756335097, -4.261841407637035, -6.058669951736588, -6.397444866107788, -6.461417476378445], "cs_shots": 21465, "cs_moments": ["(1+0j)", "(1.6759728756335097+0j)", "(7.660839600479542+0j)", "(4.257510927305256+0j)", "(118.80746281105937+0j)", "(-307.1458600732261+0j)", "(3227.8704297347185+0j)", "(-16707.73808702753+0j)", "(118637.8788703077+0j)", "(-728297.615591655+0j)"]}