{"qwc_energy": [1.51953125, -3.6037210435182803, -5.470563598482846, -6.294595736218502, -6.457717934496643], "qwc_shots": 21504, "qwc_moments": ["1.0", "(1.51953125+0j)", "(7.21875+0j)", "(5.44140625+0j)", "(96.359375+0j)", "(-171.99609375+0j)", "(2190.359375+0j)", "(-9987.35546875+0j)", "(73292.40625+0j)", "(-433466.44921875+0j)"], "mix_energy": [1.559094125973107, -2.9402495274526466, -4.949102886567077, -6.086528227408969, -6.44795337362341], "mix_shots": 21501, "mix_moments": ["(1+0j)", "(1.559094125973107+0j)", "(6.678697806086346+0j)", "(8.556228464028406+0j)", "(75.38729363173344+0j)", "(-39.47254417412097+0j)", "(1331.3295627255113+0j)", "(-4462.3219170930315+0j)", "(37586.65377698886+0j)", "(-202967.3576392515+0j)"], "cs_energy": [1.662326037673838, -3.4434504907063, -5.557296971339029, -6.308626947857201, -6.457593221749768], "cs_shots": 21465, "cs_moments": ["(1+0j)", "(1.662326037673838+0j)", "(7.1020251150619425+0j)", "(7.764983573250603+0j)", "(91.45684663678018+0j)", "(-124.34828070009418+0j)", "(1996.1127849782692+0j)", "(-8621.470335369608+0j)", "(65715.95930473576+0j)", "(-384192.9251054757+0j)"]}