{"qwc_energy": [1.67578125, -2.9590222189763313, -4.718649990427342, -6.03407152742437, -6.448023982117675], "qwc_shots": 21504, "qwc_moments": ["1.0", "(1.67578125+0j)", "(6.8203125+0j)", "(9.75390625+0j)", "(73.328125+0j)", "(-6.32421875+0j)", "(1160.8359375+0j)", "(-3172.37109375+0j)", "(29583.15625+0j)", "(-149368.69921875+0j)"], "mix_energy": [1.6796875, -2.6342493104007403, -4.204684806930113, -5.448109429163578, -6.415514080329651], "mix_shots": 21504, "mix_moments": ["(1+0j)", "(1.6796875+0j)", "(6.7109375+0j)", "(11.06640625+0j)", "(66.390625+0j)", "(45.53125+0j)", "(843.2578125+0j)", "(-1046.89453125+0j)", "(16001.78125+0j)", "(-60848.9296875+0j)"], "cs_energy": [1.6402535657686212, -3.230221151628378, -4.866393217395398, -6.153171330474274, -6.454488378476881], "cs_shots": 21465, "cs_moments": ["(1+0j)", "(1.6402535657686212+0j)", "(7.009824926580707+0j)", "(8.460860266189279+0j)", "(79.11914155139723+0j)", "(-45.09486307722383+0j)", "(1376.2235345086217+0j)", "(-4561.720778873167+0j)", "(38135.301677034724+0j)", "(-204299.66312029812+0j)"]}