{"qwc_energy": [1.623046875, -3.4647823933058928, -5.406437773938896, -6.275255323276824, -6.456804599204169], "qwc_shots": 21504, "qwc_moments": ["1.0", "(1.623046875+0j)", "(7.19921875+0j)", "(7.373046875+0j)", "(91.1796875+0j)", "(-121.267578125+0j)", "(1936.34765625+0j)", "(-8200.455078125+0j)", "(62484.859375+0j)", "(-362529.595703125+0j)"], "mix_energy": [1.58984375, -3.0838904758409353, -4.909286964347043, -6.117985814794661, -6.450275712312783], "mix_shots": 21504, "mix_moments": ["(1+0j)", "(1.58984375+0j)", "(6.98046875+0j)", "(8.6875+0j)", "(79.5546875+0j)", "(-42.33984375+0j)", "(1392.72265625+0j)", "(-4606.1171875+0j)", "(38818.234375+0j)", "(-208234.01953125+0j)"], "cs_energy": [1.5333421307840642, -2.7853272401849996, -3.7544847500724705, -3.81117430759717, -16.116864112245576], "cs_shots": 21465, "cs_moments": ["(1+0j)", "(1.5333421307840642+0j)", "(6.835956592050177+0j)", "(9.524294035701875+0j)", "(65.99733711125744+0j)", "(48.3740555708404+0j)", "(703.3646651221342+0j)", "(-39.89508168558087+0j)", "(8006.480874881634+0j)", "(-6762.605118124687+0j)"]}