{"qwc_energy": [1.619140625, -3.543184940752384, -5.151753938504722, -6.280625767979743, -6.459263899299957], "qwc_shots": 21504, "qwc_moments": ["1.0", "(1.619140625+0j)", "(7.36328125+0j)", "(7.154296875+0j)", "(90.4765625+0j)", "(-106.091796875+0j)", "(1798.90234375+0j)", "(-7163.931640625+0j)", "(55193.203125+0j)", "(-313231.177734375+0j)"], "mix_energy": [1.55078125, -3.0096204130144844, -4.699683762633011, -6.003688915342108, -6.446221893589539], "mix_shots": 21504, "mix_moments": ["(1+0j)", "(1.55078125+0j)", "(6.80859375+0j)", "(8.38671875+0j)", "(74.8359375+0j)", "(-28.29296875+0j)", "(1228.42578125+0j)", "(-3691.70703125+0j)", "(32149.921875+0j)", "(-166262.57421875+0j)"], "cs_energy": [1.515011895232321, -3.963436013985724, -5.788114758286799, -6.356186119509736, -6.459835201900363], "cs_shots": 21465, "cs_moments": ["(1+0j)", "(1.515011895232321+0j)", "(7.538914402879256+0j)", "(3.6017792429129702+0j)", "(112.28422944913434+0j)", "(-273.7311851784533+0j)", "(2896.6035221340953+0j)", "(-14572.770858361457+0j)", "(103519.3356086364+0j)", "(-629553.1683184713+0j)"]}