{"qwc_energy": [1.740234375, -3.716377873798538, -5.673861449084226, -6.343283132235493, -6.460064380552], "qwc_shots": 21504, "qwc_moments": ["1.0", "(1.740234375+0j)", "(7.32421875+0j)", "(7.638671875+0j)", "(96.7109375+0j)", "(-149.978515625+0j)", "(2197.00390625+0j)", "(-9866.955078125+0j)", "(74099.796875+0j)", "(-438100.384765625+0j)"], "mix_energy": [1.6796875, -3.0252672916831176, -5.01565502593035, -6.128423200274267, -6.450817671182849], "mix_shots": 21504, "mix_moments": ["(1+0j)", "(1.6796875+0j)", "(6.75390625+0j)", "(9.33984375+0j)", "(75.3515625+0j)", "(-32.34375+0j)", "(1326.85546875+0j)", "(-4404.05859375+0j)", "(37631.578125+0j)", "(-203324.7421875+0j)"], "cs_energy": [1.5118858954041206, -3.3934837985121438, -5.437461963180478, -6.267375508957807, -6.45589175181818], "cs_shots": 21465, "cs_moments": ["(1+0j)", "(1.5118858954041206+0j)", "(6.995528239194389+0j)", "(6.236515313166424+0j)", "(90.77739544831513+0j)", "(-141.26992280236985+0j)", "(1997.0944273544283+0j)", "(-8795.621466443736+0j)", "(65716.1227530709+0j)", "(-385228.5574089682+0j)"]}