{"qwc_energy": [1.48828125, -3.336615437936548, -5.016225284482555, -6.207312880898658, -6.454729777752976], "qwc_shots": 21504, "qwc_moments": ["1.0", "(1.48828125+0j)", "(7.16796875+0j)", "(6.59765625+0j)", "(87.1171875+0j)", "(-96.40234375+0j)", "(1676.37890625+0j)", "(-6445.91796875+0j)", "(49955.984375+0j)", "(-279681.35546875+0j)"], "mix_energy": [1.619140625, -3.2274561309715963, -5.148586530431598, -6.201383487106419, -6.453942142235448], "mix_shots": 21504, "mix_moments": ["(1+0j)", "(1.619140625+0j)", "(6.9765625+0j)", "(8.205078125+0j)", "(82.625+0j)", "(-71.599609375+0j)", "(1581.2578125+0j)", "(-5945.607421875+0j)", "(47544.6875+0j)", "(-266131.130859375+0j)"], "cs_energy": [1.4765363274543954, -3.841776499085422, -5.754402625760893, -6.3404521070460556, -6.459012670320133], "cs_shots": 21465, "cs_moments": ["(1+0j)", "(1.4765363274543954+0j)", "(7.374748992546647+0j)", "(3.6763774753723295+0j)", "(108.36411362156605+0j)", "(-258.45539879217637+0j)", "(2766.1231688749504+0j)", "(-13822.088665854137+0j)", "(98375.21762984224+0j)", "(-597134.4308065973+0j)"]}