{"qwc_energy": [1.673828125, -3.323641806517024, -5.1957939435993845, -6.220654280368498, -6.454953736921728], "qwc_shots": 21504, "qwc_moments": ["1.0", "(1.673828125+0j)", "(7.23046875+0j)", "(8.720703125+0j)", "(86.2109375+0j)", "(-73.466796875+0j)", "(1658.84765625+0j)", "(-6250.044921875+0j)", "(50113.796875+0j)", "(-280950.419921875+0j)"], "mix_energy": [1.357421875, -3.8636168128742256, -5.563442972944259, -6.323324038040314, -6.4590861402229285], "mix_shots": 21504, "mix_moments": ["(1+0j)", "(1.357421875+0j)", "(7.57421875+0j)", "(2.208984375+0j)", "(110.8984375+0j)", "(-271.705078125+0j)", "(2767.19140625+0j)", "(-13726.103515625+0j)", "(96691.421875+0j)", "(-584198.955078125+0j)"], "cs_energy": [1.8042789223454836, -3.686354408279592, -5.574066470466924, -6.330049107111604, -6.460399050572594], "cs_shots": 21465, "cs_moments": ["(1+0j)", "(1.8042789223454836+0j)", "(7.329001833770509+0j)", "(8.5790264209854+0j)", "(92.54760769511361+0j)", "(-117.26887146551+0j)", "(1994.3729139771153+0j)", "(-8512.350661613938+0j)", "(65379.89124234523+0j)", "(-381299.49982695555+0j)"]}