{"qwc_energy": [1.630859375, -3.357077492528158, -5.259956526474373, -6.251585569786048, -6.455992973782126], "qwc_shots": 21504, "qwc_moments": ["1.0", "(1.630859375+0j)", "(7.16796875+0j)", "(7.982421875+0j)", "(87.7734375+0j)", "(-92.494140625+0j)", "(1754.78515625+0j)", "(-6944.767578125+0j)", "(54364.921875+0j)", "(-309070.056640625+0j)"], "mix_energy": [1.66796875, -3.1563146057442815, -5.2875855629301824, -6.223732402564384, -6.454034404068768], "mix_shots": 21504, "mix_moments": ["(1+0j)", "(1.66796875+0j)", "(6.84765625+0j)", "(8.796875+0j)", "(81.1640625+0j)", "(-66.73046875+0j)", "(1581.51171875+0j)", "(-6024.8515625+0j)", "(48488.203125+0j)", "(-273474.25390625+0j)"], "cs_energy": [1.6224163194370962, -4.15043962867564, -6.063793847621524, -6.389766160062289, -6.460395810838932], "cs_shots": 21465, "cs_moments": ["(1+0j)", "(1.6224163194370962+0j)", "(7.552068251618712+0j)", "(4.008002360372634+0j)", "(117.40714933963095+0j)", "(-308.63502364729845+0j)", "(3211.5738195335766+0j)", "(-16706.281964935515+0j)", "(118412.9554068841+0j)", "(-727869.4530197455+0j)"]}