{"qwc_energy": [1.646484375, -3.367714842511167, -5.262031259998349, -6.24486008713254, -6.45611321839745], "qwc_shots": 21504, "qwc_moments": ["1.0", "(1.646484375+0j)", "(7.08203125+0j)", "(7.947265625+0j)", "(85.9765625+0j)", "(-90.845703125+0j)", "(1719.62109375+0j)", "(-6828.669921875+0j)", "(53393.453125+0j)", "(-303941.962890625+0j)"], "mix_energy": [1.509765625, -3.7362975306979935, -5.584276715556578, -6.321932975280621, -6.458710518279091], "mix_shots": 21504, "mix_moments": ["(1+0j)", "(1.509765625+0j)", "(7.34765625+0j)", "(4.705078125+0j)", "(102.2578125+0j)", "(-208.646484375+0j)", "(2441.26171875+0j)", "(-11599.576171875+0j)", "(83874.140625+0j)", "(-501875.865234375+0j)"], "cs_energy": [1.5507312050972097, -3.578036291245904, -5.2001617940555285, -6.2841829394949045, -6.458509636302041], "cs_shots": 21465, "cs_moments": ["(1+0j)", "(1.5507312050972097+0j)", "(7.430232688422095+0j)", "(6.258386107663371+0j)", "(94.10529677079612+0j)", "(-131.08771224368607+0j)", "(1942.023251413297+0j)", "(-8083.496588290508+0j)", "(60936.77000807954+0j)", "(-350100.02082879405+0j)"]}