{"qwc_energy": [1.625, -3.4360846041221307, -5.115482456096803, -6.255352963237667, -6.457259248193301], "qwc_shots": 21504, "qwc_moments": ["1.0", "(1.625+0j)", "(7.359375+0j)", "(7.8125+0j)", "(89.1875+0j)", "(-88.65625+0j)", "(1722.234375+0j)", "(-6577.78125+0j)", "(51773.75+0j)", "(-290339.0625+0j)"], "mix_energy": [1.5625, -3.2225324606347576, -5.167697560290386, -6.187517332000101, -6.453197376448176], "mix_shots": 21504, "mix_moments": ["(1+0j)", "(1.5625+0j)", "(7.078125+0j)", "(7.85546875+0j)", "(85.140625+0j)", "(-82.6328125+0j)", "(1658.15625+0j)", "(-6378.49609375+0j)", "(50373.59375+0j)", "(-283673.328125+0j)"], "cs_energy": [1.6033017828531875, -3.6537536597540745, -4.964223415124737, -6.4093602554954066, -6.480053087034191], "cs_shots": 21465, "cs_moments": ["(1+0j)", "(1.6033017828531875+0j)", "(7.454041826898535+0j)", "(6.474192138813813+0j)", "(90.5010301731811+0j)", "(-103.3278701994241+0j)", "(1722.5879120537093+0j)", "(-6591.962553982936+0j)", "(50746.47438136702+0j)", "(-282979.36577061325+0j)"]}