{"qwc_energy": [1.5703125, -3.0455246579398705, -4.668570384379517, -6.031177286969897, -6.447729985492067], "qwc_shots": 21504, "qwc_moments": ["1.0", "(1.5703125+0j)", "(6.921875+0j)", "(8.59765625+0j)", "(76.21875+0j)", "(-24.796875+0j)", "(1232.421875+0j)", "(-3584.89453125+0j)", "(31674.8125+0j)", "(-161808.2265625+0j)"], "mix_energy": [1.716796875, -3.4504249197765384, -5.41998073123135, -6.286385785543852, -6.457506183283966], "mix_shots": 21504, "mix_moments": ["(1+0j)", "(1.716796875+0j)", "(7.22265625+0j)", "(8.525390625+0j)", "(89.4609375+0j)", "(-98.494140625+0j)", "(1845.90234375+0j)", "(-7525.654296875+0j)", "(58703.984375+0j)", "(-337526.517578125+0j)"], "cs_energy": [1.6259904912836767, -3.822164722738175, -5.584581014033775, -6.366812971947801, -6.46194907744578], "cs_shots": 21465, "cs_moments": ["(1+0j)", "(1.6259904912836767+0j)", "(7.50262367369093+0j)", "(5.861630624091979+0j)", "(103.03711860250007+0j)", "(-189.18908003978797+0j)", "(2396.6071660215875+0j)", "(-11078.507556055734+0j)", "(81272.65587858518+0j)", "(-482968.934590539+0j)"]}