{"qwc_energy": [1.583984375, -2.8237918800979807, -4.311146151835439, -5.664345273505504, -6.430411432906256], "qwc_shots": 21504, "qwc_moments": ["1.0", "(1.583984375+0j)", "(6.76171875+0j)", "(9.541015625+0j)", "(69.4140625+0j)", "(16.607421875+0j)", "(956.39453125+0j)", "(-1829.529296875+0j)", "(20245.890625+0j)", "(-88213.931640625+0j)"], "mix_energy": [1.55078125, -2.977517325451722, -4.424022989874857, -5.825651009447599, -6.439448699763345], "mix_shots": 21504, "mix_moments": ["(1+0j)", "(1.55078125+0j)", "(6.93359375+0j)", "(8.8203125+0j)", "(73.4921875+0j)", "(-4.56640625+0j)", "(1082.30078125+0j)", "(-2574.609375+0j)", "(24879.234375+0j)", "(-117222.55859375+0j)"], "cs_energy": [1.633122028526149, -2.067166343709279, -2.379808180986763, -7.20298230288631, -6.486473820089195], "cs_shots": 21465, "cs_moments": ["(1+0j)", "(1.633122028526149+0j)", "(6.275752773375595+0j)", "(12.20206022187005+0j)", "(49.80633864624655+0j)", "(138.0586937279573+0j)", "(145.5251667262156+0j)", "(3367.459750417992+0j)", "(-13616.11125247899+0j)", "(130367.36419142924+0j)"]}