{"qwc_energy": [1.65234375, -2.774732907703193, -3.8255234001657286, -4.033605147385558, -6.21231878998579], "qwc_shots": 21504, "qwc_moments": ["1.0", "(1.65234375+0j)", "(6.953125+0j)", "(10.77734375+0j)", "(67.328125+0j)", "(59.54296875+0j)", "(729.0625+0j)", "(-46.61328125+0j)", "(9064.34375+0j)", "(-12567.50390625+0j)"], "mix_energy": [1.68359375, -3.4255185609857115, -5.394547079781157, -6.281257548950915, -6.457287653294578], "mix_shots": 21504, "mix_moments": ["(1+0j)", "(1.68359375+0j)", "(7.15625+0j)", "(8.17578125+0j)", "(88.796875+0j)", "(-101.16015625+0j)", "(1834.796875+0j)", "(-7511.32421875+0j)", "(58331.78125+0j)", "(-335552.06640625+0j)"], "cs_energy": [1.6687797147385104, -3.2189416064290506, -5.782271960226044, -6.317291950463439, -6.455893161847052], "cs_shots": 21465, "cs_moments": ["(1+0j)", "(1.6687797147385104+0j)", "(6.860538827258317+0j)", "(8.529318541996835+0j)", "(88.16957210776542+0j)", "(-116.95245641838342+0j)", "(1980.0903328050708+0j)", "(-8709.242472266244+0j)", "(66804.00475435815+0j)", "(-393868.5118858952+0j)"]}