{"qwc_energy": [1.576171875, -3.194243402979111, -5.0372160599997855, -6.1731912819635575, -6.453111078387199], "qwc_shots": 21504, "qwc_moments": ["1.0", "(1.576171875+0j)", "(6.90234375+0j)", "(7.822265625+0j)", "(80.8203125+0j)", "(-67.416015625+0j)", "(1509.00390625+0j)", "(-5530.763671875+0j)", "(44379.953125+0j)", "(-245886.095703125+0j)"], "mix_energy": [1.650390625, -3.14480641891027, -5.156606891937901, -6.20383368319389, -6.45391213212965], "mix_shots": 21504, "mix_moments": ["(1+0j)", "(1.650390625+0j)", "(6.84375+0j)", "(8.677734375+0j)", "(79.9375+0j)", "(-58.498046875+0j)", "(1504.4375+0j)", "(-5503.158203125+0j)", "(44821.5+0j)", "(-249259.083984375+0j)"], "cs_energy": [1.661648177496038, -3.350226562230114, -5.583577985784451, -6.293804224798768, -6.456463644205069], "cs_shots": 21465, "cs_moments": ["(1+0j)", "(1.661648177496038+0j)", "(6.9175911251981+0j)", "(7.923137876386688+0j)", "(87.88431061806651+0j)", "(-115.4762282091917+0j)", "(1914.7083993660851+0j)", "(-8252.517432646586+0j)", "(63161.44374009498+0j)", "(-369390.80110935+0j)"]}