{"qwc_energy": [1.443359375, -3.4792268958737638, -5.147886295168302, -6.243271523274405, -6.456036245151999], "qwc_shots": 21504, "qwc_moments": ["1.0", "(1.443359375+0j)", "(7.4375+0j)", "(5.658203125+0j)", "(94.78125+0j)", "(-135.923828125+0j)", "(1947.0625+0j)", "(-8085.458984375+0j)", "(60653.3125+0j)", "(-347619.603515625+0j)"], "mix_energy": [1.55078125, -2.9544779408456123, -4.515523164991586, -5.887610477146085, -6.441681151162991], "mix_shots": 21504, "mix_moments": ["(1+0j)", "(1.55078125+0j)", "(6.7890625+0j)", "(8.640625+0j)", "(72.4375+0j)", "(-10.95703125+0j)", "(1105.1015625+0j)", "(-2865.5234375+0j)", "(26652.9375+0j)", "(-130271.83984375+0j)"], "cs_energy": [1.6120355350613682, -1.0926317572862405, -14.658441796699359, -6.802547414076805, -6.474810233463588], "cs_shots": 21465, "cs_moments": ["(1+0j)", "(1.6120355350613682+0j)", "(5.808891981829115+0j)", "(14.841849431630736+0j)", "(31.28957390045352+0j)", "(254.6005386778674+0j)", "(-613.9145535148514+0j)", "(8251.31006469861+0j)", "(-45215.81800854762+0j)", "(334392.5132671367+0j)"]}