{"qwc_energy": [1.603515625, -3.2078936763956447, -4.818749832172003, -6.112951890508435, -6.451370135488961], "qwc_shots": 21504, "qwc_moments": ["1.0", "(1.603515625+0j)", "(7.23046875+0j)", "(8.630859375+0j)", "(82.1171875+0j)", "(-43.029296875+0j)", "(1406.97265625+0j)", "(-4526.939453125+0j)", "(38270.109375+0j)", "(-202704.662109375+0j)"], "mix_energy": [1.599609375, -3.2648786188699486, -5.342960252556838, -6.2359805667399595, -6.4546191781418205], "mix_shots": 21504, "mix_moments": ["(1+0j)", "(1.599609375+0j)", "(6.93359375+0j)", "(7.740234375+0j)", "(85.1796875+0j)", "(-96.916015625+0j)", "(1748.01953125+0j)", "(-7127.650390625+0j)", "(55308.984375+0j)", "(-317617.494140625+0j)"], "cs_energy": [1.7369690873350323, -2.0688838460613974, -2.8179459552465773, -7.540355309224102, -6.497182535467742], "cs_shots": 21465, "cs_moments": ["(1+0j)", "(1.7369690873350323+0j)", "(6.396109368911552+0j)", "(12.988394834568505+0j)", "(54.55127025644151+0j)", "(124.8303868097996+0j)", "(341.3682940705599+0j)", "(2235.1174210688205+0j)", "(-5097.386511018203+0j)", "(75923.17194617461+0j)"]}