{"qwc_energy": [1.640625, -2.9338541070585777, -4.984748640920985, -6.110594058849971, -6.448984077960671], "qwc_shots": 21504, "qwc_moments": ["1.0", "(1.640625+0j)", "(6.7109375+0j)", "(9.34375+0j)", "(74.953125+0j)", "(-28.328125+0j)", "(1305.0390625+0j)", "(-4233.6875+0j)", "(36584.78125+0j)", "(-196210.546875+0j)"], "mix_energy": [1.689453125, -2.7997115386659495, -4.403896395395067, -5.78372763417876, -6.436865160739721], "mix_shots": 21504, "mix_moments": ["(1+0j)", "(1.689453125+0j)", "(6.7734375+0j)", "(10.513671875+0j)", "(69.140625+0j)", "(25.947265625+0j)", "(957.5703125+0j)", "(-1801.103515625+0j)", "(20737.03125+0j)", "(-91535.732421875+0j)"], "cs_energy": [1.5618066561014263, -2.7673057926756477, -4.203254688155951, -5.574098453543555, -6.425811603057272], "cs_shots": 21465, "cs_moments": ["(1+0j)", "(1.5618066561014263+0j)", "(6.675118858954041+0j)", "(9.463549920760702+0j)", "(68.05863708399362+0j)", "(24.116481774960672+0j)", "(894.2852614896977+0j)", "(-1416.1973058636997+0j)", "(17433.627575277264+0j)", "(-69734.14659270967+0j)"]}