{"qwc_energy": [1.599609375, -3.674174201228894, -5.314772320910493, -6.314372506552954, -6.460464663357417], "qwc_shots": 21504, "qwc_moments": ["1.0", "(1.599609375+0j)", "(7.3671875+0j)", "(6.193359375+0j)", "(94.59375+0j)", "(-143.822265625+0j)", "(2023.8046875+0j)", "(-8736.822265625+0j)", "(65227.625+0j)", "(-379376.681640625+0j)"], "mix_energy": [1.638671875, -3.4466858991334486, -5.270293706698292, -6.26121051395446, -6.457096170448127], "mix_shots": 21504, "mix_moments": ["(1+0j)", "(1.638671875+0j)", "(7.1796875+0j)", "(7.611328125+0j)", "(88.3125+0j)", "(-102.134765625+0j)", "(1791.4921875+0j)", "(-7247.443359375+0j)", "(56051.0625+0j)", "(-320550.908203125+0j)"], "cs_energy": [1.6333068994837308, -3.404982075868252, -4.7741452244795495, -6.292570615263067, -6.4698822969930045], "cs_shots": 21465, "cs_moments": ["(1+0j)", "(1.6333068994837308+0j)", "(7.210090592993825+0j)", "(7.8239518065689655+0j)", "(82.23120322982635+0j)", "(-54.03098736030401+0j)", "(1412.8193567984572+0j)", "(-4646.861036796159+0j)", "(38321.26931154547+0j)", "(-203447.21654675982+0j)"]}