{"qwc_energy": [1.615234375, -3.7208323822148825, -5.439329358649971, -6.3255637341804, -6.459828640674278], "qwc_shots": 21504, "qwc_moments": ["1.0", "(1.615234375+0j)", "(7.5+0j)", "(6.298828125+0j)", "(98.953125+0j)", "(-160.673828125+0j)", "(2190.703125+0j)", "(-9717.646484375+0j)", "(72182.84375+0j)", "(-423665.212890625+0j)"], "mix_energy": [1.630859375, -3.0795496578628745, -4.8494429142336495, -6.102050252585398, -6.4505151620970675], "mix_shots": 21504, "mix_moments": ["(1+0j)", "(1.630859375+0j)", "(6.9140625+0j)", "(8.955078125+0j)", "(77.15625+0j)", "(-31.783203125+0j)", "(1312.1328125+0j)", "(-4145.740234375+0j)", "(35723+0j)", "(-188871.322265625+0j)"], "cs_energy": [1.5974643423137878, -2.7078112850017817, -3.778417920121208, -3.901232393977811, -5.808656742110893], "cs_shots": 21465, "cs_moments": ["(1+0j)", "(1.5974643423137878+0j)", "(6.789223454833597+0j)", "(10.311093626869406+0j)", "(65.16228059801084+0j)", "(56.94295890636071+0j)", "(696.1989659675602+0j)", "(6.77789964183475+0j)", "(8265.356281815484+0j)", "(-8883.41414455758+0j)"]}