{"qwc_energy": [1.5859375, -3.3439023895896796, -5.589487673645985, -6.287745484310012, -6.45597565704225], "qwc_shots": 21504, "qwc_moments": ["1.0", "(1.5859375+0j)", "(6.96875+0j)", "(7.24609375+0j)", "(90.46875+0j)", "(-133.390625+0j)", "(2016.71875+0j)", "(-8907.54296875+0j)", "(67249.6875+0j)", "(-395620.6796875+0j)"], "mix_energy": [1.65234375, -2.981812175904115, -4.792473811894942, -6.065032314935767, -6.448713624991752], "mix_shots": 21504, "mix_moments": ["(1+0j)", "(1.65234375+0j)", "(6.81640625+0j)", "(9.43359375+0j)", "(74.4921875+0j)", "(-16.62890625+0j)", "(1220.93359375+0j)", "(-3585.19140625+0j)", "(32201.796875+0j)", "(-166526.16015625+0j)"], "cs_energy": [1.683042789223455, -3.160080623060612, -5.089225068701223, -6.161725224532131, -6.452595498387861], "cs_shots": 21465, "cs_moments": ["(1+0j)", "(1.683042789223455+0j)", "(6.9450080484224985+0j)", "(9.106496875867549+0j)", "(79.32805693776511+0j)", "(-48.14900972657769+0j)", "(1449.998530991717+0j)", "(-5102.772302471293+0j)", "(42310.54260808725+0j)", "(-232583.708859987+0j)"]}