{"qwc_energy": [1.763671875, -2.6195507578254182, -4.9127529515206945, -6.036541448153255, -6.44338225438422], "qwc_shots": 21504, "qwc_moments": ["1.0", "(1.763671875+0j)", "(6.609375+0j)", "(11.455078125+0j)", "(69.4375+0j)", "(18.693359375+0j)", "(1088.328125+0j)", "(-2769.490234375+0j)", "(28079.625+0j)", "(-141282.064453125+0j)"], "mix_energy": [1.67578125, -3.424826761646064, -5.206739945367325, -6.270182366349662, -6.45791169702825], "mix_shots": 21504, "mix_moments": ["(1+0j)", "(1.67578125+0j)", "(7.26953125+0j)", "(8.28125+0j)", "(88.0703125+0j)", "(-85.17578125+0j)", "(1722.77734375+0j)", "(-6646.4453125+0j)", "(52530.015625+0j)", "(-296245.52734375+0j)"], "cs_energy": [1.60459587955626, -3.08311827925251, -4.301229698191257, -5.773006915666031, -6.442154482396438], "cs_shots": 21465, "cs_moments": ["(1+0j)", "(1.60459587955626+0j)", "(6.9911249491138+0j)", "(8.848971631956163+0j)", "(72.23802042419479+0j)", "(2.099146232304956+0j)", "(1011.2896647797784+0j)", "(-2136.2040060353866+0j)", "(21688.10894937266+0j)", "(-96629.90537781498+0j)"]}