{"YYZZ": 0.2908045977011494, "YYZI": 0.03218390804597704, "YYIZ": 0.02298850574712641, "YYII": 0.364367816091954, "YIZZ": 0.19885057471264367, "YIZI": 0.006896551724137917, "YIIZ": -0.004597701149425301, "YIII": 0.25172413793103443, "IYZZ": 0.3931034482758621, "IYZI": -0.01264367816091952, "IYIZ": -0.01034482758620689, "IYII": 0.4781609195402299, "IIZZ": 0.806896551724138, "IIZI": -0.03333333333333344, "IIIZ": -0.03333333333333338, "IIII": 1.0, "XXZZ": -0.22528735632183905, "XXZI": 0.02643678160919538, "XXIZ": 0.02873563218390801, "XXII": -0.26666666666666666, "XIZZ": -0.06896551724137927, "XIZI": -0.005747126436781644, "XIIZ": -0.0011494252873563565, "XIII": -0.09425287356321833, "IXZZ": 0.11264367816091952, "IXZI": 0.02413793103448278, "IXIZ": 0.047126436781609216, "IXII": 0.16091954022988506, "ZZYY": 0.3333333333333333, "ZZYI": 0.010344827586206862, "ZZIY": 0.04712643678160916, "ZZII": 0.7379310344827585, "ZIYY": 0.37126436781609196, "ZIYI": 0.02528735632183915, "ZIIY": 0.05517241379310353, "ZIII": 0.860919540229885, "IZYY": 0.30919540229885056, "IZYI": 0.018390804597701205, "IZIY": 0.05517241379310342, "IZII": 0.6862068965517241, "IIYY": 0.4367816091954023, "IIYI": 0.003448275862068917, "IIIY": 0.051724137931034475, "XXYY": -0.15402298850574714, "XXYI": 0.01034482758620689, "XXIY": -0.014942528735632177, "XIYY": 0.001149425287356301, "XIYI": 0.006896551724137931, "XIIY": 0.013793103448275848, "IXYY": 0.06321839080459771, "IXYI": 0.03678160919540229, "IXIY": 0.006896551724137924, "ZZXX": -0.3229885057471264, "ZZXI": 0.022988505747126464, "ZZIX": 0.010344827586206862, "ZIXX": -0.36436781609195407, "ZIXI": 0.03218390804597698, "ZIIX": 0.02413793103448275, "IZXX": -0.30459770114942525, "IZXI": 0.009195402298850575, "IZIX": 0.021839080459770177, "IIXX": -0.43563218390804603, "IIXI": 0.020689655172413723, "IIIX": 0.037931034482758696, "YYXX": -0.19195402298850572, "YYXI": -0.025287356321839094, "YYIX": 0.006896551724137959, "YIXX": -0.09540229885057473, "YIXI": -0.01379310344827582, "YIIX": -0.004597701149425301, "IYXX": -0.18620689655172412, "IYXI": -0.005747126436781602, "IYIX": 0.019540229885057492, "XXXX": 0.15517241379310345, "XXXI": -0.013793103448275862, "XXIX": 0.01839080459770112, "XIXX": 0.0620689655172414, "XIXI": -0.031034482758620675, "XIIX": 0.005747126436781623, "IXXX": -0.09540229885057472, "IXXI": -0.0022988505747126298, "IXIX": -0.009195402298850582, "YYYY": 0.1724137931034483, "YYYI": 0.0022988505747126853, "YYIY": 0.03218390804597704, "YIYY": 0.12873563218390804, "YIYI": 0.05057471264367813, "YIIY": 0.027586206896551724, "IYYY": 0.17931034482758623, "IYYI": -0.0045977011494252595, "IYIY": 0.03218390804597704, "ZZZZ": 0.6436781609195401, "ZZZI": -0.02988505747126441, "ZZIZ": -0.017241379310344807, "ZIZZ": 0.7011494252873564, "ZIZI": -0.0022988505747125743, "ZIIZ": 0.0011494252873563982, "IZZZ": 0.603448275862069, "IZZI": -0.017241379310344862, "IZIZ": -0.016091954022988464, "YZZY": 0.039014373716632446, "ZYZY": 0.026694045174537988, "YXXY": 0.06365503080082136, "XZZX": 0.03490759753593429, "YZYZ": 0.006160164271047228, "XYYX": 0.16632443531827515, "XZXZ": 0.07597535934291581, "ZXXZ": -0.043121149897330596, "XYXY": 0.15811088295687886, "ZYYZ": -0.026694045174537988, "YXYX": 0.14989733059548255, "ZXZX": -0.014373716632443531}