{"YYZZ": 0.23793103448275857, "YYZI": 0.0034482758620689724, "YYIZ": -0.011494252873563204, "YYII": 0.3172413793103448, "YIZZ": 0.17701149425287357, "YIZI": -0.025287356321839094, "YIIZ": -0.04022988505747127, "YIII": 0.21954022988505748, "IYZZ": 0.4022988505747127, "IYZI": 0.02988505747126441, "IYIZ": 0.03563218390804598, "IYII": 0.5160919540229885, "IIZZ": 0.7988505747126438, "IIZI": -0.019540229885057492, "IIIZ": -0.009195402298850575, "IIII": 1.0, "XXZZ": -0.24482758620689657, "XXZI": -0.0022988505747126575, "XXIZ": -0.011494252873563232, "XXII": -0.3045977011494253, "XIZZ": -0.1, "XIZI": -0.011494252873563225, "XIIZ": 0.00459770114942528, "XIII": -0.12068965517241378, "IXZZ": 0.16091954022988508, "IXZI": -0.00804597701149426, "IXIZ": -0.0011494252873563426, "IXII": 0.17701149425287357, "ZZYY": 0.3482758620689655, "ZZYI": 0.017241379310344807, "ZZIY": 0.02068965517241378, "ZZII": 0.7609195402298852, "ZIYY": 0.3931034482758621, "ZIYI": 0.0367816091954023, "ZIIY": 0.04022988505747127, "ZIII": 0.8517241379310345, "IZYY": 0.33103448275862074, "IZYI": 0.04367816091954024, "IZIY": 0.04712643678160916, "IZII": 0.6931034482758621, "IIYY": 0.4632183908045977, "IIYI": 0.008045977011494343, "IIIY": 0.020689655172413862, "XXYY": -0.11954022988505744, "XXYI": -0.012643678160919547, "XXIY": 0.009195402298850568, "XIYY": -0.0758620689655172, "XIYI": 0.00804597701149426, "XIIY": 0.006896551724137917, "IXYY": 0.09080459770114943, "IXYI": 0.013793103448275862, "IXIY": 0.04482758620689656, "ZZXX": -0.37586206896551727, "ZZXI": -0.003448275862069028, "ZZIX": 0.06321839080459773, "ZIXX": -0.4057471264367817, "ZIXI": -0.005747126436781602, "ZIIX": 0.042528735632183984, "IZXX": -0.3540229885057471, "IZXI": -0.006896551724137889, "IZIX": 0.05057471264367816, "IIXX": -0.464367816091954, "IIXI": -0.011494252873563315, "IIIX": 0.05977011494252879, "YYXX": -0.14482758620689656, "YYXI": 0.039080459770114956, "YYIX": -0.02643678160919538, "YIXX": -0.10344827586206894, "YIXI": 0.009195402298850533, "YIIX": -0.012643678160919478, "IYXX": -0.24252873563218386, "IYXI": 0.02183908045977012, "IYIX": 0.027586206896551724, "XXXX": 0.1425287356321839, "XXXI": -2.7755575615628914e-17, "XXIX": -0.017241379310344834, "XIXX": 0.050574712643678174, "XIXI": -0.03908045977011494, "XIIX": 0.028735632183908053, "IXXX": -0.1206896551724138, "IXXI": 0.021839080459770163, "IXIX": -0.006896551724137959, "YYYY": 0.1528735632183908, "YYYI": 0.03103448275862075, "YYIY": 0.026436781609195423, "YIYY": 0.11379310344827581, "YIYI": 0.04022988505747127, "YIIY": 0.03103448275862069, "IYYY": 0.21379310344827585, "IYYI": 0.025287356321839094, "IYIY": 0.04367816091954024, "ZZZZ": 0.5988505747126437, "ZZZI": -0.02183908045977012, "ZZIZ": 0.011494252873563204, "ZIZZ": 0.6954022988505747, "ZIZI": 0.005747126436781658, "ZIIZ": 0.0367816091954023, "IZZZ": 0.5597701149425287, "IZZI": -0.026436781609195437, "IZIZ": 0.004597701149425204, "YZZY": -0.055441478439425054, "ZYZY": 0.055441478439425054, "YXXY": 0.006160164271047228, "XZZX": -0.04722792607802875, "YZYZ": 0.030800821355236138, "XYYX": 0.14168377823408623, "XZXZ": -0.039014373716632446, "ZXXZ": -0.022587268993839837, "XYXY": 0.1375770020533881, "ZYYZ": -0.014373716632443531, "YXYX": 0.08418891170431211, "ZXZX": -0.039014373716632446}