{"YYZZ": 0.3195402298850575, "YYZI": -0.0034482758620689724, "YYIZ": 0.01379310344827589, "YYII": 0.38275862068965516, "YIZZ": 0.17931034482758623, "YIZI": 0.02183908045977012, "YIIZ": 0.011494252873563204, "YIII": 0.2195402298850575, "IYZZ": 0.403448275862069, "IYZI": 0.025287356321839066, "IYIZ": 0.03563218390804593, "IYII": 0.5011494252873563, "IIZZ": 0.8103448275862069, "IIZI": -0.00919540229885063, "IIIZ": 0.014942528735632121, "IIII": 1.0, "XXZZ": -0.19770114942528735, "XXZI": -0.0022988505747126575, "XXIZ": -0.027586206896551724, "XXII": -0.25287356321839083, "XIZZ": -0.017241379310344845, "XIZI": -0.03333333333333336, "XIIZ": -0.0402298850574713, "XIII": -0.049425287356321866, "IXZZ": 0.12758620689655173, "IXZI": 0.01034482758620689, "IXIZ": 0.03563218390804598, "IXII": 0.1735632183908046, "ZZYY": 0.33218390804597697, "ZZYI": 0.037931034482758696, "ZZIY": 0.036781609195402326, "ZZII": 0.774712643678161, "ZIYY": 0.3413793103448276, "ZIYI": 0.037931034482758696, "ZIIY": 0.041379310344827586, "ZIII": 0.8482758620689655, "IZYY": 0.30919540229885056, "IZYI": 0.03793103448275864, "IZIY": 0.039080459770114956, "IZII": 0.7264367816091954, "IIYY": 0.403448275862069, "IIYI": 0.0448275862068967, "IIIY": 0.03678160919540238, "XXYY": -0.1333333333333333, "XXYI": 0.02873563218390804, "XXIY": 0.0011494252873563288, "XIYY": -0.04827586206896549, "XIYI": 0.04022988505747126, "XIIY": 0.008045977011494246, "IXYY": 0.10574712643678158, "IXYI": -0.01954022988505747, "IXIY": -0.017241379310344827, "ZZXX": -0.3413793103448276, "ZZXI": 0.0356321839080459, "ZZIX": 0.010344827586206945, "ZIXX": -0.38275862068965516, "ZIXI": 0.02413793103448275, "ZIIX": 0.019540229885057464, "IZXX": -0.3195402298850575, "IZXI": 0.0367816091954023, "IZIX": 0.006896551724137973, "IIXX": -0.46896551724137925, "IIXI": 0.03678160919540219, "IIIX": 0.027586206896551807, "YYXX": -0.20114942528735627, "YYXI": -0.05402298850574713, "YYIX": 0.04482758620689656, "YIXX": -0.04942528735632185, "YIXI": -0.02873563218390808, "YIIX": 0.012643678160919582, "IYXX": -0.16551724137931034, "IYXI": -0.01609195402298852, "IYIX": 0.022988505747126464, "XXXX": 0.17011494252873563, "XXXI": 0.02298850574712641, "XXIX": -0.011494252873563204, "XIXX": 0.058620689655172434, "XIXI": -0.05402298850574709, "XIIX": 0.02413793103448271, "IXXX": -0.0908045977011494, "IXXI": 0.04252873563218391, "IXIX": -0.02873563218390803, "YYYY": 0.15632183908045977, "YYYI": 0.013793103448275834, "YYIY": 0.008045977011494232, "YIYY": 0.11609195402298847, "YIYI": -0.005747126436781616, "YIIY": -0.027586206896551717, "IYYY": 0.20689655172413796, "IYYI": -0.006896551724137834, "IYIY": -0.008045977011494232, "ZZZZ": 0.6172413793103448, "ZZZI": -0.04712643678160916, "ZZIZ": -0.014942528735632232, "ZIZZ": 0.6793103448275861, "ZIZI": -0.07701149425287362, "ZIIZ": -0.019540229885057492, "IZZZ": 0.5632183908045976, "IZZI": -0.0482758620689655, "IZIZ": -0.016091954022988464, "YZZY": -0.06365503080082136, "ZYZY": 0.018480492813141684, "YXXY": 0.10061601642710473, "XZZX": -0.06365503080082136, "YZYZ": -0.06365503080082136, "XYYX": 0.08418891170431211, "XZXZ": 0.055441478439425054, "ZXXZ": -0.002053388090349076, "XYXY": 0.12114989733059549, "ZYYZ": 0.01026694045174538, "YXYX": 0.07597535934291581, "ZXZX": -0.039014373716632446}