{"YYZZ": 0.2793103448275862, "YYZI": -0.019540229885057436, "YYIZ": 0.01839080459770115, "YYII": 0.34942528735632183, "YIZZ": 0.1574712643678161, "YIZI": 0.008045977011494246, "YIIZ": 0.00919540229885056, "YIII": 0.19540229885057475, "IYZZ": 0.3919540229885057, "IYZI": 0.02643678160919541, "IYIZ": 0.03218390804597701, "IYII": 0.48045977011494256, "IIZZ": 0.8057471264367817, "IIZI": -0.021839080459770066, "IIIZ": 0.02068965517241378, "IIII": 1.0, "XXZZ": -0.28505747126436787, "XXZI": -0.04942528735632182, "XXIZ": -0.05517241379310342, "XXII": -0.3528735632183908, "XIZZ": -0.067816091954023, "XIZI": -0.004597701149425232, "XIIZ": 0.0011494252873563704, "XIII": -0.10114942528735632, "IXZZ": 0.14712643678160917, "IXZI": 0.008045977011494232, "IXIZ": -0.0022988505747126575, "IXII": 0.18045977011494252, "ZZYY": 0.31954022988505754, "ZZYI": -0.014942528735632121, "ZZIY": 0.032183908045977094, "ZZII": 0.7666666666666666, "ZIYY": 0.38735632183908053, "ZIYI": 0.01379310344827589, "ZIIY": 0.03103448275862067, "ZIII": 0.8827586206896552, "IZYY": 0.28735632183908044, "IZYI": 0.005747126436781658, "IZIY": 0.034482758620689724, "IZII": 0.7206896551724138, "IIYY": 0.4402298850574713, "IIYI": -0.004597701149425315, "IIIY": 0.02643678160919541, "XXYY": -0.1701149425287356, "XXYI": -0.02413793103448275, "XXIY": -0.02298850574712641, "XIYY": -0.035632183908046, "XIYI": 0.016091954022988506, "XIIY": -0.012643678160919533, "IXYY": 0.07126436781609193, "IXYI": -0.028735632183908025, "IXIY": -0.02528735632183907, "ZZXX": -0.3850574712643678, "ZZXI": -0.01609195402298852, "ZZIX": 0.013793103448275834, "ZIXX": -0.3781609195402298, "ZIXI": -0.011494252873563149, "ZIIX": 0.013793103448275806, "IZXX": -0.34482758620689646, "IZXI": -0.0011494252873562871, "IZIX": 0.008045977011494232, "IIXX": -0.4459770114942529, "IIXI": -0.012643678160919491, "IIIX": 0.005747126436781547, "YYXX": -0.20459770114942533, "YYXI": 0.017241379310344807, "YYIX": -0.0022988505747126298, "YIXX": -0.1160919540229885, "YIXI": 0.027586206896551682, "YIIX": 0.0011494252873563635, "IYXX": -0.19999999999999998, "IYXI": 0.054022988505747105, "IYIX": 0.009195402298850602, "XXXX": 0.13448275862068965, "XXXI": -0.01609195402298852, "XXIX": 0.0034482758620689585, "XIXX": 0.04827586206896553, "XIXI": -0.02183908045977012, "XIIX": 0.004597701149425315, "IXXX": -0.0689655172413793, "IXXI": -0.0034482758620689863, "IXIX": 0.013793103448275904, "YYYY": 0.15632183908045977, "YYYI": 0.020689655172413834, "YYIY": 0.008045977011494274, "YIYY": 0.05862068965517244, "YIYI": 0.02183908045977015, "YIIY": 0.004597701149425336, "IYYY": 0.19999999999999996, "IYYI": -0.02528735632183904, "IYIY": -0.017241379310344848, "ZZZZ": 0.6218390804597701, "ZZZI": -0.04022988505747127, "ZZIZ": -0.00919540229885063, "ZIZZ": 0.6793103448275861, "ZIZI": -0.05402298850574716, "ZIIZ": -0.029885057471264354, "IZZZ": 0.5735632183908046, "IZZI": -0.07011494252873574, "IZIZ": -0.04367816091954024, "YZZY": -0.018480492813141684, "ZYZY": -0.04722792607802875, "YXXY": 0.06776180698151951, "XZZX": -0.022587268993839837, "YZYZ": -0.002053388090349076, "XYYX": 0.13347022587268995, "XZXZ": -0.09240246406570841, "ZXXZ": -0.07186858316221766, "XYXY": 0.162217659137577, "ZYYZ": -0.018480492813141684, "YXYX": 0.06365503080082136, "ZXZX": 0.043121149897330596}