{"YYZZ": 0.3057471264367816, "YYZI": 0.010344827586206862, "YYIZ": 0.011494252873563204, "YYII": 0.3735632183908046, "YIZZ": 0.18390804597701152, "YIZI": 0.017241379310344834, "YIIZ": 0.039080459770114956, "YIII": 0.235632183908046, "IYZZ": 0.39425287356321836, "IYZI": 0.03218390804597701, "IYIZ": 0.02413793103448278, "IYII": 0.4896551724137931, "IIZZ": 0.8149425287356322, "IIZI": 0.011494252873563315, "IIIZ": 0.019540229885057492, "IIII": 1.0, "XXZZ": -0.2597701149425288, "XXZI": -0.0022988505747126298, "XXIZ": -0.03908045977011493, "XXII": -0.30114942528735633, "XIZZ": -0.07586206896551728, "XIZI": 0.009195402298850575, "XIIZ": 0.009195402298850575, "XIII": -0.09425287356321843, "IXZZ": 0.12643678160919541, "IXZI": -0.013793103448275876, "IXIZ": -0.004597701149425301, "IXII": 0.1632183908045977, "ZZYY": 0.38620689655172413, "ZZYI": -0.02183908045977012, "ZZIY": 0.01839080459770115, "ZZII": 0.7666666666666666, "ZIYY": 0.42643678160919546, "ZIYI": -0.016091954022988464, "ZIIY": -0.0011494252873562871, "ZIII": 0.8413793103448277, "IZYY": 0.3448275862068966, "IZYI": -0.03103448275862064, "IZIY": 0.0022988505747126853, "IZII": 0.6954022988505747, "IIYY": 0.5045977011494254, "IIYI": -0.0022988505747125743, "IIIY": 0.014942528735632232, "XXYY": -0.16666666666666663, "XXYI": -0.0367816091954023, "XXIY": -0.0379310344827586, "XIYY": -0.04597701149425285, "XIYI": -0.04022988505747124, "XIIY": -0.009195402298850554, "IXYY": 0.1011494252873563, "IXYI": 0.0471264367816092, "IXIY": 0.04367816091954023, "ZZXX": -0.3413793103448276, "ZZXI": -0.008045977011494232, "ZZIX": -0.0045977011494252595, "ZIXX": -0.37126436781609196, "ZIXI": -0.02183908045977012, "ZIIX": -0.009195402298850602, "IZXX": -0.32528735632183914, "IZXI": -0.024137931034482807, "IZIX": 0.01839080459770126, "IIXX": -0.442528735632184, "IIXI": -0.005747126436781602, "IIIX": -0.022988505747126436, "YYXX": -0.19310344827586212, "YYXI": 0.0, "YYIX": -0.010344827586206903, "YIXX": -0.11379310344827587, "YIXI": 0.012643678160919547, "YIIX": -0.0022988505747126367, "IYXX": -0.19999999999999996, "IYXI": 0.025287356321839094, "IYIX": 0.028735632183908053, "XXXX": 0.12873563218390802, "XXXI": 0.026436781609195437, "XXIX": -0.009195402298850602, "XIXX": 0.01839080459770115, "XIXI": 0.037931034482758585, "XIIX": -0.006896551724137889, "IXXX": -0.0793103448275862, "IXXI": -0.03218390804597701, "IXIX": 0.0034482758620689724, "YYYY": 0.17586206896551723, "YYYI": 0.01264367816091952, "YYIY": 0.03448275862068964, "YIYY": 0.05862068965517238, "YIYI": 0.008045977011494274, "YIIY": 0.009195402298850588, "IYYY": 0.21954022988505748, "IYYI": 0.05862068965517242, "IYIY": 0.039080459770114956, "ZZZZ": 0.6356321839080459, "ZZZI": -0.026436781609195326, "ZZIZ": -0.03448275862068967, "ZIZZ": 0.7080459770114943, "ZIZI": -0.05747126436781602, "ZIIZ": -0.042528735632183845, "IZZZ": 0.6022988505747127, "IZZI": -0.0436781609195403, "IZIZ": -0.049425287356321845, "YZZY": 0.030800821355236138, "ZYZY": -0.08418891170431211, "YXXY": 0.06776180698151951, "XZZX": 0.006160164271047228, "YZYZ": -0.006160164271047228, "XYYX": 0.10061601642710473, "XZXZ": -0.06365503080082136, "ZXXZ": -0.0513347022587269, "XYXY": 0.14168377823408623, "ZYYZ": -0.06365503080082136, "YXYX": -0.014373716632443531, "ZXZX": -0.018480492813141684}