{"YYZZ": 0.2839080459770115, "YYZI": 0.019540229885057492, "YYIZ": 0.03448275862068967, "YYII": 0.3609195402298851, "YIZZ": 0.10804597701149424, "YIZI": -0.03218390804597701, "YIIZ": 0.01034482758620689, "YIII": 0.15747126436781608, "IYZZ": 0.3609195402298851, "IYZI": 0.0022988505747126298, "IYIZ": 0.031034482758620696, "IYII": 0.47471264367816096, "IIZZ": 0.8080459770114943, "IIZI": -0.03333333333333327, "IIIZ": -0.01839080459770115, "IIII": 1.0, "XXZZ": -0.267816091954023, "XXZI": -0.012643678160919491, "XXIZ": -0.02183908045977008, "XXII": -0.3114942528735632, "XIZZ": -0.05977011494252869, "XIZI": 1.3877787807814457e-17, "XIIZ": -0.025287356321839056, "XIII": -0.0919540229885057, "IXZZ": 0.10459770114942527, "IXZI": 0.05402298850574713, "IXIZ": 0.06091954022988505, "IXII": 0.13678160919540228, "ZZYY": 0.33103448275862063, "ZZYI": 0.027586206896551724, "ZZIY": 0.05172413793103442, "ZZII": 0.7574712643678161, "ZIYY": 0.3586206896551724, "ZIYI": -0.006896551724137889, "ZIIY": 0.026436781609195437, "ZIII": 0.8632183908045976, "IZYY": 0.29999999999999993, "IZYI": 0.005747126436781658, "IZIY": 0.04597701149425293, "IZII": 0.7057471264367816, "IIYY": 0.42873563218390803, "IIYI": 0.012643678160919603, "IIIY": 0.03908045977011493, "XXYY": -0.1528735632183908, "XXYI": 0.01609195402298849, "XXIY": -0.0022988505747126436, "XIYY": -0.03563218390804601, "XIYI": -0.013793103448275834, "XIIY": -0.016091954022988464, "IXYY": 0.10804597701149425, "IXYI": -0.005747126436781644, "IXIY": -0.014942528735632218, "ZZXX": -0.36321839080459767, "ZZXI": 0.009195402298850575, "ZZIX": 0.01609195402298852, "ZIXX": -0.43333333333333335, "ZIXI": 0.03333333333333327, "ZIIX": -0.01264367816091952, "IZXX": -0.34597701149425286, "IZXI": 0.028735632183907955, "IZIX": -0.001149425287356176, "IIXX": -0.48275862068965525, "IIXI": 0.013793103448275834, "IIIX": 0.041379310344827586, "YYXX": -0.17356321839080463, "YYXI": 0.010344827586206917, "YYIX": -0.012643678160919561, "YIXX": -0.09195402298850572, "YIXI": -0.013793103448275862, "YIIX": -0.022988505747126436, "IYXX": -0.1873563218390804, "IYXI": 0.014942528735632177, "IYIX": 0.012643678160919561, "XXXX": 0.08965517241379312, "XXXI": -0.02643678160919541, "XXIX": 0.0034482758620689793, "XIXX": 0.03448275862068971, "XIXI": 0.0034482758620689863, "XIIX": -0.010344827586206903, "IXXX": -0.06666666666666665, "IXXI": 0.012643678160919561, "IXIX": 0.02413793103448273, "YYYY": 0.17356321839080463, "YYYI": -0.036781609195402354, "YYIY": -0.012643678160919561, "YIYY": 0.11264367816091955, "YIYI": -0.014942528735632177, "YIIY": -0.011494252873563177, "IYYY": 0.17011494252873566, "IYYI": 0.017241379310344834, "IYIY": 0.013793103448275904, "ZZZZ": 0.6367816091954022, "ZZZI": 5.551115123125783e-17, "ZZIZ": 0.013793103448275945, "ZIZZ": 0.7057471264367815, "ZIZI": -0.039080459770114984, "ZIIZ": -0.0022988505747126853, "IZZZ": 0.5954022988505747, "IZZI": -0.03448275862068967, "IZIZ": -0.004597701149425315, "YZZY": -0.11293634496919917, "ZYZY": -0.018480492813141684, "YXXY": 0.014373716632443531, "XZZX": 0.014373716632443531, "YZYZ": 0.043121149897330596, "XYYX": 0.15811088295687886, "XZXZ": -0.039014373716632446, "ZXXZ": 0.13347022587268995, "XYXY": 0.10061601642710473, "ZYYZ": -0.06776180698151951, "YXYX": 0.1704312114989733, "ZXZX": -0.018480492813141684}