{"YYZZ": 0.2942528735632184, "YYZI": 0.006896551724137973, "YYIZ": 0.03563218390804598, "YYII": 0.38735632183908053, "YIZZ": 0.1747126436781609, "YIZI": 0.022988505747126492, "YIIZ": 0.028735632183908094, "YIII": 0.21264367816091953, "IYZZ": 0.4103448275862069, "IYZI": 0.0011494252873563426, "IYIZ": -0.009195402298850575, "IYII": 0.47356321839080456, "IIZZ": 0.7988505747126438, "IIZI": -0.017241379310344807, "IIIZ": 0.013793103448275834, "IIII": 1.0, "XXZZ": -0.24942528735632186, "XXZI": 0.005747126436781658, "XXIZ": -0.013793103448275834, "XXII": -0.3103448275862069, "XIZZ": -0.08505747126436777, "XIZI": -0.01149425287356317, "XIIZ": -0.03793103448275857, "XIII": -0.1068965517241379, "IXZZ": 0.13333333333333333, "IXZI": -0.03218390804597701, "IXIZ": -0.014942528735632198, "IXII": 0.18275862068965518, "ZZYY": 0.367816091954023, "ZZYI": 0.0356321839080459, "ZZIY": 0.05402298850574705, "ZZII": 0.7701149425287356, "ZIYY": 0.39540229885057465, "ZIYI": 0.019540229885057436, "ZIIY": 0.017241379310344862, "ZIII": 0.8505747126436781, "IZYY": 0.3195402298850575, "IZYI": 0.012643678160919491, "IZIY": 0.04482758620689653, "IZII": 0.7126436781609196, "IIYY": 0.47126436781609193, "IIYI": 0.028735632183908066, "IIIY": 0.03103448275862067, "XXYY": -0.13448275862068965, "XXYI": 0.017241379310344807, "XXIY": -0.005747126436781616, "XIYY": -0.018390804597701163, "XIYI": -0.02298850574712645, "XIIY": -1.3877787807814457e-17, "IXYY": 0.049425287356321825, "IXYI": -0.0011494252873562871, "IXIY": -0.0011494252873562871, "ZZXX": -0.33218390804597697, "ZZXI": 0.014942528735632177, "ZZIX": 0.02988505747126438, "ZIXX": -0.36091954022988504, "ZIXI": 0.013793103448275945, "ZIIX": 0.04252873563218387, "IZXX": -0.2942528735632184, "IZXI": 0.011494252873563149, "IZIX": 0.02183908045977015, "IIXX": -0.44482758620689655, "IIXI": 0.03563218390804601, "IIIX": 0.027586206896551696, "YYXX": -0.16206896551724137, "YYXI": 0.02298850574712641, "YYIX": 0.05517241379310346, "YIXX": -0.08390804597701151, "YIXI": -0.016091954022988506, "YIIX": 0.05977011494252873, "IYXX": -0.17931034482758618, "IYXI": -0.017241379310344807, "IYIX": 0.08390804597701146, "XXXX": 0.15172413793103445, "XXXI": 0.03448275862068964, "XXIX": 0.006896551724137945, "XIXX": 0.029885057471264367, "XIXI": -0.01149425287356319, "XIIX": 0.009195402298850533, "IXXX": -0.07586206896551725, "IXXI": 0.009195402298850582, "IXIX": -0.0022988505747126506, "YYYY": 0.17356321839080455, "YYYI": -0.03563218390804598, "YYIY": 0.021839080459770094, "YIYY": 0.0954022988505747, "YIYI": -0.01494252873563219, "YIIY": -0.0034482758620689585, "IYYY": 0.20459770114942527, "IYYI": 0.009195402298850575, "IYIY": -0.027586206896551724, "ZZZZ": 0.6494252873563218, "ZZZI": -0.03448275862068967, "ZZIZ": -0.02068965517241389, "ZIZZ": 0.7126436781609196, "ZIZI": -0.06321839080459773, "ZIIZ": -0.03333333333333327, "IZZZ": 0.6057471264367815, "IZZI": -0.03448275862068967, "IZIZ": -0.02528735632183904, "YZZY": -0.006160164271047228, "ZYZY": -0.039014373716632446, "YXXY": 0.018480492813141684, "XZZX": -0.06776180698151951, "YZYZ": -0.002053388090349076, "XYYX": 0.08829568788501027, "XZXZ": -0.002053388090349076, "ZXXZ": -0.006160164271047228, "XYXY": 0.08418891170431211, "ZYYZ": -0.0513347022587269, "YXYX": 0.08008213552361396, "ZXZX": 0.03490759753593429}