{"YYZZ": 0.2721354166666667, "YYZI": 0.002604166666666685, "YYIZ": 0.00520833333333337, "YYII": 0.33203125, "YIZZ": 0.15234375, "YIZI": 0.015625000000000014, "YIIZ": -0.010416666666666644, "YIII": 0.17838541666666663, "IYZZ": 0.40104166666666663, "IYZI": 0.053385416666666685, "IYIZ": 0.05338541666666666, "IYII": 0.4739583333333333, "IIZZ": 0.8203125, "IIZI": -0.0039062500000000555, "IIIZ": 0.014322916666666685, "IIII": 1.0, "ZZYY": 0.3307291666666667, "ZZYI": 0.032552083333333315, "ZZIY": 0.032552083333333315, "ZZII": 0.7473958333333335, "ZIYY": 0.36588541666666663, "ZIYI": 0.028645833333333315, "ZIIY": 0.04687499999999997, "ZIII": 0.8528645833333333, "IZYY": 0.2981770833333333, "IZYI": 0.02083333333333326, "IZIY": 0.026041666666666685, "IZII": 0.69921875, "IIYY": 0.42447916666666663, "IIYI": 0.03515625, "IIIY": 0.04817708333333329, "YYXX": -0.140625, "YYXI": 0.0078125, "YYIX": 0.03515625, "YIXX": -0.053385416666666644, "YIXI": 0.03515625000000004, "YIIX": -0.0260416666666667, "IYXX": -0.16666666666666666, "IYXI": 0.0026041666666666574, "IYIX": 0.027343750000000028, "IIXX": -0.44140625, "IIXI": 0.04817708333333348, "IIIX": 0.015624999999999917, "ZZXX": -0.37890625, "ZZXI": -0.01171875, "ZZIX": 0.03125, "ZIXX": -0.3828125, "ZIXI": -0.028645833333333315, "ZIIX": 0.0377604166666666, "IZXX": -0.34635416666666674, "IZXI": -0.0234375, "IZIX": 0.04296875, "XXYY": -0.16406250000000003, "XXYI": 0.0039062499999999445, "XXIY": -0.011718750000000056, "XXII": -0.3489583333333333, "XIYY": -0.001302083333333287, "XIYI": 0.013020833333333343, "XIIY": -0.013020833333333343, "XIII": -0.12890624999999997, "IXYY": 0.11067708333333334, "IXYI": 0.020833333333333343, "IXIY": 0.013020833333333343, "IXII": 0.19921875000000003, "XXZZ": -0.24869791666666663, "XXZI": 0.014322916666666657, "XXIZ": 0.0325520833333333, "XIZZ": -0.11588541666666667, "XIZI": -0.0299479166666667, "XIIZ": -0.03515625000000004, "IXZZ": 0.1640625, "IXZI": 0.028645833333333356, "IXIZ": 0.03385416666666667, "YYYY": 0.13411458333333331, "YYYI": -0.0013020833333333426, "YYIY": 0.015625, "YIYY": 0.059895833333333356, "YIYI": 0.02864583333333333, "YIIY": -0.0013020833333333287, "IYYY": 0.1640625, "IYYI": 0.020833333333333343, "IYIY": 0.006510416666666671, "XXXX": 0.15625000000000003, "XXXI": 0.024739583333333343, "XXIX": -0.013020833333333343, "XIXX": 0.08072916666666671, "XIXI": 0.011718750000000028, "XIIX": 0.007812499999999972, "IXXX": -0.08723958333333337, "IXXI": 0.03125, "IXIX": -0.01171875, "ZZZZ": 0.6028645833333334, "ZZZI": -0.03124999999999989, "ZZIZ": 0.011718750000000111, "ZIZZ": 0.66015625, "ZIZI": -0.020833333333333315, "ZIIZ": 0.016927083333333315, "IZZZ": 0.5559895833333334, "IZZI": -0.06510416666666663, "IZIZ": -0.02994791666666663, "XZXZ": 0.0875, "ZYYZ": 0.021875, "XYXY": 0.140625, "YXYX": 0.06875, "YXXY": 0.1, "ZXXZ": -0.046875, "ZXZX": 0.003125, "YZZY": -0.05, "XYYX": 0.11875, "ZYZY": 0.009375, "YZYZ": 0.009375, "XZZX": 0.009375}