{"YYZZ": 0.3111979166666667, "YYZI": 0.00390625, "YYIZ": 0.002604166666666685, "YYII": 0.37239583333333337, "YIZZ": 0.18229166666666674, "YIZI": 0.03906250000000003, "YIIZ": 0.04296875000000003, "YIII": 0.19661458333333343, "IYZZ": 0.375, "IYZI": -0.010416666666666685, "IYIZ": 0.02734375, "IYII": 0.4440104166666667, "IIZZ": 0.80078125, "IIZI": -0.05078125, "IIIZ": -0.028645833333333315, "IIII": 1.0, "ZZYY": 0.34244791666666663, "ZZYI": -0.015625, "ZZIY": 0.03515625, "ZZII": 0.7630208333333334, "ZIYY": 0.4205729166666667, "ZIYI": -0.018229166666666685, "ZIIY": 0.022135416666666574, "ZIII": 0.8619791666666667, "IZYY": 0.31640625000000006, "IZYI": -0.010416666666666685, "IZIY": 0.019531249999999944, "IZII": 0.7057291666666667, "IIYY": 0.47005208333333337, "IIYI": -0.015625, "IIIY": 0.04036458333333337, "YYXX": -0.15234375, "YYXI": 0.0, "YYIX": 0.026041666666666644, "YIXX": -0.1015625, "YIXI": -0.006510416666666685, "YIIX": -0.00651041666666663, "IYXX": -0.18880208333333331, "IYXI": -0.044270833333333315, "IYIX": 0.04166666666666667, "IIXX": -0.38541666666666663, "IIXI": 0.01432291666666663, "IIIX": 0.05859375000000003, "ZZXX": -0.3138020833333333, "ZZXI": 0.046874999999999944, "ZZIX": 0.024739583333333426, "ZIXX": -0.3710937499999999, "ZIXI": 0.02083333333333337, "ZIIX": 0.04036458333333334, "IZXX": -0.31640625, "IZXI": 0.044270833333333315, "IZIX": 0.00911458333333337, "XXYY": -0.17317708333333334, "XXYI": 0.015625, "XXIY": 0.036458333333333315, "XXII": -0.33203125, "XIYY": -0.05598958333333333, "XIYI": -0.0052083333333333565, "XIIY": -0.039062500000000014, "XIII": -0.1028645833333333, "IXYY": 0.0625, "IXYI": 0.0013020833333333287, "IXIY": 0.014322916666666657, "IXII": 0.16145833333333331, "XXZZ": -0.27604166666666663, "XXZI": 0.018229166666666685, "XXIZ": 0.016927083333333315, "XIZZ": -0.11067708333333331, "XIZI": -0.037760416666666685, "XIIZ": -0.010416666666666685, "IXZZ": 0.1640625, "IXZI": -0.015624999999999972, "IXIZ": -0.019531249999999972, "YYYY": 0.13151041666666669, "YYYI": -0.041666666666666685, "YYIY": 0.024739583333333315, "YIYY": 0.07552083333333334, "YIYI": -0.03255208333333334, "YIIY": 0.0026041666666666644, "IYYY": 0.17447916666666669, "IYYI": -0.019531249999999972, "IYIY": 0.007812499999999986, "XXXX": 0.12109374999999999, "XXXI": -0.022135416666666685, "XXIX": 0.01692708333333333, "XIXX": 0.04817708333333334, "XIXI": 0.0039062499999999722, "XIIX": -0.04296874999999997, "IXXX": -0.044270833333333315, "IXXI": -0.03385416666666666, "IXIX": 0.015624999999999976, "ZZZZ": 0.58984375, "ZZZI": -0.027343749999999944, "ZZIZ": -0.015624999999999944, "ZIZZ": 0.6848958333333334, "ZIZI": -0.02864583333333337, "ZIIZ": -0.00911458333333337, "IZZZ": 0.5442708333333334, "IZZI": -0.02604166666666663, "IZIZ": -0.00390625, "XZXZ": 0.01875, "ZYYZ": 0.00625, "XYXY": 0.146875, "YXYX": 0.021875, "YXXY": 0.015625, "ZXXZ": 0.015625, "ZXZX": -0.003125, "YZZY": 0.03125, "XYYX": 0.121875, "ZYZY": -0.009375, "YZYZ": 0.025, "XZZX": 0.0}