{"YYZZ": 0.2838541666666667, "YYZI": 0.0, "YYIZ": 0.01822916666666663, "YYII": 0.3619791666666667, "YIZZ": 0.20312499999999994, "YIZI": 0.010416666666666602, "YIIZ": -0.01562500000000007, "YIII": 0.26302083333333326, "IYZZ": 0.39322916666666663, "IYZI": 0.04166666666666666, "IYIZ": 0.031249999999999972, "IYII": 0.484375, "IIZZ": 0.796875, "IIZI": 0.0, "IIIZ": 0.04427083333333326, "IIII": 1.0, "ZZYY": 0.31770833333333337, "ZZYI": 0.03776041666666663, "ZZIY": 0.04817708333333334, "ZZII": 0.7864583333333334, "ZIYY": 0.38151041666666663, "ZIYI": 0.0234375, "ZIIY": 0.023437499999999917, "ZIII": 0.88671875, "IZYY": 0.30078125, "IZYI": 0.0390625, "IZIY": 0.04687499999999997, "IZII": 0.7252604166666667, "IIYY": 0.41927083333333337, "IIYI": 0.022135416666666685, "IIIY": 0.03515624999999997, "YYXX": -0.17057291666666666, "YYXI": 0.005208333333333287, "YYIX": 0.003906250000000028, "YIXX": -0.10937500000000003, "YIXI": 0.0013020833333333426, "YIIX": -0.041666666666666706, "IYXX": -0.2265625, "IYXI": 0.016927083333333287, "IYIX": -0.002604166666666685, "IIXX": -0.45182291666666663, "IIXI": 0.01302083333333326, "IIIX": -0.006510416666666602, "ZZXX": -0.33463541666666674, "ZZXI": 0.01302083333333326, "ZZIX": 0.027343750000000028, "ZIXX": -0.32682291666666674, "ZIXI": 0.03125, "ZIIX": 0.02213541666666663, "IZXX": -0.26432291666666674, "IZXI": 0.031249999999999944, "IZIX": 0.019531250000000028, "XXYY": -0.19791666666666666, "XXYI": 0.016927083333333398, "XXIY": -0.01432291666666663, "XXII": -0.31770833333333337, "XIYY": -0.05598958333333332, "XIYI": 0.010416666666666595, "XIIY": -0.04427083333333339, "XIII": -0.10546875, "IXYY": 0.11067708333333331, "IXYI": 0.020833333333333315, "IXIY": 0.0625, "IXII": 0.20442708333333331, "XXZZ": -0.27994791666666663, "XXZI": -0.0026041666666666574, "XXIZ": -0.023437499999999972, "XIZZ": -0.0807291666666667, "XIZI": 0.019531249999999986, "XIIZ": 0.009114583333333329, "IXZZ": 0.11848958333333334, "IXZI": -0.028645833333333322, "IXIZ": -0.007812499999999993, "YYYY": 0.16927083333333334, "YYYI": -0.0013020833333333426, "YYIY": 0.014322916666666657, "YIYY": 0.059895833333333336, "YIYI": -0.006510416666666616, "YIIY": -0.0039062499999999514, "IYYY": 0.2265625, "IYYI": -0.016927083333333315, "IYIY": 0.01171875, "XXXX": 0.16276041666666669, "XXXI": 0.01953125, "XXIX": -0.009114583333333329, "XIXX": 0.05729166666666666, "XIXI": -0.013020833333333315, "XIIX": 0.0234375, "IXXX": -0.08984375000000001, "IXXI": -0.003906250000000014, "IXIX": -0.02213541666666667, "ZZZZ": 0.63671875, "ZZZI": -0.026041666666666685, "ZZIZ": -0.026041666666666685, "ZIZZ": 0.6940104166666666, "ZIZI": -0.02864583333333326, "ZIIZ": -0.0078125, "IZZZ": 0.59375, "IZZI": -0.02734375000000011, "IZIZ": -0.02994791666666674, "XZXZ": -0.028125, "ZYYZ": -0.009375, "XYXY": 0.109375, "YXYX": 0.075, "YXXY": 0.075, "ZXXZ": 0.00625, "ZXZX": -0.078125, "YZZY": 0.025, "XYYX": 0.121875, "ZYZY": 0.003125, "YZYZ": -0.040625, "XZZX": -0.040625}