{"YYZZ": 0.25673534072900156, "IYIY": 6.938893903907228e-18, "XXYY": -0.06418383518225039, "ZZYY": 0.32091917591125196, "YYII": 0.36370839936608557, "XYYX": 0.12836767036450075, "IZZI": -0.03565768621236134, "ZZXX": -0.44928684627575277, "ZZZZ": 0.636292223095051, "YXYX": 0.19255150554675116, "ZYZY": 0.06418383518225039, "YZZY": 0.0, "YYYY": 0.19255150554675116, "IZIZ": -0.028526148969889042, "ZIZI": -0.0213946117274168, "ZIIZ": -0.0213946117274168, "ZYYZ": 0.06418383518225039, "IXIX": 0.014263074484944543, "IIII": 1.0, "XIXI": 0.03565768621236133, "IIYY": 0.43502377179080826, "ZXXZ": 2.7755575615628914e-17, "XXII": -0.29952456418383516, "XXXX": 0.25673534072900156, "ZZII": 0.7916006339144216, "YIYI": 0.021394611727416787, "YZYZ": -0.06418383518225039, "ZXZX": 0.06418383518225039, "IIZZ": 0.8129952456418386, "YYXX": -0.19255150554675116, "XXZZ": -0.32091917591125196, "IIXX": -0.47781299524564186, "XIIX": -0.04992076069730588, "XZZX": 0.0, "XYXY": 0.12836767036450078, "XZXZ": 0.0, "YIIY": -5.204170427930421e-18, "IXXI": -0.014263074484944523, "YXXY": 0.25673534072900156, "IYYI": -6.938893903907228e-18}