{"YYZZ": 0.25673534072900156, "IYIY": 0.028526148969889073, "XXYY": -0.19255150554675116, "ZZYY": 0.19255150554675116, "YYII": 0.34944532488114105, "XYYX": 0.1283676703645008, "IZZI": -0.02139461172741681, "ZZXX": -0.4492868462757527, "ZZZZ": 0.6418383518225038, "YXYX": 0.19255150554675116, "ZYZY": 0.0, "YZZY": -0.06418383518225039, "YYYY": 0.06418383518225039, "IZIZ": -0.02852614896988906, "ZIZI": 0.007131537242472251, "ZIIZ": -0.021394611727416794, "ZYYZ": 0.0, "IXIX": -0.021394611727416815, "IIII": 1.0, "XIXI": -0.007131537242472275, "IIYY": 0.4492868462757528, "ZXXZ": 2.7755575615628914e-17, "XXII": -0.27572663000785547, "XXXX": 0.25673534072900156, "ZZII": 0.7702060221870048, "YIYI": 1.734723475976807e-17, "YZYZ": 2.7755575615628914e-17, "ZXZX": 0.0, "IIZZ": 0.8343898573692551, "YYXX": -0.06418383518225036, "XXZZ": -0.19255150554675116, "IIXX": -0.4635499207606974, "XIIX": 0.02139461172741678, "XZZX": -0.06418383518225039, "XYXY": 0.06418383518225039, "XZXZ": 0.12836767036450078, "YIIY": -0.021394611727416794, "IXXI": -0.014263074484944537, "YXXY": 0.25673534072900156, "IYYI": 1.0408340855860843e-17}