{"IYYI": -6.938893903907228e-18, "YYYY": 0.12836767036450075, "XXXX": 0.19255150554675116, "YYZZ": 0.5134706814580031, "IZIZ": -0.028526148969889073, "XIIX": -0.03565768621236133, "XIXI": 0.03565768621236133, "ZZYY": 0.32091917591125196, "YXXY": 0.0636292223095051, "YIIY": -0.007131537242472254, "ZXXZ": 0.0, "ZXZX": 0.0636292223095051, "IXIX": -0.035657686212361324, "ZZII": 0.8058637083993663, "XZXZ": 2.7755575615628914e-17, "ZYYZ": 0.12836767036450075, "YYXX": -0.19255150554675116, "ZZZZ": 0.44928684627575277, "ZZXX": -0.5134706814580031, "IIXX": -0.4492868462757529, "YZZY": 0.0, "YZYZ": 2.7755575615628914e-17, "YIYI": -0.007131537242472249, "XXII": -0.2995245641838352, "IIZZ": 0.7987321711568938, "IZZI": 8.673617379884035e-18, "XXYY": -0.1925515055467511, "IXXI": 0.0, "IIII": 1.0, "XYXY": 0.06418383518225036, "YXYX": 0.0, "XXZZ": -0.4492868462757527, "ZIZI": 0.028526148969889087, "IYIY": 0.056559308719560095, "XYYX": 0.12836767036450078, "ZYZY": 0.06418383518225039, "XZZX": 0.0, "ZIIZ": 0.04992076069730586, "YYII": 0.38510301109350237, "IIYY": 0.4421553090332805}