{"IYYI": 0.03565768621236133, "YYYY": 0.12836767036450078, "XXXX": 0.19255150554675116, "YYZZ": 0.3851030110935023, "IZIZ": -0.03565768621236132, "XIIX": 0.007131537242472272, "XIXI": 0.0213946117274168, "ZZYY": 0.3851030110935023, "YXXY": 0.19255150554675116, "YIIY": -0.0213946117274168, "ZXXZ": 0.0, "ZXZX": 0.0, "IXIX": 0.042789223454833596, "ZZII": 0.7987321711568938, "XZXZ": -0.12836767036450075, "ZYYZ": 0.19255150554675116, "YYXX": -0.25673534072900156, "ZZZZ": 0.6418383518225038, "ZZXX": -0.3851030110935023, "IIXX": -0.4920760697305865, "YZZY": -0.06418383518225039, "YZYZ": 0.0636292223095051, "YIYI": -0.03565768621236133, "XXII": -0.31378763866877973, "IIZZ": 0.7847604084838964, "IZZI": -0.03565768621236133, "XXYY": -0.12836767036450075, "IXXI": 0.014263074484944547, "IIII": 1.0, "XYXY": 0.12836767036450078, "YXYX": 0.12836767036450078, "XXZZ": -0.19255150554675116, "ZIZI": -0.03565768621236133, "IYIY": 0.0070699135899450205, "XYYX": 0.12836767036450078, "ZYZY": -0.06418383518225039, "XZZX": -0.0636292223095051, "ZIIZ": 3.469446951953614e-18, "YYII": 0.4350237717908082, "IIYY": 0.44928684627575277}