{"IYYI": 0.014263074484944535, "YYYY": 0.19255150554675116, "XXXX": 0.1272584446190102, "YYZZ": 0.25673534072900156, "IZIZ": -0.04992076069730586, "XIIX": 0.007131537242472265, "XIXI": -0.021394611727416815, "ZZYY": 0.3851030110935023, "YXXY": -0.06418383518225036, "YIIY": -0.028526148969889066, "ZXXZ": 0.06418383518225036, "ZXZX": -0.06418383518225039, "IXIX": 0.0213946117274168, "ZZII": 0.7773375594294771, "XZXZ": 0.12836767036450075, "ZYYZ": 0.12836767036450078, "YYXX": -0.12836767036450078, "ZZZZ": 0.6418383518225038, "ZZXX": -0.38177533385703055, "IIXX": -0.45641838351822506, "YZZY": 0.1925515055467511, "YZYZ": -0.06418383518225036, "YIYI": -0.007131537242472261, "XXII": -0.3280507131537242, "IIZZ": 0.7776904948939511, "IZZI": -0.03565768621236133, "XXYY": -0.12836767036450078, "IXXI": 0.01426307448494453, "IIII": 1.0, "XYXY": 0.06418383518225042, "YXYX": 0.25673534072900156, "XXZZ": -0.19255150554675116, "ZIZI": -0.03565768621236134, "IYIY": 0.007069913589945007, "XYYX": 0.06418383518225039, "ZYZY": 0.0, "XZZX": -2.7755575615628914e-17, "ZIIZ": -0.04992076069730586, "YYII": 0.3565768621236133, "IIYY": 0.4635499207606973}