{"IYYI": -0.014263074484944537, "YYYY": 0.19255150554675116, "XXXX": 0.12836767036450078, "YYZZ": 0.19255150554675116, "IZIZ": -0.0213946117274168, "XIIX": -0.03565768621236132, "XIXI": 0.028526148969889052, "ZZYY": 0.32091917591125196, "YXXY": 0.12836767036450075, "YIIY": 0.04278922345483358, "ZXXZ": 0.12836767036450075, "ZXZX": 0.06418383518225036, "IXIX": 3.469446951953614e-18, "ZZII": 0.7630744849445326, "XZXZ": 0.12836767036450075, "ZYYZ": 0.06418383518225039, "YYXX": -0.19255150554675116, "ZZZZ": 0.6418383518225039, "ZZXX": -0.32091917591125196, "IIXX": -0.4706814580031695, "YZZY": 0.06418383518225036, "YZYZ": -0.06418383518225039, "YIYI": -0.021394611727416787, "XXII": -0.29239302694136293, "IIZZ": 0.8058637083993662, "IZZI": -0.05705229793977814, "XXYY": -0.06418383518225039, "IXXI": -0.04278922345483359, "IIII": 1.0, "XYXY": 0.0, "YXYX": 0.06418383518225039, "XXZZ": -0.32091917591125196, "ZIZI": -0.0427892234548336, "IYIY": 0.03565768621236134, "XYYX": 0.19255150554675116, "ZYZY": 0.0, "XZZX": 0.0636292223095051, "ZIIZ": 0.007131537242472254, "YYII": 0.3637083993660857, "IIYY": 0.40649762282091917}