{"IYYI": 0.02852614896988907, "YYYY": 0.19255150554675116, "XXXX": 0.19255150554675116, "YYZZ": 0.32091917591125196, "IZIZ": -0.02852614896988908, "XIIX": -0.04278922345483361, "XIXI": -0.01426307448494453, "ZZYY": 0.25673534072900156, "YXXY": 0.06418383518225039, "YIIY": 0.0, "ZXXZ": 0.12836767036450075, "ZXZX": -0.06418383518225036, "IXIX": 0.007131537242472275, "ZZII": 0.7416798732171157, "XZXZ": -0.06418383518225039, "ZYYZ": 0.0, "YYXX": -0.0636292223095051, "ZZZZ": 0.5776545166402535, "ZZXX": -0.3181461115475255, "IIXX": -0.42076069730586363, "YZZY": -0.06418383518225039, "YZYZ": 0.06418383518225039, "YIYI": 0.0, "XXII": -0.349445324881141, "IIZZ": 0.8201267828843106, "IZZI": -0.028526148969889066, "XXYY": -0.19255150554675116, "IXXI": 0.0213946117274168, "IIII": 1.0, "XYXY": 0.12836767036450078, "YXYX": 0.0, "XXZZ": -0.3209191759112519, "ZIZI": -0.07131537242472266, "IYIY": 0.007131537242472254, "XYYX": 0.12836767036450078, "ZYZY": 0.0, "XZZX": 0.06418383518225039, "ZIIZ": -0.0213946117274168, "YYII": 0.38510301109350237, "IIYY": 0.506339144215531}