{"IYYI": 0.007069913589945019, "YYYY": 0.12836767036450075, "XXXX": 0.19255150554675116, "YYZZ": 0.32091917591125196, "IZIZ": -0.014263074484944535, "XIIX": -0.007131537242472272, "XIXI": 0.0427892234548336, "ZZYY": 0.3209191759112519, "YXXY": 0.1272584446190102, "YIIY": -0.0071315372424722665, "ZXXZ": 0.12836767036450078, "ZXZX": -0.06418383518225039, "IXIX": -0.01426307448494453, "ZZII": 0.7916006339144215, "XZXZ": 0.0636292223095051, "ZYYZ": -0.06418383518225042, "YYXX": -0.06418383518225039, "ZZZZ": 0.5776545166402535, "ZZXX": -0.38510301109350237, "IIXX": -0.427892234548336, "YZZY": 0.1283676703645008, "YZYZ": -0.06418383518225039, "YIYI": 0.014263074484944517, "XXII": -0.34944532488114105, "IIZZ": 0.805863708399366, "IZZI": -0.028526148969889073, "XXYY": -0.19255150554675116, "IXXI": -1.3877787807814457e-17, "IIII": 1.0, "XYXY": 0.0, "YXYX": 0.06418383518225039, "XXZZ": -0.25673534072900156, "ZIZI": 5.204170427930421e-18, "IYIY": 0.03565768621236133, "XYYX": 0.06418383518225039, "ZYZY": 0.06418383518225042, "XZZX": -0.19255150554675116, "ZIIZ": 0.01426307448494453, "YYII": 0.3534956794972506, "IIYY": 0.4564183835182251}