{"YYZZ": 0.19255150554675116, "IYIY": -0.02139461172741678, "XXYY": -0.12836767036450078, "ZZYY": 0.4492868462757527, "YYII": 0.38510301109350237, "XYYX": 0.06418383518225039, "IZZI": -0.07131537242472266, "ZZXX": -0.32091917591125196, "ZZZZ": 0.6418383518225039, "YXYX": 0.06418383518225039, "ZYZY": 0.1908876669285153, "YZZY": -0.12836767036450078, "YYYY": 0.12836767036450078, "IZIZ": -0.028526148969889066, "ZIZI": -0.014263074484944537, "ZIIZ": -0.014263074484944543, "ZYYZ": 0.0, "IXIX": 0.014263074484944543, "IIII": 1.0, "XIXI": -3.469446951953614e-18, "IIYY": 0.4778129952456419, "ZXXZ": -0.12836767036450078, "XXII": -0.32805071315372425, "XXXX": 0.06418383518225039, "ZZII": 0.748811410459588, "YIYI": -1.0408340855860843e-17, "YZYZ": 0.0, "ZXZX": 0.06418383518225036, "IIZZ": 0.8058637083993663, "YYXX": -0.12836767036450078, "XXZZ": -0.25673534072900156, "IIXX": -0.4492868462757527, "XIIX": 0.014263074484944528, "XZZX": -0.06418383518225039, "XYXY": 0.12836767036450078, "XZXZ": 0.06418383518225039, "YIIY": 5.204170427930421e-18, "IXXI": -0.028526148969889066, "YXXY": 0.12836767036450078, "IYYI": 0.04278922345483361}