{"IYYI": -0.021394611727416787, "YYYY": 0.1908876669285153, "XXXX": 0.19255150554675116, "YYZZ": 0.38510301109350237, "IZIZ": -0.021394611727416808, "XIIX": -0.007131537242472263, "XIXI": 0.021394611727416805, "ZZYY": 0.38510301109350237, "YXXY": 0.0, "YIIY": -3.469446951953614e-18, "ZXXZ": -0.0636292223095051, "ZXZX": 2.7755575615628914e-17, "IXIX": 0.007131537242472265, "ZZII": 0.7559429477020603, "XZXZ": 0.0, "ZYYZ": 0.06418383518225039, "YYXX": -0.19255150554675116, "ZZZZ": 0.6418383518225038, "ZZXX": -0.25673534072900156, "IIXX": -0.4350237717908083, "YZZY": -0.06418383518225039, "YZYZ": -0.1283676703645007, "YIYI": 0.007131537242472272, "XXII": -0.3351822503961965, "IIZZ": 0.8058637083993662, "IZZI": -0.042789223454833596, "XXYY": -0.06418383518225039, "IXXI": 0.014263074484944537, "IIII": 1.0, "XYXY": 0.06418383518225036, "YXYX": 0.0, "XXZZ": -0.3851030110935023, "ZIZI": -0.028279654359780054, "IYIY": 0.014263074484944533, "XYYX": 0.06418383518225036, "ZYZY": 0.0, "XZZX": -0.12836767036450078, "ZIIZ": 0.007131537242472244, "YYII": 0.3565768621236133, "IIYY": 0.4849445324881141}