{"YYZZ": 0.3851030110935023, "IYIY": 0.021394611727416787, "XXYY": -0.19255150554675116, "ZZYY": 0.38510301109350237, "YYII": 0.40649762282091917, "XYYX": -0.06418383518225039, "IZZI": -0.03565768621236134, "ZZXX": -0.3209191759112519, "ZZZZ": 0.5134706814580031, "YXYX": 0.12836767036450075, "ZYZY": -0.06418383518225039, "YZZY": 0.06418383518225039, "YYYY": 0.12836767036450078, "IZIZ": -0.021394611727416808, "ZIZI": -0.06418383518225039, "ZIIZ": 3.469446951953614e-18, "ZYYZ": 2.7755575615628914e-17, "IXIX": 0.028526148969889063, "IIII": 1.0, "XIXI": -0.049920760697305853, "IIYY": 0.46354992076069734, "ZXXZ": -0.06418383518225039, "XXII": -0.32805071315372425, "XXXX": 0.25673534072900156, "ZZII": 0.7844690966719493, "YIYI": 0.0213946117274168, "YZYZ": -0.06418383518225036, "ZXZX": -0.06418383518225039, "IIZZ": 0.805863708399366, "YYXX": -0.12836767036450075, "XXZZ": -0.38510301109350237, "IIXX": -0.42076069730586374, "XIIX": -0.04992076069730586, "XZZX": 0.06418383518225039, "XYXY": 0.06418383518225039, "XZXZ": 2.7755575615628914e-17, "YIIY": 0.028526148969889045, "IXXI": 0.028526148969889066, "YXXY": 0.0, "IYYI": 0.04992076069730587}