{"ZZYY": 0.5134706814580031, "XZXZ": 0.0, "ZZXX": -0.38510301109350237, "YIYI": 0.014263074484944538, "IIII": 1.0, "YZZY": 0.12836767036450075, "ZXZX": -0.12836767036450075, "ZYYZ": -0.06418383518225036, "XXII": -0.38510301109350237, "XZZX": 0.06418383518225039, "IZZI": -0.03565768621236134, "YXYX": 0.19255150554675116, "ZZII": 0.8557844690966719, "YYYY": 0.19255150554675116, "XIIX": -0.007131537242472265, "XXYY": -0.12836767036450075, "IZIZ": -0.049920760697305874, "IIYY": 0.5348652931854199, "XYXY": 0.12836767036450078, "ZIIZ": -0.021394611727416822, "XXXX": 0.06418383518225039, "XIXI": -0.02827965435978004, "YYZZ": 0.5134706814580031, "IYIY": 0.02852614896988906, "YYII": 0.41362916006339145, "IIXX": -0.563391442155309, "IYYI": 0.03565768621236133, "IXXI": 0.014263074484944528, "YZYZ": -0.06418383518225039, "IXIX": 0.014263074484944537, "ZYZY": 0.06418383518225036, "XYYX": 0.19255150554675116, "ZXXZ": 0.06418383518225039, "ZZZZ": 1.0269413629160062, "XXZZ": -0.3851030110935023, "IIZZ": 0.991283676703645, "YIIY": -0.007131537242472272, "YXXY": -0.06418383518225039, "YYXX": -0.38510301109350237, "ZIZI": -6.938893903907228e-18}