{"ZZYY": 0.4492868462757527, "XZXZ": 0.1272584446190102, "ZZXX": -0.3851030110935023, "YIYI": -0.028526148969889073, "IIII": 1.0, "YZZY": 0.12836767036450078, "ZXZX": 0.06418383518225039, "ZYYZ": -0.06418383518225036, "XXII": -0.3708399366085578, "XZZX": -0.06418383518225036, "IZZI": -0.03565768621236134, "YXYX": 0.12836767036450078, "ZZII": 0.884310618066561, "YYYY": 0.25673534072900156, "XIIX": -0.03565768621236133, "XXYY": -0.19255150554675116, "IZIZ": -0.05705229793977813, "IIYY": 0.5919175911251982, "XYXY": 0.19255150554675116, "ZIIZ": 3.469446951953614e-18, "XXXX": 0.12836767036450078, "XIXI": -0.007131537242472237, "YYZZ": 0.3851030110935023, "IYIY": 0.0, "YYII": 0.3993660855784469, "IIXX": -0.6061806656101426, "IYYI": 0.0, "IXXI": -0.028526148969889066, "YZYZ": 0.0, "IXIX": 0.042789223454833596, "ZYZY": 0.0, "XYYX": 0.1908876669285153, "ZXXZ": -0.0636292223095051, "ZZZZ": 0.7702060221870045, "XXZZ": -0.3209191759112519, "IIZZ": 1.012678288431062, "YIIY": -0.014263074484944523, "YXXY": 0.06418383518225036, "YYXX": -0.19255150554675116, "ZIZI": -0.04278922345483359}