{"ZZYY": 0.4492868462757527, "XZXZ": -0.12836767036450078, "ZZXX": -0.5134706814580031, "YIYI": -0.014263074484944543, "IIII": 1.0, "YZZY": -0.06418383518225036, "ZXZX": 0.06418383518225039, "ZYYZ": -0.06418383518225036, "XXII": -0.37083993660855785, "XZZX": 0.06418383518225039, "IZZI": -0.049920760697305853, "YXYX": 0.0636292223095051, "ZZII": 0.8771790808240887, "YYYY": 0.12836767036450075, "XIIX": 0.007131537242472268, "XXYY": -0.25673534072900156, "IZIZ": -0.057052297939778125, "IIYY": 0.5633914421553091, "XYXY": 0.19255150554675116, "ZIIZ": -0.057052297939778125, "XXXX": 0.06418383518225039, "XIXI": 0.03565768621236133, "YYZZ": 0.4492868462757527, "IYIY": -0.02852614896988906, "YYII": 0.4207606973058637, "IIXX": -0.5990491283676704, "IYYI": -0.04992076069730586, "IXXI": 5.204170427930421e-18, "YZYZ": -0.0636292223095051, "IXIX": -0.057052297939778125, "ZYZY": 0.0, "XYYX": 0.19255150554675116, "ZXXZ": 0.0, "ZZZZ": 0.8343898573692549, "XXZZ": -0.3851030110935023, "IIZZ": 1.0055467511885896, "YIIY": -0.014263074484944535, "YXXY": 0.1908876669285153, "YYXX": -0.19255150554675116, "ZIZI": -0.028526148969889073}