{"ZZYY": 0.44928684627575277, "XZXZ": -0.12836767036450078, "ZZXX": -0.4492868462757527, "YIYI": -0.042789223454833575, "IIII": 1.0, "YZZY": 0.06418383518225036, "ZXZX": 0.06418383518225039, "ZYYZ": 0.0, "XXII": -0.40649762282091917, "XZZX": -0.06418383518225036, "IZZI": -0.07844690966719493, "YXYX": 0.0, "ZZII": 0.8343898573692552, "YYYY": 0.19255150554675116, "XIIX": 0.028526148969889073, "XXYY": -0.25673534072900156, "IZIZ": -0.0641838351822504, "IIYY": 0.5705229793977813, "XYXY": 0.19255150554675116, "ZIIZ": -0.049920760697305874, "XXXX": 0.12836767036450075, "XIXI": -0.014263074484944535, "YYZZ": 0.3209191759112519, "IYIY": -0.007131537242472263, "YYII": 0.37083993660855785, "IIXX": -0.5705229793977813, "IYYI": -0.014263074484944537, "IXXI": -3.469446951953614e-18, "YZYZ": 0.0, "IXIX": 0.02852614896988906, "ZYZY": 0.0, "XYYX": 0.12836767036450075, "ZXXZ": 0.06418383518225039, "ZZZZ": 0.7702060221870046, "XXZZ": -0.3851030110935023, "IIZZ": 0.991283676703645, "YIIY": -0.03565768621236133, "YXXY": 0.12836767036450078, "YYXX": -0.25673534072900156, "ZIZI": -0.028526148969889056}