{"ZZYY": 0.5134706814580031, "XZXZ": -0.0636292223095051, "ZZXX": -0.5776545166402535, "YIYI": 0.021394611727416774, "IIII": 1.0, "YZZY": 0.0, "ZXZX": 0.12836767036450075, "ZYYZ": 0.06418383518225039, "XXII": -0.37083993660855785, "XZZX": 0.12836767036450078, "IZZI": -0.04278922345483359, "YXYX": 0.12836767036450075, "ZZII": 0.8771790808240887, "YYYY": 0.2567353407290015, "XIIX": 0.042789223454833596, "XXYY": -0.12836767036450078, "IZIZ": -0.042789223454833575, "IIYY": 0.5847860538827259, "XYXY": 0.19255150554675116, "ZIIZ": -0.014139827179890027, "XXXX": 0.1908876669285153, "XIXI": -0.007131537242472258, "YYZZ": 0.25673534072900156, "IYIY": 0.007131537242472272, "YYII": 0.37083993660855785, "IIXX": -0.5562599049128367, "IYYI": 0.014263074484944537, "IXXI": -0.028526148969889063, "YZYZ": -0.1272584446190102, "IXIX": -0.014263074484944537, "ZYZY": -0.12836767036450075, "XYYX": 0.25673534072900156, "ZXXZ": 0.0, "ZZZZ": 0.8985736925515052, "XXZZ": -0.3851030110935023, "IIZZ": 1.0198098256735342, "YIIY": 0.01426307448494453, "YXXY": 0.12836767036450078, "YYXX": -0.25673534072900156, "ZIZI": 0.007131537242472254}