{"ZZYY": 0.3851030110935023, "XZXZ": 2.7755575615628914e-17, "ZZXX": -0.5134706814580031, "YIYI": 6.938893903907228e-18, "IIII": 1.0, "YZZY": 0.0, "ZXZX": -0.19255150554675116, "ZYYZ": 0.06418383518225039, "XXII": -0.42076069730586363, "XZZX": 0.0, "IZZI": -0.0641838351822504, "YXYX": 0.12836767036450078, "ZZII": 0.8413197172034566, "YYYY": 0.2545168892380204, "XIIX": -0.03565768621236133, "XXYY": -0.19255150554675116, "IZIZ": -0.0427892234548336, "IIYY": 0.5705229793977813, "XYXY": 0.12836767036450078, "ZIIZ": -0.028279654359780047, "XXXX": 0.32091917591125196, "XIXI": 0.05705229793977813, "YYZZ": 0.3851030110935023, "IYIY": -6.938893903907228e-18, "YYII": 0.37797147385103014, "IIXX": -0.5562599049128368, "IYYI": -0.04278922345483359, "IXXI": -0.0213946117274168, "YZYZ": -0.12836767036450075, "IXIX": 0.03565768621236133, "ZYZY": 0.0, "XYYX": 0.12836767036450078, "ZXXZ": 0.12836767036450078, "ZZZZ": 0.8985736925515052, "XXZZ": -0.3851030110935023, "IIZZ": 0.9841521394611727, "YIIY": 0.021394611727416794, "YXXY": 0.1272584446190102, "YYXX": -0.19255150554675116, "ZIZI": -0.021394611727416798}