{"ZZYY": 0.38510301109350237, "XZXZ": 0.0, "ZZXX": -0.4492868462757527, "YIYI": 0.007131537242472258, "IIII": 1.0, "YZZY": 0.0, "ZXZX": 0.06418383518225036, "ZYYZ": 0.06418383518225039, "XXII": -0.3922345483359746, "XZZX": -0.0636292223095051, "IZZI": -0.07844690966719492, "YXYX": 0.12836767036450075, "ZZII": 0.8629160063391441, "YYYY": 0.19255150554675116, "XIIX": 0.0213946117274168, "XXYY": -0.12836767036450078, "IZIZ": -0.09984152139461172, "IIYY": 0.5562599049128367, "XYXY": 0.25673534072900156, "ZIIZ": -0.09270998415213948, "XXXX": 0.19255150554675116, "XIXI": 0.021394611727416808, "YYZZ": 0.38510301109350237, "IYIY": -0.0213946117274168, "YYII": 0.3922345483359747, "IIXX": -0.5491283676703645, "IYYI": 0.007131537242472272, "IXXI": 0.04278922345483359, "YZYZ": 0.06418383518225036, "IXIX": -0.02852614896988906, "ZYZY": 0.06418383518225039, "XYYX": 0.25673534072900156, "ZXXZ": -0.06418383518225036, "ZZZZ": 0.9627575277337556, "XXZZ": -0.5134706814580031, "IIZZ": 1.012678288431062, "YIIY": 3.469446951953614e-18, "YXXY": 0.0, "YYXX": -0.38510301109350237, "ZIZI": -0.11410459587955628}