{"ZZYY": 0.38510301109350237, "XZXZ": 0.0, "ZZXX": -0.38510301109350237, "YIYI": 0.04278922345483361, "IIII": 1.0, "YZZY": -0.06418383518225036, "ZXZX": 2.7755575615628914e-17, "ZYYZ": -0.06418383518225039, "XXII": -0.37797147385103014, "XZZX": -0.12836767036450075, "IZZI": -0.021394611727416787, "YXYX": 0.0, "ZZII": 0.8415213946117274, "YYYY": 0.19255150554675116, "XIIX": 0.007131537242472279, "XXYY": -0.25673534072900156, "IZIZ": -0.06418383518225039, "IIYY": 0.6061806656101427, "XYXY": 0.12836767036450078, "ZIIZ": -0.04278922345483359, "XXXX": 0.12836767036450078, "XIXI": -0.014263074484944533, "YYZZ": 0.32091917591125196, "IYIY": -0.007131537242472261, "YYII": 0.3676355066771406, "IIXX": -0.5491283676703647, "IYYI": -0.021394611727416808, "IXXI": 0.04278922345483361, "YZYZ": -0.06418383518225039, "IXIX": -0.035657686212361324, "ZYZY": -0.12836767036450078, "XYYX": 0.1925515055467511, "ZXXZ": 0.12836767036450078, "ZZZZ": 0.8343898573692549, "XXZZ": -0.25673534072900156, "IIZZ": 0.991283676703645, "YIIY": 0.02852614896988906, "YXXY": 0.12836767036450075, "YYXX": -0.2567353407290015, "ZIZI": -0.02852614896988907}