{"ZZYY": 0.4492868462757527, "XZXZ": 0.06418383518225036, "ZZXX": -0.3851030110935023, "YIYI": -0.035657686212361345, "IIII": 1.0, "YZZY": 0.06418383518225039, "ZXZX": -0.06418383518225039, "ZYYZ": 0.0, "XXII": -0.3534956794972505, "XZZX": -0.06418383518225039, "IZZI": -0.05705229793977812, "YXYX": 0.06418383518225039, "ZZII": 0.8700475435816164, "YYYY": 0.25673534072900156, "XIIX": -8.673617379884035e-18, "XXYY": -0.19255150554675116, "IZIZ": -0.049920760697305874, "IIYY": 0.5419968304278924, "XYXY": 0.25673534072900156, "ZIIZ": -0.03565768621236133, "XXXX": 0.12836767036450078, "XIXI": 0.0427892234548336, "YYZZ": 0.38510301109350237, "IYIY": 0.03565768621236133, "YYII": 0.39936608557844694, "IIXX": -0.5419968304278922, "IYYI": 0.014139827179890036, "IXXI": 0.0213946117274168, "YZYZ": -0.06418383518225039, "IXIX": 1.3877787807814457e-17, "ZYZY": 0.0, "XYYX": 0.19255150554675116, "ZXXZ": 0.06418383518225039, "ZZZZ": 0.8985736925515052, "XXZZ": -0.32091917591125196, "IIZZ": 0.991283676703645, "YIIY": -1.734723475976807e-18, "YXXY": 0.06418383518225039, "YYXX": -0.32091917591125196, "ZIZI": -0.07131537242472266}