{"ZZYY": 0.44928684627575277, "XZXZ": -0.06418383518225039, "ZZXX": -0.5134706814580031, "YIYI": 0.01426307448494455, "IIII": 1.0, "YZZY": -0.12836767036450078, "ZXZX": -0.0636292223095051, "ZYYZ": 0.0, "XXII": -0.3851030110935024, "XZZX": 0.0, "IZZI": -0.04992076069730587, "YXYX": 0.25673534072900156, "ZZII": 0.855784469096672, "YYYY": 0.12836767036450078, "XIIX": 0.0213946117274168, "XXYY": -0.1925515055467511, "IZIZ": -0.03565768621236134, "IIYY": 0.5419968304278924, "XYXY": 0.3209191759112519, "ZIIZ": -0.09190887666928516, "XXXX": 0.19255150554675116, "XIXI": -0.021394611727416787, "YYZZ": 0.5134706814580031, "IYIY": -0.014263074484944523, "YYII": 0.42076069730586374, "IIXX": -0.5562599049128367, "IYYI": 0.028526148969889066, "IXXI": 0.014263074484944526, "YZYZ": -0.12836767036450075, "IXIX": 0.007131537242472272, "ZYZY": 0.0, "XYYX": 0.06418383518225039, "ZXXZ": 0.06418383518225039, "ZZZZ": 0.8985736925515054, "XXZZ": -0.32091917591125196, "IIZZ": 0.9770206022187005, "YIIY": -0.014263074484944542, "YXXY": 0.12836767036450078, "YYXX": -0.25673534072900156, "ZIZI": -0.03565768621236135}