{"ZZYY": 0.5134706814580031, "XZXZ": -0.12836767036450078, "ZZXX": -0.5134706814580031, "YIYI": 0.0070699135899450274, "IIII": 1.0, "YZZY": 0.0, "ZXZX": 0.0, "ZYYZ": 0.06418383518225039, "XXII": -0.3922345483359746, "XZZX": 0.06418383518225039, "IZZI": -0.04992076069730586, "YXYX": 0.19255150554675116, "ZZII": 0.8771790808240888, "YYYY": 0.25673534072900156, "XIIX": 0.021394611727416787, "XXYY": -0.19255150554675116, "IZIZ": -0.04278922345483358, "IIYY": 0.5990491283676703, "XYXY": 0.25673534072900156, "ZIIZ": -0.04992076069730586, "XXXX": 0.32091917591125196, "XIXI": -0.007131537242472265, "YYZZ": 0.25673534072900156, "IYIY": 0.0, "YYII": 0.37083993660855785, "IIXX": -0.5562599049128367, "IYYI": 0.035349567949725075, "IXXI": 0.05705229793977812, "YZYZ": -0.06418383518225036, "IXIX": 0.007131537242472258, "ZYZY": 0.0, "XYYX": 0.19255150554675116, "ZXXZ": 0.12836767036450075, "ZZZZ": 0.834389857369255, "XXZZ": -0.3851030110935023, "IIZZ": 0.9770206022187005, "YIIY": 0.007131537242472265, "YXXY": 0.12836767036450075, "YYXX": -0.19255150554675116, "ZIZI": -0.03534956794972506}