{"ZZYY": 0.3851030110935023, "XZXZ": 0.1272584446190102, "ZZXX": -0.5134706814580031, "YIYI": -0.007131537242472272, "IIII": 1.0, "YZZY": 0.0, "ZXZX": 0.06418383518225039, "ZYYZ": 0.0, "XXII": -0.3708399366085579, "XZZX": 0.0, "IZZI": -0.07131537242472266, "YXYX": 0.12836767036450078, "ZZII": 0.8985736925515055, "YYYY": 0.12836767036450075, "XIIX": 0.03565768621236134, "XXYY": -0.19255150554675116, "IZIZ": -0.07069913589945012, "IIYY": 0.5277337559429478, "XYXY": 0.25673534072900156, "ZIIZ": -0.049920760697305853, "XXXX": 0.19255150554675116, "XIXI": -0.035657686212361324, "YYZZ": 0.44928684627575277, "IYIY": -0.014263074484944533, "YYII": 0.37797147385103, "IIXX": -0.5990491283676704, "IYYI": -0.007131537242472272, "IXXI": -0.028526148969889052, "YZYZ": 0.06418383518225039, "IXIX": 0.0, "ZYZY": 0.0, "XYYX": 0.19255150554675116, "ZXXZ": 0.06418383518225039, "ZZZZ": 0.8985736925515054, "XXZZ": -0.3851030110935023, "IIZZ": 0.9968578161822468, "YIIY": -0.007131537242472272, "YXXY": 0.06418383518225039, "YYXX": -0.2567353407290015, "ZIZI": -0.05705229793977813}