{"ZZYY": 0.5134706814580031, "XZXZ": 0.06418383518225039, "ZZXX": -0.44540455616653574, "YIYI": 0.021394611727416808, "IIII": 1.0, "YZZY": -0.06418383518225039, "ZXZX": -0.06418383518225039, "ZYYZ": 0.06418383518225039, "XXII": -0.3993660855784469, "XZZX": -0.06418383518225036, "IZZI": -0.049920760697305853, "YXYX": 0.12836767036450075, "ZZII": 0.8771790808240887, "YYYY": 0.2567353407290015, "XIIX": -0.007131537242472279, "XXYY": -0.2567353407290015, "IZIZ": -0.04992076069730587, "IIYY": 0.5373134328358209, "XYXY": 0.25673534072900156, "ZIIZ": -0.08557844690966719, "XXXX": 0.19255150554675116, "XIXI": -0.021394611727416794, "YYZZ": 0.4492868462757527, "IYIY": 0.014263074484944537, "YYII": 0.4350237717908082, "IIXX": -0.5705229793977813, "IYYI": 0.007131537242472272, "IXXI": -0.02139461172741679, "YZYZ": 0.06418383518225036, "IXIX": 0.028526148969889063, "ZYZY": -0.12836767036450075, "XYYX": 0.25673534072900156, "ZXXZ": -0.06418383518225039, "ZZZZ": 0.7702060221870045, "XXZZ": -0.4492868462757527, "IIZZ": 0.991283676703645, "YIIY": -0.03565768621236133, "YXXY": 0.1925515055467511, "YYXX": -0.19255150554675116, "ZIZI": -0.08557844690966719}