{"ZZYY": 0.5134706814580031, "XZXZ": 0.0, "ZZXX": -0.4492868462757527, "YIYI": -0.014263074484944507, "IIII": 1.0, "YZZY": 0.0, "ZXZX": -0.06418383518225039, "ZYYZ": 0.0, "XXII": -0.42789223454833597, "XZZX": 0.0, "IZZI": -0.02852614896988908, "YXYX": 0.06418383518225039, "ZZII": 0.8629160063391442, "YYYY": 0.32091917591125196, "XIIX": -0.02139461172741683, "XXYY": -0.25673534072900156, "IZIZ": -0.0855784469096672, "IIYY": 0.5206022187004754, "XYXY": 0.19255150554675116, "ZIIZ": -0.057052297939778125, "XXXX": 0.19255150554675116, "XIXI": 0.028526148969889094, "YYZZ": 0.4492868462757527, "IYIY": 0.021394611727416808, "YYII": 0.427892234548336, "IIXX": -0.5277337559429477, "IYYI": -1.3877787807814457e-17, "IXXI": 0.014263074484944533, "YZYZ": -0.19255150554675116, "IXIX": -0.007131537242472258, "ZYZY": -0.19255150554675116, "XYYX": 0.3209191759112519, "ZXXZ": -0.12836767036450078, "ZZZZ": 0.8343898573692549, "XXZZ": -0.3817753338570306, "IIZZ": 1.0055467511885896, "YIIY": 0.03565768621236134, "YXXY": 0.0, "YYXX": -0.19255150554675116, "ZIZI": 0.014263074484944531}