{"ZZYY": 0.5776545166402535, "XZXZ": 0.06418383518225039, "ZZXX": -0.5776545166402535, "YIYI": -0.007131537242472258, "IIII": 1.0, "YZZY": 0.0, "ZXZX": 0.0, "ZYYZ": 0.0, "XXII": -0.3888452474469757, "XZZX": -0.06418383518225039, "IZZI": -0.0641838351822504, "YXYX": 0.19255150554675116, "ZZII": 0.8914421553090334, "YYYY": 0.32091917591125196, "XIIX": -0.007131537242472275, "XXYY": -0.19255150554675116, "IZIZ": -0.02852614896988906, "IIYY": 0.5633914421553091, "XYXY": 0.19255150554675116, "ZIIZ": -0.02852614896988907, "XXXX": 0.19255150554675116, "XIXI": 0.04278922345483359, "YYZZ": 0.4492868462757527, "IYIY": 0.021394611727416787, "YYII": 0.3922345483359746, "IIXX": -0.5705229793977813, "IYYI": 0.0, "IXXI": -0.007131537242472261, "YZYZ": 0.0, "IXIX": -0.007131537242472258, "ZYZY": -0.12836767036450075, "XYYX": 0.12836767036450078, "ZXXZ": -0.06418383518225039, "ZZZZ": 0.8985736925515052, "XXZZ": -0.4492868462757527, "IIZZ": 1.012678288431062, "YIIY": -0.04992076069730586, "YXXY": -0.06418383518225039, "YYXX": -0.19255150554675116, "ZIZI": -0.07131537242472266}