{"ZZYY": 0.4492868462757527, "XZXZ": 0.0, "ZZXX": -0.38510301109350237, "YIYI": 0.03565768621236132, "IIII": 1.0, "YZZY": 0.06418383518225036, "ZXZX": 0.0, "ZYYZ": 0.0, "XXII": -0.36370839936608557, "XZZX": 0.06418383518225039, "IZZI": -0.07844690966719492, "YXYX": 0.12836767036450078, "ZZII": 0.8486529318541998, "YYYY": 0.32091917591125196, "XIIX": 0.0, "XXYY": -0.2567353407290015, "IZIZ": -0.04992076069730586, "IIYY": 0.6133122028526148, "XYXY": 0.12836767036450078, "ZIIZ": -0.07131537242472268, "XXXX": 0.12836767036450078, "XIXI": 0.04278922345483361, "YYZZ": 0.5776545166402535, "IYIY": 0.0213946117274168, "YYII": 0.3922345483359746, "IIXX": -0.5990491283676704, "IYYI": 0.0213946117274168, "IXXI": 5.204170427930421e-18, "YZYZ": 0.06418383518225036, "IXIX": -0.01426307448494455, "ZYZY": 0.0, "XYYX": 0.12836767036450078, "ZXXZ": 0.1272584446190102, "ZZZZ": 0.8985736925515054, "XXZZ": -0.25673534072900156, "IIZZ": 0.9984152139461173, "YIIY": -0.021394611727416808, "YXXY": 0.19255150554675116, "YYXX": -0.19255150554675116, "ZIZI": -0.05705229793977814}