{"ZZYY": 0.5776545166402535, "XZXZ": 0.0, "ZZXX": -0.5134706814580031, "YIYI": 0.014263074484944543, "IIII": 1.0, "YZZY": -0.06418383518225036, "ZXZX": 0.06418383518225039, "ZYYZ": 0.12836767036450075, "XXII": -0.33228593872741563, "XZZX": -0.06418383518225036, "IZZI": -0.057052297939778146, "YXYX": 0.0, "ZZII": 0.8700475435816164, "YYYY": 0.3851030110935023, "XIIX": -0.021394611727416808, "XXYY": -0.12836767036450078, "IZIZ": -0.08557844690966719, "IIYY": 0.5277337559429478, "XYXY": 0.19255150554675116, "ZIIZ": -0.0855784469096672, "XXXX": 0.19255150554675116, "XIXI": -0.03565768621236133, "YYZZ": 0.4492868462757527, "IYIY": -0.01426307448494453, "YYII": 0.39936608557844694, "IIXX": -0.5847860538827259, "IYYI": -1.3877787807814457e-17, "IXXI": 0.007131537242472272, "YZYZ": 0.0636292223095051, "IXIX": -0.007131537242472251, "ZYZY": -0.06418383518225039, "XYYX": 0.12836767036450078, "ZXXZ": 0.0, "ZZZZ": 0.8985736925515052, "XXZZ": -0.32091917591125196, "IIZZ": 0.9841521394611727, "YIIY": -0.028526148969889083, "YXXY": 0.2545168892380204, "YYXX": -0.19255150554675116, "ZIZI": -0.04992076069730586}