{"ZZYY": 0.5134706814580031, "XZXZ": 0.06418383518225039, "ZZXX": -0.5134706814580031, "YIYI": 0.03565768621236133, "IIII": 1.0, "YZZY": 0.12836767036450075, "ZXZX": 0.06418383518225039, "ZYYZ": 0.12836767036450075, "XXII": -0.37083993660855785, "XZZX": -2.7755575615628914e-17, "IZZI": -0.042789223454833575, "YXYX": 0.19255150554675116, "ZZII": 0.8486529318541995, "YYYY": 0.19255150554675116, "XIIX": -0.007131537242472265, "XXYY": -0.1908876669285153, "IZIZ": -0.02120974076983504, "IIYY": 0.5705229793977813, "XYXY": 0.32091917591125196, "ZIIZ": 0.007131537242472272, "XXXX": 0.19255150554675116, "XIXI": 0.021394611727416794, "YYZZ": 0.5134706814580031, "IYIY": 0.007131537242472272, "YYII": 0.4350237717908083, "IIXX": -0.5633914421553091, "IYYI": 0.007131537242472251, "IXXI": -0.021209740769835034, "YZYZ": 0.06418383518225039, "IXIX": -0.03565768621236133, "ZYZY": 0.06418383518225042, "XYYX": 0.19255150554675116, "ZXXZ": -0.12836767036450078, "ZZZZ": 0.7702060221870046, "XXZZ": -0.44928684627575277, "IIZZ": 0.991283676703645, "YIIY": 0.014263074484944542, "YXXY": 0.25673534072900156, "YYXX": -0.06418383518225039, "ZIZI": 0.021394611727416794}