{"ZZYY": 0.44928684627575277, "XZXZ": 0.06418383518225039, "ZZXX": -0.5134706814580031, "YIYI": -0.007131537242472279, "IIII": 1.0, "YZZY": -0.06418383518225039, "ZXZX": -0.12836767036450075, "ZYYZ": 0.06418383518225039, "XXII": -0.38510301109350237, "XZZX": -0.1272584446190102, "IZZI": -0.021394611727416787, "YXYX": 0.12836767036450075, "ZZII": 0.8771790808240888, "YYYY": 0.25673534072900156, "XIIX": 6.938893903907228e-18, "XXYY": -0.32091917591125196, "IZIZ": -1.734723475976807e-18, "IIYY": 0.5419968304278924, "XYXY": 0.2567353407290015, "ZIIZ": 8.673617379884035e-18, "XXXX": 0.12836767036450078, "XIXI": 0.0070699135899450136, "YYZZ": 0.4492868462757527, "IYIY": -0.021394611727416787, "YYII": 0.37797147385103014, "IIXX": -0.5348652931854201, "IYYI": -0.028526148969889066, "IXXI": -0.007131537242472258, "YZYZ": 0.06418383518225039, "IXIX": 0.00713153724247227, "ZYZY": 0.0, "XYYX": 0.19255150554675116, "ZXXZ": 0.0, "ZZZZ": 0.8985736925515054, "XXZZ": -0.38510301109350237, "IIZZ": 0.9770206022187005, "YIIY": 0.0, "YXXY": 0.12836767036450078, "YYXX": -0.32091917591125196, "ZIZI": -0.035349567949725054}