{"ZZYY": 0.5134706814580031, "XZXZ": 0.0, "ZZXX": -0.5776545166402535, "YIYI": 0.035657686212361345, "IIII": 1.0, "YZZY": 0.12836767036450078, "ZXZX": 0.1272584446190102, "ZYYZ": 0.0, "XXII": -0.37797147385103014, "XZZX": 0.0, "IZZI": -0.028526148969889052, "YXYX": 0.19255150554675116, "ZZII": 0.8486529318541997, "YYYY": 0.19255150554675116, "XIIX": -0.03565768621236134, "XXYY": -0.19255150554675116, "IZIZ": -0.0427892234548336, "IIYY": 0.5705229793977813, "XYXY": 0.19255150554675116, "ZIIZ": -0.04278922345483359, "XXXX": 0.12836767036450078, "XIXI": -0.00713153724247227, "YYZZ": 0.38510301109350237, "IYIY": 0.028526148969889052, "YYII": 0.40649762282091917, "IIXX": -0.5776545166402536, "IYYI": 0.02852614896988906, "IXXI": -0.014263074484944531, "YZYZ": 0.0636292223095051, "IXIX": 0.021209740769835027, "ZYZY": 0.0, "XYYX": 0.25673534072900156, "ZXXZ": 0.0, "ZZZZ": 0.8985736925515053, "XXZZ": -0.3851030110935023, "IIZZ": 0.9984152139461173, "YIIY": -0.014263074484944516, "YXXY": 0.12836767036450078, "YYXX": -0.12836767036450078, "ZIZI": -0.06418383518225042}