{"qwc_energy": [1.8264984227129335, -3.740513496221045, -6.693518795049208, -8.370670435059683, -9.086898078567156, -9.605640512643888], "qwc_shots": 471696, "qwc_moments": ["1.0", "(1.8264984227129335+0j)", "(13.004731861198746+0j)", "(22.039432176656135+0j)", "(293.72239747634046+0j)", "(-162.83280757097836+0j)", "(10795.973186119902+0j)", "(-46270.039432176716+0j)", "(610243.6056782366+0j)", "(-4409314.19242903+0j)", "(44513170.6892744+0j)", "(-384398295.2160881+0j)"], "mix_energy": [1.9279705573080972, -3.4706056177581326, -6.138362368266099, -7.607011614950046, -8.220486804649134, -8.611636774306858], "mix_shots": 471600, "mix_moments": ["(0.9999999999999999+0j)", "(1.9279705573080967+0j)", "(12.754994742376446+0j)", "(25.779705573080978+0j)", "(268.19873817034636+0j)", "(105.92922409908293+0j)", "(8314.623286524073+0j)", "(-21487.74421790899+0j)", "(368824.9803784464+0j)", "(-2024961.4537674363+0j)", "(21058025.00788548+0j)", "(-152855793.33183455+0j)"], "cs_energy": [1.9058174740484435, -3.6152546765982216, -6.755693051321922, -8.522099676625135, -9.213857304608943, -9.671841598346342], "cs_shots": 471663, "cs_moments": ["(0.9999999999999997+0j)", "(1.9058174740484426+0j)", "(12.917419095723929+0j)", "(24.361522502100673+0j)", "(289.39280742016894+0j)", "(-92.03757884144613+0j)", "(10638.275618269578+0j)", "(-44739.74019037179+0j)", "(613628.761554189+0j)", "(-4488476.560674929+0j)", "(46089875.97839176+0j)", "(-403939817.60609114+0j)"]}