{"qwc_energy": [2.0276025236593056, -3.1688189443550243, -5.8491596124904035, -8.028199832825162, -8.942710435464697, -9.43186132769245], "qwc_shots": 471696, "qwc_moments": ["1.0", "(2.0276025236593056+0j)", "(12.588328075709788+0j)", "(29.67902208201891+0j)", "(251.02208201892762+0j)", "(280.7941640378535+0j)", "(7409.298107255536+0j)", "(-14792.425078864462+0j)", "(340386.8485804419+0j)", "(-1934225.1206624643+0j)", "(22147987.35804416+0j)", "(-176682943.31151518+0j)"], "mix_energy": [2.0110410094637223, -3.1362373011764135, -5.254276504687349, -6.304125779498009, -6.304145213217172, -11.33092564373746], "mix_shots": 471600, "mix_moments": ["(1+0j)", "(2.0110410094637223+0j)", "(12.554153522607786+0j)", "(29.74079915878024+0j)", "(242.9474237644586+0j)", "(389.073381403035+0j)", "(6009.287598627197+0j)", "(688.055144614931+0j)", "(171549.8850050962+0j)", "(-171673.74807636725+0j)", "(3867220.6918519675+0j)", "(10034656.945779545+0j)"], "cs_energy": [1.931769031141869, -3.1647243612310954, -4.985020482155583, -5.571967466806777, -15.8883337145896, -10.766101824632418], "cs_shots": 471663, "cs_moments": ["(0.9999999999999997+0j)", "(1.931769031141868+0j)", "(12.593604005546496+0j)", "(28.810821116372278+0j)", "(239.97959536736747+0j)", "(411.767359713973+0j)", "(5540.708780575987+0j)", "(5322.880134557045+0j)", "(120804.77281145334+0j)", "(330779.8874353288+0j)", "(-1171868.7743760163+0j)", "(59669843.80032442+0j)"]}