{"qwc_energy": [1.9298107255520505, -3.2110127602773137, -5.916099474384069, -7.776678439241007, -8.429447962925668, -8.902369688738101], "qwc_shots": 471696, "qwc_moments": ["1.0", "(1.9298107255520505+0j)", "(12.477917981072553+0j)", "(27.7705047318612+0j)", "(250.97791798107244+0j)", "(219.57334384857975+0j)", "(7452.840694006321+0j)", "(-15973.614353312289+0j)", "(329394.45741324924+0j)", "(-1781690.555993704+0j)", "(19500354.2760254+0j)", "(-144929251.23895934+0j)"], "mix_energy": [2.018401682439537, -3.0635237847072885, -6.105540903626893, -8.922152272443762, -9.854904226904853, -9.94550129336594], "mix_shots": 471600, "mix_moments": ["(1+0j)", "(2.018401682439537+0j)", "(12.289169295478438+0j)", "(29.49894847528917+0j)", "(245.69400630914902+0j)", "(242.22207632100992+0j)", "(7824.334856231202+0j)", "(-23281.203583989874+0j)", "(443047.15122732514+0j)", "(-3213822.7795001063+0j)", "(36552648.5350639+0j)", "(-336499335.5054294+0j)"], "cs_energy": [1.947664359861592, -3.5514274282931417, -7.273315123865883, -9.510693136868465, -9.965204397868797, -9.989362205864648], "cs_shots": 471663, "cs_moments": ["(0.9999999999999997+0j)", "(1.947664359861591+0j)", "(12.791918860506089+0j)", "(25.207735417896853+0j)", "(291.3134115392114+0j)", "(-180.74046666619364+0j)", "(12243.209564993778+0j)", "(-66724.43966291031+0j)", "(885299.1216159405+0j)", "(-7635250.948094032+0j)", "(81106264.02681708+0j)", "(-783001800.1311973+0j)"]}