{"qwc_energy": [1.8974763406940065, -3.6268745978070966, -6.547941806390224, -8.20688558242177, -8.963725035577909, -9.508477426430709], "qwc_shots": 471696, "qwc_moments": ["1.0", "(1.8974763406940065+0j)", "(12.853312302839118+0j)", "(23.884858044164073+0j)", "(283.0283911671924+0j)", "(-55.269716088326504+0j)", "(9863.525236593066+0j)", "(-37364.87854889582+0j)", "(526073.0441640351+0j)", "(-3604111.7050473085+0j)", "(36745902.9164037+0j)", "(-309276121.13722175+0j)"], "mix_energy": [2.0262881177707674, -3.074224541430795, -5.927254092473794, -8.413794627506999, -9.46717583377475, -9.750910575371767], "mix_shots": 471600, "mix_moments": ["(1+0j)", "(2.0262881177707674+0j)", "(12.404837013669828+0j)", "(29.942166140904334+0j)", "(246.69505783385878+0j)", "(281.8661248465465+0j)", "(7438.945905470951+0j)", "(-17187.60363388968+0j)", "(372786.4709052255+0j)", "(-2385303.5145621886+0j)", "(27431093.981721126+0j)", "(-237533431.66383693+0j)"], "cs_energy": [1.9082854732982892, -3.519674794499937, -6.560291218582238, -8.607070693266254, -9.410321318792342, -9.74197154431685], "cs_shots": 471663, "cs_moments": ["(0.9999999999999997+0j)", "(1.9082854732982883+0j)", "(12.797377648397577+0j)", "(25.111396958323013+0j)", "(279.7116975435256+0j)", "(-10.400616867176378+0j)", "(9929.587359724741+0j)", "(-39183.952406719545+0j)", "(571777.9306982455+0j)", "(-4196293.021523869+0j)", "(44251682.47403064+0j)", "(-394699278.1005814+0j)"]}