{"qwc_energy": [1.8548895899053628, -3.7219754972846033, -7.018196068032278, -8.675591010724833, -9.342216638986795, -9.73501955337829], "qwc_shots": 471696, "qwc_moments": ["1.0", "(1.8548895899053628+0j)", "(12.805993690851732+0j)", "(21.995268138801272+0j)", "(297.5709779179812+0j)", "(-243.10094637223995+0j)", "(11733.31388012616+0j)", "(-56985.14353312302+0j)", "(724077.2460567818+0j)", "(-5607448.813880128+0j)", "(56866068.53470044+0j)", "(-511005673.544165+0j)"], "mix_energy": [1.9363827549947425, -3.5053713408136478, -6.698951360860642, -8.552350494136887, -9.333073868494992, -9.70529919599273], "mix_shots": 471600, "mix_moments": ["(1+0j)", "(1.9363827549947425+0j)", "(12.827549947423764+0j)", "(25.7397476340694+0j)", "(282.21976866456384+0j)", "(-23.09965398103157+0j)", "(10136.539810886723+0j)", "(-40552.247088450546+0j)", "(581652.7730018864+0j)", "(-4243762.976186441+0j)", "(44313188.77041415+0j)", "(-391712939.8118255+0j)"], "cs_energy": [1.9317681546843322, -3.0038676260762065, -4.363245590502486, -4.401455762165634, -11.594211205229564, -10.413553750292103], "cs_shots": 471663, "cs_moments": ["(0.9999999999999997+0j)", "(1.9317681546843313+0j)", "(12.509990517430605+0j)", "(30.36778675446884+0j)", "(227.39283887915153+0j)", "(544.9349054519674+0j)", "(4446.4368497853875+0j)", "(15242.279507520661+0j)", "(38244.99355759249+0j)", "(1043634.3617833782+0j)", "(-7172424.33193505+0j)", "(111083323.22544633+0j)"]}