{"qwc_energy": [1.9345425867507888, -3.022583923914824, -5.375314714789885, -7.8418552759142255, -9.154974239381097, -9.570608789748317], "qwc_shots": 471696, "qwc_moments": ["1.0", "(1.9345425867507888+0j)", "(12.328075709779185+0j)", "(29.37776025236597+0j)", "(236.2996845425864+0j)", "(356.66324921135663+0j)", "(6398.542586750802+0j)", "(-7579.868296529829+0j)", "(271253.37854889507+0j)", "(-1393311.0433754013+0j)", "(17420672.504731864+0j)", "(-138221126.9566238+0j)"], "mix_energy": [1.9563617245005256, -3.2547222565721037, -5.8373854563740535, -7.399486845747575, -7.8828875055274095, -7.926013866988896], "mix_shots": 471600, "mix_moments": ["(1+0j)", "(1.9563617245005256+0j)", "(12.590956887486858+0j)", "(27.992113564668756+0j)", "(255.1388012618294+0j)", "(239.57430083966767+0j)", "(7347.771254525949+0j)", "(-12644.291829186692+0j)", "(295965.0110274839+0j)", "(-1363446.8476316426+0j)", "(15168794.03430483+0j)", "(-98229801.42342594+0j)"], "cs_energy": [1.908623856024251, -3.5511284516070845, -5.7854117356709285, -6.451110874593473, -17.09956057768646, -10.59363229971598], "cs_shots": 471663, "cs_moments": ["(0.9999999999999997+0j)", "(1.90862385602425+0j)", "(13.022147567776589+0j)", "(25.561527599577747+0j)", "(272.0550667285691+0j)", "(174.0918967831243+0j)", "(7484.844866945809+0j)", "(-8607.730944550915+0j)", "(220973.224526356+0j)", "(-305807.98006780905+0j)", "(2357004.191757263+0j)", "(48413867.404602505+0j)"]}