{"qwc_energy": [1.8856466876971607, -3.6400660719589224, -6.94851396273498, -8.711961959660027, -9.403870011636673, -9.751039000604257], "qwc_shots": 471696, "qwc_moments": ["1.0", "(1.8856466876971607+0j)", "(12.7634069400631+0j)", "(23.25630914826497+0j)", "(289.7003154574134+0j)", "(-173.02602523659408+0j)", "(11171.659305993664+0j)", "(-52423.352523659174+0j)", "(686214.4384858045+0j)", "(-5301473.641167196+0j)", "(54335761.21766554+0j)", "(-490460523.967665+0j)"], "mix_energy": [1.9016824395373293, -3.5104156293603324, -6.446665481665427, -8.28169537611559, -9.040843142222958, -9.550753277509925], "mix_shots": 471600, "mix_moments": ["(1+0j)", "(1.9016824395373293+0j)", "(12.769716088328076+0j)", "(25.03943217665615+0j)", "(273.8517350157729+0j)", "(13.068087520006985+0j)", "(9320.60283618143+0j)", "(-33529.66910900121+0j)", "(496327.3697303625+0j)", "(-3393230.757576935+0j)", "(35176002.91789292+0j)", "(-298394243.675919+0j)"], "cs_energy": [1.9239862284447544, -3.317275978549354, -6.569234126546015, -8.625589818828479, -9.347703727135842, -9.714046902707654], "cs_shots": 471663, "cs_moments": ["(0.9999999999999997+0j)", "(1.9239862284447535+0j)", "(12.464523195881101+0j)", "(26.422866419550854+0j)", "(267.069384305174+0j)", "(52.59386940857653+0j)", "(9353.474747411952+0j)", "(-35170.80410513771+0j)", "(533618.4137360114+0j)", "(-3857570.227484323+0j)", "(40881802.25114343+0j)", "(-361660892.7750858+0j)"]}