{"qwc_energy": [2.0165615141955833, -3.533516849187712, -7.247568233813949, -9.094301528773336, -9.62106479225406, -9.841516882496606], "qwc_shots": 471696, "qwc_moments": ["1.0", "(2.0165615141955833+0j)", "(12.714511041009462+0j)", "(25.996056782334424+0j)", "(290.40378548895865+0j)", "(-145.683753943216+0j)", "(11747.79652996847+0j)", "(-58539.395110409976+0j)", "(778244.5899053626+0j)", "(-6303031.55441641+0j)", "(65700116.94794946+0j)", "(-610556488.9124619+0j)"], "mix_energy": [1.9374342797055732, -3.2114599257545304, -5.594577518469372, -8.223988636450121, -9.542077559284554, -9.798305781990187], "mix_shots": 471600, "mix_moments": ["(1+0j)", "(1.9374342797055732+0j)", "(12.58254468980022+0j)", "(28.268664563617264+0j)", "(247.20189274447947+0j)", "(285.4005350862204+0j)", "(7102.030049318639+0j)", "(-13894.962783104509+0j)", "(337077.1330895322+0j)", "(-2056941.4603384617+0j)", "(24342032.772221852+0j)", "(-209300889.2058746+0j)"], "cs_energy": [1.918512856299856, -3.531340479877805, -6.787449675147387, -8.935012958377984, -9.673864002124699, -9.851738865834427], "cs_shots": 471663, "cs_moments": ["(0.9999999999999997+0j)", "(1.918512856299855+0j)", "(12.791556357668725+0j)", "(25.077720269438494+0j)", "(283.9800568281044+0j)", "(-65.50556797112868+0j)", "(10654.899153977742+0j)", "(-47667.93495410132+0j)", "(668043.3198884899+0j)", "(-5255462.776590782+0j)", "(55638088.1125722+0j)", "(-515220649.55329424+0j)"]}