{"qwc_energy": [1.9566246056782333, -3.0311902435286604, -5.29665254038629, -6.78824282391159, -7.1048129252701955, -15.28779143053314], "qwc_shots": 471696, "qwc_moments": ["1.0", "(1.9566246056782333+0j)", "(12.350157728706609+0j)", "(29.567034700315492+0j)", "(238.58359621451078+0j)", "(380.69794952681303+0j)", "(6105.933753943218+0j)", "(-1757.5843848579875+0j)", "(201180.49526813932+0j)", "(-526581.5828075738+0j)", "(7775578.369085005+0j)", "(-32039803.108044364+0j)"], "mix_energy": [1.9332281808622507, -3.5010611674211423, -6.680680810915202, -8.57563704271002, -9.365547991339138, -9.718838818363894], "mix_shots": 471600, "mix_moments": ["(1+0j)", "(1.9332281808622507+0j)", "(12.66561514195584+0j)", "(25.156151419558388+0j)", "(278.63617245005275+0j)", "(-31.582407421796447+0j)", "(10014.970865801395+0j)", "(-40570.69889011469+0j)", "(578712.3384752707+0j)", "(-4258650.603614592+0j)", "(44504911.59434905+0j)", "(-395634377.53796834+0j)"], "cs_energy": [1.908422971956725, -3.513747525867805, -6.868195462687389, -9.114313217633025, -9.74686604979026, -9.881494387709918], "cs_shots": 471663, "cs_moments": ["(0.9999999999999997+0j)", "(1.908422971956724+0j)", "(12.799431223465529+0j)", "(25.191803803835075+0j)", "(283.3473679349108+0j)", "(-78.79402095626351+0j)", "(10899.850312878956+0j)", "(-51195.847714568+0j)", "(710887.2796908293+0j)", "(-5736240.356653489+0j)", "(60857134.36956672+0j)", "(-570138015.5575398+0j)"]}