{"qwc_energy": [1.94794952681388, -3.376902428440417, -5.982173052483793, -8.05668916196911, -8.97343982737366, -9.474700510027782], "qwc_shots": 471696, "qwc_moments": ["1.0", "(1.94794952681388+0j)", "(12.914826498422709+0j)", "(27.746056782334367+0j)", "(263.6435331230281+0j)", "(189.8659305993681+0j)", "(8071.141955835986+0j)", "(-20377.97634069402+0j)", "(385493.95899053774+0j)", "(-2338627.465299685+0j)", "(25687955.135646787+0j)", "(-209390376.6577278+0j)"], "mix_energy": [1.9437434279705577, -3.3477143289261386, -6.276624078542658, -8.432255394387802, -9.343542166730334, -9.694058822906538], "mix_shots": 471600, "mix_moments": ["(0.9999999999999999+0j)", "(1.9437434279705572+0j)", "(12.49526813880127+0j)", "(26.409568874868558+0j)", "(261.18927444794946+0j)", "(106.95000595691388+0j)", "(8609.138184275238+0j)", "(-28272.578664062854+0j)", "(462175.2885160477+0j)", "(-3189647.6230548634+0j)", "(34413113.852640845+0j)", "(-300559054.2262745+0j)"], "cs_energy": [1.9187874679754107, -3.5196974543823036, -7.148911926551374, -8.967213958465775, -9.524773474604434, -9.814411943312923], "cs_shots": 471663, "cs_moments": ["(0.9999999999999997+0j)", "(1.9187874679754098+0j)", "(12.616514465335655+0j)", "(24.58338745556009+0j)", "(286.8552259960948+0j)", "(-161.55951677226648+0j)", "(11481.36061088108+0j)", "(-56479.13872343192+0j)", "(743469.5624442574+0j)", "(-5930132.398912158+0j)", "(61342845.35378403+0j)", "(-563959056.3208729+0j)"]}