{"qwc_energy": [2.005520504731861, -3.753453528275488, -7.281680981766065, -8.982784977020426, -9.559905553060336, -9.821113988383509], "qwc_shots": 471696, "qwc_moments": ["1.0", "(2.005520504731861+0j)", "(13.003154574132495+0j)", "(24.385646687697154+0j)", "(304.4384858044167+0j)", "(-247.07649842271354+0j)", "(12515.873817034722+0j)", "(-64594.86671924284+0j)", "(824559.2208201904+0j)", "(-6677029.205835962+0j)", "(68645290.34069423+0j)", "(-634568570.939275+0j)"], "mix_energy": [1.8559411146161935, -3.686777847681899, -6.813474095658475, -8.657593183280085, -9.45286440166467, -9.760782380214167], "mix_shots": 471600, "mix_moments": ["(1+0j)", "(1.8559411146161935+0j)", "(12.886435331230286+0j)", "(22.713985278654057+0j)", "(292.01997896950587+0j)", "(-164.24644527668588+0j)", "(11035.559347835982+0j)", "(-50409.17950856324+0j)", "(667764.9551234356+0j)", "(-5125539.705258261+0j)", "(52854636.546144105+0j)", "(-477841453.4102816+0j)"], "cs_energy": [1.953503460207613, -2.9485461631548344, -4.646696315548395, -4.6794287010845865, -11.719487452383767, -10.297929268071684], "cs_shots": 471663, "cs_moments": ["(0.9999999999999997+0j)", "(1.953503460207612+0j)", "(12.203380499058193+0j)", "(29.843880545428654+0j)", "(224.77626885809443+0j)", "(487.59656732016464+0j)", "(4453.555435869126+0j)", "(15523.938046395277+0j)", "(-2212.416023868522+0j)", "(1642626.9247907917+0j)", "(-15648087.48247262+0j)", "(213128608.30357838+0j)"]}