{"qwc_energy": [1.97397476340694, -3.2827550558789387, -5.872668650944694, -7.472103230790747, -8.076975706117631, -8.330551190120847], "qwc_shots": 471696, "qwc_moments": ["1.0", "(1.97397476340694+0j)", "(12.727129337539424+0j)", "(28.3998422712934+0j)", "(260.2460567823342+0j)", "(242.49763406940096+0j)", "(7560.679810725534+0j)", "(-13480.981861198781+0j)", "(310674.4700315432+0j)", "(-1487965.0291798026+0j)", "(16630825.099369021+0j)", "(-113003871.37302789+0j)"], "mix_energy": [1.8349106203995793, -3.6741901908742483, -6.45373973988258, -8.155362265004797, -9.058540253647719, -9.541135789859936], "mix_shots": 471600, "mix_moments": ["(1+0j)", "(1.8349106203995793+0j)", "(12.967402733964239+0j)", "(22.866456361724527+0j)", "(285.62460567823405+0j)", "(-69.27908398211778+0j)", "(9850.899845005142+0j)", "(-37022.84864087409+0j)", "(521570.74249212944+0j)", "(-3576086.391760571+0j)", "(36667704.29353807+0j)", "(-310807448.9434413+0j)"], "cs_energy": [1.9045637190706324, -3.4778970787592627, -6.956830169590955, -8.883160272998724, -9.524565607926263, -9.800459064214769], "cs_shots": 471663, "cs_moments": ["(0.9999999999999997+0j)", "(1.9045637190706315+0j)", "(12.664910347041657+0j)", "(25.076760443260344+0j)", "(283.9131647474665+0j)", "(-95.69174970887714+0j)", "(10928.138762042734+0j)", "(-50137.23780895478+0j)", "(685451.2429698292+0j)", "(-5348768.028289168+0j)", "(55846663.34065275+0j)", "(-510430310.7017414+0j)"]}