{"qwc_energy": [1.9865930599369084, -2.936401312472545, -5.112177016876199, -6.761966385078808, -7.548326135176028, -7.57999454669506], "qwc_shots": 471696, "qwc_moments": ["1.0", "(1.9865930599369084+0j)", "(12.29337539432178+0j)", "(30.645899053627755+0j)", "(234.46372239747612+0j)", "(437.8162460567809+0j)", "(5811.397476340687+0j)", "(826.0970031544839+0j)", "(188704.29337539463+0j)", "(-462652.3604101021+0j)", "(7874913.466876989+0j)", "(-37797267.991325215+0j)"], "mix_energy": [1.9405888538380656, -3.2461439535556895, -6.022697109793256, -7.633888120469209, -8.089883561079379, -8.23203776729029], "mix_shots": 471600, "mix_moments": ["(0.9999999999999999+0j)", "(1.9405888538380651+0j)", "(12.422712933753937+0j)", "(27.253943217665668+0j)", "(254.11671924290204+0j)", "(188.15406390991114+0j)", "(7634.479728940305+0j)", "(-16883.126214907912+0j)", "(329779.8313767597+0j)", "(-1714104.114499074+0j)", "(18239019.967890207+0j)", "(-127496139.07001434+0j)"], "cs_energy": [1.9234251553877413, -3.358134701417463, -4.98152661051616, -5.015056391843233, -11.832232787795377, -10.307352403534495], "cs_shots": 471663, "cs_moments": ["(0.9999999999999997+0j)", "(1.9234251553877404+0j)", "(12.860614760872469+0j)", "(27.48314606045657+0j)", "(249.1613491014046+0j)", "(393.7008797787271+0j)", "(5272.611770142267+0j)", "(12439.656699844707+0j)", "(16557.51927262224+0j)", "(1657418.5337949465+0j)", "(-16669851.12423479+0j)", "(232939557.5920001+0j)"]}