{"qwc_energy": [1.8943217665615142, -3.042718283341005, -5.49858887427581, -7.5397279295912085, -8.661588608758612, -9.176073781222984], "qwc_shots": 471696, "qwc_moments": ["1.0", "(1.8943217665615142+0j)", "(12.261829652996838+0j)", "(28.504731861198763+0j)", "(239.28391167192422+0j)", "(321.790220820189+0j)", "(6533.334384858026+0j)", "(-8118.425867507849+0j)", "(265011.37223974796+0j)", "(-1260327.7018927406+0j)", "(15398580.76656152+0j)", "(-113079942.73186031+0j)"], "mix_energy": [1.8958990536277607, -3.7244423103628335, -7.119419146296854, -8.999831145439327, -9.630062810293376, -9.838939317594221], "mix_shots": 471600, "mix_moments": ["(1+0j)", "(1.8958990536277607+0j)", "(12.966351209253418+0j)", "(23.07360672975817+0j)", "(301.60567823343797+0j)", "(-241.52631142742925+0j)", "(12262.20015171426+0j)", "(-62814.2150204002+0j)", "(808630.1543197407+0j)", "(-6574538.410519961+0j)", "(68055641.11456393+0j)", "(-633022581.4869833+0j)"], "cs_energy": [1.9340134986614275, -3.3049266325701985, -6.477372655419648, -8.814238164499615, -9.632977600610275, -9.83099269124397], "cs_shots": 471663, "cs_moments": ["(0.9999999999999997+0j)", "(1.9340134986614266+0j)", "(12.469123826668756+0j)", "(26.692251708694844+0j)", "(263.9871709053868+0j)", "(79.34059214686378+0j)", "(9148.991054056343+0j)", "(-34554.695842426576+0j)", "(538378.8186171344+0j)", "(-4031885.9568268233+0j)", "(43609976.29099213+0j)", "(-398116733.62714857+0j)"]}