{"qwc_energy": [1.9432176656151419, -3.4930099637088805, -6.563802513530006, -8.526655366023052, -9.3130507941682, -9.694429438524574], "qwc_shots": 471696, "qwc_moments": ["1.0", "(1.9432176656151419+0j)", "(12.881703470031535+0j)", "(26.171924290220808+0j)", "(279.49526813880146+0j)", "(19.876971608832303+0j)", "(9784.55047318612+0j)", "(-37013.3201892746+0j)", "(550100.3753943203+0j)", "(-3943680.4479495296+0j)", "(41513055.55047328+0j)", "(-364955255.13406885+0j)"], "mix_energy": [1.8286014721345953, -3.1707757927802054, -5.765642880496637, -7.680829237912077, -8.334466180276747, -8.717159268452079], "mix_shots": 471600, "mix_moments": ["(1+0j)", "(1.8286014721345953+0j)", "(12.2397476340694+0j)", "(26.271293375394347+0j)", "(243.29863301787572+0j)", "(213.5355938524661+0j)", "(7096.440490435255+0j)", "(-14382.787576468603+0j)", "(306396.8930955641+0j)", "(-1605613.9638631106+0j)", "(17662403.90107027+0j)", "(-128321438.26721372+0j)"], "cs_energy": [1.9583693771626298, -3.4829275040428924, -6.116098569543434, -7.387469686249513, -7.736282633505592, -7.737271728826053], "cs_shots": 471663, "cs_moments": ["(0.9999999999999997+0j)", "(1.958369377162629+0j)", "(12.859601155259844+0j)", "(26.392592314117138+0j)", "(271.87180801176606+0j)", "(127.53744524594403+0j)", "(8249.724131624567+0j)", "(-19026.161953681752+0j)", "(343236.2358820708+0j)", "(-1696625.4004581396+0j)", "(17476029.011469543+0j)", "(-113236489.68260936+0j)"]}