{"qwc_energy": [2.02602523659306, -3.7531177270689797, -6.973987334370479, -8.594061302879176, -9.237854798915304, -9.700516980605059], "qwc_shots": 471696, "qwc_moments": ["1.0", "(2.02602523659306+0j)", "(13.29022082018927+0j)", "(25.66167192429027+0j)", "(305.85173501577265+0j)", "(-133.23895899053608+0j)", "(11613.296529968438+0j)", "(-51117.249999999935+0j)", "(685582.5899053619+0j)", "(-5093703.456624605+0j)", "(52040336.20504739+0j)", "(-458411433.25946414+0j)"], "mix_energy": [1.844900105152471, -3.7473710115563565, -6.5409706719054, -8.383766054641717, -9.299813671751334, -9.684226228302293], "mix_shots": 471600, "mix_moments": ["(1+0j)", "(1.844900105152471+0j)", "(13.062039957939012+0j)", "(22.404311251314418+0j)", "(290.9032597266042+0j)", "(-114.53992685946507+0j)", "(10368.300311313464+0j)", "(-42483.514167094094+0j)", "(582117.4531121855+0j)", "(-4221778.369983898+0j)", "(43556755.72464541+0j)", "(-382921030.35145426+0j)"], "cs_energy": [1.9409626149491594, -3.6229446552252313, -7.5280983351491315, -9.289067821611228, -9.75116964138708, -9.889264007670969], "cs_shots": 471663, "cs_moments": ["(0.9999999999999997+0j)", "(1.9409626149491586+0j)", "(12.608541716761081+0j)", "(23.65088452562098+0j)", "(296.53101696746995+0j)", "(-304.06896954209753+0j)", "(12972.294971293311+0j)", "(-73552.24998340553+0j)", "(924122.5622424126+0j)", "(-7862858.427839678+0j)", "(81508837.48461999+0j)", "(-773523829.559584+0j)"]}