{"qwc_energy": [1.7760252365930604, -3.904917272140259, -7.121851787976681, -8.76903062712547, -9.38931675146937, -9.76883250991651], "qwc_shots": 471696, "qwc_moments": ["1.0", "(1.7760252365930604+0j)", "(13.091482649842279+0j)", "(19.477917981072558+0j)", "(312.0725552050475+0j)", "(-388.02523659305893+0j)", "(12901.299684542582+0j)", "(-68407.15615141943+0j)", "(827904.4069400625+0j)", "(-6612764.274447953+0j)", "(66424693.23028395+0j)", "(-603933678.4842274+0j)"], "mix_energy": [1.97739221871714, -3.064679842213178, -5.748536479087309, -7.6572720447244125, -8.284079123862217, -8.629385807766104], "mix_shots": 471600, "mix_moments": ["(1+0j)", "(1.97739221871714+0j)", "(12.385909568874867+0j)", "(29.524185068349166+0j)", "(247.23764458464828+0j)", "(307.4809896764107+0j)", "(7070.629215235629+0j)", "(-10786.97538413457+0j)", "(294574.70251232147+0j)", "(-1413610.6169132045+0j)", "(16444500.92795531+0j)", "(-115069329.87653486+0j)"], "cs_energy": [1.8943696063971776, -3.870746109784767, -7.429486835498236, -9.269505960971518, -9.765642745168496, -9.89371365781137], "cs_shots": 471663, "cs_moments": ["(0.9999999999999997+0j)", "(1.8943696063971767+0j)", "(13.011797165195084+0j)", "(21.427725406648293+0j)", "(311.6395706507971+0j)", "(-405.3264241640305+0j)", "(13754.438982194837+0j)", "(-80285.1075648871+0j)", "(984708.4362694327+0j)", "(-8444830.63289405+0j)", "(87136170.37631552+0j)", "(-829243800.5865046+0j)"]}