{"qwc_energy": [1.9298107255520505, -3.088581730972886, -5.290345009963366, -6.994269895689904, -7.769965913155669, -7.887860762017888], "qwc_shots": 471696, "qwc_moments": ["1.0", "(1.9298107255520505+0j)", "(12.334384858044157+0j)", "(28.598580441640344+0j)", "(237.1514195583594+0j)", "(353.3178233438492+0j)", "(6130.100946372257+0j)", "(-3520.000788643542+0j)", "(215390.7287066265+0j)", "(-731813.9818612025+0j)", "(9932697.507886445+0j)", "(-56712477.685330935+0j)"], "mix_energy": [1.916403785488959, -3.3735235464204343, -5.94417594451647, -7.467998784078729, -7.900894964695909, -7.941515472536127], "mix_shots": 471600, "mix_moments": ["(1+0j)", "(1.916403785488959+0j)", "(12.665615141955845+0j)", "(26.45688748685594+0j)", "(259.8517350157729+0j)", "(169.91223912604377+0j)", "(7709.358164165633+0j)", "(-16496.7748675235+0j)", "(321630.8235107585+0j)", "(-1596642.6157540544+0j)", "(16903073.59345017+0j)", "(-112926916.1184857+0j)"], "cs_energy": [1.9350063147012642, -3.6794080722979907, -6.578262046303786, -7.859085238259306, -8.399763645605418, -8.933176618223307], "cs_shots": 471663, "cs_moments": ["(0.9999999999999997+0j)", "(1.9350063147012633+0j)", "(12.876046653904805+0j)", "(23.838498920858704+0j)", "(289.06458150484764+0j)", "(-65.3274132522063+0j)", "(9917.40886066315+0j)", "(-34868.57401579896+0j)", "(488379.7626700708+0j)", "(-3053346.744367566+0j)", "(30183904.95412468+0j)", "(-233326780.1209443+0j)"]}