{"qwc_energy": [1.8477917981072558, -3.7161133611879444, -6.628122804967501, -8.532085001303287, -9.30210290304484, -9.695051826612938], "qwc_shots": 471696, "qwc_moments": ["1.0", "(1.8477917981072558+0j)", "(13.173501577287064+0j)", "(23.226340694006314+0j)", "(293.3659305993688+0j)", "(-111.99447949526886+0j)", "(10698.384858044199+0j)", "(-45216.54652996834+0j)", "(618252.4826498411+0j)", "(-4557135.136435307+0j)", "(47004115.02839094+0j)", "(-415486759.1837518+0j)"], "mix_energy": [1.9079915878023135, -3.8378358712519893, -7.11947212708104, -8.986964887443566, -9.643887409506545, -9.841499895954902], "mix_shots": 471600, "mix_moments": ["(1+0j)", "(1.9079915878023135+0j)", "(13.281808622502627+0j)", "(22.91324921135641+0j)", "(310.7202944269189+0j)", "(-272.04268516935787+0j)", "(12645.79288071149+0j)", "(-65343.08572516356+0j)", "(833639.4473808897+0j)", "(-6793839.8274351405+0j)", "(70189583.688167+0j)", "(-653547188.5143472+0j)"], "cs_energy": [1.9216034909841273, -3.324904964675797, -5.901278638719368, -7.156638924276518, -7.2308953363359185, -11.981628253940391], "cs_shots": 471663, "cs_moments": ["(0.9999999999999997+0j)", "(1.9216034909841264+0j)", "(12.590352698666514+0j)", "(26.797552121877995+0j)", "(258.26997514506627+0j)", "(194.00236491615797+0j)", "(7477.000931826284+0j)", "(-13046.530742601084+0j)", "(283263.10906525375+0j)", "(-1138000.8607227851+0j)", "(11920083.891072841+0j)", "(-58549286.10147565+0j)"]}