{"qwc_energy": [2.0086750788643535, -2.6687278519118425, -4.88632170975828, -6.842528036598026, -7.7977187588578944, -7.975493145574293], "qwc_shots": 471696, "qwc_moments": ["1.0", "(2.0086750788643535+0j)", "(11.826498422712937+0j)", "(31.59227129337535+0j)", "(216.7728706624606+0j)", "(482.05283911671927+0j)", "(5187.296529968457+0j)", "(3063.8888012617613+0j)", "(165411.0189274451+0j)", "(-361839.6947949433+0j)", "(7085147.876971629+0j)", "(-35130963.625395305+0j)"], "mix_energy": [1.8980021030494214, -3.985602513717796, -6.9443164012720775, -8.492107265536635, -9.191223554102212, -9.669810907524656], "mix_shots": 471600, "mix_moments": ["(1+0j)", "(1.8980021030494214+0j)", "(13.51524710830704+0j)", "(21.659305993690865+0j)", "(317.8958990536275+0j)", "(-289.1433077963054+0j)", "(12332.388109310215+0j)", "(-58416.35523923495+0j)", "(730647.4908370018+0j)", "(-5496522.621288785+0j)", "(54972876.99686814+0j)", "(-483436286.2592307+0j)"], "cs_energy": [1.9467475502193814, -3.4891811952950316, -6.946617127227067, -8.790757590326738, -9.356318372943248, -9.759634586808797], "cs_shots": 471663, "cs_moments": ["(0.9999999999999997+0j)", "(1.9467475502193805+0j)", "(12.686307971005013+0j)", "(25.534855278864004+0j)", "(282.3625773012174+0j)", "(-81.35015821344027+0j)", "(10727.031969968944+0j)", "(-47957.84085406763+0j)", "(655122.6573703571+0j)", "(-4996411.146167078+0j)", "(51630397.72550087+0j)", "(-463405767.34338075+0j)"]}