{"XXZZ": -0.3262561924982307, "XXZI": -0.019108280254777066, "XXIZ": -0.019108280254777066, "XXII": -0.3262561924982307, "XIZZ": -0.18612880396319886, "XIZI": 0.024769992922859196, "XIIZ": 0.024769992922859196, "XIII": -0.18612880396319886, "IXZZ": 0.1408351026185421, "IXZI": 0.0035385704175513316, "IXIZ": 0.0035385704175513316, "IXII": 0.1408351026185421, "IIZZ": 1.0, "IIZI": -0.031847133757961776, "IIIZ": -0.031847133757961776, "IIII": 1.0, "XXYY": -0.2285916489738146, "XXYI": 0.07147912243453647, "XXIY": 0.0304317055909413, "XIYY": -0.10120311394196746, "XIYI": 0.02901627742392071, "XIIY": 0.002123142250530771, "IXYY": 0.12951167728237792, "IXYI": -0.0007077140835102802, "IXIY": -0.004953998584571823, "IIYY": 0.5824486907289455, "IIYI": -0.046001415428166936, "IIIY": 0.00920028308563342, "YYZZ": 0.39278131634819535, "YYZI": -0.009200283085633393, "YYIZ": -0.009200283085633393, "YYII": 0.39278131634819535, "YIZZ": 0.15782024062278835, "YIZI": 0.010615711252653953, "YIIZ": 0.010615711252653953, "YIII": 0.15782024062278835, "IYZZ": 0.48478414720452934, "IYZI": 0.031847133757961776, "IYIZ": 0.031847133757961776, "IYII": 0.48478414720452934, "YYXX": -0.28520877565463554, "YYXI": 0.014861995753715468, "YYIX": -0.019108280254777038, "YIXX": -0.13517338995046, "YIXI": 0.017692852087756478, "YIIX": -0.004953998584571767, "IYXX": -0.2653927813163482, "IYXI": 0.04033970276008492, "IYIX": 0.0007077140835102802, "IIXX": -0.5881104033970276, "IIXI": 0.04033970276008492, "IIIX": -0.027600849256900095, "ZZYY": 0.49610757254069354, "ZZYI": -0.02760084925690015, "ZZIY": -0.01486199575371544, "ZZII": 0.8428874734607219, "ZIYY": 0.5031847133757961, "ZIYI": 0.01344656758669488, "ZIIY": -0.01344656758669499, "ZIII": 0.8782731776362349, "IZYY": 0.4479830148619957, "IZYI": -0.016277423920736, "IZIY": -0.02052370842179757, "IZII": 0.7438075017692851, "ZZXX": -0.49186128803963197, "ZZXI": -0.02052370842179768, "ZZIX": 0.02335456475583869, "ZIXX": -0.524416135881104, "ZIXI": -0.04175513092710548, "ZIIX": 0.010615711252653925, "IZXX": -0.44656758669497526, "IZXI": -0.04883227176220811, "IZIX": 0.01769285208775656, "ZZZZ": 0.8414720452937013, "ZZZI": -0.050247699929228506, "ZZIZ": -0.050247699929228506, "ZIZZ": 0.883934890304317, "ZIZI": -0.038924274593064356, "ZIIZ": -0.038924274593064356, "IZZZ": 0.7508846426043878, "IZZI": -0.06440198159943378, "IZIZ": -0.06440198159943378, "XXXX": 0.2370842179759377, "XXXI": -0.00495399858457185, "XXIX": -0.023354564755838636, "XIXX": 0.07855626326963905, "XIXI": -0.013446567586694984, "XIIX": 0.036093418259023353, "IXXX": -0.11111111111111112, "IXXI": -0.03043170559094123, "IXIX": -0.012031139419674472, "YYYY": 0.2668082094833687, "YYYI": 0.0587402689313517, "YYIY": 0.05166312809624907, "YIYY": 0.1153573956121727, "YIYI": 0.03467799009200287, "YIIY": 0.03892427459306444, "IYYY": 0.2696390658174098, "IYYI": -0.0035385704175513177, "IYIY": 0.006369426751592383, "YZYZ": -0.03278688524590164, "YXYX": 0.15300546448087432, "XZXZ": -0.01092896174863388, "ZXZX": -0.02459016393442623, "ZYYZ": 0.03278688524590164, "XYYX": 0.1557377049180328, "ZYZY": 0.02185792349726776, "YZZY": -0.06557377049180328, "XZZX": -0.05191256830601093, "YXXY": 0.15027322404371585, "ZXXZ": 0.02185792349726776, "XYXY": 0.20491803278688525}