{"XXZZ": -0.4239207360226468, "XXZI": 0.055909412597310665, "XXIZ": 0.055909412597310665, "XXII": -0.4239207360226468, "XIZZ": -0.17197452229299368, "XIZI": -0.009200283085633393, "XIIZ": -0.009200283085633393, "XIII": -0.17197452229299368, "IXZZ": 0.13092710544939845, "IXZI": -0.003538570417551304, "IXIZ": -0.003538570417551304, "IXII": 0.13092710544939845, "IIZZ": 1.0, "IIZI": -0.04033970276008492, "IIIZ": -0.04033970276008492, "IIII": 1.0, "XXYY": -0.2073602264685067, "XXYI": 0.006369426751592383, "XXIY": -0.013446567586694963, "XIYY": -0.07006369426751594, "XIYI": 0.002123142250530778, "XIIY": 0.013446567586694942, "IXYY": 0.06157112526539277, "IXYI": 0.0035385704175513177, "IXIY": 0.031847133757961776, "IIYY": 0.5527246992215145, "IIYI": 0.024769992922859085, "IIIY": 0.033262561924982226, "YYZZ": 0.37013446567586694, "YYZI": -0.020523708421797626, "YYIZ": -0.020523708421797626, "YYII": 0.37013446567586694, "YIZZ": 0.13658881811748058, "YIZI": -0.030431705590941327, "YIIZ": -0.030431705590941327, "YIII": 0.13658881811748058, "IYZZ": 0.5258315640481246, "IYZI": -0.0573248407643312, "IYIZ": -0.0573248407643312, "IYII": 0.5258315640481246, "YYXX": -0.27105449398443027, "YYXI": 0.027600849256900206, "YYIX": -0.027600849256900206, "YIXX": -0.10828025477707014, "YIXI": -0.0021231422505307435, "YIIX": -0.043170559094125996, "IYXX": -0.34182590233545646, "IYXI": 0.05874026893135181, "IYIX": -0.06723283793347495, "IIXX": -0.6234961075725407, "IIXI": 0.05449398443029013, "IIIX": -0.012031139419674486, "ZZYY": 0.4932767162066526, "ZZYI": -0.06581740976645434, "ZZIY": -0.009200283085633393, "ZZII": 0.8471337579617835, "ZIYY": 0.5159235668789808, "ZIYI": -0.06581740976645428, "ZIIY": -0.00353857041755129, "ZIII": 0.881104033970276, "IZYY": 0.43382873319179055, "IZYI": -0.07147912243453636, "IZIY": -0.009200283085633365, "IZII": 0.7423920736022647, "ZZXX": -0.5244161358811041, "ZZXI": -0.03043170559094127, "ZZIX": 0.0360934182590234, "ZIXX": -0.530077848549186, "ZIXI": -0.019108280254777066, "ZIIX": 0.038924274593064356, "IZXX": -0.46213729653220104, "IZXI": -0.019108280254777066, "IZIX": 0.027600849256900234, "ZZZZ": 0.8443029016277424, "ZZZI": -0.04600141542816699, "ZZIZ": -0.04600141542816699, "ZIZZ": 0.8825194621372965, "ZIZI": -0.05024769992922856, "ZIIZ": -0.05024769992922856, "IZZZ": 0.7381457891012031, "IZZI": -0.05590941259731069, "IZIZ": -0.05590941259731069, "XXXX": 0.24416135881104037, "XXXI": -0.019108280254777038, "XXIX": 0.019108280254777038, "XIXX": 0.07572540693559801, "XIXI": -0.023354564755838608, "XIIX": 0.05732484076433117, "IXXX": -0.0983722576079264, "IXXI": 0.014861995753715482, "IXIX": -0.02901627742392071, "YYYY": 0.20877565463552727, "YYYI": -0.04458598726114649, "YYIY": 0.006369426751592355, "YIYY": 0.10969568294409061, "YIYI": -0.047416843595187566, "YIIY": -0.021939136588818117, "IYYY": 0.2384996461429582, "IYYI": -0.04600141542816699, "IYIY": -0.040339702760084875, "YZYZ": 0.08196721311475409, "YXYX": 0.16393442622950818, "XZXZ": -0.03551912568306011, "ZXZX": 0.02185792349726776, "ZYYZ": 0.02459016393442623, "XYYX": 0.16666666666666666, "ZYZY": -0.02185792349726776, "YZZY": -0.03278688524590164, "XZZX": 0.01912568306010929, "YXXY": 0.1557377049180328, "ZXXZ": -0.01912568306010929, "XYXY": 0.1885245901639344}