{"XXZZ": -0.3446567586694975, "XXZI": -0.016277423920736056, "XXIZ": -0.016277423920736056, "XXII": -0.3446567586694975, "XIZZ": -0.14083510261854215, "XIZI": 0.0007077140835102247, "XIIZ": 0.0007077140835102247, "XIII": -0.14083510261854215, "IXZZ": 0.13658881811748058, "IXZI": 0.017692852087756533, "IXIZ": 0.017692852087756533, "IXII": 0.13658881811748058, "IIZZ": 1.0, "IIZI": -0.04175513092710542, "IIIZ": -0.04175513092710542, "IIII": 1.0, "XXYY": -0.2031139419674452, "XXYI": -0.027600849256900206, "XXIY": -0.01344656758669499, "XIYY": -0.12101910828025474, "XIYI": -0.027600849256900192, "XIIY": -0.04741684359518751, "IXYY": 0.08846426043878274, "IXYI": 0.026185421089879674, "IXIY": 0.054493984430290146, "IIYY": 0.5442321302193913, "IIYI": 0.00353857041755129, "IIIY": 0.0261854210898797, "YYZZ": 0.40976645435244163, "YYZI": 0.04458598726114649, "YYIZ": 0.04458598726114649, "YYII": 0.40976645435244163, "YIZZ": 0.2186836518046709, "YIZI": 0.04600141542816702, "YIIZ": 0.04600141542816702, "YIII": 0.2186836518046709, "IYZZ": 0.4975230007077141, "IYZI": 0.03043170559094127, "IYIZ": 0.03043170559094127, "IYII": 0.4975230007077141, "YYXX": -0.22151450813871193, "YYXI": 0.004953998584571823, "YYIX": -0.014861995753715482, "YIXX": -0.08138711960368011, "YIXI": -0.00495399858457185, "YIIX": 0.023354564755838643, "IYXX": -0.3092710544939844, "IYXI": 0.004953998584571795, "IYIX": -0.012031139419674458, "IIXX": -0.5937721160651097, "IIXI": 0.02335456475583869, "IIIX": -0.01910828025477712, "ZZYY": 0.4861995753715499, "ZZYI": -0.007784854918612971, "ZZIY": -0.004953998584571878, "ZZII": 0.8485491861288039, "ZIYY": 0.4932767162066525, "ZIYI": -0.023354564755838636, "ZIIY": 0.013446567586694935, "ZIII": 0.883934890304317, "IZYY": 0.4154281670205237, "IZYI": -0.010615711252653981, "IZIY": -0.0021231422505308406, "IZII": 0.7494692144373674, "ZZXX": -0.5060155697098372, "ZZXI": 0.01627742392073589, "ZZIX": 0.006369426751592411, "ZIXX": -0.5314932767162066, "ZIXI": 0.03043170559094127, "ZIIX": -0.01344656758669499, "IZXX": -0.4536447275300779, "IZXI": 0.017692852087756505, "IZIX": 0.010615711252653925, "ZZZZ": 0.8527954706298655, "ZZZI": -0.07855626326963905, "ZZIZ": -0.07855626326963905, "ZIZZ": 0.8782731776362349, "ZIZI": -0.08704883227176224, "ZIIZ": -0.08704883227176224, "IZZZ": 0.759377211606511, "IZZI": -0.08138711960368017, "IZIZ": -0.08138711960368017, "XXXX": 0.2526539278131634, "XXXI": 0.0007077140835102524, "XXIX": -0.031847133757961804, "XIXX": 0.0587402689313517, "XIXI": -0.034677990092002786, "XIIX": 0.02052370842179757, "IXXX": -0.10686482661004953, "IXXI": -0.01627742392073603, "IXIX": 0.00495399858457185, "YYYY": 0.23425336164189667, "YYYI": 0.02476999292285917, "YYIY": 0.031847133757961804, "YIYY": 0.1266808209483369, "YIYI": 0.02476999292285917, "YIIY": -0.019108280254777045, "IYYY": 0.26822363765038926, "IYYI": -0.014861995753715468, "IYIY": -0.007784854918612832, "YZYZ": -0.02185792349726776, "YXYX": 0.12295081967213115, "XZXZ": -0.07103825136612021, "ZXZX": -0.00273224043715847, "ZYYZ": 0.02185792349726776, "XYYX": 0.2185792349726776, "ZYZY": 0.01366120218579235, "YZZY": 0.09289617486338798, "XZZX": -0.01912568306010929, "YXXY": 0.21584699453551912, "ZXXZ": 0.00273224043715847, "XYXY": 0.1885245901639344}