{"XXZZ": -0.35739561217268223, "XXZI": -0.004953998584571823, "XXIZ": -0.004953998584571823, "XXII": -0.35739561217268223, "XIZZ": -0.15498938428874737, "XIZI": 0.04175513092710542, "XIIZ": 0.04175513092710542, "XIII": -0.15498938428874737, "IXZZ": 0.18612880396319892, "IXZI": -0.05590941259731068, "IXIZ": -0.05590941259731068, "IXII": 0.18612880396319892, "IIZZ": 1.0, "IIZI": -0.04317055909412604, "IIIZ": -0.04317055909412604, "IIII": 1.0, "XXYY": -0.21160651096956828, "XXYI": -0.0205237084217976, "XXIY": -0.026185421089879687, "XIYY": -0.05449398443029013, "XIYI": -0.013446567586694963, "XIIY": 0.0035385704175513177, "IXYY": 0.09554140127388533, "IXYI": 0.02901627742392071, "IXIY": 0.0007077140835102316, "IIYY": 0.5527246992215145, "IIYI": 0.002123142250530785, "IIIY": 0.002123142250530785, "YYZZ": 0.41259731068648264, "YYZI": -0.009200283085633365, "YYIZ": -0.009200283085633365, "YYII": 0.41259731068648264, "YIZZ": 0.16914366595895258, "YIZI": 0.010615711252653925, "YIIZ": 0.010615711252653925, "YIII": 0.16914366595895258, "IYZZ": 0.4791224345364472, "IYZI": -0.002123142250530785, "IYIZ": -0.002123142250530785, "IYII": 0.4791224345364472, "YYXX": -0.23283793347487616, "YYXI": -0.06864826610049538, "YYIX": 0.0205237084217976, "YIXX": -0.09554140127388532, "YIXI": -0.027600849256900192, "YIIX": 0.0021231422505307435, "IYXX": -0.27105449398443027, "IYXI": -0.024769992922859113, "IYIX": -0.012031139419674514, "IIXX": -0.5640481245576786, "IIXI": -0.05166312809624918, "IIIX": 0.07147912243453647, "ZZYY": 0.44515215852795476, "ZZYI": -0.05024769992922862, "ZZIY": -0.016277423920736056, "ZZII": 0.8726114649681529, "ZIYY": 0.4762915782024062, "ZIYI": -0.024769992922859196, "ZIIY": -0.010615711252653953, "ZIII": 0.9065817409766453, "IZYY": 0.42250530785562634, "IZYI": -0.05024769992922862, "IZIY": -0.02193913658881813, "IZII": 0.7990092002830856, "ZZXX": -0.5215852795470629, "ZZXI": 0.0007077140835102247, "ZZIX": 0.012031139419674486, "ZIXX": -0.5300778485491862, "ZIXI": 0.02052370842179757, "ZIIX": -0.00778485491861286, "IZXX": -0.44090587402689313, "IZXI": 0.00495399858457185, "IZIX": 0.01910828025477701, "ZZZZ": 0.8570417551309271, "ZZZI": -0.006369426751592411, "ZZIZ": -0.006369426751592411, "ZIZZ": 0.8980891719745223, "ZIZI": -0.01910828025477701, "ZIIZ": -0.01910828025477701, "IZZZ": 0.7636234961075725, "IZZI": -0.02901627742392071, "IZIZ": -0.02901627742392071, "XXXX": 0.2130219391365888, "XXXI": 0.010615711252653925, "XXIX": -0.014861995753715496, "XIXX": 0.07997169143665957, "XIXI": 0.0389242745930644, "XIIX": -0.029016277423920725, "IXXX": -0.10403397027600848, "IXXI": 0.013446567586694977, "IXIX": 0.016277423920736014, "YYYY": 0.2016985138004246, "YYYI": 0.007784854918612888, "YYIY": -0.004953998584571823, "YIYY": 0.09978768577494693, "YIYI": -0.03184713375796176, "YIIY": -0.03892427459306441, "IYYY": 0.2625619249823072, "IYYI": -0.03609341825902335, "IYIY": -0.051663128096249136, "YZYZ": 0.01912568306010929, "YXYX": 0.20491803278688525, "XZXZ": -0.00819672131147541, "ZXZX": 0.01092896174863388, "ZYYZ": -0.00546448087431694, "XYYX": 0.20765027322404372, "ZYZY": 0.03278688524590164, "YZZY": -0.00546448087431694, "XZZX": 0.06284153005464481, "YXXY": 0.14754098360655737, "ZXXZ": -0.02459016393442623, "XYXY": 0.1885245901639344}