{"XXZZ": -0.3857041755130927, "XXZI": 0.03326256192498228, "XXIZ": 0.03326256192498228, "XXII": -0.3857041755130927, "XIZZ": -0.13375796178343946, "XIZI": -0.029016277423920767, "XIIZ": -0.029016277423920767, "XIII": -0.13375796178343946, "IXZZ": 0.15923566878980894, "IXZI": 0.012031139419674458, "IXIZ": 0.012031139419674458, "IXII": 0.15923566878980894, "IIZZ": 1.0, "IIZI": -0.05590941259731069, "IIIZ": -0.05590941259731069, "IIII": 1.0, "XXYY": -0.22009907997169142, "XXYI": 0.038924274593064356, "XXIY": 0.014861995753715482, "XIYY": -0.07430997876857753, "XIYI": -0.004953998584571892, "XIIY": -0.0035385704175513663, "IXYY": 0.09695682944090589, "IXYI": -0.026185421089879674, "IXIY": -0.03326256192498228, "IIYY": 0.5711252653927813, "IIYI": -0.03609341825902335, "IIIY": -0.0007077140835102247, "YYZZ": 0.39419674451521586, "YYZI": -0.02476999292285914, "YYIZ": -0.02476999292285914, "YYII": 0.39419674451521586, "YIZZ": 0.1917905166312809, "YIZI": -0.051663128096249095, "YIIZ": -0.051663128096249095, "YIII": 0.1917905166312809, "IYZZ": 0.5031847133757962, "IYZI": -0.04033970276008492, "IYIZ": -0.04033970276008492, "IYII": 0.5031847133757962, "YYXX": -0.23283793347487614, "YYXI": -0.012031139419674458, "YYIX": 0.0049539985845718365, "YIXX": -0.12384996461429584, "YIXI": 0.0488322717622081, "YIIX": -0.04741684359518761, "IYXX": -0.2781316348195329, "IYXI": 0.03043170559094127, "IYIX": -0.029016277423920725, "IIXX": -0.5796178343949044, "IIXI": -0.01344656758669499, "IIIX": -0.010615711252653925, "ZZYY": 0.4578910120311394, "ZZYI": 0.03892427459306441, "ZZIY": 0.010615711252653981, "ZZII": 0.8400566171266808, "ZIYY": 0.4819532908704883, "ZIYI": 0.04883227176220806, "ZIIY": 0.017692852087756505, "ZIII": 0.8782731776362349, "IZYY": 0.4041047416843595, "IZYI": 0.04741684359518761, "IZIY": 0.019108280254777094, "IZII": 0.7409766454352442, "ZZXX": -0.4833687190375089, "ZZXI": 0.0007077140835102247, "ZZIX": -0.031847133757961776, "ZIXX": -0.49327671620665253, "ZIXI": 0.01344656758669499, "ZIIX": -0.01910828025477701, "IZXX": -0.4295824486907289, "IZXI": 0.00920028308563342, "IZIX": -0.029016277423920794, "ZZZZ": 0.8499646142958245, "ZZZI": -0.04458598726114649, "ZZIZ": -0.04458598726114649, "ZIZZ": 0.8952583156404812, "ZIZI": -0.027600849256900206, "ZIIZ": -0.027600849256900206, "IZZZ": 0.759377211606511, "IZZI": -0.05874026893135176, "IZIZ": -0.05874026893135176, "XXXX": 0.2625619249823071, "XXXI": -0.009200283085633393, "XXIX": 0.036093418259023374, "XIXX": 0.0686482661004954, "XIXI": 0.006369426751592348, "XIIX": -0.03326256192498229, "IXXX": -0.09412597310686485, "IXXI": -0.05166312809624912, "IXIX": 0.04175513092710545, "YYYY": 0.22292993630573243, "YYYI": -0.05874026893135176, "YYIY": -0.04458598726114649, "YIYY": 0.07006369426751594, "YIYI": -0.02476999292285917, "YIIY": 0.014861995753715523, "IYYY": 0.20169851380042464, "IYYI": -0.023354564755838664, "IYIY": -0.0035385704175513316, "YZYZ": -0.1092896174863388, "YXYX": 0.1092896174863388, "XZXZ": -0.01639344262295082, "ZXZX": 0.0, "ZYYZ": 0.0273224043715847, "XYYX": 0.16939890710382513, "ZYZY": 0.01639344262295082, "YZZY": 0.02459016393442623, "XZZX": -0.07650273224043716, "YXXY": 0.10382513661202186, "ZXXZ": 0.02185792349726776, "XYXY": 0.21584699453551912}