{"XXZZ": -0.32767162066525124, "XXZI": -0.014861995753715496, "XXIZ": -0.014861995753715496, "XXII": -0.32767162066525124, "XIZZ": -0.12243453644727537, "XIZI": -0.016277423920736, "XIIZ": -0.016277423920736, "XIII": -0.12243453644727537, "IXZZ": 0.12101910828025478, "IXZI": 0.06015569709837226, "IXIZ": 0.06015569709837226, "IXII": 0.12101910828025478, "IIZZ": 1.0, "IIZI": -0.03184713375796189, "IIIZ": -0.03184713375796189, "IIII": 1.0, "XXYY": -0.23283793347487616, "XXYI": 0.010615711252653898, "XXIY": -0.014861995753715523, "XIYY": -0.046001415428167, "XIYI": -0.009200283085633379, "XIIY": -0.0007077140835102594, "IXYY": 0.05732484076433121, "IXYI": -0.021939136588818117, "IXIY": -0.021939136588818114, "IIYY": 0.5555555555555556, "IIYI": 0.014861995753715496, "IIIY": -0.007784854918612805, "YYZZ": 0.4281670205237084, "YYZI": 0.024769992922859196, "YYIZ": 0.024769992922859196, "YYII": 0.4281670205237084, "YIZZ": 0.14083510261854207, "YIZI": 0.0205237084217976, "YIIZ": 0.0205237084217976, "YIII": 0.14083510261854207, "IYZZ": 0.4692144373673036, "IYZI": 0.00920028308563342, "IYIZ": 0.00920028308563342, "IYII": 0.4692144373673036, "YYXX": -0.24699221514508143, "YYXI": -0.023354564755838664, "YYIX": 0.02193913658881816, "YIXX": -0.11394196744515214, "YIXI": 0.004953998584571878, "YIIX": 0.004953998584571767, "IYXX": -0.26539278131634825, "IYXI": -0.02760084925690018, "IYIX": 0.012031139419674403, "IIXX": -0.5626326963906582, "IIXI": -0.05024769992922856, "IIIX": 0.023354564755838636, "ZZYY": 0.5230007077140835, "ZZYI": -0.016277423920736, "ZZIY": -0.01910828025477712, "ZZII": 0.8655343241330502, "ZIYY": 0.5357395612172682, "ZIYI": -0.012031139419674486, "ZIIY": -0.029016277423920656, "ZIII": 0.8754423213021939, "IZYY": 0.4607218683651806, "IZYI": -0.019108280254777066, "IZIY": -0.024769992922859196, "IZII": 0.7551309271054495, "ZZXX": -0.43524416135881105, "ZZXI": 0.01769285208775656, "ZZIX": -0.027600849256900234, "ZIXX": -0.4409058740268931, "ZIXI": 0.017692852087756505, "ZIIX": -0.027600849256900206, "IZXX": -0.3616418966737438, "IZXI": 0.01203113941967443, "IZIX": -0.021939136588818103, "ZZZZ": 0.8669497523000708, "ZZZI": -0.03326256192498234, "ZZIZ": -0.03326256192498234, "ZIZZ": 0.8938428874734607, "ZIZI": -0.05166312809624912, "ZIIZ": -0.05166312809624912, "IZZZ": 0.7806086341118188, "IZZI": -0.05166312809624918, "IZIZ": -0.05166312809624918, "XXXX": 0.2257607926397735, "XXXI": 0.01910828025477701, "XXIX": -0.07289455060155696, "XIXX": 0.08280254777070065, "XIXI": 0.009200283085633393, "XIIX": -0.040339702760084896, "IXXX": -0.10686482661004955, "IXXI": -0.013446567586694949, "IXIX": 0.05307855626326961, "YYYY": 0.21443736730360935, "YYYI": 0.021939136588818103, "YYIY": 0.002123142250530771, "YIYY": 0.05590941259731069, "YIYI": -0.006369426751592411, "YIIY": -0.03184713375796183, "IYYY": 0.2328379334748762, "IYYI": 0.00353857041755129, "IYIY": -0.030431705590941258, "YZYZ": 0.03551912568306011, "YXYX": 0.11748633879781421, "XZXZ": 0.0, "ZXZX": 0.01092896174863388, "ZYYZ": 0.01912568306010929, "XYYX": 0.18579234972677597, "ZYZY": 0.01912568306010929, "YZZY": -0.01366120218579235, "XZZX": 0.00273224043715847, "YXXY": 0.11748633879781421, "ZXXZ": 0.00819672131147541, "XYXY": 0.1912568306010929}