{"XXZZ": -0.4083510261854211, "XXZI": -0.019108280254777094, "XXIZ": -0.019108280254777094, "XXII": -0.4083510261854211, "XIZZ": -0.1691436659589526, "XIZI": -0.04033970276008483, "XIIZ": -0.04033970276008483, "XIII": -0.1691436659589526, "IXZZ": 0.1804670912951168, "IXZI": 0.006369426751592369, "IXIZ": 0.006369426751592369, "IXII": 0.1804670912951168, "IIZZ": 1.0, "IIZI": -0.04033970276008492, "IIIZ": -0.04033970276008492, "IIII": 1.0, "XXYY": -0.23142250530785563, "XXYI": -0.020523708421797626, "XXIY": 0.030431705590941216, "XIYY": -0.08280254777070067, "XIYI": -0.027600849256900206, "XIIY": -0.027600849256900213, "IXYY": 0.1380042462845011, "IXYI": 0.02335456475583865, "IXIY": 0.043170559094125996, "IIYY": 0.5612172682236376, "IIYI": 0.0587402689313517, "IIIY": 0.00495399858457185, "YYZZ": 0.4168435951875442, "YYZI": -0.004953998584571823, "YYIZ": -0.004953998584571823, "YYII": 0.4168435951875442, "YIZZ": 0.1861288039631988, "YIZI": 0.00778485491861286, "YIIZ": 0.00778485491861286, "YIII": 0.1861288039631988, "IYZZ": 0.5031847133757962, "IYZI": 0.038924274593064384, "IYIZ": 0.038924274593064384, "IYII": 0.5031847133757962, "YYXX": -0.2469922151450814, "YYXI": 0.07997169143665955, "YYIX": -0.02193913658881809, "YIXX": -0.11535739561217268, "YIXI": 0.03892427459306441, "YIIX": 0.010615711252653925, "IYXX": -0.25831564048124567, "IYXI": 0.02901627742392071, "IYIX": -0.0021231422505307573, "IIXX": -0.5654635527246992, "IIXI": 0.007784854918612916, "IIIX": -0.006369426751592355, "ZZYY": 0.5300778485491862, "ZZYI": -0.02901627742392071, "ZZIY": 0.02193913658881813, "ZZII": 0.8641188959660298, "ZIYY": 0.518754423213022, "ZIYI": -0.009200283085633476, "ZIIY": 0.016277423920735945, "ZIII": 0.8499646142958245, "IZYY": 0.43665958952583167, "IZYI": -0.01203113941967443, "IZIY": 0.02193913658881813, "IZII": 0.7254069355980184, "ZZXX": -0.5088464260438783, "ZZXI": 0.04175513092710548, "ZZIX": -0.04033970276008492, "ZIXX": -0.5329087048832271, "ZIXI": 0.02052370842179757, "ZIIX": -0.01910828025477712, "IZXX": -0.4394904458598726, "IZXI": 0.037508846426043796, "IZIX": -0.038924274593064356, "ZZZZ": 0.8443029016277424, "ZZZI": -0.02760084925690026, "ZZIZ": -0.02760084925690026, "ZIZZ": 0.883934890304317, "ZIZI": -0.024769992922859196, "ZIIZ": -0.024769992922859196, "IZZZ": 0.7508846426043878, "IZZI": -0.05024769992922856, "IZIZ": -0.05024769992922856, "XXXX": 0.26397735314932763, "XXXI": 0.019108280254777066, "XXIX": 0.0007077140835102802, "XIXX": 0.10120311394196749, "XIXI": -0.019108280254777087, "XIIX": 0.04458598726114652, "IXXX": -0.10969568294409057, "IXXI": -0.017692852087756512, "IXIX": -0.00212314225053082, "YYYY": 0.3036093418259023, "YYYI": 0.016277423920736, "YYIY": 0.00778485491861286, "YIYY": 0.11252653927813164, "YIYI": -0.002123142250530785, "YIIY": 0.00353857041755129, "IYYY": 0.2795470629865534, "IYYI": -0.016277423920736056, "IYIY": 0.014861995753715496, "YZYZ": 0.01092896174863388, "YXYX": 0.14207650273224043, "XZXZ": -0.04371584699453552, "ZXZX": -0.09289617486338798, "ZYYZ": 0.09016393442622951, "XYYX": 0.16393442622950818, "ZYZY": 0.030054644808743168, "YZZY": 0.040983606557377046, "XZZX": -0.0273224043715847, "YXXY": 0.14754098360655737, "ZXXZ": 0.00819672131147541, "XYXY": 0.20765027322404372}