{"XXZZ": -0.36588818117480537, "XXZI": 0.012031139419674375, "XXIZ": 0.012031139419674375, "XXII": -0.36588818117480537, "XIZZ": -0.17763623496107572, "XIZI": -0.017692852087756505, "XIIZ": -0.017692852087756505, "XIII": -0.17763623496107572, "IXZZ": 0.18612880396319886, "IXZI": 0.0035385704175513594, "IXIZ": 0.0035385704175513594, "IXII": 0.18612880396319886, "IIZZ": 1.0, "IIZI": -0.04033970276008492, "IIIZ": -0.04033970276008492, "IIII": 1.0, "XXYY": -0.191790516631281, "XXYI": 0.00495399858457185, "XXIY": 0.00495399858457185, "XIYY": -0.0658174097664544, "XIYI": 0.014861995753715496, "XIIY": -0.027600849256900206, "IXYY": 0.08138711960368013, "IXYI": -0.002123142250530785, "IXIY": -0.004953998584571823, "IIYY": 0.5329087048832272, "IIYI": -0.034677990092002786, "IIIY": -0.051663128096249095, "YYZZ": 0.35031847133757965, "YYZI": 0.036093418259023374, "YYIZ": 0.036093418259023374, "YYII": 0.35031847133757965, "YIZZ": 0.13517338995046, "YIZI": 0.004953998584571823, "YIIZ": 0.004953998584571823, "YIII": 0.13517338995046, "IYZZ": 0.48761500353857046, "IYZI": 0.031847133757961804, "IYIZ": 0.031847133757961804, "IYII": 0.48761500353857046, "YYXX": -0.2356687898089172, "YYXI": -0.01769285208775656, "YYIX": 0.041755130927105436, "YIXX": -0.09412597310686482, "YIXI": 0.027600849256900234, "YIIX": -0.014861995753715523, "IYXX": -0.2484076433121019, "IYXI": 0.0007077140835102802, "IYIX": -0.016277423920736014, "IIXX": -0.5937721160651097, "IIXI": -0.010615711252653925, "IIIX": 0.012031139419674375, "ZZYY": 0.4861995753715499, "ZZYI": -0.01910828025477712, "ZZIY": -0.0304317055909413, "ZZII": 0.8655343241330502, "ZIYY": 0.4805378627034678, "ZIYI": 0.0007077140835102802, "ZIIY": 0.01769285208775656, "ZIII": 0.8825194621372965, "IZYY": 0.4479830148619957, "IZYI": -0.02335456475583869, "IZIY": -0.00920028308563342, "IZII": 0.7622080679405521, "ZZXX": -0.44939844302901627, "ZZXI": -0.00920028308563331, "ZZIX": 0.02193913658881802, "ZIXX": -0.47770700636942676, "ZIXI": 0.01061571125265387, "ZIIX": -0.0035385704175512622, "IZXX": -0.4182590233545648, "IZXI": 0.00778485491861286, "IZIX": 0.0021231422505307573, "ZZZZ": 0.8726114649681529, "ZZZI": -0.0686482661004954, "ZZIZ": -0.0686482661004954, "ZIZZ": 0.8910120311394198, "ZIZI": -0.07572540693559798, "ZIIZ": -0.07572540693559798, "IZZZ": 0.7749469214437368, "IZZI": -0.08987968860580325, "IZIZ": -0.08987968860580325, "XXXX": 0.22151450813871193, "XXXI": -0.010615711252653953, "XXIX": -0.02193913658881809, "XIXX": 0.07997169143665962, "XIXI": -0.04175513092710546, "XIIX": 0.02901627742392078, "IXXX": -0.09271054493984429, "IXXI": 0.09129511677282379, "IXIX": -0.053078556263269655, "YYYY": 0.19886765746638355, "YYYI": 0.004953998584571823, "YYIY": -0.0035385704175513177, "YIYY": 0.09412597310686487, "YIYI": 0.010615711252653912, "YIIY": 0.016277423920736014, "IYYY": 0.2384996461429582, "IYYI": -0.037508846426043824, "IYIY": 0.010615711252653925, "YZYZ": 0.01366120218579235, "YXYX": 0.15846994535519127, "XZXZ": -0.07923497267759563, "ZXZX": 0.01092896174863388, "ZYYZ": -0.0546448087431694, "XYYX": 0.12295081967213115, "ZYZY": -0.03278688524590164, "YZZY": 0.01639344262295082, "XZZX": -0.01092896174863388, "YXXY": 0.1366120218579235, "ZXXZ": 0.01912568306010929, "XYXY": 0.11202185792349727}