{"XXZZ": -0.35173389950460016, "XXZI": -0.00920028308563342, "XXIZ": -0.00920028308563342, "XXII": -0.35173389950460016, "XIZZ": -0.18754423213021942, "XIZI": -0.009200283085633365, "XIIZ": -0.009200283085633365, "XIII": -0.18754423213021942, "IXZZ": 0.12526539278131638, "IXZI": 0.01486199575371551, "IXIZ": 0.01486199575371551, "IXII": 0.12526539278131638, "IIZZ": 1.0, "IIZI": -0.03326256192498228, "IIIZ": -0.03326256192498228, "IIII": 1.0, "XXYY": -0.2427459306440198, "XXYI": 0.010615711252653953, "XXIY": 0.036093418259023374, "XIYY": -0.09978768577494693, "XIYI": 0.02618542108987973, "XIIY": 0.006369426751592383, "IXYY": 0.13517338995046, "IXYI": -0.01910828025477708, "IXIY": -0.021939136588818124, "IIYY": 0.5385704175513093, "IIYI": 0.019108280254777066, "IIIY": -0.006369426751592355, "YYZZ": 0.3970276008492569, "YYZI": -0.012031139419674403, "YYIZ": -0.012031139419674403, "YYII": 0.3970276008492569, "YIZZ": 0.14366595895258313, "YIZI": 0.0063694267515924385, "YIIZ": 0.0063694267515924385, "YIII": 0.14366595895258313, "IYZZ": 0.47487615003538575, "IYZI": 0.0035385704175513177, "IYIZ": 0.0035385704175513177, "IYII": 0.47487615003538575, "YYXX": -0.2271762208067941, "YYXI": -0.05024769992922859, "YYIX": 0.03609341825902332, "YIXX": -0.08987968860580324, "YIXI": -0.043170559094125996, "YIIX": 0.07147912243453645, "IYXX": -0.30785562632696395, "IYXI": -0.057324840764331225, "IYIX": 0.08280254777070065, "IIXX": -0.5583864118895966, "IIXI": -0.0587402689313517, "IIIX": 0.03609341825902335, "ZZYY": 0.4819532908704883, "ZZYI": -0.023354564755838636, "ZZIY": -0.0035385704175512345, "ZZII": 0.8669497523000708, "ZIYY": 0.4904458598726115, "ZIYI": 0.0021231422505308406, "ZIIY": 0.03892427459306441, "ZIII": 0.8697806086341118, "IZYY": 0.43099787685774954, "IZYI": -0.0007077140835102802, "IZIY": 0.02193913658881813, "IZII": 0.7508846426043878, "ZZXX": -0.4564755838641189, "ZZXI": 0.00353857041755129, "ZZIX": -0.006369426751592383, "ZIXX": -0.4833687190375089, "ZIXI": 0.002123142250530674, "ZIIX": -0.0021231422505307296, "IZXX": -0.38995046001415434, "IZXI": -0.006369426751592355, "IZIX": 0.009200283085633365, "ZZZZ": 0.8457183297947629, "ZZZI": -0.019108280254777066, "ZZIZ": -0.019108280254777066, "ZIZZ": 0.8825194621372965, "ZIZI": -0.010615711252653981, "ZIIZ": -0.010615711252653981, "IZZZ": 0.7395612172682237, "IZZI": -0.020523708421797515, "IZIZ": -0.020523708421797515, "XXXX": 0.21019108280254775, "XXXI": 0.0035385704175513177, "XXIX": -0.007784854918612888, "XIXX": 0.10686482661004951, "XIXI": 0.019108280254777094, "XIIX": 0.002123142250530806, "IXXX": -0.10261854210898796, "IXXI": -0.017692852087756533, "IXIX": -0.0007077140835102871, "YYYY": 0.20877565463552722, "YYYI": -0.010615711252653925, "YYIY": -0.012031139419674444, "YIYY": 0.09412597310686488, "YIYI": -0.00920028308563342, "YIIY": -0.019108280254777107, "IYYY": 0.2668082094833687, "IYYI": -0.006369426751592383, "IYIY": 0.0063694267515923275, "YZYZ": 0.01092896174863388, "YXYX": 0.13387978142076504, "XZXZ": 0.03825136612021858, "ZXZX": 0.02459016393442623, "ZYYZ": -0.00819672131147541, "XYYX": 0.23770491803278687, "ZYZY": 0.00273224043715847, "YZZY": -0.040983606557377046, "XZZX": 0.02459016393442623, "YXXY": 0.15027322404371585, "ZXXZ": 0.03278688524590164, "XYXY": 0.24043715846994534}