{"XXZZ": -0.39136588818117485, "XXZI": -0.02193913658881813, "XXIZ": -0.02193913658881813, "XXII": -0.39136588818117485, "XIZZ": -0.1663128096249115, "XIZI": -0.0205237084217976, "XIIZ": -0.0205237084217976, "XIII": -0.1663128096249115, "IXZZ": 0.12951167728237792, "IXZI": 0.023354564755838636, "IXIZ": 0.023354564755838636, "IXII": 0.12951167728237792, "IIZZ": 1.0, "IIZI": -0.06015569709837232, "IIIZ": -0.06015569709837232, "IIII": 1.0, "XXYY": -0.18895966029723987, "XXYI": 0.030431705590941244, "XXIY": -0.0007077140835102663, "XIYY": -0.10544939844302904, "XIYI": 0.006369426751592369, "XIIY": 0.006369426751592397, "IXYY": 0.08704883227176219, "IXYI": 0.02618542108987968, "IXIY": 0.014861995753715489, "IIYY": 0.5470629865534324, "IIYI": 0.004953998584571906, "IIIY": 0.019108280254777066, "YYZZ": 0.4267515923566879, "YYZI": 0.000707714083510308, "YYIZ": 0.000707714083510308, "YYII": 0.4267515923566879, "YIZZ": 0.16065109695682944, "YIZI": -0.02476999292285914, "YIIZ": -0.02476999292285914, "YIII": 0.16065109695682944, "IYZZ": 0.48478414720452934, "IYZI": 0.007784854918612943, "IYIZ": 0.007784854918612943, "IYII": 0.48478414720452934, "YYXX": -0.1875442321302194, "YYXI": -0.014861995753715523, "YYIX": 0.002123142250530813, "YIXX": -0.09554140127388536, "YIXI": -0.02760084925690026, "YIIX": 0.0035385704175513455, "IYXX": -0.2724699221514508, "IYXI": 0.00495399858457185, "IYIX": -0.0035385704175513455, "IIXX": -0.5371549893842887, "IIXI": 0.00920028308563342, "IIIX": 0.014861995753715496, "ZZYY": 0.4819532908704883, "ZZYI": 0.03609341825902335, "ZZIY": 0.029016277423920767, "ZZII": 0.8740268931351733, "ZIYY": 0.46638358103326255, "ZIYI": 0.0261854210898797, "ZIIY": 0.02760084925690026, "ZIII": 0.8782731776362349, "IZYY": 0.4281670205237085, "IZYI": 0.024769992922859196, "IZIY": 0.01769285208775659, "IZII": 0.7692852087756546, "ZZXX": -0.4593064401981599, "ZZXI": 0.013446567586694935, "ZZIX": -0.002123142250530785, "ZIXX": -0.46779900920028306, "ZIXI": 0.0360934182590234, "ZIIX": -0.010615711252654009, "IZXX": -0.40268931351733894, "IZXI": 0.019108280254777066, "IZIX": 0.009200283085633393, "ZZZZ": 0.8598726114649682, "ZZZI": -0.06157112526539277, "ZZIZ": -0.06157112526539277, "ZIZZ": 0.8839348903043169, "ZIZI": -0.0884642604387827, "ZIIZ": -0.0884642604387827, "IZZZ": 0.7607926397735315, "IZZI": -0.06440198159943378, "IZIZ": -0.06440198159943378, "XXXX": 0.2484076433121019, "XXXI": 0.006369426751592355, "XXIX": -0.023354564755838678, "XIXX": 0.15782024062278835, "XIXI": -0.027600849256900234, "XIIX": 0.053078556263269655, "IXXX": -0.11677282377919322, "IXXI": 0.06015569709837228, "IXIX": -0.051663128096249136, "YYYY": 0.2059447983014862, "YYYI": 0.014861995753715496, "YYIY": -0.010615711252653925, "YIYY": 0.07997169143665961, "YIYI": -0.0007077140835102247, "YIIY": -0.014861995753715489, "IYYY": 0.28803963198867655, "IYYI": 0.009200283085633365, "IYIY": -0.007784854918612916, "YZYZ": 0.03278688524590164, "YXYX": 0.11475409836065574, "XZXZ": -0.00546448087431694, "ZXZX": -0.02459016393442623, "ZYYZ": -0.04371584699453552, "XYYX": 0.1885245901639344, "ZYZY": -0.07650273224043716, "YZZY": 0.06830601092896176, "XZZX": -0.00273224043715847, "YXXY": 0.1830601092896175, "ZXXZ": -0.040983606557377046, "XYXY": 0.11475409836065574}