{"XXZZ": -0.3772116065109696, "XXZI": -0.01769285208775656, "XXIZ": -0.01769285208775656, "XXII": -0.3772116065109696, "XIZZ": -0.17055909412597303, "XIZI": -0.020523708421797626, "XIIZ": -0.020523708421797626, "XIII": -0.17055909412597303, "IXZZ": 0.1535739561217268, "IXZI": -0.002123142250530813, "IXIZ": -0.002123142250530813, "IXII": 0.1535739561217268, "IIZZ": 1.0, "IIZI": -0.06157112526539277, "IIIZ": -0.06157112526539277, "IIII": 1.0, "XXYY": -0.1903750884642605, "XXYI": 0.03750884642604385, "XXIY": 0.04317055909412597, "XIYY": -0.10261854210898799, "XIYI": -0.01627742392073603, "XIIY": 0.003538570417551311, "IXYY": 0.09412597310686485, "IXYI": 0.007784854918612888, "IXIY": -0.0007077140835102524, "IIYY": 0.5414012738853503, "IIYI": -0.020523708421797626, "IIIY": -0.05449398443029016, "YYZZ": 0.44090587402689313, "YYZI": 0.00495399858457185, "YYIZ": 0.00495399858457185, "YYII": 0.44090587402689313, "YIZZ": 0.15640481245576787, "YIZI": 0.023354564755838636, "YIIZ": 0.023354564755838636, "YIII": 0.15640481245576787, "IYZZ": 0.48336871903750883, "IYZI": 0.00495399858457185, "IYIZ": 0.00495399858457185, "IYII": 0.48336871903750883, "YYXX": -0.251238499646143, "YYXI": 0.04458598726114646, "YYIX": -0.020523708421797543, "YIXX": -0.07430997876857748, "YIXI": 0.012031139419674458, "YIIX": -0.02476999292285917, "IYXX": -0.22717622080679406, "IYXI": 0.0063694267515923, "IYIX": -0.03326256192498228, "IIXX": -0.5343241330502477, "IIXI": 0.02760084925690026, "IIIX": -0.04033970276008497, "ZZYY": 0.4564755838641189, "ZZYI": 0.017692852087756505, "ZZIY": -0.012031139419674486, "ZZII": 0.8655343241330503, "ZIYY": 0.47912243453644726, "ZIYI": 0.01486199575371544, "ZIIY": -0.00920028308563342, "ZIII": 0.8825194621372965, "IZYY": 0.39561217268223636, "IZYI": 0.016277423920735945, "IZIY": -0.019108280254777066, "IZII": 0.759377211606511, "ZZXX": -0.4961075725406936, "ZZXI": 0.013446567586694935, "ZZIX": 0.004953998584571934, "ZIXX": -0.5329087048832272, "ZIXI": 0.024769992922859196, "ZIIX": -0.0007077140835103357, "IZXX": -0.45222929936305734, "IZXI": 0.03467799009200284, "IZIX": -0.010615711252653898, "ZZZZ": 0.8499646142958245, "ZZZI": -0.03892427459306447, "ZZIZ": -0.03892427459306447, "ZIZZ": 0.886765746638358, "ZIZI": -0.03609341825902329, "ZIIZ": -0.03609341825902329, "IZZZ": 0.7565463552724699, "IZZI": -0.05307855626326963, "IZIZ": -0.05307855626326963, "XXXX": 0.2045293701344657, "XXXI": 0.03326256192498234, "XXIX": 0.014861995753715482, "XIXX": 0.05590941259731072, "XIXI": -0.010615711252653898, "XIIX": 0.010615711252653898, "IXXX": -0.11535739561217269, "IXXI": -0.012031139419674472, "IXIX": -0.021939136588818117, "YYYY": 0.2356687898089172, "YYYI": -0.009200283085633393, "YYIY": 0.020523708421797612, "YIYY": 0.11252653927813164, "YIYI": -0.007784854918612888, "YIIY": -0.0035385704175513247, "IYYY": 0.24416135881104037, "IYYI": 0.013446567586695019, "IYIY": -0.013446567586694963, "YZYZ": -0.02185792349726776, "YXYX": 0.16666666666666666, "XZXZ": 0.04644808743169399, "ZXZX": 0.00273224043715847, "ZYYZ": 0.01912568306010929, "XYYX": 0.1721311475409836, "ZYZY": 0.0, "YZZY": -0.040983606557377046, "XZZX": -0.04918032786885246, "YXXY": 0.15027322404371585, "ZXXZ": -0.04644808743169399, "XYXY": 0.16393442622950818}