{"XXZZ": -0.39985845718329793, "XXZI": 0.006369426751592355, "XXIZ": 0.006369426751592355, "XXII": -0.39985845718329793, "XIZZ": -0.1493276716206652, "XIZI": -0.017692852087756533, "XIIZ": -0.017692852087756533, "XIII": -0.1493276716206652, "IXZZ": 0.16631280962491152, "IXZI": -0.016277423920736, "IXIZ": -0.016277423920736, "IXII": 0.16631280962491152, "IIZZ": 1.0, "IIZI": -0.0573248407643312, "IIIZ": -0.0573248407643312, "IIII": 1.0, "XXYY": -0.18754423213021942, "XXYI": 0.014861995753715496, "XXIY": 0.04033970276008492, "XIYY": -0.09271054493984435, "XIYI": -0.046001415428167075, "XIIY": -0.006369426751592397, "IXYY": 0.12951167728237795, "IXYI": 0.0035385704175513316, "IXIY": -0.02193913658881811, "IIYY": 0.5612172682236377, "IIYI": 0.002123142250530785, "IIIY": -0.0035385704175513455, "YYZZ": 0.44656758669497526, "YYZI": -0.02335456475583869, "YYIZ": -0.02335456475583869, "YYII": 0.44656758669497526, "YIZZ": 0.18612880396319886, "YIZI": -0.04033970276008492, "YIIZ": -0.04033970276008492, "YIII": 0.18612880396319886, "IYZZ": 0.47912243453644726, "IYZI": -0.01344656758669499, "IYIZ": -0.01344656758669499, "IYII": 0.47912243453644726, "YYXX": -0.22434536447275305, "YYXI": 0.034677990092002814, "YYIX": -0.02618542108987966, "YIXX": -0.07714083510261854, "YIXI": 0.006369426751592355, "YIIX": 0.004953998584571802, "IYXX": -0.2583156404812456, "IYXI": -0.03609341825902335, "IYIX": 0.03892427459306441, "IIXX": -0.5527246992215145, "IIXI": -0.013446567586695046, "IIIX": 0.00778485491861286, "ZZYY": 0.4508138711960368, "ZZYI": -0.006369426751592411, "ZZIY": 0.004953998584571823, "ZZII": 0.8358103326256192, "ZIYY": 0.47770700636942676, "ZIYI": 0.0035385704175513455, "ZIIY": 0.017692852087756505, "ZIII": 0.8711960368011323, "IZYY": 0.3984430290162775, "IZYI": 0.0035385704175513455, "IZIY": 0.014861995753715496, "IZII": 0.7381457891012032, "ZZXX": -0.46496815286624193, "ZZXI": -0.0063694267515923, "ZZIX": 0.013446567586694963, "ZIXX": -0.4748761500353857, "ZIXI": -0.00778485491861286, "ZIIX": 0.04317055909412587, "IZXX": -0.402689313517339, "IZXI": 0.0021231422505308406, "IZIX": 0.03609341825902329, "ZZZZ": 0.851380042462845, "ZZZI": -0.03184713375796183, "ZZIZ": -0.03184713375796183, "ZIZZ": 0.881104033970276, "ZIZI": -0.03326256192498228, "ZIIZ": -0.03326256192498228, "IZZZ": 0.7409766454352442, "IZZI": -0.03184713375796183, "IZIZ": -0.03184713375796183, "XXXX": 0.16631280962491152, "XXXI": -0.04175513092710542, "XXIX": 0.02618542108987966, "XIXX": 0.09412597310686481, "XIXI": 0.004953998584571809, "XIIX": 0.013446567586695005, "IXXX": -0.105449398443029, "IXXI": 0.029016277423920746, "IXIX": -0.0332625619249823, "YYYY": 0.21302193913658882, "YYYI": 0.019108280254777094, "YYIY": -0.021939136588818103, "YIYY": 0.06581740976645437, "YIYI": 0.019108280254777073, "YIIY": -0.024769992922859148, "IYYY": 0.2484076433121019, "IYYI": 0.02335456475583869, "IYIY": 0.010615711252653981, "YZYZ": 0.06557377049180328, "YXYX": 0.14207650273224043, "XZXZ": -0.03278688524590164, "ZXZX": 0.04371584699453552, "ZYYZ": 0.01092896174863388, "XYYX": 0.1830601092896175, "ZYZY": -0.0273224043715847, "YZZY": -0.01092896174863388, "XZZX": 0.02185792349726776, "YXXY": 0.09016393442622951, "ZXXZ": -0.01092896174863388, "XYXY": 0.21311475409836064}