{"XXZZ": -0.3517338995046001, "XXZI": -0.017692852087756533, "XXIZ": -0.017692852087756533, "XXII": -0.3517338995046001, "XIZZ": -0.19037508846426043, "XIZI": 0.021939136588818076, "XIIZ": 0.021939136588818076, "XIII": -0.19037508846426043, "IXZZ": 0.16206652512384995, "IXZI": -0.01061571125265394, "IXIZ": -0.01061571125265394, "IXII": 0.16206652512384995, "IIZZ": 1.0, "IIZI": -0.05307855626326963, "IIIZ": -0.05307855626326963, "IIII": 1.0, "XXYY": -0.17197452229299368, "XXYI": 0.013446567586694963, "XXIY": 0.017692852087756533, "XIYY": -0.05732484076433124, "XIYI": 0.029016277423920725, "XIIY": 0.010615711252653912, "IXYY": 0.1337579617834395, "IXYI": -0.023354564755838636, "IXIY": -0.02476999292285916, "IIYY": 0.5343241330502477, "IIYI": 0.023354564755838747, "IIIY": 0.010615711252653981, "YYZZ": 0.41542816702052365, "YYZI": -0.007784854918612832, "YYIZ": -0.007784854918612832, "YYII": 0.41542816702052365, "YIZZ": 0.17905166312809623, "YIZI": 0.03892427459306441, "YIIZ": 0.03892427459306441, "YIII": 0.17905166312809623, "IYZZ": 0.4833687190375088, "IYZI": 0.0205237084217976, "IYIZ": 0.0205237084217976, "IYII": 0.4833687190375088, "YYXX": -0.23425336164189667, "YYXI": 0.02901627742392074, "YYIX": -0.044585987261146515, "YIXX": -0.05732484076433119, "YIXI": 0.007784854918612874, "YIIX": -0.04317055909412596, "IYXX": -0.27813163481953296, "IYXI": -0.014861995753715468, "IYIX": -0.012031139419674458, "IIXX": -0.5909412597310686, "IIXI": 0.023354564755838636, "IIIX": -0.03609341825902335, "ZZYY": 0.48336871903750894, "ZZYI": -0.04175513092710542, "ZZIY": -0.04175513092710542, "ZZII": 0.8655343241330502, "ZIYY": 0.4890304317055909, "ZIYI": -0.041755130927105366, "ZIIY": -0.033262561924982226, "ZIII": 0.8853503184713376, "IZYY": 0.4451521585279547, "IZYI": -0.03467799009200284, "IZIY": -0.0261854210898797, "IZII": 0.7735314932767163, "ZZXX": -0.4989384288747346, "ZZXI": 0.007784854918612916, "ZZIX": -0.021939136588818103, "ZIXX": -0.5046001415428167, "ZIXI": -0.0035385704175513455, "ZIIX": 0.0035385704175513455, "IZXX": -0.4309978768577495, "IZXI": -0.009200283085633476, "IZIX": 0.0007077140835103357, "ZZZZ": 0.8669497523000708, "ZZZI": -0.0573248407643312, "ZZIZ": -0.0573248407643312, "ZIZZ": 0.8924274593064403, "ZIZI": -0.0686482661004954, "ZIIZ": -0.0686482661004954, "IZZZ": 0.7791932059447984, "IZZI": -0.06864826610049535, "IZIZ": -0.06864826610049535, "XXXX": 0.2059447983014862, "XXXI": -0.029016277423920767, "XXIX": 0.016277423920736056, "XIXX": 0.10261854210898802, "XIXI": 0.01203113941967443, "XIIX": 0.031847133757961776, "IXXX": -0.08280254777070063, "IXXI": 0.0389242745930644, "IXIX": -0.017692852087756547, "YYYY": 0.23708421797593768, "YYYI": -0.04175513092710545, "YYIY": -0.034677990092002814, "YIYY": 0.13234253361641898, "YIYI": -0.024769992922859113, "YIIY": -0.03467799009200276, "IYYY": 0.2937013446567587, "IYYI": -0.013446567586694963, "IYIY": -0.012031139419674458, "YZYZ": -0.01092896174863388, "YXYX": 0.19398907103825136, "XZXZ": 0.030054644808743168, "ZXZX": 0.01912568306010929, "ZYYZ": 0.00546448087431694, "XYYX": 0.12295081967213115, "ZYZY": -0.03825136612021858, "YZZY": 0.0, "XZZX": 0.01366120218579235, "YXXY": 0.11202185792349727, "ZXXZ": 0.01092896174863388, "XYXY": 0.226775956284153}