{"XXZZ": -0.36305732484076436, "XXZI": 0.0063694267515923275, "XXIZ": 0.0063694267515923275, "XXII": -0.36305732484076436, "XIZZ": -0.12668082094833688, "XIZI": 0.0021231422505308406, "XIIZ": 0.0021231422505308406, "XIII": -0.12668082094833688, "IXZZ": 0.16631280962491155, "IXZI": 0.014861995753715523, "IXIZ": 0.014861995753715523, "IXII": 0.16631280962491155, "IIZZ": 1.0, "IIZI": -0.031847133757961776, "IIIZ": -0.031847133757961776, "IIII": 1.0, "XXYY": -0.21160651096956837, "XXYI": 0.02476999292285917, "XXIY": -0.009200283085633393, "XIYY": -0.07430997876857748, "XIYI": -0.016277423920736, "XIIY": -0.05590941259731064, "IXYY": 0.09554140127388536, "IXYI": -0.02760084925690022, "IXIY": 0.02335456475583863, "IIYY": 0.5102618542108988, "IIYI": 0.03326256192498228, "IIIY": 0.05590941259731069, "YYZZ": 0.43241330502476993, "YYZI": 0.020523708421797626, "YYIZ": 0.020523708421797626, "YYII": 0.43241330502476993, "YIZZ": 0.19037508846426043, "YIZI": -0.012031139419674486, "YIIZ": -0.012031139419674486, "YIII": 0.19037508846426043, "IYZZ": 0.5031847133757961, "IYZI": -0.010615711252653981, "IYIZ": -0.010615711252653981, "IYII": 0.5031847133757961, "YYXX": -0.2356687898089172, "YYXI": -0.006369426751592355, "YYIX": -0.027600849256900206, "YIXX": -0.1295116772823779, "YIXI": -0.002123142250530785, "YIIX": -0.0261854210898797, "IYXX": -0.2625619249823071, "IYXI": 0.034677990092002786, "IYIX": 0.02760084925690022, "IIXX": -0.5640481245576787, "IIXI": 0.016277423920736, "IIIX": 0.017692852087756505, "ZZYY": 0.4692144373673036, "ZZYI": 0.006369426751592355, "ZZIY": 0.026185421089879674, "ZZII": 0.8711960368011324, "ZIYY": 0.4819532908704883, "ZIYI": -0.006369426751592355, "ZIIY": 0.007784854918612888, "ZIII": 0.8952583156404812, "IZYY": 0.4182590233545648, "IZYI": 0.012031139419674375, "IZIY": 0.026185421089879646, "IZII": 0.7749469214437368, "ZZXX": -0.43099787685774943, "ZZXI": 0.05024769992922856, "ZZIX": -0.02760084925690026, "ZIXX": -0.4706298655343241, "ZIXI": 0.05024769992922856, "ZIIX": -0.0360934182590234, "IZXX": -0.3800424628450106, "IZXI": 0.05307855626326968, "IZIX": -0.02476999292285914, "ZZZZ": 0.8485491861288039, "ZZZI": -0.05166312809624912, "ZZIZ": -0.05166312809624912, "ZIZZ": 0.875442321302194, "ZIZI": -0.03326256192498228, "ZIIZ": -0.03326256192498228, "IZZZ": 0.7466383581033262, "IZZI": -0.05166312809624912, "IZIZ": -0.05166312809624912, "XXXX": 0.20452937013446568, "XXXI": 0.03609341825902332, "XXIX": 0.03892427459306444, "XIXX": 0.12951167728237795, "XIXI": -0.007784854918612846, "XIIX": 0.014861995753715454, "IXXX": -0.0997876857749469, "IXXI": -0.02193913658881811, "IXIX": 0.029016277423920732, "YYYY": 0.23283793347487616, "YYYI": -0.002123142250530785, "YYIY": -0.00920028308563342, "YIYY": 0.11111111111111112, "YIYI": 0.0007077140835102941, "YIIY": 0.016277423920736042, "IYYY": 0.30785562632696395, "IYYI": 0.041755130927105394, "IYIY": 0.026185421089879674, "YZYZ": 0.03278688524590164, "YXYX": 0.13387978142076504, "XZXZ": 0.00273224043715847, "ZXZX": -0.01912568306010929, "ZYYZ": -0.01366120218579235, "XYYX": 0.1557377049180328, "ZYZY": 0.05191256830601093, "YZZY": -0.01092896174863388, "XZZX": 0.030054644808743168, "YXXY": 0.11475409836065574, "ZXXZ": -0.01366120218579235, "XYXY": 0.12295081967213115}