{"XXZZ": -0.3871196036801132, "XXZI": -0.009200283085633365, "XXIZ": -0.009200283085633365, "XXII": -0.3871196036801132, "XIZZ": -0.14791224345364473, "XIZI": -0.027600849256900206, "XIIZ": -0.027600849256900206, "XIII": -0.14791224345364473, "IXZZ": 0.16631280962491152, "IXZI": 0.014861995753715523, "IXIZ": 0.014861995753715523, "IXII": 0.16631280962491152, "IIZZ": 1.0, "IIZI": -0.04317055909412598, "IIIZ": -0.04317055909412598, "IIII": 1.0, "XXYY": -0.21019108280254778, "XXYI": 0.03326256192498234, "XXIY": 0.012031139419674458, "XIYY": -0.1012031139419674, "XIYI": -0.002123142250530785, "XIIY": 0.0049539985845718434, "IXYY": 0.13092710544939842, "IXYI": -0.024769992922859148, "IXIY": -0.02052370842179759, "IIYY": 0.5739561217268223, "IIYI": -0.03750884642604385, "IIIY": -0.00495399858457185, "YYZZ": 0.41259731068648264, "YYZI": -0.019108280254777094, "YYIZ": -0.019108280254777094, "YYII": 0.41259731068648264, "YIZZ": 0.18329794762915788, "YIZI": 0.023354564755838608, "YIIZ": 0.023354564755838608, "YIII": 0.18329794762915788, "IYZZ": 0.5074309978768577, "IYZI": 0.03326256192498231, "IYIZ": 0.03326256192498231, "IYII": 0.5074309978768577, "YYXX": -0.20594479830148615, "YYXI": 0.03609341825902335, "YYIX": -0.03609341825902336, "YIXX": -0.13517338995046002, "YIXI": 0.050247699929228604, "YIIX": -0.05590941259731071, "IYXX": -0.24982307147912247, "IYXI": -0.00495399858457185, "IYIX": -0.020523708421797585, "IIXX": -0.5357395612172682, "IIXI": 0.014861995753715496, "IIIX": -0.023354564755838636, "ZZYY": 0.49752300070771405, "ZZYI": -0.019108280254777066, "ZZIY": 0.002123142250530785, "ZZII": 0.8471337579617835, "ZIYY": 0.5074309978768579, "ZIYI": -0.03750884642604385, "ZIIY": -0.01910828025477712, "ZIII": 0.8881811748053787, "IZYY": 0.4366595895258316, "IZYI": -0.020523708421797515, "IZIY": 0.0007077140835103357, "IZII": 0.7466383581033262, "ZZXX": -0.491861288039632, "ZZXI": 0.0007077140835102247, "ZZIX": -0.004953998584571795, "ZIXX": -0.5145081387119604, "ZIXI": -0.004953998584571906, "ZIIX": 0.017692852087756505, "IZXX": -0.43241330502477004, "IZXI": 0.0035385704175513455, "IZIX": 0.0007077140835102247, "ZZZZ": 0.8598726114649682, "ZZZI": -0.03043170559094116, "ZZIZ": -0.03043170559094116, "ZIZZ": 0.883934890304317, "ZIZI": -0.04033970276008492, "ZIIZ": -0.04033970276008492, "IZZZ": 0.7664543524416136, "IZZI": -0.03043170559094116, "IZIZ": -0.03043170559094116, "XXXX": 0.1932059447983015, "XXXI": -0.031847133757961776, "XXIX": 0.006369426751592383, "XIXX": 0.061571125265392816, "XIXI": 0.006369426751592341, "XIIX": 0.01061571125265396, "IXXX": -0.08987968860580328, "IXXI": 0.021939136588818138, "IXIX": -0.024769992922859183, "YYYY": 0.21019108280254778, "YYYI": -0.0035385704175512622, "YYIY": 0.026185421089879743, "YIYY": 0.04033970276008493, "YIYI": -0.05732484076433121, "YIIY": -0.058740268931351744, "IYYY": 0.2484076433121019, "IYYI": 0.00920028308563342, "IYIY": 0.007784854918612916, "YZYZ": -0.01639344262295082, "YXYX": 0.17759562841530055, "XZXZ": -0.01366120218579235, "ZXZX": 0.00273224043715847, "ZYYZ": -0.0273224043715847, "XYYX": 0.13934426229508196, "ZYZY": 0.0273224043715847, "YZZY": 0.00273224043715847, "XZZX": -0.030054644808743168, "YXXY": 0.06830601092896176, "ZXXZ": 0.02459016393442623, "XYXY": 0.23224043715846995}