{"XXZZ": -0.343241330502477, "XXZI": 0.016277423920736, "XXIZ": 0.016277423920736, "XXII": -0.343241330502477, "XIZZ": -0.17197452229299365, "XIZI": -0.05590941259731069, "XIIZ": -0.05590941259731069, "XIII": -0.17197452229299365, "IXZZ": 0.15498938428874737, "IXZI": -0.014861995753715482, "IXIZ": -0.014861995753715482, "IXII": 0.15498938428874737, "IIZZ": 1.0, "IIZI": -0.030431705590941327, "IIIZ": -0.030431705590941327, "IIII": 1.0, "XXYY": -0.22292993630573243, "XXYI": 0.05166312809624912, "XXIY": 0.0927105449398443, "XIYY": -0.06440198159943383, "XIYI": 0.04033970276008496, "XIIY": 0.05307855626326965, "IXYY": 0.10120311394196742, "IXYI": -0.051663128096249136, "IXIY": -0.03609341825902336, "IIYY": 0.5852795470629866, "IIYI": -0.05449398443029019, "IIIY": -0.07855626326963905, "YYZZ": 0.3814578910120312, "YYZI": 0.014861995753715468, "YYIZ": 0.014861995753715468, "YYII": 0.3814578910120312, "YIZZ": 0.15640481245576787, "YIZI": -0.026185421089879646, "YIIZ": -0.026185421089879646, "YIII": 0.15640481245576787, "IYZZ": 0.49752300070771405, "IYZI": -0.03609341825902332, "IYIZ": -0.03609341825902332, "IYII": 0.49752300070771405, "YYXX": -0.2116065109695683, "YYXI": -0.027600849256900206, "YYIX": -0.01344656758669499, "YIXX": -0.06864826610049543, "YIXI": -0.0007077140835102941, "YIIX": 0.007784854918612909, "IYXX": -0.2809624911535739, "IYXI": 0.06440198159943389, "IYIX": -0.0007077140835102802, "IIXX": -0.5767869780608634, "IIXI": -0.002123142250530785, "IIIX": 0.012031139419674375, "ZZYY": 0.5060155697098372, "ZZYI": 0.05449398443029013, "ZZIY": 0.05732484076433114, "ZZII": 0.845718329794763, "ZIYY": 0.5569709837225761, "ZIYI": 0.06298655343241333, "ZIIY": 0.07714083510261852, "ZIII": 0.8966737438075018, "IZYY": 0.47912243453644726, "IZYI": 0.05307855626326957, "IZIY": 0.05590941259731058, "IZII": 0.7508846426043878, "ZZXX": -0.4635527246992215, "ZZXI": -0.0021231422505308406, "ZZIX": -0.030431705590941244, "ZIXX": -0.4932767162066525, "ZIXI": -0.00353857041755129, "ZIIX": -0.0035385704175513177, "IZXX": -0.4196744515215852, "IZXI": 0.013446567586695046, "IZIX": -0.026185421089879674, "ZZZZ": 0.8443029016277424, "ZZZI": -0.07855626326963905, "ZZIZ": -0.07855626326963905, "ZIZZ": 0.8570417551309271, "ZIZI": -0.06581740976645434, "ZIIZ": -0.06581740976645434, "IZZZ": 0.72965322009908, "IZZI": -0.0771408351026186, "IZIZ": -0.0771408351026186, "XXXX": 0.22292993630573252, "XXXI": -0.02901627742392074, "XXIX": 0.03750884642604388, "XIXX": 0.061571125265392754, "XIXI": 0.013446567586694949, "XIIX": -0.030431705590941202, "IXXX": -0.11677282377919318, "IXXI": -0.03184713375796179, "IXIX": 0.029016277423920732, "YYYY": 0.25690021231422505, "YYYI": 0.03609341825902332, "YYIY": 0.041755130927105436, "YIYY": 0.07855626326963905, "YIYI": 0.019108280254777094, "YIIY": 0.02476999292285917, "IYYY": 0.2894550601556971, "IYYI": -0.002123142250530813, "IYIY": -0.013446567586694963, "YZYZ": 0.06284153005464481, "YXYX": 0.15846994535519127, "XZXZ": -0.06284153005464481, "ZXZX": -0.00819672131147541, "ZYYZ": 0.00819672131147541, "XYYX": 0.1912568306010929, "ZYZY": 0.06284153005464481, "YZZY": -0.02185792349726776, "XZZX": -0.00273224043715847, "YXXY": 0.09836065573770492, "ZXXZ": 0.01092896174863388, "XYXY": 0.15846994535519127}