{"XXZZ": -0.4012738853503185, "XXZI": 0.002123142250530785, "XXIZ": 0.002123142250530785, "XXII": -0.4012738853503185, "XIZZ": -0.15357395612172675, "XIZI": -0.007784854918612916, "XIIZ": -0.007784854918612916, "XIII": -0.15357395612172675, "IXZZ": 0.13800424628450103, "IXZI": 0.04317055909412597, "IXIZ": 0.04317055909412597, "IXII": 0.13800424628450103, "IIZZ": 1.0, "IIZI": -0.0997876857749469, "IIIZ": -0.0997876857749469, "IIII": 1.0, "XXYY": -0.2413305024769993, "XXYI": 0.006369426751592383, "XXIY": -0.03184713375796175, "XIYY": -0.07006369426751596, "XIYI": -0.03184713375796175, "XIIY": -0.05874026893135173, "IXYY": 0.10828025477707007, "IXYI": 0.030431705590941258, "IXIY": 0.029016277423920718, "IIYY": 0.556970983722576, "IIYI": 0.00920028308563342, "IIIY": 0.03043170559094127, "YYZZ": 0.40268931351733894, "YYZI": 0.03326256192498231, "YYIZ": 0.03326256192498231, "YYII": 0.40268931351733894, "YIZZ": 0.21019108280254772, "YIZI": -0.009200283085633365, "YIIZ": -0.009200283085633365, "YIII": 0.21019108280254772, "IYZZ": 0.49044585987261147, "IYZI": -0.029016277423920767, "IYIZ": -0.029016277423920767, "IYII": 0.49044585987261147, "YYXX": -0.18471337579617836, "YYXI": -0.00778485491861286, "YYIX": 0.03043170559094127, "YIXX": -0.06723283793347487, "YIXI": 0.030431705590941244, "YIIX": -0.03892427459306438, "IYXX": -0.2597310686482661, "IYXI": -0.026185421089879757, "IYIX": -0.030431705590941216, "IIXX": -0.5527246992215146, "IIXI": -0.007784854918612805, "IIIX": -0.006369426751592466, "ZZYY": 0.47770700636942676, "ZZYI": 0.010615711252653925, "ZZIY": 0.023354564755838636, "ZZII": 0.8443029016277425, "ZIYY": 0.5187544232130218, "ZIYI": 0.017692852087756505, "ZIIY": 0.021939136588818048, "ZIII": 0.8881811748053786, "IZYY": 0.44515215852795464, "IZYI": 0.006369426751592355, "IZIY": 0.027600849256900206, "IZII": 0.7523000707714084, "ZZXX": -0.5130927105449399, "ZZXI": -0.00495399858457185, "ZZIX": -0.0007077140835102802, "ZIXX": -0.5357395612172683, "ZIXI": -0.002123142250530785, "ZIIX": -0.023354564755838636, "IZXX": -0.4536447275300779, "IZXI": -0.019108280254777066, "IZIX": -0.012031139419674403, "ZZZZ": 0.8740268931351733, "ZZZI": -0.01203113941967443, "ZZIZ": -0.01203113941967443, "ZIZZ": 0.8485491861288039, "ZIZI": -0.01769285208775656, "ZIIZ": -0.01769285208775656, "IZZZ": 0.7423920736022647, "IZZI": -0.02760084925690026, "IZIZ": -0.02760084925690026, "XXXX": 0.24274593064401978, "XXXI": -0.00353857041755129, "XXIX": 0.03609341825902335, "XIXX": 0.07714083510261857, "XIXI": 0.0063694267515923275, "XIIX": 0.012031139419674465, "IXXX": -0.06864826610049538, "IXXI": 0.0021231422505307643, "IXIX": -0.0007077140835102316, "YYYY": 0.24557678697806085, "YYYI": -0.006369426751592411, "YYIY": -0.02760084925690026, "YIYY": 0.09695682944090586, "YIYI": -0.002123142250530813, "YIIY": 0.01061571125265389, "IYYY": 0.3036093418259024, "IYYI": 0.00920028308563342, "IYIY": 0.02760084925690018, "YZYZ": 0.01639344262295082, "YXYX": 0.16120218579234974, "XZXZ": 0.04371584699453552, "ZXZX": 0.04371584699453552, "ZYYZ": 0.06284153005464481, "XYYX": 0.20218579234972678, "ZYZY": -0.04371584699453552, "YZZY": 0.00546448087431694, "XZZX": 0.00273224043715847, "YXXY": 0.12295081967213115, "ZXXZ": -0.05737704918032787, "XYXY": 0.19672131147540983}