{"XXZZ": -0.39844302901627743, "XXZI": 0.023354564755838636, "XXIZ": 0.023354564755838636, "XXII": -0.39844302901627743, "XIZZ": -0.15782024062278835, "XIZI": 0.040339702760084944, "XIIZ": 0.040339702760084944, "XIII": -0.15782024062278835, "IXZZ": 0.15640481245576787, "IXZI": -0.01344656758669499, "IXIZ": -0.01344656758669499, "IXII": 0.15640481245576787, "IIZZ": 1.0, "IIZI": -0.016277423920736, "IIIZ": -0.016277423920736, "IIII": 1.0, "XXYY": -0.2285916489738146, "XXYI": -0.009200283085633393, "XXIY": -0.012031139419674458, "XIYY": -0.08563340410474171, "XIYI": -0.016277423920736014, "XIIY": 0.0007077140835102871, "IXYY": 0.12101910828025478, "IXYI": 0.02901627742392074, "IXIY": 0.01203113941967443, "IIYY": 0.5782024062278839, "IIYI": 0.002123142250530785, "IIIY": -0.0007077140835102802, "YYZZ": 0.42392073602264685, "YYZI": -0.04175513092710542, "YYIZ": -0.04175513092710542, "YYII": 0.42392073602264685, "YIZZ": 0.2144373673036093, "YIZI": 0.009200283085633365, "YIIZ": 0.009200283085633365, "YIII": 0.2144373673036093, "IYZZ": 0.4791224345364472, "IYZI": 0.03609341825902335, "IYIZ": 0.03609341825902335, "IYII": 0.4791224345364472, "YYXX": -0.251238499646143, "YYXI": 0.03609341825902335, "YYIX": -0.009200283085633365, "YIXX": -0.13800424628450111, "YIXI": 0.02760084925690018, "YIIX": -0.026185421089879667, "IYXX": -0.29087048832271756, "IYXI": -0.006369426751592355, "IYIX": -0.0007077140835102247, "IIXX": -0.5796178343949044, "IIXI": -0.009200283085633476, "IIIX": 0.021939136588818076, "ZZYY": 0.4465675866949752, "ZZYI": 0.04883227176220806, "ZZIY": 0.009200283085633448, "ZZII": 0.8315640481245576, "ZIYY": 0.44939844302901627, "ZIYI": 0.0063694267515923, "ZIIY": -0.024769992922859252, "ZIII": 0.8825194621372965, "IZYY": 0.3857041755130928, "IZYI": 0.02476999292285914, "IZIY": -0.012031139419674458, "IZII": 0.7338995046001415, "ZZXX": -0.5046001415428167, "ZZXI": 0.004953998584571795, "ZZIX": 0.014861995753715496, "ZIXX": -0.5215852795470629, "ZIXI": -0.009200283085633365, "ZIIX": 0.026185421089879646, "IZXX": -0.4536447275300779, "IZXI": -0.009200283085633365, "IZIX": 0.04033970276008489, "ZZZZ": 0.8910120311394196, "ZZZI": -0.023354564755838636, "ZZIZ": -0.023354564755838636, "ZIZZ": 0.8782731776362349, "ZIZI": -0.016277423920736, "ZIIZ": -0.016277423920736, "IZZZ": 0.7862703467799009, "IZZI": -0.034677990092002786, "IZIZ": -0.034677990092002786, "XXXX": 0.22576079263977353, "XXXI": 0.010615711252653953, "XXIX": 0.04033970276008489, "XIXX": 0.060155697098372256, "XIXI": 0.01486199575371551, "XIIX": 0.013446567586694956, "IXXX": -0.12668082094833688, "IXXI": -0.05024769992922859, "IXIX": 0.002123142250530792, "YYYY": 0.2370842179759377, "YYYI": 0.0007077140835102802, "YYIY": 0.00495399858457185, "YIYY": 0.13658881811748058, "YIYI": 0.007784854918612874, "YIIY": -0.007784854918612874, "IYYY": 0.28096249115357397, "IYYI": -0.000707714083510308, "IYIY": -0.033262561924982365, "YZYZ": 0.06284153005464481, "YXYX": 0.19672131147540983, "XZXZ": -0.03278688524590164, "ZXZX": -0.07103825136612021, "ZYYZ": 0.060109289617486336, "XYYX": 0.24043715846994534, "ZYZY": 0.030054644808743168, "YZZY": 0.0546448087431694, "XZZX": -0.08743169398907104, "YXXY": 0.16939890710382513, "ZXXZ": -0.03278688524590164, "XYXY": 0.1885245901639344}