{"XXZZ": -0.3786270346779901, "XXZI": -0.006369426751592355, "XXIZ": -0.006369426751592355, "XXII": -0.3786270346779901, "XIZZ": -0.13800424628450111, "XIZI": 0.010615711252653953, "XIIZ": 0.010615711252653953, "XIII": -0.13800424628450111, "IXZZ": 0.1535739561217268, "IXZI": 0.013446567586694977, "IXIZ": 0.013446567586694977, "IXII": 0.1535739561217268, "IIZZ": 1.0, "IIZI": -0.037508846426043796, "IIIZ": -0.037508846426043796, "IIII": 1.0, "XXYY": -0.22859164897381457, "XXYI": 0.00778485491861286, "XXIY": 0.03184713375796176, "XIYY": -0.05024769992922859, "XIYI": 0.01627742392073603, "XIIY": 0.023354564755838622, "IXYY": 0.08138711960368014, "IXYI": 0.02901627742392074, "IXIY": 0.02760084925690021, "IIYY": 0.5428167020523709, "IIYI": 0.020523708421797515, "IIIY": -0.014861995753715496, "YYZZ": 0.38570417551309266, "YYZI": 0.02760084925690018, "YYIZ": 0.02760084925690018, "YYII": 0.38570417551309266, "YIZZ": 0.224345364472753, "YIZI": 0.002123142250530785, "YIIZ": 0.002123142250530785, "YIII": 0.224345364472753, "IYZZ": 0.5102618542108988, "IYZI": 0.019108280254777038, "IYIZ": 0.019108280254777038, "IYII": 0.5102618542108988, "YYXX": -0.28520877565463554, "YYXI": -0.002123142250530785, "YYIX": 0.002123142250530785, "YIXX": -0.13658881811748053, "YIXI": -0.02618542108987966, "YIIX": 0.003538570417551276, "IYXX": -0.30502476999292283, "IYXI": -0.007784854918612916, "IYIX": -0.023354564755838636, "IIXX": -0.5782024062278839, "IIXI": -0.0063694267515923, "IIIX": 0.01486199575371544, "ZZYY": 0.47770700636942676, "ZZYI": 0.0007077140835102247, "ZZIY": 0.010615711252653925, "ZZII": 0.8527954706298655, "ZIYY": 0.5060155697098373, "ZIYI": -0.019108280254777066, "ZIIY": -0.009200283085633365, "ZIII": 0.8980891719745223, "IZYY": 0.43241330502476993, "IZYI": 0.00920028308563342, "IZIY": 0.019108280254777038, "IZII": 0.7622080679405521, "ZZXX": -0.4663835810332626, "ZZXI": 0.006369426751592355, "ZZIX": -0.014861995753715496, "ZIXX": -0.5074309978768577, "ZIXI": 0.004953998584571906, "ZIIX": 0.0035385704175512345, "IZXX": -0.4182590233545648, "IZXI": 0.012031139419674486, "IZIX": -0.009200283085633365, "ZZZZ": 0.8726114649681529, "ZZZI": -0.05166312809624912, "ZZIZ": -0.05166312809624912, "ZIZZ": 0.8938428874734607, "ZIZI": -0.07289455060155703, "ZIIZ": -0.07289455060155703, "IZZZ": 0.7834394904458599, "IZZI": -0.06440198159943383, "IZIZ": -0.06440198159943383, "XXXX": 0.2229299363057325, "XXXI": 0.012031139419674486, "XXIX": -0.03043170559094127, "XIXX": 0.09554140127388529, "XIXI": 0.046001415428167006, "XIIX": -0.030431705590941258, "IXXX": -0.13234253361641896, "IXXI": 0.004953998584571823, "IXIX": -0.014861995753715496, "YYYY": 0.2045293701344657, "YYYI": -0.03750884642604385, "YYIY": 0.03043170559094127, "YIYY": 0.08846426043878274, "YIYI": -0.0346779900920028, "YIIY": 0.002123142250530799, "IYYY": 0.27530077848549184, "IYYI": 0.04175513092710542, "IYIY": 0.053078556263269655, "YZYZ": -0.01092896174863388, "YXYX": 0.17759562841530055, "XZXZ": -0.06830601092896176, "ZXZX": -0.01092896174863388, "ZYYZ": 0.0, "XYYX": 0.2103825136612022, "ZYZY": 0.03551912568306011, "YZZY": 0.03551912568306011, "XZZX": -0.02459016393442623, "YXXY": 0.1721311475409836, "ZXXZ": 0.03278688524590164, "XYXY": 0.1994535519125683}