{"XXZZ": -0.3474876150035386, "XXZI": 0.01769285208775656, "XXIZ": 0.01769285208775656, "XXII": -0.3474876150035386, "XIZZ": -0.14791224345364476, "XIZI": -0.051663128096249095, "XIIZ": -0.051663128096249095, "XIII": -0.14791224345364476, "IXZZ": 0.16914366595895258, "IXZI": -0.014861995753715523, "IXIZ": -0.014861995753715523, "IXII": 0.16914366595895258, "IIZZ": 1.0, "IIZI": -0.007784854918612805, "IIIZ": -0.007784854918612805, "IIII": 1.0, "XXYY": -0.2710544939844302, "XXYI": 0.00495399858457185, "XXIY": 0.00920028308563342, "XIYY": -0.08280254777070067, "XIYI": 0.014861995753715496, "XIIY": 0.002123142250530778, "IXYY": 0.11394196744515214, "IXYI": 0.004953998584571823, "IXIY": -0.002123142250530813, "IIYY": 0.5682944090587402, "IIYI": -0.007784854918612916, "IIIY": -0.009200283085633365, "YYZZ": 0.41825902335456466, "YYZI": 0.034677990092002814, "YYIZ": 0.034677990092002814, "YYII": 0.41825902335456466, "YIZZ": 0.15357395612172678, "YIZI": 0.010615711252653953, "YIIZ": 0.010615711252653953, "YIII": 0.15357395612172678, "IYZZ": 0.49469214437367304, "IYZI": -0.027600849256900234, "IYIZ": -0.027600849256900234, "IYII": 0.49469214437367304, "YYXX": -0.2625619249823071, "YYXI": 0.017692852087756533, "YYIX": -0.033262561924982295, "YIXX": -0.07855626326963906, "YIXI": 0.00353857041755129, "YIIX": -0.027600849256900206, "IYXX": -0.2682236376503892, "IYXI": 0.03467799009200284, "IYIX": -0.033262561924982295, "IIXX": -0.5966029723991507, "IIXI": 0.023354564755838636, "IIIX": -0.030431705590941216, "ZZYY": 0.4777070063694268, "ZZYI": 0.02335456475583869, "ZZIY": 0.03184713375796183, "ZZII": 0.851380042462845, "ZIYY": 0.49893842887473455, "ZIYI": 0.03326256192498228, "ZIIY": 0.02760084925690026, "ZIII": 0.8924274593064401, "IZYY": 0.4182590233545648, "IZYI": 0.029016277423920767, "IZIY": 0.026185421089879757, "IZII": 0.7579617834394905, "ZZXX": -0.5017692852087756, "ZZXI": -0.03609341825902335, "ZZIX": 0.021939136588818076, "ZIXX": -0.4819532908704883, "ZIXI": -0.024769992922859307, "ZIIX": 0.03326256192498234, "IZXX": -0.43949044585987257, "IZXI": -0.0360934182590234, "IZIX": 0.0021231422505308406, "ZZZZ": 0.875442321302194, "ZZZI": -0.02052370842179757, "ZZIZ": -0.02052370842179757, "ZIZZ": 0.8683651804670913, "ZIZI": -0.019108280254777066, "ZIIZ": -0.019108280254777066, "IZZZ": 0.7636234961075725, "IZZI": -0.01344656758669499, "IZIZ": -0.01344656758669499, "XXXX": 0.21726822363765042, "XXXI": -0.014861995753715496, "XXIX": -0.029016277423920753, "XIXX": 0.0615711252653928, "XIXI": 0.010615711252653953, "XIIX": 0.01627742392073602, "IXXX": -0.11252653927813167, "IXXI": -0.010615711252653912, "IXIX": -0.010615711252653946, "YYYY": 0.2229299363057325, "YYYI": -0.010615711252653925, "YYIY": -0.03326256192498228, "YIYY": 0.07147912243453647, "YIYI": 0.03609341825902332, "YIIY": 0.010615711252653898, "IYYY": 0.26539278131634825, "IYYI": 0.02052370842179757, "IYIY": 0.02618542108987966, "YZYZ": 0.07377049180327869, "YXYX": 0.13934426229508196, "XZXZ": 0.030054644808743168, "ZXZX": -0.030054644808743168, "ZYYZ": 0.040983606557377046, "XYYX": 0.1994535519125683, "ZYZY": 0.00819672131147541, "YZZY": 0.02185792349726776, "XZZX": 0.01639344262295082, "YXXY": 0.11748633879781421, "ZXXZ": 0.05737704918032787, "XYXY": 0.1557377049180328}