{"XXZZ": -0.375796178343949, "XXZI": -0.023354564755838636, "XXIZ": -0.023354564755838636, "XXII": -0.375796178343949, "XIZZ": -0.14932767162066524, "XIZI": 0.01344656758669499, "XIIZ": 0.01344656758669499, "XIII": -0.14932767162066524, "IXZZ": 0.1818825194621373, "IXZI": -0.05449398443029013, "IXIZ": -0.05449398443029013, "IXII": 0.1818825194621373, "IIZZ": 1.0, "IIZI": -0.026185421089879757, "IIIZ": -0.026185421089879757, "IIII": 1.0, "XXYY": -0.20877565463552727, "XXYI": -0.00778485491861286, "XXIY": -0.0007077140835102247, "XIYY": -0.12526539278131638, "XIYI": -0.012031139419674444, "XIIY": 0.04033970276008494, "IXYY": 0.10828025477707008, "IXYI": 0.014861995753715475, "IXIY": -0.03184713375796179, "IIYY": 0.6220806794055203, "IIYI": 0.00495399858457185, "IIIY": 0.00353857041755129, "YYZZ": 0.402689313517339, "YYZI": 0.02476999292285914, "YYIZ": 0.02476999292285914, "YYII": 0.402689313517339, "YIZZ": 0.17622080679405522, "YIZI": 0.02760084925690015, "YIIZ": 0.02760084925690015, "YIII": 0.17622080679405522, "IYZZ": 0.5017692852087756, "IYZI": 0.038924274593064356, "IYIZ": 0.038924274593064356, "IYII": 0.5017692852087756, "YYXX": -0.2668082094833687, "YYXI": -0.0021231422505307573, "YYIX": -0.019108280254777107, "YIXX": -0.11960368011323431, "YIXI": 0.07147912243453643, "YIIX": -0.016277423920735987, "IYXX": -0.2597310686482661, "IYXI": 0.04175513092710542, "IYIX": -0.006369426751592355, "IIXX": -0.5682944090587403, "IIXI": 0.00495399858457185, "IIIX": 0.00495399858457185, "ZZYY": 0.46779900920028306, "ZZYI": -0.05166312809624912, "ZZIY": -0.012031139419674458, "ZZII": 0.8443029016277424, "ZIYY": 0.4748761500353857, "ZIYI": -0.02760084925690015, "ZIIY": -0.03043170559094127, "ZIII": 0.8768577494692145, "IZYY": 0.3899504600141543, "IZYI": -0.03043170559094127, "IZIY": -0.016277423920736, "IZII": 0.735314932767162, "ZZXX": -0.4593064401981599, "ZZXI": 0.006369426751592355, "ZZIX": 0.03326256192498234, "ZIXX": -0.49044585987261147, "ZIXI": -0.010615711252653981, "ZIIX": 0.013446567586695074, "IZXX": -0.40552016985138006, "IZXI": -0.00778485491861286, "IZIX": 0.027600849256900234, "ZZZZ": 0.8598726114649682, "ZZZI": -0.04175513092710542, "ZZIZ": -0.04175513092710542, "ZIZZ": 0.875442321302194, "ZIZI": -0.03467799009200284, "ZIIZ": -0.03467799009200284, "IZZZ": 0.7438075017692851, "IZZI": -0.03043170559094127, "IZIZ": -0.03043170559094127, "XXXX": 0.23708421797593773, "XXXI": -0.04175513092710545, "XXIX": 0.009200283085633393, "XIXX": 0.07714083510261856, "XIXI": 0.01627742392073602, "XIIX": 0.038924274593064384, "IXXX": -0.105449398443029, "IXXI": -0.0077848549186128775, "IXIX": 0.0007077140835102802, "YYYY": 0.23566878980891726, "YYYI": -0.03326256192498231, "YYIY": -0.043170559094125996, "YIYY": 0.09554140127388537, "YIYI": 0.016277423920736014, "YIIY": 0.006369426751592341, "IYYY": 0.2271762208067941, "IYYI": 0.006369426751592383, "IYIY": -0.023354564755838608, "YZYZ": 0.04644808743169399, "YXYX": 0.18032786885245902, "XZXZ": 0.00819672131147541, "ZXZX": -0.0273224043715847, "ZYYZ": -0.00546448087431694, "XYYX": 0.21584699453551912, "ZYZY": -0.06557377049180328, "YZZY": 0.07650273224043716, "XZZX": 0.08743169398907104, "YXXY": 0.11202185792349727, "ZXXZ": -0.01912568306010929, "XYXY": 0.2185792349726776}