{"XXZZ": -0.35598018400566167, "XXZI": 0.012031139419674486, "XXIZ": 0.012031139419674486, "XXII": -0.35598018400566167, "XIZZ": -0.15640481245576787, "XIZI": 0.019108280254777066, "XIIZ": 0.019108280254777066, "XIII": -0.15640481245576787, "IXZZ": 0.13800424628450103, "IXZI": 0.019108280254777038, "IXIZ": 0.019108280254777038, "IXII": 0.13800424628450103, "IIZZ": 1.0, "IIZI": -0.01344656758669499, "IIIZ": -0.01344656758669499, "IIII": 1.0, "XXYY": -0.23849964614295827, "XXYI": 0.000707714083510308, "XXIY": -0.012031139419674444, "XIYY": -0.11677282377919324, "XIYI": -0.013446567586694935, "XIIY": -0.02052370842179757, "IXYY": 0.1096956829440906, "IXYI": -0.004953998584571823, "IXIY": 0.010615711252653925, "IIYY": 0.5654635527246992, "IIYI": 0.037508846426043796, "IIIY": 0.05307855626326968, "YYZZ": 0.41401273885350315, "YYZI": -0.02193913658881813, "YYIZ": -0.02193913658881813, "YYII": 0.41401273885350315, "YIZZ": 0.16206652512384995, "YIZI": 0.01769285208775656, "YIIZ": 0.01769285208775656, "YIII": 0.16206652512384995, "IYZZ": 0.46779900920028306, "IYZI": 0.0007077140835102247, "IYIZ": 0.0007077140835102247, "IYII": 0.46779900920028306, "YYXX": -0.197452229299363, "YYXI": 0.05307855626326963, "YYIX": -0.031847133757961776, "YIXX": -0.072894550601557, "YIXI": 0.03326256192498231, "YIIX": -0.023354564755838615, "IYXX": -0.2653927813163482, "IYXI": 0.05024769992922856, "IYIX": -0.02335456475583858, "IIXX": -0.5598018400566172, "IIXI": 0.02476999292285914, "IIIX": -0.0035385704175513455, "ZZYY": 0.49469214437367304, "ZZYI": -0.048832271762208, "ZZIY": -0.020523708421797543, "ZZII": 0.851380042462845, "ZIYY": 0.49752300070771405, "ZIYI": -0.0346779900920029, "ZIIY": -0.017692852087756616, "ZIII": 0.8995046001415428, "IZYY": 0.4564755838641189, "IZYI": -0.030431705590941216, "IZIY": -0.01627742392073603, "IZII": 0.7650389242745931, "ZZXX": -0.5116772823779193, "ZZXI": 0.017692852087756505, "ZZIX": -0.013446567586694935, "ZIXX": -0.4876150035385704, "ZIXI": -0.003538570417551401, "ZIIX": -0.01203113941967443, "IZXX": -0.42533616418966735, "IZXI": 0.019108280254777066, "IZIX": -0.029016277423920656, "ZZZZ": 0.883934890304317, "ZZZI": -0.014861995753715496, "ZZIZ": -0.014861995753715496, "ZIZZ": 0.8881811748053785, "ZIZI": -0.02476999292285914, "ZIIZ": -0.02476999292285914, "IZZZ": 0.7862703467799009, "IZZI": -0.024769992922859085, "IZIZ": -0.024769992922859085, "XXXX": 0.20028308563340408, "XXXI": -0.01203113941967443, "XXIX": 0.016277423920736, "XIXX": 0.1365888181174805, "XIXI": -0.038924274593064384, "XIIX": 0.04600141542816697, "IXXX": -0.13941967445152156, "IXXI": -0.04317055909412599, "IXIX": 0.030431705590941292, "YYYY": 0.23000707714083507, "YYYI": 0.04883227176220811, "YYIY": 0.05307855626326968, "YIYY": 0.11111111111111113, "YIYI": 0.04600141542816698, "YIIY": 0.05307855626326963, "IYYY": 0.2993630573248408, "IYYI": -0.00920028308563342, "IYIY": -0.01627742392073603, "YZYZ": 0.03551912568306011, "YXYX": 0.09016393442622951, "XZXZ": 0.02459016393442623, "ZXZX": -0.040983606557377046, "ZYYZ": -0.00273224043715847, "XYYX": 0.14754098360655737, "ZYZY": -0.02459016393442623, "YZZY": -0.01092896174863388, "XZZX": -0.01366120218579235, "YXXY": 0.1557377049180328, "ZXXZ": -0.01912568306010929, "XYXY": 0.20491803278688525}