{"XXZZ": -0.38004246284501064, "XXZI": 0.010615711252653925, "XXIZ": 0.010615711252653925, "XXII": -0.38004246284501064, "XIZZ": -0.13234253361641896, "XIZI": -0.01344656758669499, "XIIZ": -0.01344656758669499, "XIII": -0.13234253361641896, "IXZZ": 0.13517338995046002, "IXZI": 0.010615711252653912, "IXIZ": 0.010615711252653912, "IXII": 0.13517338995046002, "IIZZ": 1.0, "IIZI": -0.07572540693559798, "IIIZ": -0.07572540693559798, "IIII": 1.0, "XXYY": -0.1818825194621373, "XXYI": -0.04883227176220806, "XXIY": -0.03467799009200284, "XIYY": -0.09695682944090588, "XIYI": -0.054493984430290146, "XIIY": -0.009200283085633407, "IXYY": 0.09978768577494693, "IXYI": 0.040339702760084944, "IXIY": 0.031847133757961804, "IIYY": 0.5385704175513093, "IIYI": 0.03750884642604396, "IIIY": 0.0035385704175513455, "YYZZ": 0.3545647558386411, "YYZI": -0.023354564755838664, "YYIZ": -0.023354564755838664, "YYII": 0.3545647558386411, "YIZZ": 0.13800424628450106, "YIZI": -0.038924274593064384, "YIIZ": -0.038924274593064384, "YIII": 0.13800424628450106, "IYZZ": 0.45506015569709835, "IYZI": -0.05307855626326963, "IYIZ": -0.05307855626326963, "IYII": 0.45506015569709835, "YYXX": -0.23849964614295824, "YYXI": -0.02901627742392071, "YYIX": -0.00495399858457185, "YIXX": -0.11535739561217262, "YIXI": -0.013446567586694977, "YIIX": 0.01627742392073602, "IYXX": -0.2625619249823071, "IYXI": 0.031847133757961776, "IYIX": 0.007784854918612916, "IIXX": -0.5442321302193913, "IIXI": -0.04033970276008492, "IIIX": 0.031847133757961776, "ZZYY": 0.4720452937013447, "ZZYI": 0.010615711252653981, "ZZIY": -0.00353857041755129, "ZZII": 0.8372257607926399, "ZIYY": 0.49469214437367304, "ZIYI": 0.00778485491861286, "ZIIY": 0.010615711252653953, "ZIII": 0.8995046001415428, "IZYY": 0.42250530785562634, "IZYI": 0.0035385704175513455, "IZIY": -0.007784854918612888, "IZII": 0.7565463552724699, "ZZXX": -0.44232130219391363, "ZZXI": 0.03326256192498234, "ZZIX": -0.029016277423920767, "ZIXX": -0.4706298655343241, "ZIXI": 0.016277423920736, "ZIIX": 0.0021231422505308406, "IZXX": -0.3814578910120311, "IZXI": 0.014861995753715496, "IZIX": -0.021939136588818187, "ZZZZ": 0.8343949044585987, "ZZZI": -0.06157112526539277, "ZZIZ": -0.06157112526539277, "ZIZZ": 0.8612880396319886, "ZIZI": -0.05449398443029013, "ZIIZ": -0.05449398443029013, "IZZZ": 0.7239915074309978, "IZZI": -0.07006369426751591, "IZIZ": -0.07006369426751591, "XXXX": 0.1804670912951168, "XXXI": -0.0021231422505307573, "XXIX": 0.019108280254777066, "XIXX": 0.07006369426751592, "XIXI": -0.03326256192498232, "XIIX": 0.013446567586695005, "IXXX": -0.12526539278131635, "IXXI": 0.04600141542816704, "IXIX": 0.004953998584571823, "YYYY": 0.23283793347487616, "YYYI": 0.006369426751592383, "YYIY": 0.034677990092002814, "YIYY": 0.06723283793347488, "YIYI": -0.037508846426043865, "YIIY": -0.0007077140835102663, "IYYY": 0.254069355980184, "IYYI": -0.0629865534324133, "IYIY": -0.02901627742392074, "YZYZ": -0.05737704918032787, "YXYX": 0.1885245901639344, "XZXZ": -0.02185792349726776, "ZXZX": -0.01366120218579235, "ZYYZ": 0.01639344262295082, "XYYX": 0.24043715846994534, "ZYZY": 0.0273224043715847, "YZZY": 0.01092896174863388, "XZZX": 0.0273224043715847, "YXXY": 0.14207650273224043, "ZXXZ": 0.02459016393442623, "XYXY": 0.19398907103825136}