{"XXZZ": -0.40552016985138, "XXZI": 0.0261854210898797, "XXIZ": 0.0261854210898797, "XXII": -0.40552016985138, "XIZZ": -0.12668082094833688, "XIZI": -0.0035385704175513455, "XIIZ": -0.0035385704175513455, "XIII": -0.12668082094833688, "IXZZ": 0.10686482661004955, "IXZI": 0.0007077140835102941, "IXIZ": 0.0007077140835102941, "IXII": 0.10686482661004955, "IIZZ": 1.0, "IIZI": -0.031847133757961776, "IIIZ": -0.031847133757961776, "IIII": 1.0, "XXYY": -0.22576079263977353, "XXYI": 0.012031139419674458, "XXIY": 0.01627742392073603, "XIYY": -0.10120311394196747, "XIYI": -0.03609341825902333, "XIIY": -0.01769285208775652, "IXYY": 0.15782024062278838, "IXYI": 0.033262561924982295, "IXIY": 0.003538570417551304, "IIYY": 0.5739561217268224, "IIYI": 0.027600849256900206, "IIIY": 0.017692852087756505, "YYZZ": 0.4225053078556263, "YYZI": -0.02193913658881813, "YYIZ": -0.02193913658881813, "YYII": 0.4225053078556263, "YIZZ": 0.1549893842887473, "YIZI": -0.04033970276008492, "YIIZ": -0.04033970276008492, "YIII": 0.1549893842887473, "IYZZ": 0.42108987968860584, "IYZI": -0.04317055909412598, "IYIZ": -0.04317055909412598, "IYII": 0.42108987968860584, "YYXX": -0.19745222929936307, "YYXI": 0.06581740976645437, "YYIX": -0.043170559094125996, "YIXX": -0.06298655343241333, "YIXI": 0.013446567586694963, "YIIX": -0.010615711252653898, "IYXX": -0.254069355980184, "IYXI": -0.02193913658881816, "IYIX": 0.03609341825902339, "IIXX": -0.5697098372257607, "IIXI": 0.002123142250530785, "IIIX": 0.01486199575371544, "ZZYY": 0.49752300070771405, "ZZYI": 0.013446567586694935, "ZZIY": 0.0063694267515923275, "ZZII": 0.8584571832979476, "ZIYY": 0.5201698513800423, "ZIYI": -0.0007077140835101692, "ZIIY": -0.01061571125265387, "ZIII": 0.8895966029723992, "IZYY": 0.4380750176928521, "IZYI": 0.007784854918612916, "IZIY": 0.006369426751592355, "IZII": 0.7593772116065111, "ZZXX": -0.49893842887473466, "ZZXI": 0.0261854210898797, "ZZIX": -0.03326256192498228, "ZIXX": -0.4890304317055909, "ZIXI": 0.004953998584571906, "ZIIX": -0.0007077140835103357, "IZXX": -0.4168435951875442, "IZXI": 0.0261854210898797, "IZIX": -0.007784854918612888, "ZZZZ": 0.8711960368011323, "ZZZI": -0.07855626326963905, "ZZIZ": -0.07855626326963905, "ZIZZ": 0.8881811748053785, "ZIZI": -0.07289455060155697, "ZIIZ": -0.07289455060155697, "IZZZ": 0.7622080679405521, "IZZI": -0.06015569709837221, "IZIZ": -0.06015569709837221, "XXXX": 0.23991507430997877, "XXXI": 0.00778485491861286, "XXIX": -0.03892427459306441, "XIXX": 0.08846426043878275, "XIXI": -0.013446567586694977, "XIIX": -0.0007077140835102594, "IXXX": -0.11535739561217268, "IXXI": -0.02476999292285917, "IXIX": -0.014861995753715489, "YYYY": 0.21019108280254778, "YYYI": -0.03326256192498231, "YYIY": -0.04883227176220811, "YIYY": 0.07572540693559801, "YIYI": -0.02901627742392074, "YIIY": -0.05307855626326966, "IYYY": 0.28096249115357397, "IYYI": 0.00353857041755129, "IYIY": -0.020523708421797626, "YZYZ": -0.030054644808743168, "YXYX": 0.13114754098360656, "XZXZ": -0.00819672131147541, "ZXZX": 0.01912568306010929, "ZYYZ": 0.02185792349726776, "XYYX": 0.24043715846994534, "ZYZY": -0.03551912568306011, "YZZY": -0.06284153005464481, "XZZX": 0.04371584699453552, "YXXY": 0.16666666666666666, "ZXXZ": 0.00819672131147541, "XYXY": 0.22131147540983606}