{"XXZZ": -0.36588818117480537, "XXZI": 0.021939136588818103, "XXIZ": 0.021939136588818103, "XXII": -0.36588818117480537, "XIZZ": -0.17338995046001415, "XIZI": -0.012031139419674375, "XIIZ": -0.012031139419674375, "XIII": -0.17338995046001415, "IXZZ": 0.164897381457891, "IXZI": -0.03609341825902335, "IXIZ": -0.03609341825902335, "IXII": 0.164897381457891, "IIZZ": 1.0, "IIZI": -0.08421797593772112, "IIIZ": -0.08421797593772112, "IIII": 1.0, "XXYY": -0.16489738145789104, "XXYI": 0.03892427459306441, "XXIY": 0.06581740976645434, "XIYY": -0.10261854210898799, "XIYI": -0.023354564755838664, "XIIY": -0.021939136588818152, "IXYY": 0.06440198159943382, "IXYI": 0.01627742392073603, "IXIY": 0.0007077140835102663, "IIYY": 0.556970983722576, "IIYI": -0.040339702760084806, "IIIY": -0.03043170559094116, "YYZZ": 0.44798301486199577, "YYZI": 0.013446567586694963, "YYIZ": 0.013446567586694963, "YYII": 0.44798301486199577, "YIZZ": 0.1889596602972399, "YIZI": -0.03609341825902332, "YIIZ": -0.03609341825902332, "YIII": 0.1889596602972399, "IYZZ": 0.5116772823779193, "IYZI": 0.009200283085633365, "IYIZ": 0.009200283085633365, "IYII": 0.5116772823779193, "YYXX": -0.2427459306440198, "YYXI": 0.02901627742392074, "YYIX": -0.031847133757961804, "YIXX": -0.12101910828025474, "YIXI": 0.009200283085633393, "YIIX": 0.004953998584571864, "IYXX": -0.2668082094833687, "IYXI": -0.0007077140835102247, "IYIX": -0.02760084925690022, "IIXX": -0.5866949752300071, "IIXI": 0.013446567586695046, "IIIX": -0.0474168435951875, "ZZYY": 0.4805378627034679, "ZZYI": -0.019108280254777066, "ZZIY": 0.03326256192498234, "ZZII": 0.8471337579617835, "ZIYY": 0.48761500353857035, "ZIYI": -0.023354564755838636, "ZIIY": 0.04883227176220806, "ZIII": 0.8853503184713375, "IZYY": 0.4196744515215853, "IZYI": -0.03467799009200284, "IZIY": 0.04600141542816699, "IZII": 0.7523000707714085, "ZZXX": -0.521585279547063, "ZZXI": -0.05874026893135176, "ZZIX": 0.05024769992922862, "ZIXX": -0.5697098372257609, "ZIXI": -0.030431705590941327, "ZIIX": 0.04175513092710548, "IZXX": -0.4734607218683653, "IZXI": -0.03326256192498228, "IZIX": 0.030431705590941244, "ZZZZ": 0.8584571832979477, "ZZZI": -0.02901627742392071, "ZZIZ": -0.02901627742392071, "ZIZZ": 0.8782731776362349, "ZIZI": -0.014861995753715551, "ZIIZ": -0.014861995753715551, "IZZZ": 0.7423920736022647, "IZZI": -0.01769285208775656, "IZIZ": -0.01769285208775656, "XXXX": 0.19462137296532206, "XXXI": 0.02052370842179757, "XXIX": -0.019108280254777066, "XIXX": 0.13517338995046005, "XIXI": -0.013446567586695019, "XIIX": 0.0035385704175513177, "IXXX": -0.08704883227176223, "IXXI": -0.017692852087756547, "IXIX": 0.021939136588818117, "YYYY": 0.31351733899504597, "YYYI": -0.04317055909412601, "YYIY": -0.027600849256900234, "YIYY": 0.16206652512385, "YIYI": -0.02760084925690022, "YIIY": -0.020523708421797612, "IYYY": 0.3007784854918613, "IYYI": -0.01344656758669499, "IYIY": -0.0007077140835102802, "YZYZ": 0.00273224043715847, "YXYX": 0.15027322404371585, "XZXZ": -0.03825136612021858, "ZXZX": -0.06830601092896176, "ZYYZ": 0.0273224043715847, "XYYX": 0.16120218579234974, "ZYZY": -0.04371584699453552, "YZZY": -0.07923497267759563, "XZZX": -0.02459016393442623, "YXXY": 0.1284153005464481, "ZXXZ": -0.01912568306010929, "XYXY": 0.22131147540983606}