{"XXZZ": -0.3191790516631281, "XXZI": -0.010615711252653925, "XXIZ": -0.010615711252653925, "XXII": -0.3191790516631281, "XIZZ": -0.18612880396319886, "XIZI": -0.04175513092710542, "XIIZ": -0.04175513092710542, "XIII": -0.18612880396319886, "IXZZ": 0.15357395612172686, "IXZI": -0.03326256192498231, "IXIZ": -0.03326256192498231, "IXII": 0.15357395612172686, "IIZZ": 1.0, "IIZI": -0.04741684359518761, "IIIZ": -0.04741684359518761, "IIII": 1.0, "XXYY": -0.23142250530785563, "XXYI": 0.006369426751592355, "XXIY": -0.014861995753715468, "XIYY": -0.13375796178343946, "XIYI": -0.06581740976645428, "XIIY": -0.0474168435951875, "IXYY": 0.11111111111111109, "IXYI": -0.010615711252653967, "IXIY": -0.043170559094125996, "IIYY": 0.5484784147204529, "IIYI": 0.03043170559094127, "IIIY": 0.03184713375796172, "YYZZ": 0.3927813163481953, "YYZI": 0.020523708421797626, "YYIZ": 0.020523708421797626, "YYII": 0.3927813163481953, "YIZZ": 0.13234253361641893, "YIZI": 0.023354564755838664, "YIIZ": 0.023354564755838664, "YIII": 0.13234253361641893, "IYZZ": 0.4564755838641189, "IYZI": -0.02052370842179757, "IYIZ": -0.02052370842179757, "IYII": 0.4564755838641189, "YYXX": -0.16631280962491152, "YYXI": -0.04175513092710545, "YYIX": 0.03184713375796179, "YIXX": -0.0898796886058033, "YIXI": -0.01627742392073607, "YIIX": 0.014861995753715537, "IYXX": -0.29936305732484075, "IYXI": -0.00778485491861286, "IYIX": 0.02052370842179757, "IIXX": -0.5937721160651097, "IIXI": -0.0360934182590234, "IIIX": 0.02335456475583869, "ZZYY": 0.4635527246992216, "ZZYI": 0.0007077140835102247, "ZZIY": 0.016277423920736056, "ZZII": 0.8358103326256193, "ZIYY": 0.521585279547063, "ZIYI": -0.006369426751592411, "ZIIY": -0.0021231422505308406, "ZIII": 0.8881811748053787, "IZYY": 0.4196744515215853, "IZYI": 0.00495399858457185, "IZIY": 0.00353857041755129, "IZII": 0.7466383581033262, "ZZXX": -0.4677990092002831, "ZZXI": 0.00495399858457185, "ZZIX": 0.00353857041755129, "ZIXX": -0.4706298655343242, "ZIXI": -0.0007077140835102247, "ZIIX": 0.0261854210898797, "IZXX": -0.397027600849257, "IZXI": -0.006369426751592355, "IZIX": 0.020523708421797626, "ZZZZ": 0.8372257607926397, "ZZZI": -0.00920028308563342, "ZZIZ": -0.00920028308563342, "ZIZZ": 0.8796886058032555, "ZIZI": -0.006369426751592355, "ZIIZ": -0.006369426751592355, "IZZZ": 0.7282377919320593, "IZZI": -0.03043170559094127, "IZIZ": -0.03043170559094127, "XXXX": 0.22717622080679403, "XXXI": 0.0205237084217976, "XXIX": -0.027600849256900234, "XIXX": 0.08563340410474171, "XIXI": 0.006369426751592341, "XIIX": -0.013446567586694998, "IXXX": -0.10686482661004951, "IXXI": -0.04175513092710542, "IXIX": 0.0629865534324133, "YYYY": 0.21868365180467092, "YYYI": 0.0644019815994338, "YYIY": 0.02193913658881809, "YIYY": 0.12526539278131635, "YIYI": -0.02901627742392074, "YIIY": -0.05449398443029016, "IYYY": 0.2696390658174098, "IYYI": 0.010615711252653953, "IYIY": 0.002123142250530813, "YZYZ": 0.01639344262295082, "YXYX": 0.1092896174863388, "XZXZ": -0.06284153005464481, "ZXZX": 0.0546448087431694, "ZYYZ": 0.03278688524590164, "XYYX": 0.25136612021857924, "ZYZY": -0.01092896174863388, "YZZY": -0.04918032786885246, "XZZX": 0.01366120218579235, "YXXY": 0.12568306010928962, "ZXXZ": 0.00819672131147541, "XYXY": 0.24043715846994534}