{"YYIYIY": 0.014688282015014695, "XXYXXY": -0.6080948754216079, "YXYZXZ": 0.026438907627026446, "ZZZZYY": -0.26438907627026437, "XXZZII": 0.8196061364378195, "ZYYZII": -6.938893903907228e-18, "YYZZZZ": 0.6080948754216079, "YZYZYY": 0.0, "ZYZYZZ": -0.026438907627026446, "XXZYYZ": -0.052877815254052885, "XIZXZI": -0.00293765640300293, "XZZYXY": 0.02643890762702644, "YXXYII": -0.026438907627026432, "YYZZII": 0.5346534653465346, "IYYXXI": -0.002937656403002944, "XZXIZI": -0.00881296920900881, "ZYYXZX": 0.026438907627026432, "IXIXZZ": 0.017625938418017614, "YXZYXZ": 0.05287781525405287, "YIIZZY": 0.026438907627026435, "YXYXII": -0.03525187683603524, "XZZXXX": -0.07931672288107927, "YZZYYY": -6.938893903907228e-18, "YXYXZZ": -0.0793167228810793, "IYYZZI": -0.01762593841801762, "ZXXZXX": 0.05287781525405286, "ZIYZYI": 0.020563594821020555, "XXYZYZ": -0.10575563050810574, "ZZYYZZ": 0.31726689152431725, "XIYXIY": -0.0029376564030029273, "YYZZYY": 0.23795016864323792, "ZZYIYI": -0.005875312806005874, "IXXZIZ": -0.014688282015014688, "YYXXZZ": 0.37014470677837014, "IIXXYY": 0.6315961266456316, "XIYXYI": -0.02056359482102057, "ZZIXXI": 0.005875312806005874, "IIXXXX": -0.660972690675661, "IZIXXZ": 0.008812969209008824, "XIYIYX": -0.014688282015014695, "ZXYXZY": 0.02643890762702644, "IYIYII": 0.004569687738004573, "ZYYZYY": 0.05287781525405286, "ZZXIXI": 0.00881296920900881, "ZXZYXY": 2.0816681711721685e-17, "YXYIIX": 0.0058753128060058755, "YIZYZI": 0.03525187683603525, "YZZIYI": -0.029376564030029365, "YYIIII": 0.5604395604395604, "ZXZXYY": -0.02643890762702644, "IIIYYI": 0.001958011530512345, "YIYZIZ": -0.002937656403002937, "IYYIXX": -1.0408340855860843e-17, "IIXZZX": 0.023501251224023502, "YXYYXY": 0.05287781525405286, "YZXYXZ": 6.938893903907228e-18, "XYYIXI": -0.008811051887305563, "XIIXXX": -0.03818953323903819, "ZYIYZI": 0.023501251224023495, "ZYYYYZ": 0.05287781525405287, "ZYXYXZ": 0.026438907627026432, "XZXXZX": 0.0, "IZZZIZ": 0.04406484604504407, "IXIXXX": -0.023501251224023502, "ZZZXZX": -0.026438907627026418, "ZXXYYZ": -0.026438907627026446, "IXXIXX": -0.014688282015014681, "YZIYZI": -0.026438907627026463, "XIIXII": 0.024480470025024483, "YYZXZX": -0.026438907627026432, "XXXIXI": 0.02937656403002938, "XYIXIY": -0.005875312806005874, "XZYXZY": 0.0793167228810793, "YYIIZZ": 0.5757806549885757, "ZYZIYI": -0.014688282015014677, "ZIXIZX": -0.00881296920900882, "ZYIYIZ": 0.014688282015014695, "XXZXZX": 0.026433155661916674, "ZYZYII": 0.011750625612011747, "IZZZZI": 0.04994015885104994, "XYYXII": 0.17328402045034266, "XXYIIY": 0.020563594821020558, "IIYYII": -0.5532586225655534, "IYIIYI": 0.002284843869002285, "ZXXYZY": -0.026438907627026446, "ZZZZII": -0.6257208138396257, "XIXIII": 0.032314220433032316, "IYZYIZ": 0.03818953323903819, "XXYYYY": -0.5023392449135022, "XZIXIZ": 0.008812969209008804, "YXZYZX": -0.026438907627026446, "IIXYXY": -0.7902295724077901, "XYXIIY": 0.005875312806005882, "YXIXIY": 0.008812969209008804, "XYXYZZ": 0.15863344576215863, "XYIYIX": 0.005875312806005863, "ZIIZZZ": 0.04994015885104995, "ZZYXYX": 0.4494614296594494, "ZXXXXZ": 0.052877815254052864, "XXYYZZ": -0.47590033728647585, "IIZXXZ": -0.002937656403002956, "ZZZIZI": 0.329017517136329, "IZYIYZ": -0.00587531280600587, "XYYXXX": -0.1321945381351322, "YXIXYI": -0.014688282015014702, "XZXYZY": -0.05287781525405287, "YZYZXX": -0.026438907627026432, "ZXZYYX": -0.02643890762702644, "ZZIIII": -0.627026438907627, "XYXXXY": 0.05287781525405288, "IIXYYX": -0.8019801980198018, "ZXZXXX": 0.0, "YXIYXI": -0.008812969209008818, "ZXIZIX": 0.005875312806005874, "XZIIXZ": 0.01762593841801763, "IXIXYY": 0.052877815254052885, "IIIIZZ": 0.9981503644869982, "ZYYYZY": -0.02643890762702646, "XYZYZX": -0.07931672288107931, "XYXZZY": 0.0793167228810793, "IYIXXY": -0.03231422043303231, "ZIZIYY": 0.00881296920900881, "YXXXXY": 0.0, "ZZIZZI": 0.32314220433032315, "YYIIXX": -0.2261995430312262, "ZXXZII": -6.938893903907228e-18, "YZZIIY": 0.01762593841801762, "ZZXXXX": 0.423022522032423, "IZYIZY": -0.002937656403002935, "XYXYII": 0.1850723533891851, "XXXXXX": -0.5552170601675552, "ZZZIIZ": 0.32314220433032315, "YZZYXX": -0.05287781525405288, "IXYYIX": -0.014688282015014695, "IYYIII": 0.003916875204003918, "XXYYII": -0.4493636462525835, "YZZXXY": -0.02643890762702644, "XXIYYI": 0.029376564030029362, "IYYYIY": -0.008812969209008814, "IIIIYY": 0.4337939288434338, "IZZYIY": 0.01762593841801762, "IYXIXY": -0.011750625612011751, "YIXIXY": -0.017625938418017628, "ZZXIIX": 0.005875312806005874, "ZXIIXZ": 0.011750625612011747, "IZIZII": -0.1011859427701012, "XYYZZX": 2.0816681711721685e-17, "IZZXIX": -0.026438907627026432, "IZZIXX": 0.035251876836035256, "YIIYXX": 0.0029376564030029473, "XZYZYX": 0.07929946698575002, "YIIYII": 0.0003263352550853917, "IZZIZZ": -0.09985858805612967, "XXZIZI": -0.39364595800239366, "XXXXII": 0.5139780267594909, "YYXYXY": -0.44946142965944935, "XYXZYZ": 0.0, "XXZIIZ": -0.39658361440539663, "ZZZYYZ": -0.07931672288107927, "IXXZZI": -0.0029376564030029334, "IZZXXI": 0.0029376564030029265, "ZXYYXZ": 0.05287781525405287, "IIYYZZ": -0.564030029376564, "IYZIZY": -0.01175062561201174, "XZYZXY": 0.02643890762702644, "YYZYYZ": -0.026438907627026432, "YZXXYZ": -0.02643890762702644, "ZXIIZX": 0.0088129692090088, "ZXZIXI": 0.0029376564030029403, "IZZYYI": 6.938893903907228e-18, "ZYXXZY": 0.026438907627026446, "ZIZYYI": 6.938893903907228e-18, "IZIZYY": -0.07637906647807638, "YYYZZY": 0.10575563050810574, "ZZXXII": -0.3466434555543466, "IYYYYI": -0.06462844086606465, "XXIZIZ": -0.4171472092264171, "YYZXXZ": -0.05287781525405288, "ZIIIIZ": -0.04145359590904146, "XZXZYY": 0.052877815254052885, "ZYZXYX": 6.938893903907228e-18, "IIIZIZ": -0.5147426830595148, "YIYIXX": -0.03231422043303232, "XIIZXZ": 0.0029376564030029247, "IXXXIX": 0.026438907627026442, "ZXYXYZ": -0.05286631132383335, "ZIXXZI": -0.020563594821020555, "ZIZIII": 0.07833750408007834, "IIXZXZ": 0.008812969209008809, "YXIYIX": -0.005875312806005867, "IXIZXZ": 0.008812969209008814, "XYYZXZ": 0.0, "YZZYZZ": -0.026438907627026418, "ZXXIZI": 0.020563594821020544, "ZXYYZX": 0.07931672288107933, "ZYXZXY": 0.05287781525405287, "XIZXIZ": -0.01762593841801762, "XYZXYZ": 0.026433155661916674, "XIIIXI": 0.002611250136002612, "IZIZZZ": -0.0910475361688241, "ZYZZZY": -0.05287781525405286, "YXZXZY": -0.05287781525405291, "IIYYXX": 0.660972690675661, "XXXYXY": -0.74028941355674, "YYYYII": -0.32020454792732017, "IYIIIY": -0.0022848438690022867, "YIYYIY": -0.02056359482102055, "IIZZYY": 0.43477314764443475, "XZXZXX": 0.026438907627026432, "IIZZZZ": 0.9811772386029809, "XXZXXZ": 0.05287781525405287, "ZZIXIX": 0.005875312806005877, "YZXXZY": 0.0, "IXIZZX": 0.0029376564030029334, "YYIZZI": -0.27026438907627026, "XYZXZY": 2.0816681711721685e-17, "ZZIZIZ": 0.32314220433032315, "IYXYXI": -0.014688282015014695, "XIXYIY": 0.008812969209008814, "IXXYYI": 0.008812969209008821, "IZXXIZ": -0.023501251224023488, "IXIIIX": -0.005875312806005876, "ZYXZYX": 0.05287781525405287, "IXYIYX": -0.03524420754922224, "ZXZZZX": 0.13219453813513218, "XXZZYY": 0.31726689152431725, "YXXXYX": 0.0, "IIZZXX": -0.43477314764443475, "ZXXZYY": 0.0, "YZZZZY": -0.026438907627026446, "YXXYXX": 0.05287781525405288, "IIYZZY": 0.008812969209008818, "IIIIII": 1.0, "YIZIYZ": 0.008811051887305557, "YYXIIX": 0.0029376564030029334, "YYIYYI": 0.02937656403002938, "ZYIIZY": 0.008812969209008816, "IXIYYX": -0.014688282015014695, "YYXXXX": -0.42302252203242297, "IZIZXX": 0.035251876836035256, "IIIXIX": -0.0019584376020019573, "YIIXYX": -0.02937656403002938, "XIIXYY": 0.011750625612011754, "YXYZZX": -0.05287781525405287, "IYXXYI": 0.005875312806005874, "IIZZII": 0.998259545306211, "IYXXIY": 0.014688282015014686, "XIYIXY": -0.0029376564030029403, "YZIIZY": -0.014688282015014698, "YIYYYI": -0.008812969209008814, "XIXZZI": 0.005875312806005888, "IZIYYZ": 1.734723475976807e-18, "YIYXIX": -0.01175062561201173, "XZZIIX": 0.035251876836035256, "ZXZIIX": -0.014688282015014688, "XIIXZZ": 0.03231422043303232,