{"YYIYIY": -0.00881296920900881, "XXYXXY": -0.6874115983026873, "YXYZXZ": 6.938893903907228e-18, "ZZZZYY": -0.2907647122810834, "XXZZII": 0.8313567620498312, "ZYYZII": -1.3877787807814457e-17, "YYZZZZ": 0.5816559677945816, "YZYZYY": -0.052877815254052885, "ZYZYZZ": 0.07931672288107931, "XXZYYZ": 0.026438907627026418, "XIZXZI": -0.014688282015014686, "XZZYXY": 0.026438907627026418, "YXXYII": 3.469446951953614e-18, "YYZZII": 0.564030029376564, "IYYXXI": -0.002937656403002942, "XZXIZI": 0.008811051887305563, "ZYYXZX": -0.0793167228810793, "IXIXZZ": 1.0408340855860843e-17, "YXZYXZ": 1.3877787807814457e-17, "YIIZZY": 0.011750625612011747, "YXYXII": -0.029376564030029383, "XZZXXX": 0.0, "YZZYYY": -0.05287781525405286, "YXYXZZ": -0.18507235338918504, "IYYZZI": 0.002937656403002937, "ZXXZXX": -0.05287781525405286, "ZIYZYI": -0.0029376564030029403, "XXYZYZ": -0.02643890762702644, "ZZYYZZ": 0.37014470677837014, "XIYXIY": -0.014688282015014702, "YYZZYY": 0.26438907627026437, "ZZYIYI": -0.041118242140759285, "IXXZIZ": -0.020563594821020565, "YYXXZZ": 0.2907647122810834, "IIXXYY": 0.6404090958546405, "XIYXYI": 0.032314220433032316, "ZZIXXI": -0.014688282015014695, "IIXXXX": -0.6315961266456316, "IZIXXZ": 0.01762593841801762, "XIYIYX": -0.005875312806005881, "ZXYXZY": -0.026438907627026446, "IYIYII": 0.01370906321401371, "ZYYZYY": -0.05286631132383335, "ZZXIXI": 0.020563594821020558, "ZXZYXY": 0.10575563050810576, "YXYIIX": -0.005875312806005881, "YIZYZI": 0.005875312806005877, "YZZIYI": -0.008812969209008814, "YYIIII": 0.5591339353715592, "ZXZXYY": -0.02643890762702644, "IIIYYI": -0.0003264062670003268, "YIYZIZ": 0.008812969209008814, "IYYIXX": -0.03525187683603524, "IIXZZX": -0.00587531280600586, "YXYYXY": 0.0, "YZXYXZ": 0.026438907627026432, "XYYIXI": 0.002937656403002937, "XIIXXX": -0.020563594821020572, "ZYIYZI": -0.017625938418017614, "ZYYYYZ": 0.026438907627026432, "ZYXYXZ": -6.938893903907228e-18, "XZXXZX": -0.026433155661916674, "IZZZIZ": 0.02937656403002938, "IXIXXX": 0.00587531280600587, "ZZZXZX": 0.05287781525405286, "ZXXYYZ": -6.938893903907228e-18, "IXXIXX": -0.03231422043303232, "YZIYZI": -0.01762593841801765, "XIIXII": 0.016320313350016324, "YYZXZX": -0.026438907627026404, "XXXIXI": 0.023501251224023502, "XYIXIY": -0.0029370172957685244, "XZYXZY": -0.02643890762702646, "YYIIZZ": 0.5699053421825698, "ZYZIYI": 0.008812969209008814, "ZIXIZX": -0.0235012512240235, "ZYIYIZ": 8.673617379884035e-19, "XXZXZX": -0.052877815254052885, "ZYZYII": 0.0029376564030029403, "IZZZZI": 0.047002502448047, "XYYXII": 0.19976063540419978, "XXYIIY": 0.011750625612011747, "IIYYII": -0.5535850288325537, "IYIIYI": 0.003916875204003918, "ZXXYZY": 0.026438907627026446, "ZZZZII": -0.6374714394516374, "XIXIII": 0.01925796975301925, "IYZYIZ": 0.0029376564030029473, "XXYYYY": -0.5552170601675551, "XZIXIZ": 0.0, "YXZYZX": -0.026438907627026467, "IIXYXY": -0.8196061364378195, "XYXIIY": -0.01174806918307407, "YXIXIY": 0.014685086478842601, "XYXYZZ": 0.13219453813513218, "XYIYIX": -0.017625938418017635, "ZIIZZZ": 0.07931672288107931, "ZZYXYX": 0.4494614296594494, "ZXXXXZ": -0.026438907627026418, "XXYYZZ": -0.3965836144053966, "IIZXXZ": 0.0029376564030029403, "ZZZIZI": 0.32607986073332607, "IZYIYZ": -0.011750625612011751, "XYYXXX": -0.07931672288107931, "YXIXYI": 0.014688282015014681, "XZXYZY": 0.05287781525405287, "YZYZXX": -6.938893903907228e-18, "ZXZYYX": -0.02643890762702644, "ZZIIII": -0.6283320639756284, "XYXXXY": -0.026438907627026432, "IIXYYX": -0.8107931672288108, "ZXZXXX": 0.026438907627026446, "YXIYXI": 0.02350125122402349, "ZXIZIX": 0.005875312806005867, "XZIIXZ": -0.0029376564030029386, "IXIXYY": 0.04406484604504407, "IIIIZZ": 0.9945598955499946, "ZYYYZY": 6.938893903907228e-18, "XYZYZX": -6.938893903907228e-18, "XYXZZY": 0.0, "IYIXXY": 0.0, "ZIZIYY": 0.014685086478842604, "YXXXXY": -0.02643890762702644, "ZZIZZI": 0.31726689152431725, "YYIIXX": -0.25557610706125555, "ZXXZII": -0.0029376564030029334, "YZZIIY": -0.026438907627026425, "ZZXXXX": 0.423022522032423, "IZYIZY": -0.026438907627026425, "XYXYII": 0.19976063540419978, "XXXXXX": -0.5816559677945815, "ZZZIIZ": 0.31139157871831136, "YZZYXX": 0.026438907627026446, "IXYYIX": 0.005875312806005888, "IYYIII": 0.010445000544010437, "XXYYII": -0.47296268088347293, "YZZXXY": 0.026438907627026453, "XXIYYI": -0.01762593841801763, "IYYYIY": -0.017625938418017614, "IIIIYY": 0.4357523664454358, "IZZYIY": -5.204170427930421e-18, "IYXIXY": -0.002937656403002937, "YIXIXY": 0.002937656403002937, "ZZXIIX": -0.0029376564030029317, "ZXIIXZ": 0.01175062561201174, "IZIZII": -0.10542922424110544, "XYYZZX": -0.0793167228810793, "IZZXIX": -0.01175062561201174, "IZZIXX": 0.0616907844630617, "YIIYXX": -0.005875312806005881, "XZYZYX": -0.026433155661916674, "YIIYII": 0.010445000544010444, "IZZIZZ": -0.08225437928408225, "XXZIZI": -0.3936459580023936, "XXXXII": 0.4670873680774671, "YYXYXY": -0.4494614296594494, "XYXZYZ": -0.07931672288107927, "XXZIIZ": -0.3936459580023936, "ZZZYYZ": 0.026438907627026446, "IXXZZI": -0.014688282015014684, "IZZXXI": 1.734723475976807e-18, "ZXYYXZ": 0.026438907627026446, "IIYYZZ": -0.5464040909585464, "IYZIZY": 0.0, "XZYZXY": 0.02643890762702644, "YYZYYZ": 0.07931672288107931, "YZXXYZ": -0.10575563050810574, "ZXIIZX": 0.002937656403002935, "ZXZIXI": 0.01175062561201174, "IZZYYI": -0.02350125122402349, "ZYXXZY": 0.026433155661916674, "ZIZYYI": 1.0408340855860843e-17, "IZIZYY": -0.017625938418017618, "YYYZZY": 0.026438907627026418, "ZZXXII": -0.3554564247633554, "IYYYYI": -0.01175062561201174, "XXIZIZ": -0.3936459580023936, "YYZXXZ": -0.026438907627026432, "ZIIIIZ": -0.03198781416603199, "XZXZYY": 0.02643890762702644, "ZYZXYX": -0.026438907627026418, "IIIZIZ": -0.505929713850506, "YIYIXX": -0.011750625612011747, "XIIZXZ": 0.017625938418017635, "IXXXIX": -0.014688282015014681, "ZXYXYZ": -0.02643890762702644, "ZIXXZI": 0.005875312806005872, "ZIZIII": 0.06854531607006856, "IIXZXZ": 0.002937656403002928, "YXIYIX": -0.0029376564030029317, "IXIZXZ": 0.011750625612011747, "XYYZXZ": 0.0, "YZZYZZ": 0.026438907627026425, "ZXXIZI": -0.032314220433032316, "ZXYYZX": 0.0, "ZYXZXY": -6.938893903907228e-18, "XIZXIZ": -0.01762593841801763, "XYZXYZ": 0.07931672288107931, "XIIIXI": -0.0006528125340006545, "IZIZZZ": -0.09400500489609401, "ZYZZZY": 0.07931672288107933, "YXZXZY": -0.02643890762702644, "IIYYXX": 0.6521597214666521, "XXXYXY": -0.7138505059297137, "YYYYII": -0.32607986073332607, "IYIIIY": 0.0042432814710042415, "YIYYIY": -0.011750625612011744, "IIZZYY": 0.44358611685344357, "XZXZXX": -0.05287781525405288, "IIZZZZ": 1.0046784898270045, "XXZXXZ": 6.938893903907228e-18, "ZZIXIX": 0.011750625612011747, "YZXXZY": 0.026438907627026425, "IXIZZX": 0.008812969209008807, "YYIZZI": -0.2761397018822761, "XYZXZY": 0.026438907627026432, "ZZIZIZ": 0.30551626591230546, "IYXYXI": 0.02350125122402349, "XIXYIY": 0.005875312806005882, "IXXYYI": 0.005875312806005874, "IZXXIZ": 0.014688282015014684, "IXIIIX": -0.0016320313350016297, "ZYXZYX": -0.026438907627026432, "IXYIYX": -0.005875312806005881, "ZXZZZX": 0.052877815254052885, "XXZZYY": 0.3701447067783701, "YXXXYX": -0.026438907627026432, "IIZZXX": -0.4494614296594494, "ZXXZYY": 1.3877787807814457e-17, "YZZZZY": 0.02643890762702641, "YXXYXX": 0.0, "IIYZZY": -0.005874034591537035, "IIIIII": 1.0, "YIZIYZ": 6.938893903907228e-18, "YYXIIX": 0.01175062561201174, "YYIYYI": 0.008811051887305556, "ZYIIZY": -0.005875312806005881, "IXIYYX": -0.02643890762702644, "YYXXXX": -0.2907647122810834, "IZIZXX": 0.03525187683603524, "IIIXIX": 0.004896094005004898, "YIIXYX": -0.017625938418017635, "XIIXYY": 0.047002502448047004, "YXYZZX": 6.938893903907228e-18, "IYXXYI": -0.005875312806005874, "IIZZII": 0.9988031770209989, "IYXXIY": -3.469446951953614e-18, "XIYIXY": -0.026438907627026435, "YZIIZY": -0.011750625612011734, "YIYYYI": -0.005875312806005872, "XIXZZI": -0.023501251224023502, "IZIYYZ": -3.469446951953614e-18, "YIYXIX": 0.0323142204330323, "XZZIIX": -0.008812969209008814, "ZXZIIX": -0.014688282015014688,