{"YYIYIY": -0.014688282015014688, "XXYXXY": -0.634395735886, "YXYZXZ": -0.026433155661916674, "ZZZZYY": -0.2908279838972908, "XXZZII": 0.8019801980198018, "ZYYZII": 0.00587531280600587, "YYZZZZ": 0.5023392449135025, "YZYZYY": -6.938893903907228e-18, "ZYZYZZ": 0.0, "XXZYYZ": 0.07929946698575002, "XIZXZI": 0.011750625612011747, "XZZYXY": 0.02643890762702644, "YXXYII": -0.011750625612011754, "YYZZII": 0.564030029376564, "IYYXXI": 0.002937656403002937, "XZXIZI": 0.011750625612011753, "ZYYXZX": 6.938893903907228e-18, "IXIXZZ": 0.05287781525405287, "YXZYXZ": 2.0816681711721685e-17, "YIIZZY": -0.023501251224023502, "YXYXII": -0.011750625612011751, "XZZXXX": -1.3877787807814457e-17, "YZZYYY": 0.052877815254052885, "YXYXZZ": 0.05287781525405288, "IYYZZI": -0.0058753128060058685, "ZXXZXX": 0.05287781525405287, "ZIYZYI": 0.014688282015014684, "XXYZYZ": 0.026438907627026418, "ZZYYZZ": 0.2908279838972908, "XIYXIY": 0.002937656403002961, "YYZZYY": 0.23795016864323795, "ZZYIYI": 0.017625938418017642, "IXXZIZ": -0.04112718964204113, "YYXXZZ": 0.2643890762702644, "IIXXYY": 0.6903492547056903, "XIYXYI": -0.020563594821020544, "ZZIXXI": 0.020563594821020565, "IIXXXX": -0.6697856598846696, "IZIXXZ": -0.035251876836035256, "XIYIYX": -0.04112718964204114, "ZXYXZY": -2.0816681711721685e-17, "IYIYII": 0.013382656947013384, "ZYYZYY": 0.05287781525405286, "ZZXIXI": -0.026438907627026435, "ZXZYXY": 0.02643890762702644, "YXYIIX": 0.005874034591537045, "YIZYZI": -0.020563594821020565, "YZZIYI": -0.014688282015014681, "YYIIII": 0.5705581547165706, "ZXZXYY": -0.026438907627026432, "IIIYYI": 0.003916875204003916, "YIYZIZ": -0.008812969209008807, "IYYIXX": 1.3877787807814457e-17, "IIXZZX": 0.005875312806005881, "YXYYXY": -0.026438907627026453, "YZXYXZ": 0.026433155661916674, "XYYIXI": 0.002937656403002944, "XIIXXX": -0.04992929402806483, "ZYIYZI": 0.005875312806005874, "ZYYYYZ": -0.05287781525405287, "ZYXYXZ": -0.026438907627026418, "XZXXZX": -0.10575563050810574, "IZZZIZ": 0.044064846045044063, "IXIXXX": -0.03525187683603524, "ZZZXZX": -0.05287781525405287, "ZXXYYZ": 6.938893903907228e-18, "IXXIXX": -0.01762593841801763, "YZIYZI": 0.02349613836614816, "XIIXII": 0.020237188554020236, "YYZXZX": -0.02643890762702644, "XXXIXI": -0.014688282015014688, "XYIXIY": -0.026438907627026435, "XZYXZY": 1.3877787807814457e-17, "YYIIZZ": 0.5552170601675552, "ZYZIYI": -0.002937656403002937, "ZIXIZX": 0.023501251224023516, "ZYIYIZ": 0.005875312806005877, "XXZXZX": 0.05287781525405289, "ZYZYII": -0.005875312806005888, "IZZZZI": 0.05875312806005875, "XYYXII": 0.18213469698618212, "XXYIIY": 1.0408340855860843e-17, "IIYYII": -0.5646828419105647, "IYIIYI": 0.008160156675008166, "ZXXYZY": 0.0793167228810793, "ZZZZII": -0.5845936241975845, "XIXIII": 0.02448047002502448, "IYZYIZ": 0.0029376564030029473, "XXYYYY": -0.5287781525405287, "XZIXIZ": 0.014688282015014695, "YXZYZX": -6.938893903907228e-18, "IIXYXY": -0.8225437928408226, "XYXIIY": 0.00587531280600587, "YXIXIY": 0.014688282015014693, "XYXYZZ": 0.23795016864323795, "XYIYIX": -0.029376564030029376, "ZIIZZZ": 0.06462844086606463, "ZZYXYX": 0.4759003372864759, "ZXXXXZ": 6.938893903907228e-18, "XXYYZZ": -0.37014470677837014, "IIZXXZ": -0.00587531280600587, "ZZZIZI": 0.32314220433032315, "IZYIYZ": 0.014688282015014698, "XYYXXX": -0.13219453813513218, "YXIXYI": 0.002937017295768521, "XZXYZY": 0.026438907627026425, "YZYZXX": -0.026438907627026425, "ZXZYYX": 0.05287781525405287, "ZZIIII": -0.6175606571646176, "XYXXXY": 2.7755575615628914e-17, "IIXYYX": -0.8313567620498314, "ZXZXXX": 0.05287781525405288, "YXIYXI": -0.023501251224023505, "ZXIZIX": 0.0, "XZIIXZ": 0.008812969209008809, "IXIXYY": 0.023501251224023523, "IIIIZZ": 1.0027200522250028, "ZYYYZY": -0.05287781525405288, "XYZYZX": 0.0, "XYXZZY": 0.0, "IYIXXY": -0.04700250244804701, "ZIZIYY": 0.04994015885104994, "YXXXXY": -0.052877815254052864, "ZZIZZI": 0.30845392231530844, "YYIIXX": -0.2673267326732673, "ZXXZII": -0.02350125122402349, "YZZIIY": -0.005875312806005877, "ZZXXXX": 0.5023392449135022, "IZYIZY": 6.938893903907228e-18, "XYXYII": 0.16157110216516157, "XXXXXX": -0.47590033728647585, "ZZZIIZ": 0.31726689152431725, "YZZYXX": 0.0, "IXYYIX": -0.011750625612011737, "IYYIII": 0.003264062670003261, "XXYYII": -0.47002502448047, "YZZXXY": 0.10575563050810574, "XXIYYI": -0.017625938418017628, "IYYYIY": 0.023496138366148153, "IIIIYY": 0.4471765857904472, "IZZYIY": 0.0029376564030029473, "IYXIXY": -0.017625938418017628, "YIXIXY": -0.014688282015014702, "ZZXIIX": -0.008812969209008821, "ZXIIXZ": -0.005875312806005867, "IZIZII": -0.09792188010009792, "XYYZZX": 0.052877815254052885, "IZZXIX": 0.014688282015014677, "IZZIXX": 0.05287781525405287, "YIIYXX": -0.011748069183074077, "XZYZYX": -0.026433155661916674, "YIIYII": -0.0006528125340006545, "IZZIZZ": -0.10869328691110869, "XXZIZI": -0.4024589272114024, "XXXXII": 0.48177565009248174, "YYXYXY": -0.47590033728647585, "XYXZYZ": -0.052877815254052864, "XXZIIZ": -0.3995212708083995, "ZZZYYZ": 0.02643890762702644, "IXXZZI": -0.011750625612011753, "IZZXXI": 0.014688282015014684, "ZXYYXZ": -0.0793167228810793, "IIYYZZ": -0.5464040909585464, "IYZIZY": 0.014688282015014674, "XZYZXY": 1.3877787807814457e-17, "YYZYYZ": 0.0, "YZXXYZ": 0.05286631132383335, "ZXIIZX": -0.03231422043303233, "ZXZIXI": 0.011750625612011761, "IZZYYI": -0.029376564030029383, "ZYXXZY": 0.05287781525405286, "ZIZYYI": -0.002937656403002937, "IZIZYY": -0.05581547165705582, "YYYZZY": 0.052877815254052885, "ZZXXII": -0.34958111195734953, "IYYYYI": 0.02056359482102056, "XXIZIZ": -0.3965836144053966, "YYZXXZ": 0.05287781525405288, "ZIIIIZ": -0.031008595365031016, "XZXZYY": -0.05287781525405286, "ZYZXYX": 0.026438907627026446, "IIIZIZ": -0.5026656511805028, "YIYIXX": 0.005875312806005884, "XIIZXZ": -0.017625938418017618, "IXXXIX": -0.0029376564030029403, "ZXYXYZ": -0.02643890762702646, "ZIXXZI": 0.005875312806005867, "ZIZIII": 0.06919812860406921, "IIXZXZ": -0.005875312806005867, "YXIYIX": -0.014688282015014681, "IXIZXZ": 0.03231422043303231, "XYYZXZ": -0.02643890762702644, "YZZYZZ": 0.10575563050810574, "ZXXIZI": 0.005875312806005872, "ZXYYZX": 0.0, "ZYXZXY": -0.05287781525405286, "XIZXIZ": -0.0029376564030029473, "XYZXYZ": 0.0, "XIIIXI": -0.007180937874007183, "IZIZZZ": -0.09106734849309107, "ZYZZZY": 0.02643890762702644, "YXZXZY": -0.0793167228810793, "IIYYXX": 0.6609726906756609, "XXXYXY": -0.6345337830486343, "YYYYII": -0.35244207549222234, "IYIIIY": 0.003916875204003916, "YIYYIY": -0.011750625612011737, "IIZZYY": 0.4259601784354259, "XZXZXX": -2.0816681711721685e-17, "IIZZZZ": 1.0134914590360133, "XXZXXZ": 0.05287781525405288, "ZZIXIX": 0.017625938418017628, "YZXXZY": 0.05287781525405288, "IXIZZX": 0.002937656403002937, "YYIZZI": -0.279077358285279, "XYZXZY": 0.026438907627026418, "ZZIZIZ": 0.2908279838972908, "IYXYXI": -0.026438907627026442, "XIXYIY": -0.002937017295768521, "IXXYYI": -0.029376564030029365, "IZXXIZ": -0.014688282015014674, "IXIIIX": 0.007507344141007503, "ZYXZYX": 0.02643890762702644, "IXYIYX": -0.017625938418017635, "ZXZZZX": 0.0, "XXZZYY": 0.2908279838972908, "YXXXYX": 6.938893903907228e-18, "IIZZXX": -0.3995212708083995, "ZXXZYY": 6.938893903907228e-18, "YZZZZY": -6.938893903907228e-18, "YXXYXX": 0.05287781525405286, "IIYZZY": 3.469446951953614e-18, "IIIIII": 1.0, "YIZIYZ": 0.005875312806005884, "YYXIIX": 0.00881296920900881, "YYIYYI": 0.0029376564030029334, "ZYIIZY": 0.00881296920900881, "IXIYYX": -0.014688282015014709, "YYXXXX": -0.34370579915134364, "IZIZXX": 0.04406484604504407, "IIIXIX": 0.00456968773800457, "YIIXYX": 0.03525187683603524, "XIIXYY": 0.017625938418017628, "YXYZZX": -0.1321945381351322, "IYXXYI": 0.0029376564030029334, "IIZZII": 0.9948863018169949, "IYXXIY": 0.005875312806005874, "XIYIXY": -0.002937656403002944, "YZIIZY": 0.008812969209008804, "YIYYYI": -0.014688282015014684, "XIXZZI": -0.020559121070379636, "IZIYYZ": 0.008812969209008824, "YIYXIX": 0.014688282015014674, "XZZIIX": 0.008812969209008821, "ZXZIIX": 0.011750625612011747,