{"YYIYIY": 0.023501251224023488, "XXYXXY": -0.7138505059297137, "YXYZXZ": 0.02643890762702644, "ZZZZYY": -0.2115112610162115, "XXZZII": 0.8107931672288107, "ZYYZII": 0.002937656403002935, "YYZZZZ": 0.5552170601675551, "YZYZYY": 0.05287781525405286, "ZYZYZZ": -0.026438907627026418, "XXZYYZ": 0.0, "XIZXZI": 0.00587531280600586, "XZZYXY": -0.026438907627026446, "YXXYII": -0.026438907627026442, "YYZZII": 0.5552170601675552, "IYYXXI": 0.032314220433032316, "XZXIZI": 0.02056359482102056, "ZYYXZX": 0.07931672288107931, "IXIXZZ": 0.020563594821020555, "YXZYXZ": -6.938893903907228e-18, "YIIZZY": -0.008812969209008814, "YXYXII": -0.0029376564030029473, "XZZXXX": -0.02643890762702644, "YZZYYY": 0.052877815254052885, "YXYXZZ": 0.0793167228810793, "IYYZZI": -0.02643890762702643, "ZXXZXX": 0.02643890762702644, "ZIYZYI": 0.008812969209008804, "XXYZYZ": 0.0, "ZZYYZZ": 0.37014470677837014, "XIYXIY": 0.00587531280600587, "YYZZYY": 0.26438907627026437, "ZZYIYI": 0.008812969209008807, "IXXZIZ": -0.04406484604504405, "YYXXZZ": 0.3701447067783701, "IIXXYY": 0.6404090958546403, "XIYXYI": 0.04406484604504406, "ZZIXXI": 0.014688282015014674, "IIXXXX": -0.658035034272658, "IZIXXZ": -0.020563594821020572, "XIYIYX": -3.469446951953614e-18, "ZXYXZY": -0.05287781525405288, "IYIYII": 0.0022848438690022815, "ZYYZYY": 0.05287781525405287, "ZZXIXI": 0.020563594821020572, "ZXZYXY": -6.938893903907228e-18, "YXYIIX": -0.01762593841801763, "YIZYZI": -0.014688282015014681, "YZZIYI": -0.00587531280600587, "YYIIII": 0.565009248177565, "ZXZXYY": 0.0793167228810793, "IIIYYI": -0.004569687738004572, "YIYZIZ": -0.017625938418017628, "IYYIXX": -0.005875312806005888, "IIXZZX": 0.0029376564030029317, "YXYYXY": 0.10575563050810577, "YZXYXZ": -0.026438907627026432, "XYYIXI": 0.017625938418017635, "XIIXXX": -0.032314220433032316, "ZYIYZI": -0.002937656403002942, "ZYYYYZ": -0.0793167228810793, "ZYXYXZ": 0.0, "XZXXZX": -0.05287781525405288, "IZZZIZ": 0.03230719025345372, "IXIXXX": -0.005875312806005883, "ZZZXZX": -6.938893903907228e-18, "ZXXYYZ": 0.07931672288107933, "IXXIXX": -0.01762593841801762, "YZIYZI": 0.005874034591537042, "XIIXII": 0.012729844413012734, "YYZXZX": 0.052877815254052885, "XXXIXI": 0.014688282015014683, "XYIXIY": 0.03525187683603525, "XZYXZY": -0.05287781525405289, "YYIIZZ": 0.5699053421825699, "ZYZIYI": -0.017625938418017628, "ZIXIZX": -0.0058753128060058946, "ZYIYIZ": -0.008812969209008814, "XXZXZX": 0.0, "ZYZYII": -0.011750625612011746, "IZZZZI": 0.06462844086606462, "XYYXII": 0.1615711021651616, "XXYIIY": -0.017625938418017618, "IIYYII": -0.552932216298553, "IYIIYI": 0.006854531607006854, "ZXXYZY": 0.026438907627026418, "ZZZZII": -0.6345337830486345, "XIXIII": 0.03721031443803721, "IYZYIZ": 0.005875312806005873, "XXYYYY": -0.5552170601675551, "XZIXIZ": 0.014688282015014688, "YXZYZX": -0.026438907627026432, "IIXYXY": -0.8313567620498312, "XYXIIY": -0.011750625612011754, "YXIXIY": -0.0029376564030029265, "XYXYZZ": 0.18507235338918507, "XYIYIX": 0.002937656403002937, "ZIIZZZ": 0.03818953323903819, "ZZYXYX": 0.555217060167555, "ZXXXXZ": -0.05287781525405286, "XXYYZZ": -0.423022522032423, "IIZXXZ": -0.005874034591537042, "ZZZIZI": 0.32607986073332607, "IZYIYZ": -0.020563594821020572, "XYYXXX": -0.026438907627026446, "YXIXYI": 0.005875312806005881, "XZXYZY": -0.02643890762702639, "YZYZXX": 6.938893903907228e-18, "ZXZYYX": -0.026438907627026432, "ZZIIII": -0.6302905015776303, "XYXXXY": 0.026438907627026446, "IIXYYX": -0.799042541616799, "ZXZXXX": 0.026438907627026432, "YXIYXI": -0.01175062561201174, "ZXIZIX": 0.011750625612011747, "XZIIXZ": -0.011750625612011756, "IXIXYY": 0.005875312806005884, "IIIIZZ": 0.9974975519529976, "ZYYYZY": 0.0, "XYZYZX": 0.0793167228810793, "XYXZZY": -0.02643890762702644, "IYIXXY": -0.008812969209008818, "ZIZIYY": 0.04112718964204113, "YXXXXY": -0.026438907627026432, "ZZIZZI": 0.2878903274942879, "YYIIXX": -0.2732020454792732, "ZXXZII": 0.002937656403002936, "YZZIIY": -0.008812969209008821, "ZZXXXX": 0.4494614296594494, "IZYIZY": -0.005875312806005867, "XYXYII": 0.20269829180720272, "XXXXXX": -0.5287781525405286, "ZZZIIZ": 0.2996409531062997, "YZZYXX": -0.02643890762702644, "IXYYIX": -6.938893903907228e-18, "IYYIII": 0.014688282015014691, "XXYYII": -0.4847133064954847, "YZZXXY": 0.0, "XXIYYI": 0.014688282015014691, "IYYYIY": 0.01762593841801763, "IIIIYY": 0.4367315852464368, "IZZYIY": 0.02937656403002939, "IYXIXY": 3.469446951953614e-18, "YIXIXY": 0.008811051887305563, "ZZXIIX": 0.011750625612011754, "ZXIIXZ": -0.0029376564030029334, "IZIZII": -0.10804047437710805, "XYYZZX": -0.05287781525405287, "IZZXIX": -0.002937017295768514, "IZZIXX": 0.055815471657055804, "YIIYXX": -0.011750625612011758, "XZYZYX": -0.05287781525405286, "YIIYII": -0.007507344141007508, "IZZIZZ": -0.1086932869111087, "XXZIZI": -0.4142095528234142, "XXXXII": 0.4523990860624525, "YYXYXY": -0.42302252203242297, "XYXZYZ": 0.026438907627026432, "XXZIIZ": -0.38483298879338484, "ZZZYYZ": -0.026438907627026446, "IXXZZI": -0.014688282015014691, "IZZXXI": -0.0029376564030029265, "ZXYYXZ": 6.938893903907228e-18, "IIYYZZ": -0.5552170601675552, "IYZIZY": -0.005875312806005867, "XZYZXY": -0.052877815254052885, "YYZYYZ": -1.3877787807814457e-17, "YZXXYZ": 0.0793167228810793, "ZXIIZX": 0.014688282015014691, "ZXZIXI": 0.011750625612011747, "IZZYYI": 0.01175062561201175, "ZYXXZY": -2.0816681711721685e-17, "ZIZYYI": -0.014688282015014688, "IZIZYY": -0.0763624496899815, "YYYZZY": 0.05287781525405286, "ZZXXII": -0.3437057991513437, "IYYYYI": -0.0029376564030029403, "XXIZIZ": -0.4142095528234142, "YYZXXZ": 2.7755575615628914e-17, "ZIIIIZ": -0.02774453269502775, "XZXZYY": 6.938893903907228e-18, "ZYZXYX": -6.938893903907228e-18, "IIIZIZ": -0.49548471330649557, "YIYIXX": 0.02056359482102056, "XIIZXZ": 0.0029376564030029542, "IXXXIX": -3.469446951953614e-18, "ZXYXYZ": -0.02643890762702644, "ZIXXZI": -0.008812969209008805, "ZIZIII": 0.06071156566206072, "IIXZXZ": 0.002937656403002935, "YXIYIX": -0.032307190253453716, "IXIZXZ": -0.0029376564030029334, "XYYZXZ": 0.0, "YZZYZZ": 0.02643890762702644, "ZXXIZI": -0.005874034591537028, "ZXYYZX": 0.05287781525405289, "ZYXZXY": 6.938893903907228e-18, "XIZXIZ": -0.014688282015014677, "XYZXYZ": 0.0, "XIIIXI": 0.0026112501360026075, "IZIZZZ": -0.10869328691110869, "ZYZZZY": -0.026438907627026432, "YXZXZY": -0.026438907627026432, "IIYYXX": 0.655097377869655, "XXXYXY": -0.6345337830486345, "YYYYII": -0.31139157871831136, "IYIIIY": 0.001958437602001959, "YIYYIY": -0.008812969209008814, "IIZZYY": 0.4435861168534436, "XZXZXX": 0.02643890762702644, "IIZZZZ": 1.0046784898270045, "XXZXXZ": 0.02643890762702644, "ZZIXIX": -0.02643890762702645, "YZXXZY": 0.026438907627026446, "IXIZZX": -0.023501251224023512, "YYIZZI": -0.2967032967032967, "XYZXZY": -0.026438907627026418, "ZZIZIZ": 0.31432923512131433, "IYXYXI": 0.0176259384180176, "XIXYIY": -0.026438907627026432, "IXXYYI": -0.014688282015014691, "IZXXIZ": 0.008812969209008821, "IXIIIX": 0.006528125340006527, "ZYXZYX": -0.07929946698575002, "IXYIYX": -0.03818953323903819, "ZXZZZX": 1.3877787807814457e-17, "XXZZYY": 0.4229304905906668, "YXXXYX": -0.026438907627026453, "IIZZXX": -0.4582743988684582, "ZXXZYY": 0.07931672288107929, "YZZZZY": -0.05287781525405287, "YXXYXX": 0.026438907627026432, "IIYZZY": -0.008812969209008814, "IIIIII": 1.0, "YIZIYZ": 0.014688282015014677, "YYXIIX": 0.03231422043303231, "YYIYYI": 0.011750625612011751, "ZYIIZY": 0.005875312806005884, "IXIYYX": -0.03231422043303232, "YYXXXX": -0.39658361440539663, "IZIZXX": 0.03818953323903819, "IIIXIX": 0.0026112501360026127, "YIIXYX": 0.026438907627026435, "XIIXYY": 0.02643315566191668, "YXYZZX": 0.05287781525405288, "IYXXYI": -0.008812969209008814, "IIZZII": 1.0020672396910022, "IYXXIY": 0.014688282015014691, "XIYIXY": 0.008812969209008814, "YZIIZY": -0.0029376564030029403, "YIYYYI": -0.008812969209008807, "XIXZZI": -0.020563594821020565, "IZIYYZ": 0.014688282015014691, "YIYXIX": 0.002937656403002944, "XZZIIX": 0.017625938418017614, "ZXZIIX": 0.020563594821020555,