{"YYIYIY": -0.00881296920900881, "XXYXXY": -0.7667283211837665, "YXYZXZ": -0.026438907627026425, "ZZZZYY": -0.2115112610162115, "XXZZII": 0.8107931672288107, "ZYYZII": 0.005875312806005877, "YYZZZZ": 0.5816559677945815, "YZYZYY": -0.052877815254052885, "ZYZYZZ": -0.05287781525405287, "XXZYYZ": 0.026438907627026432, "XIZXZI": -0.014688282015014684, "XZZYXY": 0.0, "YXXYII": -0.017625938418017635, "YYZZII": 0.5699053421825699, "IYYXXI": 0.0029376564030029386, "XZXIZI": -0.008812969209008814, "ZYYXZX": -0.052877815254052905, "IXIXZZ": -0.002937017295768528, "YXZYXZ": -0.10575563050810576, "YIIZZY": -0.014688282015014674, "YXYXII": -0.04406484604504406, "XZZXXX": -0.05287781525405286, "YZZYYY": -0.07929946698575002, "YXYXZZ": -0.026438907627026418, "IYYZZI": -0.008812969209008821, "ZXXZXX": 0.026438907627026418, "ZIYZYI": -0.02056359482102058, "XXYZYZ": -0.07931672288107931, "ZZYYZZ": 0.26438907627026437, "XIYXIY": -0.04112718964204114, "YYZZYY": 0.21151126101621148, "ZZYIYI": -0.005875312806005872, "IXXZIZ": -0.03525187683603524, "YYXXZZ": 0.26438907627026437, "IIXXYY": 0.6932869111086932, "XIYXYI": -0.02056359482102056, "ZZIXXI": -0.005874034591537045, "IIXXXX": -0.6756609726906756, "IZIXXZ": 0.005875312806005884, "XIYIYX": -0.026438907627026442, "ZXYXZY": -0.02643890762702644, "IYIYII": 0.011097813078011099, "ZYYZYY": 0.0, "ZZXIXI": -0.014688282015014684, "ZXZYXY": -6.938893903907228e-18, "YXYIIX": -0.005875312806005871, "YIZYZI": 0.017625938418017625, "YZZIYI": 0.02643890762702644, "YYIIII": 0.566967685779567, "ZXZXYY": 0.02643890762702644, "IIIYYI": -0.0006528125340006545, "YIYZIZ": -0.0029376564030029265, "IYYIXX": -0.02056359482102057, "IIXZZX": -0.005875312806005884, "YXYYXY": 0.18507235338918504, "YZXYXZ": 0.02643890762702644, "XYYIXI": 0.0, "XIIXXX": -0.03524420754922224, "ZYIYZI": -0.002937656403002937, "ZYYYYZ": 0.026438907627026453, "ZYXYXZ": -0.026438907627026432, "XZXXZX": -0.052877815254052885, "IZZZIZ": 0.055815471657055804, "IXIXXX": -0.00881296920900881, "ZZZXZX": -6.938893903907228e-18, "ZXXYYZ": -0.026438907627026446, "IXXIXX": 0.002937656403002937, "YZIYZI": -0.005875312806005877, "XIIXII": 0.019910782287019913, "YYZXZX": 0.0, "XXXIXI": -0.005875312806005873, "XYIXIY": -0.014688282015014688, "XZYXZY": -2.7755575615628914e-17, "YYIIZZ": 0.5610923729735611, "ZYZIYI": -0.020563594821020565, "ZIXIZX": 0.008812969209008804, "ZYIYIZ": 0.01468828201501468, "XXZXZX": 0.026438907627026425, "ZYZYII": -6.938893903907228e-18, "IZZZZI": 0.06169078446306169, "XYYXII": 0.1938853225981939, "XXYIIY": -0.01762593841801762, "IIYYII": -0.5555434664345555, "IYIIYI": 0.0016320313350016323, "ZXXYZY": 0.0, "ZZZZII": -0.6257208138396257, "XIXIII": 0.03590468937003591, "IYZYIZ": 0.023501251224023495, "XXYYYY": -0.47590033728647585, "XZIXIZ": -0.03525187683603525, "YXZYZX": 0.026438907627026418, "IIXYXY": -0.8049178544228048, "XYXIIY": -0.020563594821020555, "YXIXIY": 0.014688282015014691, "XYXYZZ": 0.18507235338918504, "XYIYIX": -0.008812969209008821, "ZIIZZZ": 0.05287781525405288, "ZZYXYX": 0.5287781525405286, "ZXXXXZ": -0.026438907627026432, "XXYYZZ": -0.4759003372864759, "IIZXXZ": 0.01762593841801762, "ZZZIZI": 0.28495267109128497, "IZYIYZ": -0.041127189642041116, "XYYXXX": -0.1321945381351322, "YXIXYI": 0.005875312806005881, "XZXYZY": 0.0793167228810793, "YZYZXX": -0.05287781525405287, "ZXZYYX": 0.0793167228810793, "ZZIIII": -0.6175606571646175, "XYXXXY": 0.05286631132383335, "IIXYYX": -0.8106167736321115, "ZXZXXX": -0.05287781525405287, "YXIYXI": 0.0029376564030029508, "ZXIZIX": -0.005875312806005874, "XZIIXZ": 0.011750625612011753, "IXIXYY": 0.002937656403002937, "IIIIZZ": 1.0023936459580025, "ZYYYZY": 0.026438907627026432, "XYZYZX": -0.02643890762702644, "XYXZZY": -0.026438907627026446, "IYIXXY": -0.0029376564030029265, "ZIZIYY": 0.017625938418017614, "YXXXXY": 0.026438907627026432, "ZZIZZI": 0.3025127814641575, "YYIIXX": -0.24970079425524971, "ZXXZII": -0.008812969209008807, "YZZIIY": 0.03525187683603525, "ZZXXXX": 0.37014470677837014, "IZYIZY": -0.005875312806005856, "XYXYII": 0.17038407137417036, "XXXXXX": -0.5287781525405286, "ZZZIIZ": 0.32020454792732017, "YZZYXX": 0.02643890762702644, "IXYYIX": -0.011750625612011734, "IYYIII": 0.003916023061024695, "XXYYII": -0.4788379936894789, "YZZXXY": -0.026433155661916674, "XXIYYI": -0.026438907627026446, "IYYYIY": -0.0235012512240235, "IIIIYY": 0.43412033511043413, "IZZYIY": 0.032314220433032316, "IYXIXY": 0.011750625612011754, "YIXIXY": -0.023501251224023516, "ZZXIIX": 0.0176259384180176, "ZXIIXZ": 0.011750625612011758, "IZIZII": -0.10869328691110872, "XYYZZX": -6.938893903907228e-18, "IZZXIX": 6.938893903907228e-18, "IZZIXX": 0.047002502448047004, "YIIYXX": 0.0058753128060058755, "XZYZYX": 1.3877787807814457e-17, "YIIYII": 0.000979218801000979, "IZZIZZ": -0.11456859971711457, "XXZIZI": -0.4053965836144054, "XXXXII": 0.46121205527146114, "YYXYXY": -0.3965836144053966, "XYXZYZ": 0.026438907627026467, "XXZIIZ": -0.37895767598737895, "ZZZYYZ": -6.938893903907228e-18, "IXXZZI": 0.0, "IZZXXI": -0.020563594821020558, "ZXYYXZ": 0.02643890762702644, "IIYYZZ": -0.5493417473615494, "IYZIZY": -0.002937656403002941, "XZYZXY": -0.026438907627026418, "YYZYYZ": -0.052877815254052885, "YZXXYZ": -0.05287781525405289, "ZXIIZX": 0.026438907627026435, "ZXZIXI": 0.02937656403002938, "IZZYYI": 0.01762593841801762, "ZYXXZY": -0.05287781525405286, "ZIZYYI": 3.469446951953614e-18, "IZIZYY": -0.014688282015014693, "YYYZZY": 0.026438907627026418, "ZZXXII": -0.329017517136329, "IYYYYI": 0.005875312806005874, "XXIZIZ": -0.4171472092264171, "YYZXXZ": -1.3877787807814457e-17, "ZIIIIZ": -0.03035578283103036, "XZXZYY": 0.07929946698575002, "ZYZXYX": 0.026438907627026432, "IIIZIZ": -0.5075617451855077, "YIYIXX": -0.023501251224023502, "XIIZXZ": -0.023501251224023502, "IXXXIX": -0.0029376564030029265, "ZXYXYZ": 0.05287781525405288, "ZIXXZI": -0.01762593841801762, "ZIZIII": 0.05189859645305191, "IIXZXZ": 0.005875312806005888, "YXIYIX": 0.005875312806005863, "IXIZXZ": -5.204170427930421e-18, "XYYZXZ": 0.0, "YZZYZZ": -0.02643890762702644, "ZXXIZI": -0.00881296920900881, "ZXYYZX": -0.10575563050810574, "ZYXZXY": 6.938893903907228e-18, "XIZXIZ": 0.0029376564030029403, "XYZXYZ": -0.05287781525405287, "XIIIXI": 0.0006528125340006519, "IZIZZZ": -0.1175062561201175, "ZYZZZY": 1.3877787807814457e-17, "YXZXZY": -6.938893903907228e-18, "IIYYXX": 0.6374714394516374, "XXXYXY": -0.6609726906756609, "YYYYII": -0.3083868160556946, "IYIIIY": 0.011097813078011094, "YIYYIY": 0.014688282015014684, "IIZZYY": 0.4406484604504406, "XZXZXX": 0.052877815254052885, "IIZZZZ": 1.0017408334240017, "XXZXXZ": 0.0, "ZZIXIX": 0.020563594821020575, "YZXXZY": -0.05287781525405287, "IXIZZX": 0.03525187683603525, "YYIZZI": -0.28201501468828205, "XYZXZY": -0.05287781525405286, "ZZIZIZ": 0.30845392231530844, "IYXYXI": 0.0029376564030029334, "XIXYIY": -0.008812969209008807, "IXXYYI": -0.0235012512240235, "IZXXIZ": 0.002937656403002937, "IXIIIX": 0.008486562942008488, "ZYXZYX": -0.026438907627026418, "IXYIYX": -0.017625938418017614, "ZXZZZX": -0.05287781525405286, "XXZZYY": 0.3437057991513437, "YXXXYX": -6.938893903907228e-18, "IIZZXX": -0.43477314764443475, "ZXXZYY": -0.05287781525405288, "YZZZZY": 0.05287781525405288, "YXXYXX": 0.0793167228810793, "IIYZZY": -0.011750625612011747, "IIIIII": 1.0, "YIZIYZ": -0.017625938418017625, "YYXIIX": -0.014688282015014697, "YYIYYI": -0.0029376564030029195, "ZYIIZY": -0.008812969209008824, "IXIYYX": -0.04112718964204112, "YYXXXX": -0.44946142965944946, "IZIZXX": 0.032314220433032316, "IIIXIX": 0.0022848438690022867, "YIIXYX": -0.00881296920900882, "XIIXYY": 0.008812969209008814, "YXYZZX": 0.0, "IYXXYI": 0.002937656403002944, "IIZZII": 0.999782395822, "IYXXIY": 0.017625938418017625, "XIYIXY": 0.01762593841801762, "YZIIZY": -0.008812969209008818, "YIYYYI": -0.008812969209008818, "XIXZZI": -0.02056359482102057, "IZIYYZ": 0.008812969209008807, "YIYXIX": 0.00587531280600588, "XZZIIX": 0.005875312806005881, "ZXZIIX": -0.014688282015014684,