{"YYIYIY": 6.938893903907228e-18, "XXYXXY": -0.6345337830486343, "YXYZXZ": 0.026438907627026446, "ZZZZYY": -0.31726689152431725, "XXZZII": 0.8166684800348165, "ZYYZII": 0.01175062561201174, "YYZZZZ": 0.5816559677945816, "YZYZYY": -6.938893903907228e-18, "ZYZYZZ": 0.052877815254052885, "XXZYYZ": 0.02643890762702646, "XIZXZI": -0.011750625612011761, "XZZYXY": 0.07931672288107931, "YXXYII": -0.01468828201501468, "YYZZII": 0.5787183113915786, "IYYXXI": -0.005875312806005853, "XZXIZI": 0.017625938418017625, "ZYYXZX": 0.07931672288107931, "IXIXZZ": 0.03525187683603524, "YXZYXZ": 0.0, "YIIZZY": -0.017625938418017628, "YXYXII": -0.03231422043303232, "XZZXXX": -0.026438907627026432, "YZZYYY": -0.052877815254052885, "YXYXZZ": -0.05287781525405286, "IYYZZI": -0.0235012512240235, "ZXXZXX": 0.02643890762702644, "ZIYZYI": -0.008812969209008828, "XXYZYZ": 0.05287781525405287, "ZZYYZZ": 0.31726689152431725, "XIYXIY": 0.008812969209008814, "YYZZYY": 0.23795016864323792, "ZZYIYI": -0.0029376564030029542, "IXXZIZ": 0.005875312806005888, "YYXXZZ": 0.3437057991513437, "IIXXYY": 0.6727233162876727, "XIYXYI": -0.008811051887305563, "ZZIXXI": 0.017625938418017625, "IIXXXX": -0.6461438050690744, "IZIXXZ": -0.008812969209008814, "XIYIYX": -0.017625938418017618, "ZXYXZY": 0.05287781525405286, "IYIYII": 0.003916875204003916, "ZYYZYY": 0.0, "ZZXIXI": 0.03231422043303231, "ZXZYXY": 0.05287781525405286, "YXYIIX": 0.011750625612011751, "YIZYZI": -0.029376564030029376, "YZZIYI": -0.014688282015014688, "YYIIII": 0.5640300293765641, "ZXZXYY": 0.05287781525405286, "IIIYYI": 0.004569687738004572, "YIYZIZ": -0.014688282015014698, "IYYIXX": -0.014688282015014691, "IIXZZX": -0.005875312806005867, "YXYYXY": 0.13219453813513218, "YZXYXZ": -0.026438907627026418, "XYYIXI": -0.005875312806005874, "XIIXXX": -0.011750625612011747, "ZYIYZI": 0.014688282015014684, "ZYYYYZ": 0.02643890762702644, "ZYXYXZ": 0.0, "XZXXZX": 0.15863344576215863, "IZZZIZ": 0.04112718964204112, "IXIXXX": -0.04994015885104993, "ZZZXZX": 0.02643890762702644, "ZXXYYZ": -1.3877787807814457e-17, "IXXIXX": -0.005875312806005881, "YZIYZI": 0.02056359482102057, "XIIXII": 0.01827875095201828, "YYZXZX": 0.07931672288107933, "XXXIXI": -0.008812969209008823, "XYIXIY": -0.008812969209008821, "XZYXZY": -6.938893903907228e-18, "YYIIZZ": 0.5699053421825699, "ZYZIYI": 0.01468828201501469, "ZIXIZX": 0.0029376564030029317, "ZYIYIZ": -0.00881296920900881, "XXZXZX": -0.026438907627026425, "ZYZYII": 0.008812969209008805, "IZZZZI": 0.047002502448047004, "XYYXII": 0.19388532259819388, "XXYIIY": -0.002937656403002937, "IIYYII": -0.5623979980415624, "IYIIYI": -0.0016320313350016318, "ZXXYZY": -6.938893903907228e-18, "ZZZZII": -0.6169078446306169, "XIXIII": 0.0297029702970297, "IYZYIZ": -0.002937656403002935, "XXYYYY": -0.4759003372864759, "XZIXIZ": -0.020563594821020555, "YXZYZX": -0.0793167228810793, "IIXYXY": -0.8019801980198018, "XYXIIY": 0.005875312806005867, "YXIXIY": 0.005875312806005863, "XYXYZZ": 0.15863344576215863, "XYIYIX": -0.035244207549222244, "ZIIZZZ": 0.06756609726906757, "ZZYXYX": 0.5287781525405286, "ZXXXXZ": -0.0793167228810793, "XXYYZZ": -0.4494614296594494, "IIZXXZ": -0.03818953323903819, "ZZZIZI": 0.2996409531062997, "IZYIYZ": 0.02056359482102057, "XYYXXX": -0.0793167228810793, "YXIXYI": 0.0, "XZXYZY": -2.0816681711721685e-17, "YZYZXX": 0.026433155661916674, "ZXZYYX": 0.07931672288107931, "ZZIIII": -0.6306169078446306, "XYXXXY": -0.026438907627026446, "IIXYYX": -0.843107387661843, "ZXZXXX": -0.05287781525405287, "YXIYXI": 0.0029376564030029334, "ZXIZIX": -0.011750625612011758, "XZIIXZ": 0.02350125122402349, "IXIXYY": 0.023501251224023495, "IIIIZZ": 1.0030464584920034, "ZYYYZY": 0.07931672288107933, "XYZYZX": 0.026438907627026446, "XYXZZY": 0.0, "IYIXXY": -0.035251876836035256, "ZIZIYY": 0.02643890762702644, "YXXXXY": -0.02643890762702644, "ZZIZZI": 0.3055162659123055, "YYIIXX": -0.2408878250462409, "ZXXZII": -0.014688282015014702, "YZZIIY": -0.0029376564030029334, "ZZXXXX": 0.3437057991513437, "IZYIZY": 0.011750625612011751, "XYXYII": 0.1791970405831792, "XXXXXX": -0.5552170601675551, "ZZZIIZ": 0.3172668915243173, "YZZYXX": -0.026438907627026432, "IXYYIX": -0.03231422043303231, "IYYIII": 0.004568693571195475, "XXYYII": -0.4670873680774671, "YZZXXY": 0.07931672288107933, "XXIYYI": 0.002937656403002944, "IYYYIY": 0.011750625612011761, "IIIIYY": 0.4383636165814384, "IZZYIY": -0.01762210377461111, "IYXIXY": -0.03525187683603524, "YIXIXY": -0.023501251224023505, "ZZXIIX": 0.00881296920900881, "ZXIIXZ": -0.01762593841801762, "IZIZII": -0.10347078663910347, "XYYZZX": 0.0, "IZZXIX": 0.011750625612011746, "IZZIXX": 0.02349613836614816, "YIIYXX": -0.0029376564030029403, "XZYZYX": 0.026438907627026453, "YIIYII": 0.0065281253400065326, "IZZIZZ": -0.10869328691110869, "XXZIZI": -0.4259601784354259, "XXXXII": 0.47590033728647585, "YYXYXY": -0.3965836144053965, "XYXZYZ": 0.10575563050810574, "XXZIIZ": -0.4053965836144054, "ZZZYYZ": -0.02643890762702644, "IXXZZI": -0.023501251224023495, "IZZXXI": 0.002937656403002944, "ZXYYXZ": 0.05287781525405284, "IIYYZZ": -0.5552170601675551, "IYZIZY": 0.017625938418017628, "XZYZXY": 0.026438907627026432, "YYZYYZ": -0.052877815254052885, "YZXXYZ": 0.026438907627026418, "ZXIIZX": 0.005875312806005881, "ZXZIXI": 0.029376564030029372, "IZZYYI": -0.017625938418017635, "ZYXXZY": 0.026438907627026418, "ZIZYYI": 0.014688282015014688, "IZIZYY": -0.04406484604504407, "YYYZZY": -0.026438907627026425, "ZZXXII": -0.36720705037536716, "IYYYYI": -0.005875312806005881, "XXIZIZ": -0.43477314764443475, "YYZXXZ": -0.02643890762702644, "ZIIIIZ": -0.028723751496028727, "XZXZYY": 0.052877815254052885, "ZYZXYX": 0.052877815254052864, "IIIZIZ": -0.5000544010445, "YIYIXX": -0.014688282015014667, "XIIZXZ": 0.008812969209008804, "IXXXIX": 0.026438907627026456, "ZXYXYZ": 0.0, "ZIXXZI": -0.005875312806005874, "ZIZIII": 0.06887172233706887, "IIXZXZ": 0.023501251224023502, "YXIYIX": -0.02056359482102057, "IXIZXZ": -0.0029376564030029386, "XYYZXZ": 0.0, "YZZYZZ": 0.026438907627026446, "ZXXIZI": -0.014688282015014695, "ZXYYZX": 0.10575563050810574, "ZYXZXY": 0.026438907627026432, "XIZXIZ": -0.01174806918307407, "XYZXYZ": 0.02643890762702644, "XIIIXI": -0.00032640626700032246, "IZIZZZ": -0.09400500489609401, "ZYZZZY": 0.05287781525405286, "YXZXZY": -2.0816681711721685e-17, "IIYYXX": 0.6374714394516374, "XXXYXY": -0.6345337830486344, "YYYYII": -0.2937656403002938, "IYIIIY": -0.0013056250680013029, "YIYYIY": 0.005875312806005891, "IIZZYY": 0.42302252203242297, "XZXZXX": 0.026438907627026446, "IIZZZZ": 0.9929278642149928, "XXZXXZ": 0.02643890762702646, "ZZIXIX": 0.017625938418017628, "YZXXZY": -6.938893903907228e-18, "IXIZZX": 0.02055912107037964, "YYIZZI": -0.26732673267326734, "XYZXZY": 0.07931672288107931, "ZZIZIZ": 0.31726689152431725, "IYXYXI": 0.005875312806005867, "XIXYIY": 0.005875312806005867, "IXXYYI": -0.011750625612011754, "IZXXIZ": -0.020563594821020565, "IXIIIX": 0.0062017190730062, "ZYXZYX": -0.026438907627026432, "IXYIYX": 0.029376564030029372, "ZXZZZX": 0.0793167228810793, "XXZZYY": 0.34370579915134364, "YXXXYX": -0.05287781525405288, "IIZZXX": -0.4112718964204113, "ZXXZYY": -0.026438907627026446, "YZZZZY": 0.05287781525405287, "YXXYXX": 0.02643890762702644, "IIYZZY": -6.938893903907228e-18, "IIIIII": 1.0, "YIZIYZ": -0.014688282015014688, "YYXIIX": 0.00293765640300293, "YYIYYI": 0.02643890762702644, "ZYIIZY": -0.0029376564030029265, "IXIYYX": -0.01762593841801764, "YYXXXX": -0.2908279838972908, "IZIZXX": 0.07048841509844447, "IIIXIX": 0.010445000544010447, "YIIXYX": -0.03231422043303231, "XIIXYY": 0.02055912107037964, "YXYZZX": -0.02643890762702644, "IYXXYI": 0.008812969209008814, "IIZZII": 0.990969426612991, "IYXXIY": 0.008812969209008821, "XIYIXY": 0.0029376564030029334, "YZIIZY": -3.469446951953614e-18, "YIYYYI": 0.0, "XIXZZI": 0.0029376564030029473, "IZIYYZ": 0.0029376564030029473, "YIYXIX": -0.0088129692090088, "XZZIIX": -0.020563594821020575, "ZXZIIX": -0.005875312806005867, "XIIXZZ": 0.047002502448047004,