{"YYIYIY": 1.734723475976807e-18, "XXYXXY": -0.6345337830486344, "YXYZXZ": -0.05287781525405287, "ZZZZYY": -0.23795016864323792, "XXZZII": 0.8196061364378194, "ZYYZII": 0.014688282015014667, "YYZZZZ": 0.4759003372864759, "YZYZYY": 0.02643890762702644, "ZYZYZZ": 0.052877815254052885, "XXZYYZ": -0.05286631132383335, "XIZXZI": -0.008812969209008818, "XZZYXY": -0.026438907627026425, "YXXYII": -0.014688282015014677, "YYZZII": 0.5464040909585464, "IYYXXI": 0.0029370172957685174, "XZXIZI": -0.008812969209008814, "ZYYXZX": 0.05287781525405286, "IXIXZZ": 0.04112718964204113, "YXZYXZ": -0.0793167228810793, "YIIZZY": 0.035251876836035256, "YXYXII": -0.014685086478842587, "XZZXXX": 0.052877815254052885, "YZZYYY": -0.07931672288107931, "YXYXZZ": -0.026438907627026446, "IYYZZI": -0.026438907627026442, "ZXXZXX": -0.0793167228810793, "ZIYZYI": 0.038189533239038176, "XXYZYZ": 0.026438907627026418, "ZZYYZZ": 0.3437057991513437, "XIYXIY": 0.014688282015014688, "YYZZYY": 0.18507235338918507, "ZZYIYI": -0.023501251224023505, "IXXZIZ": 0.002937656403002937, "YYXXZZ": 0.26433155661916674, "IIXXYY": 0.660972690675661, "XIYXYI": -0.005875312806005877, "ZZIXXI": -0.011750625612011747, "IIXXXX": -0.6815362854966815, "IZIXXZ": -0.03231422043303231, "XIYIYX": -0.011750625612011747, "ZXYXZY": 0.0, "IYIYII": 0.012077031879012077, "ZYYZYY": 0.07929946698575002, "ZZXIXI": 0.011750625612011754, "ZXZYXY": 0.05287781525405288, "YXYIIX": 0.008812969209008824, "YIZYZI": 0.017622103774611122, "YZZIYI": -0.008812969209008814, "YYIIII": 0.5620715917745621, "ZXZXYY": -0.05287781525405286, "IIIYYI": 0.014685086478842597, "YIYZIZ": 0.0088129692090088, "IYYIXX": -6.938893903907228e-18, "IIXZZX": 0.005875312806005867, "YXYYXY": -0.026438907627026453, "YZXYXZ": 1.3877787807814457e-17, "XYYIXI": 0.014688282015014684, "XIIXXX": -0.029376564030029376, "ZYIYZI": 0.017625938418017635, "ZYYYYZ": -0.02643890762702644, "ZYXYXZ": -0.026438907627026432, "XZXXZX": 0.02643890762702646, "IZZZIZ": 0.03525187683603525, "IXIXXX": -0.023501251224023502, "ZZZXZX": -0.026438907627026432, "ZXXYYZ": 0.05287781525405287, "IXXIXX": -0.0029376564030029403, "YZIYZI": 0.0029376564030029334, "XIIXII": 0.032314220433032316, "YYZXZX": -0.07931672288107933, "XXXIXI": 0.00881296920900882, "XYIXIY": 0.026438907627026435, "XZYXZY": 0.02643890762702644, "YYIIZZ": 0.564030029376564, "ZYZIYI": 0.002937656403002942, "ZIXIZX": -1.3877787807814457e-17, "ZYIYIZ": -0.0029376564030029508, "XXZXZX": -6.938893903907228e-18, "ZYZYII": -0.005875312806005872, "IZZZZI": 0.029376564030029362, "XYYXII": 0.19682297900119683, "XXYIIY": -3.469446951953614e-18, "IIYYII": -0.5454248721575454, "IYIIYI": -0.008812969209008814, "ZXXYZY": 0.026438907627026446, "ZZZZII": -0.5963442498095963, "XIXIII": 0.03035578283103036, "IYZYIZ": -0.005875312806005877, "XXYYYY": -0.5287781525405286, "XZIXIZ": 0.011750625612011758, "YXZYZX": -0.026438907627026418, "IIXYXY": -0.8225437928408225, "XYXIIY": 0.014688282015014702, "YXIXIY": 0.029376564030029383, "XYXYZZ": 0.23795016864323792, "XYIYIX": 0.023501251224023502, "ZIIZZZ": 0.05875312806005875, "ZZYXYX": 0.44946142965944946, "ZXXXXZ": 0.0793167228810793, "XXYYZZ": -0.555217060167555, "IIZXXZ": 0.0029376564030029334, "ZZZIZI": 0.32901751713632904, "IZYIYZ": 0.01762593841801762, "XYYXXX": -0.02643890762702646, "YXIXYI": -0.01175062561201173, "XZXYZY": -0.05287781525405288, "YZYZXX": -0.052877815254052885, "ZXZYYX": 6.938893903907228e-18, "ZZIIII": -0.6244151887716244, "XYXXXY": 0.05287781525405286, "IIXYYX": -0.7902295724077901, "ZXZXXX": -0.026438907627026446, "YXIYXI": 0.00881296920900882, "ZXIZIX": -0.008812969209008807, "XZIIXZ": -0.04112718964204113, "IXIXYY": 0.0058753128060058755, "IIIIZZ": 1.0050048960940052, "ZYYYZY": -0.02643890762702644, "XYZYZX": 0.026438907627026432, "XYXZZY": -0.02643890762702644, "IYIXXY": 0.008812969209008807, "ZIZIYY": 0.03525187683603525, "YXXXXY": -6.938893903907228e-18, "ZZIZZI": 0.33783048634533785, "YYIIXX": -0.2643890762702644, "ZXXZII": 0.020563594821020565, "YZZIIY": -0.005875312806005863, "ZZXXXX": 0.4494614296594494, "IZYIZY": 0.005875312806005881, "XYXYII": 0.18213469698618212, "XXXXXX": -0.5816559677945816, "ZZZIIZ": 0.3172668915243172, "YZZYXX": 0.05287781525405287, "IXYYIX": -0.03231422043303232, "IYYIII": 0.016320313350016324, "XXYYII": -0.44946142965944946, "YZZXXY": 0.026438907627026453, "XXIYYI": -3.469446951953614e-18, "IYYYIY": 0.02937656403002937, "IIIIYY": 0.440974866717441, "IZZYIY": 0.02937656403002938, "IYXIXY": -0.03525187683603525, "YIXIXY": -0.002937656403002943, "ZZXIIX": 0.023501251224023495, "ZXIIXZ": 0.01762593841801762, "IZIZII": -0.11032531824611033, "XYYZZX": 0.05287781525405286, "IZZXIX": -0.014688282015014691, "IZZIXX": 0.05287781525405287, "YIIYXX": 0.014688282015014681, "XZYZYX": -0.026438907627026446, "YIIYII": 0.0039168752040039155, "IZZIZZ": -0.09988031770209989, "XXZIZI": -0.4112718964204113, "XXXXII": 0.4788379936894788, "YYXYXY": -0.37014470677837014, "XYXZYZ": 0.026438907627026432, "XXZIIZ": -0.42008486562942005, "ZZZYYZ": 0.026438907627026446, "IXXZZI": -0.011750625612011727, "IZZXXI": 0.03525187683603524, "ZXYYXZ": -0.052877815254052885, "IIYYZZ": -0.5610923729735611, "IYZIZY": -0.026438907627026442, "XZYZXY": -0.02643890762702644, "YYZYYZ": 0.10575563050810574, "YZXXYZ": -0.026438907627026418, "ZXIIZX": -0.002937017295768519, "ZXZIXI": 0.02055912107037963, "IZZYYI": -0.00881105188730557, "ZYXXZY": 0.026438907627026432, "ZIZYYI": -0.014688282015014681, "IZIZYY": -0.044064846045044063, "YYYZZY": 0.0, "ZZXXII": -0.3378304863453378, "IYYYYI": -0.014688282015014691, "XXIZIZ": -0.4083342400174083, "YYZXXZ": -0.0793167228810793, "ZIIIIZ": -0.039821564574039826, "XZXZYY": 0.10575563050810574, "ZYZXYX": -0.05287781525405287, "IIIZIZ": -0.5013600261125014, "YIYIXX": -0.02937656403002938, "XIIZXZ": 0.0029376564030029334, "IXXXIX": -0.011750625612011753, "ZXYXYZ": 0.026438907627026446, "ZIXXZI": 0.03525187683603524, "ZIZIII": 0.062996409531063, "IIXZXZ": -0.0029376564030029334, "YXIYIX": -0.00587531280600587, "IXIZXZ": 0.002937656403002944, "XYYZXZ": 0.10575563050810577, "YZZYZZ": 0.13219453813513218, "ZXXIZI": -0.017625938418017628, "ZXYYZX": -0.02643890762702644, "ZYXZXY": 0.026433155661916674, "XIZXIZ": 0.008812969209008804, "XYZXYZ": 0.0, "XIIIXI": -0.003916875204003919, "IZIZZZ": -0.11456859971711458, "ZYZZZY": 0.05286631132383335, "YXZXZY": 0.02643890762702644, "IIYYXX": 0.6315961266456316, "XXXYXY": -0.6609726906756609, "YYYYII": -0.30845392231530844, "IYIIIY": 0.0019584376020019625, "YIYYIY": 0.005875312806005881, "IIZZYY": 0.44946142965944946, "XZXZXX": 0.0793167228810793, "IIZZZZ": 0.9958655206179957, "XXZXXZ": -0.05286631132383335, "ZZIXIX": 0.00587531280600587, "YZXXZY": 0.02643890762702644, "IXIZZX": -6.938893903907228e-18, "YYIZZI": -0.26732673267326734, "XYZXZY": 0.0793167228810793, "ZZIZIZ": 0.32314220433032315, "IYXYXI": -6.938893903907228e-18, "XIXYIY": -0.0088129692090088, "IXXYYI": 0.014688282015014684, "IZXXIZ": 0.002937656403002936, "IXIIIX": 0.002937656403002935, "ZYXZYX": -0.026438907627026418, "IXYIYX": -0.005875312806005874, "ZXZZZX": -6.938893903907228e-18, "XXZZYY": 0.26433155661916674, "YXXXYX": -6.938893903907228e-18, "IIZZXX": -0.42596017843542594, "ZXXZYY": 0.026438907627026425, "YZZZZY": 0.026438907627026425, "YXXYXX": -0.026433155661916674, "IIYZZY": 0.01175062561201174, "IIIIII": 1.0, "YIZIYZ": -0.0058740345915370374, "YYXIIX": 0.02350125122402351, "YYIYYI": 0.02055912107037963, "ZYIIZY": -0.011750625612011751, "IXIYYX": -6.938893903907228e-18, "YYXXXX": -0.37014470677837014, "IZIZXX": 0.04112718964204111, "IIIXIX": -0.002611250136002611, "YIIXYX": -0.02056359482102055, "XIIXYY": 0.03525187683603524, "YXYZZX": -0.05286631132383335, "IYXXYI": -0.00587531280600587, "IIZZII": 0.996844739418997, "IYXXIY": 0.005875312806005867, "XIYIXY": 0.011750625612011747, "YZIIZY": 0.017625938418017625, "YIYYYI": -0.008812969209008835, "XIXZZI": -0.03231422043303231, "IZIYYZ": 0.002937656403002937, "YIYXIX": 0.023496138366148164,