{"YYIYIY": -0.005875312806005874, "XXYXXY": -0.6080948754216078, "YXYZXZ": 0.0793167228810793, "ZZZZYY": -0.2643890762702644, "XXZZII": 0.8342944184528343, "ZYYZII": 0.023501251224023485, "YYZZZZ": 0.555217060167555, "YZYZYY": -0.026438907627026418, "ZYZYZZ": -0.10575563050810574, "XXZYYZ": -0.05287781525405286, "XIZXZI": 0.011750625612011768, "XZZYXY": -0.026438907627026432, "YXXYII": -0.04994015885104995, "YYZZII": 0.5816559677945816, "IYYXXI": -0.01762593841801764, "XZXIZI": -0.005875312806005867, "ZYYXZX": 0.1586334457621586, "IXIXZZ": 0.03231422043303232, "YXZYXZ": 0.052877815254052885, "YIIZZY": 0.029376564030029376, "YXYXII": -0.0029376564030029334, "XZZXXX": -6.938893903907228e-18, "YZZYYY": 0.05287781525405287, "YXYXZZ": -0.13219453813513218, "IYYZZI": -0.0029376564030029473, "ZXXZXX": -0.05287781525405287, "ZIYZYI": -0.017625938418017628, "XXYZYZ": 0.0, "ZZYYZZ": 0.23795016864323795, "XIYXIY": -0.03231422043303232, "YYZZYY": 0.26438907627026437, "ZZYIYI": 0.017625938418017642, "IXXZIZ": -0.0029376564030029403, "YYXXZZ": 0.37014470677837014, "IIXXYY": 0.6433467522576434, "XIYXYI": 0.005875312806005881, "ZZIXXI": -0.0029376564030029473, "IIXXXX": -0.6697856598846698, "IZIXXZ": -0.002937656403002937, "XIYIYX": 0.011750625612011751, "ZXYXZY": -0.026438907627026432, "IYIYII": -0.002284843869002285, "ZYYZYY": -6.938893903907228e-18, "ZZXIXI": 0.005875312806005877, "ZXZYXY": 0.026433155661916674, "YXYIIX": -0.0029376564030029508, "YIZYZI": 0.023501251224023502, "YZZIYI": 0.014688282015014681, "YYIIII": 0.5666412795125668, "ZXZXYY": 1.3877787807814457e-17, "IIIYYI": 0.003590468937003593, "YIYZIZ": -0.029376564030029383, "IYYIXX": -0.008812969209008807, "IIXZZX": 0.020563594821020558, "YXYYXY": 0.13219453813513218, "YZXYXZ": 0.0, "XYYIXI": 0.03818953323903818, "XIIXXX": 0.023501251224023502, "ZYIYZI": -0.03818953323903819, "ZYYYYZ": -0.05287781525405285, "ZYXYXZ": -0.026438907627026432, "XZXXZX": 0.052877815254052885, "IZZZIZ": 0.0851920356870852, "IXIXXX": -0.026438907627026446, "ZZZXZX": 0.0, "ZXXYYZ": -0.0793167228810793, "IXXIXX": -0.01174806918307408, "YZIYZI": 0.008812969209008807, "XIIXII": 0.011097813078011099, "YYZXZX": 0.05287781525405283, "XXXIXI": -0.026438907627026456, "XYIXIY": 0.011750625612011754, "XZYXZY": -0.026433155661916674, "YYIIZZ": 0.5669676857795669, "ZYZIYI": -0.020563594821020572, "ZIXIZX": 0.01174806918307408, "ZYIYIZ": -0.011750625612011747, "XXZXZX": -0.02643890762702644, "ZYZYII": -0.0029376564030029508, "IZZZZI": 0.05875312806005875, "XYYXII": 0.15275813295615276, "XXYIIY": -2.0816681711721685e-17, "IIYYII": -0.550973778696551, "IYIIYI": 0.004896094005004896, "ZXXYZY": 0.026438907627026432, "ZZZZII": -0.6227831574366227, "XIXIII": 0.03394625176803395, "IYZYIZ": 0.017625938418017628, "XXYYYY": -0.5287781525405286, "XZIXIZ": -0.005875312806005874, "YXZYZX": 0.026438907627026432, "IIXYXY": -0.8282388774067226, "XYXIIY": -0.014688282015014695, "YXIXIY": -0.017625938418017625, "XYXYZZ": 0.18507235338918504, "XYIYIX": 6.938893903907228e-18, "ZIIZZZ": 0.07344141007507346, "ZZYXYX": 0.555217060167555, "ZXXXXZ": -6.938893903907228e-18, "XXYYZZ": -0.44946142965944946, "IIZXXZ": -0.008812969209008807, "ZZZIZI": 0.3113238333514631, "IZYIYZ": -0.011750625612011768, "XYYXXX": -0.05287781525405287, "YXIXYI": 0.026438907627026453, "XZXYZY": 0.026438907627026418, "YZYZXX": -0.026438907627026425, "ZXZYYX": 0.026438907627026453, "ZZIIII": -0.6244151887716245, "XYXXXY": 0.0793167228810793, "IIXYYX": -0.8166684800348165, "ZXZXXX": 0.026438907627026446, "YXIYXI": -0.011750625612011747, "ZXIZIX": 0.0029376564030029334, "XZIIXZ": 0.02350125122402351, "IXIXYY": 0.04112718964204113, "IIIIZZ": 1.000108802089, "ZYYYZY": -0.02643890762702644, "XYZYZX": -0.02643890762702644, "XYXZZY": 0.02643890762702644, "IYIXXY": 1.0408340855860843e-17, "ZIZIYY": 0.017625938418017628, "YXXXXY": 1.3877787807814457e-17, "ZZIZZI": 0.29376564030029373, "YYIIXX": -0.22326188662822327, "ZXXZII": 0.03525187683603525, "YZZIIY": 0.008812969209008814, "ZZXXXX": 0.4759003372864759, "IZYIZY": 0.03231422043303231, "XYXYII": 0.1703840713741704, "XXXXXX": -0.5552170601675551, "ZZZIIZ": 0.32607986073332607, "YZZYXX": 0.0, "IXYYIX": 0.02056359482102055, "IYYIII": 0.008486562942008486, "XXYYII": -0.4582743988684582, "YZZXXY": 0.026438907627026446, "XXIYYI": 0.005875312806005881, "IYYYIY": -0.014688282015014681, "IIIIYY": 0.4413012729844414, "IZZYIY": 0.008812969209008804, "IYXIXY": 0.0, "YIXIXY": 0.008812969209008814, "ZZXIIX": -0.0088129692090088, "ZXIIXZ": -0.002937656403002942, "IZIZII": -0.1086932869111087, "XYYZZX": -0.10575563050810574, "IZZXIX": 0.002937656403002944, "IZZIXX": 0.06756609726906757, "YIIYXX": 0.04406484604504407, "XZYZYX": -6.938893903907228e-18, "YIIYII": -0.0052225002720052245, "IZZIZZ": -0.09694266129909694, "XXZIZI": -0.40237136952028724, "XXXXII": 0.4523990860624524, "YYXYXY": -0.42302252203242297, "XYXZYZ": 0.026438907627026432, "XXZIIZ": -0.4171472092264171, "ZZZYYZ": 0.026438907627026432, "IXXZZI": 0.002937017295768519, "IZZXXI": 0.011750625612011744, "ZXYYXZ": 0.0793167228810793, "IIYYZZ": -0.5375911217495375, "IYZIZY": 0.023501251224023512, "XZYZXY": -0.026438907627026432, "YYZYYZ": 0.05287781525405288, "YZXXYZ": -0.05287781525405287, "ZXIIZX": -0.0029376564030029403, "ZXZIXI": 0.017625938418017618, "IZZYYI": 0.011750625612011751, "ZYXXZY": -0.05287781525405287, "ZIZYYI": 0.0029376564030029473, "IZIZYY": -0.047002502448047004, "YYYZZY": 0.07931672288107931, "ZZXXII": -0.34958111195734953, "IYYYYI": 0.00587531280600587, "XXIZIZ": -0.4024589272114024, "YYZXXZ": 0.026438907627026446, "ZIIIIZ": -0.03492547056903494, "XZXZYY": 0.05287781525405288, "ZYZXYX": 0.052877815254052885, "IIIZIZ": -0.5075617451855077, "YIYIXX": -0.014688282015014695, "XIIZXZ": -0.00587531280600587, "IXXXIX": -0.002937656403002944, "ZXYXYZ": 0.05287781525405286, "ZIXXZI": -0.035251876836035256, "ZIZIII": 0.06691328473506691, "IIXZXZ": 0.011750625612011754, "YXIYIX": 0.017625938418017635, "IXIZXZ": 0.014688282015014686, "XYYZXZ": -6.938893903907228e-18, "YZZYZZ": 0.026438907627026418, "ZXXIZI": -0.03231422043303231, "ZXYYZX": -1.3877787807814457e-17, "ZYXZXY": -0.05287781525405287, "XIZXIZ": 0.026438907627026432, "XYZXYZ": -2.0816681711721685e-17, "XIIIXI": 0.00032640626700032767, "IZIZZZ": -0.12338156892612337, "ZYZZZY": -0.02643890762702644, "YXZXZY": 0.07931672288107934, "IIYYXX": 0.6374714394516374, "XXXYXY": -0.6080948754216078, "YYYYII": -0.3378304863453378, "IYIIIY": -0.0006528125340006562, "YIYYIY": -0.002937656403002941, "IIZZYY": 0.4553367424654553, "XZXZXX": 0.05287781525405287, "IIZZZZ": 1.0105538026330105, "XXZXXZ": 0.07931672288107931, "ZZIXIX": -0.029376564030029376, "YZXXZY": -0.0793167228810793, "IXIZZX": -0.005875312806005881, "YYIZZI": -0.282015014688282, "XYZXZY": 0.05287781525405287, "ZZIZIZ": 0.329017517136329, "IYXYXI": 0.014685086478842596, "XIXYIY": -0.011750625612011758, "IXXYYI": 0.026438907627026435, "IZXXIZ": 0.011750625612011742, "IXIIIX": -0.0026112501360026144, "ZYXZYX": 0.05287781525405286, "IXYIYX": -0.002937017295768521, "ZXZZZX": 0.026438907627026418, "XXZZYY": 0.31726689152431725, "YXXXYX": -0.05287781525405287, "IIZZXX": -0.42596017843542594, "ZXXZYY": -0.026433155661916674, "YZZZZY": 6.938893903907228e-18, "YXXYXX": 0.026438907627026446, "IIYZZY": 0.0029376564030029334, "IIIIII": 1.0, "YIZIYZ": 0.01175062561201174, "YYXIIX": -0.005875312806005877, "YYIYYI": 0.05581547165705582, "ZYIIZY": 0.0, "IXIYYX": -0.00881296920900881, "YYXXXX": -0.42302252203242297, "IZIZXX": 0.08225437928408225, "IIIXIX": 0.0029376564030029334, "YIIXYX": -0.0029376564030029403, "XIIXYY": 0.00881296920900881, "YXYZZX": -0.026438907627026432, "IYXXYI": 0.01762593841801763, "IIZZII": 0.996844739418997, "IYXXIY": -0.044064846045044063, "XIYIXY": 0.02056359482102057, "YZIIZY": -0.017625938418017635, "YIYYYI": -0.03231422043303231, "XIXZZI": -0.002937656403002931, "IZIYYZ": -0.014688282015014681, "YIYXIX": 0.002937656403002944, "XZZIIX": -0.008812969209008828,