{"YYIYIY": -0.023501251224023478, "XXYXXY": -0.6872620472098336, "YXYZXZ": -6.938893903907228e-18, "ZZZZYY": -0.23795016864323795, "XXZZII": 0.8107931672288107, "ZYYZII": -0.008812969209008821, "YYZZZZ": 0.5552170601675551, "YZYZYY": 0.026438907627026418, "ZYZYZZ": 0.026438907627026418, "XXZYYZ": 0.10575563050810574, "XIZXZI": -1.3877787807814457e-17, "XZZYXY": 0.10575563050810574, "YXXYII": -0.011750625612011751, "YYZZII": 0.5552170601675552, "IYYXXI": -0.02937656403002937, "XZXIZI": -6.938893903907228e-18, "ZYYXZX": -0.07931672288107929, "IXIXZZ": 0.0381895332390382, "YXZYXZ": -0.07931672288107931, "YIIZZY": -0.002937656403002937, "YXYXII": -0.047002502448047, "XZZXXX": -0.026438907627026425, "YZZYYY": -0.07931672288107931, "YXYXZZ": -0.05287781525405287, "IYYZZI": -0.008812969209008797, "ZXXZXX": 0.07931672288107931, "ZIYZYI": -0.008812969209008814, "XXYZYZ": -0.0793167228810793, "ZZYYZZ": 0.31726689152431725, "XIYXIY": 0.01762210377461112, "YYZZYY": 0.23795016864323795, "ZZYIYI": 0.00587531280600587, "IXXZIZ": 0.0029376564030029403, "YYXXZZ": 0.26438907627026437, "IIXXYY": 0.6521597214666521, "XIYXYI": 0.011750625612011754, "ZZIXXI": -0.020563594821020555, "IIXXXX": -0.6903492547056902, "IZIXXZ": -0.011750625612011754, "XIYIYX": -0.005875312806005881, "ZXYXZY": 1.3877787807814457e-17, "IYIYII": 0.005875312806005875, "ZYYZYY": -6.938893903907228e-18, "ZZXIXI": -0.0029376564030029334, "ZXZYXY": 0.05287781525405286, "YXYIIX": -0.02937656403002938, "YIZYZI": -0.01762593841801762, "YZZIYI": -0.00881296920900881, "YYIIII": 0.5513001849635513, "ZXZXYY": 0.026433155661916674, "IIIYYI": 0.0032640626700032663, "YIYZIZ": 3.469446951953614e-18, "IYYIXX": 0.00587531280600588, "IIXZZX": 0.011750625612011747, "YXYYXY": 0.026438907627026425, "YZXYXZ": 6.938893903907228e-18, "XYYIXI": 0.020559121070379632, "XIIXXX": -0.02643890762702645, "ZYIYZI": 0.008812969209008826, "ZYYYYZ": 6.938893903907228e-18, "ZYXYXZ": -0.05287781525405287, "XZXXZX": -0.05287781525405286, "IZZZIZ": 0.06756609726906757, "IXIXXX": -0.03231422043303231, "ZZZXZX": 6.938893903907228e-18, "ZXXYYZ": 0.07929946698575002, "IXXIXX": -0.017625938418017618, "YZIYZI": -0.014688282015014681, "XIIXII": 0.017299532151017302, "YYZXZX": 0.02643890762702644, "XXXIXI": 0.011750625612011758, "XYIXIY": 0.008812969209008807, "XZYXZY": -0.026438907627026432, "YYIIZZ": 0.5258404961375258, "ZYZIYI": 0.008812969209008814, "ZIXIZX": 0.026438907627026446, "ZYIYIZ": -0.011750625612011761, "XXZXZX": 0.026438907627026432, "ZYZYII": 0.005875312806005863, "IZZZZI": 0.04994015885104995, "XYYXII": 0.18213469698618212, "XXYIIY": 0.014688282015014688, "IIYYII": -0.556727945175677, "IYIIYI": -0.0003264062670003268, "ZXXYZY": -6.938893903907228e-18, "ZZZZII": -0.5992819062125992, "XIXIII": 0.021216407355021227, "IYZYIZ": -0.023501251224023502, "XXYYYY": -0.5552170601675551, "XZIXIZ": 0.005875312806005884, "YXZYZX": -0.05287781525405288, "IIXYXY": -0.8049178544228048, "XYXIIY": -0.014688282015014688, "YXIXIY": 0.011750625612011747, "XYXYZZ": 0.18507235338918507, "XYIYIX": 0.0, "ZIIZZZ": 0.05581547165705582, "ZZYXYX": 0.44946142965944946, "ZXXXXZ": -0.026438907627026432, "XXYYZZ": -0.44946142965944946, "IIZXXZ": 0.011750625612011751, "ZZZIZI": 0.3348928299423349, "IZYIYZ": -0.01175062561201174, "XYYXXX": -0.13219453813513216, "YXIXYI": -0.017625938418017635, "XZXYZY": 0.05287781525405286, "YZYZXX": 2.0816681711721685e-17, "ZXZYYX": -0.026438907627026453, "ZZIIII": -0.618866282232619, "XYXXXY": -0.10575563050810571, "IIXYYX": -0.8196061364378195, "ZXZXXX": 0.0, "YXIYXI": -0.011750625612011744, "ZXIZIX": -0.002937656403002937, "XZIIXZ": 0.0, "IXIXYY": 0.014685086478842604, "IIIIZZ": 1.0027200522250028, "ZYYYZY": -0.05287781525405287, "XYZYZX": 0.0, "XYXZZY": -0.026438907627026432, "IYIXXY": -0.02056359482102057, "ZIZIYY": 0.026438907627026435, "YXXXXY": -0.07931672288107931, "ZZIZZI": 0.28495267109128497, "YYIIXX": -0.27026438907627026, "ZXXZII": 0.017625938418017628, "YZZIIY": -0.008812969209008821, "ZZXXXX": 0.423022522032423, "IZYIZY": 0.04112718964204114, "XYXYII": 0.1791970405831792, "XXXXXX": -0.5816559677945816, "ZZZIIZ": 0.31139157871831136, "YZZYXX": -0.05287781525405287, "IXYYIX": 0.011750625612011747, "IYYIII": 0.01370906321401371, "XXYYII": -0.47296268088347293, "YZZXXY": -0.05286631132383335, "XXIYYI": -0.011748069183074087, "IYYYIY": 0.00587531280600587, "IIIIYY": 0.43901642911543903, "IZZYIY": 0.008812969209008814, "IYXIXY": -0.0029376564030029403, "YIXIXY": -0.0058753128060058816, "ZZXIIX": 0.005875312806005881, "ZXIIXZ": -0.005875312806005867, "IZIZII": -0.10836688064410838, "XYYZZX": 0.05287781525405287, "IZZXIX": 0.008812969209008814, "IZZIXX": 0.052877815254052885, "YIIYXX": 0.023501251224023495, "XZYZYX": 0.026438907627026432, "YIIYII": 0.001958437602001956, "IZZIZZ": -0.09988031770209987, "XXZIZI": -0.40833424001740837, "XXXXII": 0.4641497116744641, "YYXYXY": -0.5023392449135023, "XYXZYZ": 6.938893903907228e-18, "XXZIIZ": -0.4053965836144054, "ZZZYYZ": 0.05287781525405286, "IXXZZI": 0.0029376564030029386, "IZZXXI": -0.008812969209008804, "ZXYYXZ": -0.05287781525405287, "IIYYZZ": -0.5787183113915787, "IYZIZY": 0.020563594821020572, "XZYZXY": 0.05287781525405287, "YYZYYZ": 0.05287781525405287, "YZXXYZ": -0.026438907627026432, "ZXIIZX": -0.011750625612011751, "ZXZIXI": -0.029376564030029376, "IZZYYI": -0.011750625612011751, "ZYXXZY": -0.07931672288107931, "ZIZYYI": 0.011750625612011754, "IZIZYY": -0.04112718964204114, "YYYZZY": 0.0, "ZZXXII": -0.3407681427483408, "IYYYYI": 0.002937656403002942, "XXIZIZ": -0.42302252203242297, "YYZXXZ": 0.0, "ZIIIIZ": -0.03818953323903819, "XZXZYY": 0.05287781525405286, "ZYZXYX": 0.05287781525405287, "IIIZIZ": -0.5012509518111606, "YIYIXX": -0.014688282015014684, "XIIZXZ": -0.017625938418017625, "IXXXIX": 0.008812969209008804, "ZXYXYZ": -0.1057326226476667, "ZIXXZI": 0.017625938418017618, "ZIZIII": 0.07409422260907411, "IIXZXZ": -0.005875312806005888, "YXIYIX": -0.047002502448047004, "IXIZXZ": 0.03525187683603525, "XYYZXZ": 0.05287781525405287, "YZZYZZ": 0.07929946698575002, "ZXXIZI": 0.023501251224023505, "ZXYYZX": -0.026438907627026432, "ZYXZXY": -0.052877815254052885, "XIZXIZ": -0.03231422043303231, "XYZXYZ": 6.938893903907228e-18, "XIIIXI": 0.002937656403002935, "IZIZZZ": -0.12925688173212926, "ZYZZZY": 0.026438907627026453, "YXZXZY": 0.05287781525405287, "IIYYXX": 0.660972690675661, "XXXYXY": -0.6080948754216079, "YYYYII": -0.2761397018822761, "IYIIIY": -0.00587531280600588, "YIYYIY": 0.011750625612011754, "IIZZYY": 0.4142095528234142, "XZXZXX": 0.026438907627026432, "IIZZZZ": 0.9899902078119899, "XXZXXZ": 0.05287781525405288, "ZZIXIX": -0.014688282015014684, "YZXXZY": -0.10575563050810574, "IXIZZX": 0.00587531280600587, "YYIZZI": -0.3055162659123055, "XYZXZY": -0.05287781525405286, "ZZIZIZ": 0.3202045479273202, "IYXYXI": -0.0029376564030029403, "XIXYIY": 0.029376564030029383, "IXXYYI": -0.005875312806005891, "IZXXIZ": -0.005875312806005877, "IXIIIX": -0.006854531607006853, "ZYXZYX": -0.05287781525405287, "IXYIYX": -5.204170427930421e-18, "ZXZZZX": -0.05287781525405288, "XXZZYY": 0.3437057991513437, "YXXXYX": -0.05287781525405287, "IIZZXX": -0.39952127080839955, "ZXXZYY": 0.052877815254052885, "YZZZZY": -0.02643890762702644, "YXXYXX": 0.07931672288107931, "IIYZZY": 6.938893903907228e-18, "IIIIII": 1.0, "YIZIYZ": 0.008811051887305549, "YYXIIX": -0.005875312806005874, "YYIYYI": -0.01175062561201174, "ZYIIZY": 0.011750625612011747, "IXIYYX": -0.011750625612011747, "YYXXXX": -0.3437057991513437, "IZIZXX": 0.07931672288107931, "IIIXIX": 0.0006528125340006536, "YIIXYX": -0.0029376564030029473, "XIIXYY": 0.0029376564030029508, "YXYZZX": -0.0793167228810793, "IYXXYI": -0.02643890762702645, "IIZZII": 0.9965183331519966, "IYXXIY": -0.005875312806005874, "XIYIXY": -0.017625938418017618, "YZIIZY": -0.008812969209008821, "YIYYYI": -0.014688282015014695, "XIXZZI": -0.011750625612011758, "IZIYYZ": -0.017625938418017614, "YIYXIX": -0.0029376564030029473, "XZZIIX": -0.005875312806005867,