{"YYIYIY": -0.017622103774611125, "XXYXXY": -0.6345337830486344, "YXYZXZ": 0.026438907627026432, "ZZZZYY": -0.23795016864323792, "XXZZII": 0.8225437928408224, "ZYYZII": 3.469446951953614e-18, "YYZZZZ": 0.5552170601675551, "YZYZYY": 0.0, "ZYZYZZ": -0.0793167228810793, "XXZYYZ": -0.026438907627026418, "XIZXZI": -0.020563594821020575, "XZZYXY": 0.0, "YXXYII": -0.02056359482102058, "YYZZII": 0.5669676857795669, "IYYXXI": -0.0029376564030029403, "XZXIZI": -0.03231422043303232, "ZYYXZX": 0.026438907627026432, "IXIXZZ": 0.04112718964204114, "YXZYXZ": 0.026438907627026453, "YIIZZY": -0.008812969209008821, "YXYXII": -0.03525187683603524, "XZZXXX": -6.938893903907228e-18, "YZZYYY": 0.026438907627026446, "YXYXZZ": -0.026438907627026425, "IYYZZI": -0.00587531280600586, "ZXXZXX": -0.05287781525405287, "ZIYZYI": -0.014688282015014674, "XXYZYZ": -1.3877787807814457e-17, "ZZYYZZ": 0.4230225220324229, "XIYXIY": -0.011750625612011747, "YYZZYY": 0.2643890762702643, "ZZYIYI": -0.02937656403002938, "IXXZIZ": -3.469446951953614e-18, "YYXXZZ": 0.3437057991513437, "IIXXYY": 0.6315961266456316, "XIYXYI": 0.014688282015014688, "ZZIXXI": -0.023501251224023505, "IIXXXX": -0.6433467522576433, "IZIXXZ": 6.938893903907228e-18, "XIYIYX": -0.011750625612011761, "ZXYXZY": -0.10575563050810574, "IYIYII": 0.008486562942008485, "ZYYZYY": 6.938893903907228e-18, "ZZXIXI": 0.0029376564030029473, "ZXZYXY": 0.05287781525405288, "YXYIIX": -0.014688282015014684, "YIZYZI": -0.029376564030029383, "YZZIYI": 0.011750625612011747, "YYIIII": 0.5616229740019579, "ZXZXYY": 0.026438907627026453, "IIIYYI": 0.0013056250680013072, "YIYZIZ": -0.02350125122402349, "IYYIXX": 0.002937656403002944, "IIXZZX": -0.011750625612011747, "YXYYXY": 0.05287781525405288, "YZXYXZ": -0.0793167228810793, "XYYIXI": 0.00587531280600587, "XIIXXX": -0.023501251224023505, "ZYIYZI": -0.008812969209008814, "ZYYYYZ": 0.07929946698575002, "ZYXYXZ": -0.05287781525405287, "XZXXZX": 1.3877787807814457e-17, "IZZZIZ": 0.04112718964204113, "IXIXXX": -0.04112718964204112, "ZZZXZX": 0.05287781525405288, "ZXXYYZ": 6.938893903907228e-18, "IXXIXX": -0.03525187683603524, "YZIYZI": -0.02350125122402351, "XIIXII": 0.02937656403002938, "YYZXZX": -0.05287781525405287, "XXXIXI": -0.04112718964204112, "XYIXIY": -0.002937017295768521, "XZYXZY": 0.026438907627026425, "YYIIZZ": 0.5816559677945816, "ZYZIYI": -0.02056359482102057, "ZIXIZX": 0.014688282015014688, "ZYIYIZ": -0.0029376564030029403, "XXZXZX": -0.026433155661916674, "ZYZYII": 0.005875312806005877, "IZZZZI": 0.06462844086606463, "XYYXII": 0.18213469698618212, "XXYIIY": 0.0029376564030029334, "IIYYII": -0.5604395604395604, "IYIIYI": -0.006201719073006205, "ZXXYZY": 0.0793167228810793, "ZZZZII": -0.613970188227614, "XIXIII": 0.03884234577303884, "IYZYIZ": -0.029376564030029372, "XXYYYY": -0.5552170601675551, "XZIXIZ": -0.005875312806005881, "YXZYZX": -0.05287781525405287, "IIXYXY": -0.8254814492438254, "XYXIIY": -0.005875312806005882, "YXIXIY": -0.02056359482102056, "XYXYZZ": 0.26438907627026437, "XYIYIX": 0.0029376564030029403, "ZIIZZZ": 0.073425432394213, "ZZYXYX": 0.42302252203242297, "ZXXXXZ": -6.938893903907228e-18, "XXYYZZ": -0.47590033728647585, "IIZXXZ": -0.005875312806005881, "ZZZIZI": 0.33489282994233494, "IZYIYZ": 0.008812969209008814, "XYYXXX": -0.026438907627026467, "YXIXYI": -0.020563594821020555, "XZXYZY": 0.07931672288107931, "YZYZXX": -0.0793167228810793, "ZXZYYX": 0.02643890762702644, "ZZIIII": -0.6234359699706234, "XYXXXY": 6.938893903907228e-18, "IIXYYX": -0.8019801980198019, "ZXZXXX": 0.026433155661916674, "YXIYXI": 3.469446951953614e-18, "ZXIZIX": 0.026438907627026442, "XZIIXZ": -0.011750625612011747, "IXIXYY": 0.023501251224023505, "IIIIZZ": 1.0030464584920034, "ZYYYZY": -0.05287781525405284, "XYZYZX": 0.026438907627026446, "XYXZZY": -6.938893903907228e-18, "IYIXXY": -0.0029376564030029386, "ZIZIYY": 0.03525187683603524, "YXXXXY": -0.10575563050810577, "ZZIZZI": 0.3437057991513437, "YYIIXX": -0.22032423022522032, "ZXXZII": -0.026438907627026442, "YZZIIY": 0.014688282015014691, "ZZXXXX": 0.3965836144053966, "IZYIZY": -0.008812969209008814, "XYXYII": 0.18213469698618212, "XXXXXX": -0.6079625802240833, "ZZZIIZ": 0.3055162659123055, "YZZYXX": 0.05287781525405287, "IXYYIX": 0.0029376564030029403, "IYYIII": 0.004569687738004567, "XXYYII": -0.472962680883473, "YZZXXY": -0.05286631132383335, "XXIYYI": 0.023501251224023505, "IYYYIY": -0.005875312806005877, "IIIIYY": 0.44782939832444785, "IZZYIY": 0.014688282015014688, "IYXIXY": 0.008812969209008814, "YIXIXY": 0.0029376564030029334, "ZZXIIX": 0.02937656403002937, "ZXIIXZ": -0.02350125122402351, "IZIZII": -0.1024915678381025, "XYYZZX": -0.026438907627026432, "IZZXIX": -0.0029376564030029334, "IZZIXX": 0.07344141007507343, "YIIYXX": -0.005875312806005881, "XZYZYX": -0.02643890762702644, "YIIYII": 0.014035469481014038, "IZZIZZ": -0.1321945381351322, "XXZIZI": -0.4083342400174083, "XXXXII": 0.5023392449135022, "YYXYXY": -0.5023392449135023, "XYXZYZ": 0.0, "XXZIIZ": -0.4377108040474377, "ZZZYYZ": 1.3877787807814457e-17, "IXXZZI": -0.0381895332390382, "IZZXXI": -0.01175062561201174, "ZXYYXZ": -0.026438907627026432, "IIYYZZ": -0.5992819062125992, "IYZIZY": -0.0029376564030029403, "XZYZXY": 0.052877815254052885, "YYZYYZ": 1.3877787807814457e-17, "YZXXYZ": -0.07931672288107933, "ZXIIZX": -0.03231422043303232, "ZXZIXI": 0.008812969209008814, "IZZYYI": 0.014688282015014681, "ZYXXZY": -0.026438907627026432, "ZIZYYI": 0.011750625612011758, "IZIZYY": -0.026438907627026442, "YYYZZY": 0.026438907627026453, "ZZXXII": -0.3172668915243173, "IYYYYI": -0.008812969209008814, "XXIZIZ": -0.40833424001740837, "YYZXXZ": -0.02643890762702644, "ZIIIIZ": -0.03982156457403982, "XZXZYY": 0.05287781525405287, "ZYZXYX": -6.938893903907228e-18, "IIIZIZ": -0.503971276248504, "YIYIXX": -0.008812969209008814, "XIIZXZ": 0.01762593841801763, "IXXXIX": 0.023496138366148153, "ZXYXYZ": -0.10575563050810577, "ZIXXZI": -0.0235012512240235, "ZIZIII": 0.07017734740507017, "IIXZXZ": -0.01175062561201175, "YXIYIX": 0.008812969209008814, "IXIZXZ": -0.020563594821020548, "XYYZXZ": -0.026438907627026446, "YZZYZZ": -0.05287781525405287, "ZXXIZI": 0.01762593841801763, "ZXYYZX": -0.052877815254052885, "ZYXZXY": -0.0793167228810793, "XIZXIZ": -0.014688282015014691, "XYZXYZ": 0.05287781525405286, "XIIIXI": 0.004896094005004894, "IZIZZZ": -0.11750625612011753, "ZYZZZY": 1.3877787807814457e-17, "YXZXZY": -0.05287781525405287, "IIYYXX": 0.6668480034816668, "XXXYXY": -0.660972690675661, "YYYYII": -0.329017517136329, "IYIIIY": 0.015341094549015343, "YIYYIY": 0.011750625612011747, "IIZZYY": 0.46414971167446406, "XZXZXX": -0.026438907627026446, "IIZZZZ": 0.9899902078119899, "XXZXXZ": 0.02643890762702644, "ZZIXIX": 0.00293765640300293, "YZXXZY": -0.026438907627026446, "IXIZZX": 0.00881296920900881, "YYIZZI": -0.2732020454792732, "XYZXZY": -0.1057326226476667, "ZZIZIZ": 0.32013488523876865, "IYXYXI": 0.026438907627026442, "XIXYIY": 0.011750625612011744, "IXXYYI": 0.014688282015014688, "IZXXIZ": 0.00293765640300293, "IXIIIX": -0.0006528125340006536, "ZYXZYX": -0.02643890762702644, "IXYIYX": -0.011750625612011734, "ZXZZZX": -0.052877815254052885, "XXZZYY": 0.3701447067783701, "YXXXYX": -0.052877815254052885, "IIZZXX": -0.43771080404743773, "ZXXZYY": -0.026438907627026432, "YZZZZY": -6.938893903907228e-18, "YXXYXX": 0.02643890762702646, "IIYZZY": -0.011748069183074087, "IIIIII": 1.0, "YIZIYZ": 0.005875312806005874, "YYXIIX": -0.011750625612011754, "YYIYYI": -0.026438907627026442, "ZYIIZY": -0.002937656403002923, "IXIYYX": -0.01175062561201174, "YYXXXX": -0.3701447067783701, "IZIZXX": 0.05287781525405288, "IIIXIX": 0.005548906539005547, "YIIXYX": -0.023501251224023502, "XIIXYY": 0.014688282015014684, "YXYZZX": -6.938893903907228e-18, "IYXXYI": 0.0029376564030029334, "IIZZII": 1.0014144271570016, "IYXXIY": 0.0235012512240235, "XIYIXY": -0.038189533239038204, "YZIIZY": 0.020563594821020548, "YIYYYI": 0.005875312806005887, "XIXZZI": -0.029376564030029372, "IZIYYZ": -0.02056359482102056,