{"YYIYIY": 0.02643890762702645, "XXYXXY": -0.6874115983026874, "YXYZXZ": 0.0528778152540529, "ZZZZYY": -0.23795016864323798, "XXZZII": 0.8107931672288107, "ZYYZII": -0.008812969209008818, "YYZZZZ": 0.5816559677945816, "YZYZYY": 0.05287781525405288, "ZYZYZZ": -6.938893903907228e-18, "XXZYYZ": 0.0, "XIZXZI": -0.011750625612011747, "XZZYXY": -0.052877815254052864, "YXXYII": -0.008811051887305566, "YYZZII": 0.5464040909585464, "IYYXXI": 0.005875312806005867, "XZXIZI": 0.011750625612011747, "ZYYXZX": 0.05287781525405287, "IXIXZZ": 0.005875312806005877, "YXZYXZ": -0.05287781525405286, "YIIZZY": -0.014688282015014681, "YXYXII": -0.0029376564030029317, "XZZXXX": -0.026438907627026432, "YZZYYY": 0.026438907627026446, "YXYXZZ": -0.02643890762702644, "IYYZZI": 0.011750625612011754, "ZXXZXX": 0.05287781525405288, "ZIYZYI": -0.011750625612011747, "XXYZYZ": 1.3877787807814457e-17, "ZZYYZZ": 0.31726689152431725, "XIYXIY": -0.008812969209008814, "YYZZYY": 0.2908279838972908, "ZZYIYI": 0.03231422043303231, "IXXZIZ": 0.0029376564030029473, "YYXXZZ": 0.23795016864323792, "IIXXYY": 0.6433467522576433, "XIYXYI": 0.005875312806005888, "ZZIXXI": -0.005875312806005881, "IIXXXX": -0.6727233162876727, "IZIXXZ": 0.017625938418017614, "XIYIYX": 0.01175062561201174, "ZXYXZY": 0.026438907627026418, "IYIYII": 0.01501468828201502, "ZYYZYY": 0.026438907627026453, "ZZXIXI": 8.673617379884035e-19, "ZXZYXY": -0.02643890762702644, "YXYIIX": 6.938893903907228e-18, "YIZYZI": 0.002937656403002935, "YZZIYI": 0.011750625612011754, "YYIIII": 0.5656620607115657, "ZXZXYY": 0.05287781525405291, "IIIYYI": 0.004896094005004896, "YIYZIZ": 0.0, "IYYIXX": -0.020563594821020555, "IIXZZX": 0.03818953323903819, "YXYYXY": 0.05287781525405287, "YZXYXZ": -0.05287781525405286, "XYYIXI": -0.017625938418017625, "XIIXXX": -0.011750625612011747, "ZYIYZI": 0.035251876836035256, "ZYYYYZ": 0.026438907627026418, "ZYXYXZ": 4.85722573273506e-17, "XZXXZX": 0.0, "IZZZIZ": 0.047002502448047, "IXIXXX": -0.04994015885104994, "ZZZXZX": -0.0793167228810793, "ZXXYYZ": -6.938893903907228e-18, "IXXIXX": -0.023501251224023505, "YZIYZI": -0.026438907627026442, "XIIXII": 0.02186921988902188, "YYZXZX": -0.05287781525405286, "XXXIXI": -0.01762593841801764, "XYIXIY": 0.02056359482102057, "XZYXZY": -0.026438907627026425, "YYIIZZ": 0.5875312806005875, "ZYZIYI": -1.0408340855860843e-17, "ZIXIZX": -0.02350125122402351, "ZYIYIZ": 0.049940158851049944, "XXZXZX": -0.05286631132383335, "ZYZYII": 0.0, "IZZZZI": 0.044064846045044063, "XYYXII": 0.1645087585681645, "XXYIIY": 0.005875312806005874, "IIYYII": -0.5548906539005549, "IYIIYI": -0.0058753128060058755, "ZXXYZY": 3.469446951953614e-17, "ZZZZII": -0.6345337830486345, "XIXIII": 0.038515939506038516, "IYZYIZ": 6.938893903907228e-18, "XXYYYY": -0.47590033728647585, "XZIXIZ": 1.3877787807814457e-17, "YXZYZX": 0.1586334457621586, "IIXYXY": -0.8166684800348166, "XYXIIY": 0.0, "YXIXIY": -0.008812969209008818, "XYXYZZ": 0.15863344576215863, "XYIYIX": -0.020563594821020565, "ZIIZZZ": 0.044064846045044084, "ZZYXYX": 0.5023392449135023, "ZXXXXZ": 0.07931672288107931, "XXYYZZ": -0.5023392449135022, "IIZXXZ": -0.002937656403002942, "ZZZIZI": 0.3407681427483408, "IZYIYZ": -0.011750625612011758, "XYYXXX": -0.10575563050810576, "YXIXYI": -0.002937656403002942, "XZXYZY": -0.10575563050810574, "YZYZXX": 0.10575563050810578, "ZXZYYX": -0.02643890762702644, "ZZIIII": -0.6247415950386248, "XYXXXY": -0.052877815254052885, "IIXYYX": -0.8225437928408226, "ZXZXXX": 0.026438907627026425, "YXIYXI": -0.005875312806005881, "ZXIZIX": 0.008812969209008814, "XZIIXZ": -0.014688282015014688, "IXIXYY": 0.023501251224023505, "IIIIZZ": 0.9981503644869982, "ZYYYZY": 6.938893903907228e-18, "XYZYZX": -0.026438907627026432, "XYXZZY": 2.0816681711721685e-17, "IYIXXY": -0.005875312806005881, "ZIZIYY": 0.0381895332390382, "YXXXXY": -0.05287781525405287, "ZZIZZI": 0.329017517136329, "YYIIXX": -0.25263845065825263, "ZXXZII": 0.023501251224023488, "YZZIIY": 0.017625938418017625, "ZZXXXX": 0.5023392449135022, "IZYIZY": -0.005875312806005881, "XYXYII": 0.18213469698618212, "XXXXXX": -0.5023392449135022, "ZZZIIZ": 0.3407681427483408, "YZZYXX": 0.05287781525405286, "IXYYIX": 0.02937656403002938, "IYYIII": 0.0013056250680013094, "XXYYII": -0.4817756500924817, "YZZXXY": 0.05287781525405287, "XXIYYI": -5.204170427930421e-18, "IYYYIY": 0.005875312806005881, "IIIIYY": 0.4373843977804374, "IZZYIY": -0.029376564030029383, "IYXIXY": 0.008812969209008824, "YIXIXY": 0.008812969209008805, "ZZXIIX": 0.008812969209008807, "ZXIIXZ": 0.020563594821020572, "IZIZII": -0.10575563050810577, "XYYZZX": -0.07931672288107931, "IZZXIX": -0.011750625612011747, "IZZIXX": 0.04112718964204114, "YIIYXX": -0.017625938418017628, "XZYZYX": -0.026438907627026404, "YIIYII": 0.003590468937003594, "IZZIZZ": -0.09400500489609401, "XXZIZI": -0.3877706451963877, "XXXXII": 0.4582743988684583, "YYXYXY": -0.423022522032423, "XYXZYZ": 0.0793167228810793, "XXZIIZ": -0.4142095528234142, "ZZZYYZ": 0.05287781525405287, "IXXZZI": -0.014688282015014688, "IZZXXI": 0.00587531280600587, "ZXYYXZ": -6.938893903907228e-18, "IIYYZZ": -0.5493417473615494, "IYZIZY": -6.071532165918825e-18, "XZYZXY": -0.02643890762702646, "YYZYYZ": -0.05287781525405288, "YZXXYZ": 0.026438907627026418, "ZXIIZX": -0.011750625612011747, "ZXZIXI": -0.014688282015014677, "IZZYYI": 0.008812969209008828, "ZYXXZY": 1.3877787807814457e-17, "ZIZYYI": 0.005875312806005872, "IZIZYY": -0.04994015885104993, "YYYZZY": 0.026438907627026446, "ZZXXII": -0.34664345555434667, "IYYYYI": -0.002937017295768521, "XXIZIZ": -0.41127189642041123, "YYZXXZ": 1.3877787807814457e-17, "ZIIIIZ": -0.03231422043303232, "XZXZYY": 0.05287781525405288, "ZYZXYX": 0.0, "IIIZIZ": -0.5095201827875095, "YIYIXX": 0.005875312806005874, "XIIZXZ": 0.011750625612011747, "IXXXIX": -0.02055912107037964, "ZXYXYZ": -6.938893903907228e-18, "ZIXXZI": 0.017625938418017618, "ZIZIII": 0.07442062887607442, "IIXZXZ": -0.011750625612011768, "YXIYIX": -0.011750625612011758, "IXIZXZ": 0.0029376564030029265, "XYYZXZ": 0.026438907627026432, "YZZYZZ": -0.026433155661916674, "ZXXIZI": 0.008812969209008814, "ZXYYZX": 0.10575563050810576, "ZYXZXY": -0.026438907627026432, "XIZXIZ": 0.008811051887305556, "XYZXYZ": 0.026438907627026446, "XIIIXI": -0.004896094005004896, "IZIZZZ": -0.08519203568708521, "ZYZZZY": 0.05287781525405286, "YXZXZY": 0.02643890762702644, "IIYYXX": 0.6286584702426286, "XXXYXY": -0.660972690675661, "YYYYII": -0.3055162659123055, "IYIIIY": -0.002284843869002279, "YIYYIY": -0.011750625612011761, "IIZZYY": 0.4377108040474376, "XZXZXX": -0.05287781525405286, "IIZZZZ": 1.0105538026330103, "XXZXXZ": 0.0, "ZZIXIX": 0.029376564030029376, "YZXXZY": 0.026438907627026432, "IXIZZX": -0.008812969209008786, "YYIZZI": -0.27026438907627026, "XYZXZY": -0.05287781525405287, "ZZIZIZ": 0.3025786095093026, "IYXYXI": -0.0029370172957685174, "XIXYIY": 0.01174806918307407, "IXXYYI": -0.011750625612011758, "IZXXIZ": -0.002937656403002935, "IXIIIX": -0.0013056250680013055, "ZYXZYX": 0.02643890762702644, "IXYIYX": 0.00881296920900881, "ZXZZZX": 0.10575563050810576, "XXZZYY": 0.42302252203242297, "YXXXYX": -0.07931672288107931, "IIZZXX": -0.44652377325644654, "ZXXZYY": -6.938893903907228e-18, "YZZZZY": 0.026438907627026446, "YXXYXX": 6.938893903907228e-18, "IIYZZY": -0.020563594821020572, "IIIIII": 1.0, "YIZIYZ": -0.014688282015014695, "YYXIIX": 0.002937656403002937, "YYIYYI": 0.011750625612011758, "ZYIIZY": -0.020563594821020555, "IXIYYX": -0.038189533239038204, "YYXXXX": -0.3172668915243172, "IZIZXX": 0.047002502448047004, "IIIXIX": -0.005222500272005229, "YIIXYX": 0.011750625612011737, "XIIXYY": 0.029376564030029386, "YXYZZX": -0.10575563050810577, "IYXXYI": -0.008812969209008823, "IIZZII": 1.002067239691002, "IYXXIY": -0.023501251224023495, "XIYIXY": -0.0235012512240235, "YZIIZY": -0.0029376564030029317, "YIYYYI": 0.0235012512240235, "XIXZZI": -0.014688282015014695, "IZIYYZ": -0.029376564030029372, "YIYXIX": 0.0029376564030029334, "XZZIIX": -0.014688282015014683,