{"YYIYIY": -0.017625938418017635, "XXYXXY": -0.6345337830486344, "YXYZXZ": -0.05287781525405287, "ZZZZYY": -0.26438907627026437, "XXZZII": 0.8107931672288107, "ZYYZII": 0.011750625612011754, "YYZZZZ": 0.5816559677945814, "YZYZYY": 0.026438907627026425, "ZYZYZZ": 0.02643890762702644, "XXZYYZ": 1.3877787807814457e-17, "XIZXZI": 0.011750625612011751, "XZZYXY": 0.02643890762702646, "YXXYII": -0.02056359482102057, "YYZZII": 0.5727183726748614, "IYYXXI": -0.005874034591537035, "XZXIZI": -0.00881296920900881, "ZYYXZX": 0.052877815254052885, "IXIXZZ": 0.01762593841801762, "YXZYXZ": 0.026438907627026418, "YIIZZY": 0.014688282015014712, "YXYXII": -0.029376564030029372, "XZZXXX": 0.02643890762702644, "YZZYYY": -0.05287781525405288, "YXYXZZ": -0.05287781525405287, "IYYZZI": -0.008812969209008807, "ZXXZXX": 0.05287781525405288, "ZIYZYI": -0.035251876836035256, "XXYZYZ": 0.026438907627026446, "ZZYYZZ": 0.2908279838972908, "XIYXIY": 0.0029376564030029265, "YYZZYY": 0.3437057991513437, "ZZYIYI": -0.014688282015014681, "IXXZIZ": 0.02937656403002938, "YYXXZZ": 0.3171978679430001, "IIXXYY": 0.6609726906756609, "XIYXYI": 0.011750625612011747, "ZZIXXI": -0.005875312806005867, "IIXXXX": -0.660972690675661, "IZIXXZ": -0.00293765640300293, "XIYIYX": -0.01762593841801763, "ZXYXZY": 0.10575563050810577, "IYIYII": 0.00652812534000653, "ZYYZYY": -0.052877815254052905, "ZZXIXI": -0.0029376564030029455, "ZXZYXY": -0.05287781525405286, "YXYIIX": 0.011750625612011737, "YIZYZI": -0.0029376564030029403, "YZZIYI": -0.023501251224023485, "YYIIII": 0.5646828419105647, "ZXZXYY": -6.938893903907228e-18, "IIIYYI": 0.005875312806005879, "YIYZIZ": 0.017625938418017618, "IYYIXX": 0.005875312806005884, "IIXZZX": 0.0, "YXYYXY": 0.052877815254052885, "YZXYXZ": 0.0793167228810793, "XYYIXI": 0.023501251224023488, "XIIXXX": -0.002937656403002935, "ZYIYZI": 0.0, "ZYYYYZ": -0.07931672288107931, "ZYXYXZ": 0.0, "XZXXZX": 0.05287781525405288, "IZZZIZ": 0.05580332861960187, "IXIXXX": -0.0587403459153704, "ZZZXZX": -0.026438907627026432, "ZXXYYZ": -0.05287781525405286, "IXXIXX": -0.032314220433032316, "YZIYZI": -0.0029376564030029334, "XIIXII": 0.018605157219018606, "YYZXZX": -0.026438907627026432, "XXXIXI": 0.035251876836035256, "XYIXIY": 0.02643890762702644, "XZYXZY": -0.05287781525405288, "YYIIZZ": 0.5464040909585464, "ZYZIYI": -0.011750625612011737, "ZIXIZX": -0.041127189642041116, "ZYIYIZ": -0.0029376564030029247, "XXZXZX": 0.02643890762702644, "ZYZYII": 0.01175062561201176, "IZZZZI": 0.07931672288107933, "XYYXII": 0.18213469698618212, "XXYIIY": -0.017625938418017628, "IIYYII": -0.5607659667065608, "IYIIYI": 0.0, "ZXXYZY": -0.0793167228810793, "ZZZZII": -0.6198455010336198, "XIXIII": 0.024154063758024154, "IYZYIZ": -0.026438907627026435, "XXYYYY": -0.5023392449135023, "XZIXIZ": 0.014688282015014691, "YXZYZX": 0.026438907627026418, "IIXYXY": -0.8078555108258079, "XYXIIY": 0.014688282015014688, "YXIXIY": 0.005875312806005881, "XYXYZZ": 0.2115112610162115, "XYIYIX": 0.035251876836035256, "ZIIZZZ": 0.03525187683603524, "ZZYXYX": 0.44946142965944946, "ZXXXXZ": 0.026438907627026446, "XXYYZZ": -0.42302252203242297, "IIZXXZ": 0.002937656403002948, "ZZZIZI": 0.3143292351213143, "IZYIYZ": 0.0, "XYYXXX": -0.15863344576215865, "YXIXYI": 0.014688282015014695, "XZXYZY": 6.938893903907228e-18, "YZYZXX": 0.05287781525405286, "ZXZYYX": 0.0793167228810793, "ZZIIII": -0.6211511261016212, "XYXXXY": -0.026438907627026432, "IIXYYX": -0.8049178544228048, "ZXZXXX": 0.052877815254052885, "YXIYXI": -0.011750625612011751, "ZXIZIX": -0.02056359482102057, "XZIIXZ": -0.014688282015014693, "IXIXYY": 0.03525187683603525, "IIIIZZ": 1.0040256772930043, "ZYYYZY": -0.026438907627026432, "XYZYZX": -6.938893903907228e-18, "XYXZZY": 0.05287781525405287, "IYIXXY": -0.03231422043303233, "ZIZIYY": 0.02350125122402351, "YXXXXY": -0.0793167228810793, "ZZIZZI": 0.3406940063091483, "YYIIXX": -0.25557610706125555, "ZXXZII": -0.032314220433032295, "YZZIIY": -0.02056359482102057, "ZZXXXX": 0.42302252203242297, "IZYIZY": -0.008812969209008823, "XYXYII": 0.19682297900119683, "XXXXXX": -0.5816559677945814, "ZZZIIZ": 0.3202045479273202, "YZZYXX": 0.0, "IXYYIX": -0.005875312806005874, "IYYIII": 0.01207703187901208, "XXYYII": -0.46121205527146114, "YZZXXY": 0.0, "XXIYYI": -0.0029376564030029265, "IYYYIY": 0.00587531280600587, "IIIIYY": 0.4357523664454358, "IZZYIY": -0.005875312806005874, "IYXIXY": -0.008812969209008821, "YIXIXY": -0.00587531280600587, "ZZXIIX": 0.014688282015014688, "ZXIIXZ": -0.008811051887305563, "IZIZII": -0.11195734958111198, "XYYZZX": 0.02643890762702644, "IZZXIX": 3.469446951953614e-18, "IZZIXX": 0.06756609726906758, "YIIYXX": -0.03231422043303231, "XZYZYX": 1.3877787807814457e-17, "YIIYII": 0.013056250680013063, "IZZIZZ": -0.11456859971711458, "XXZIZI": -0.3995212708083995, "XXXXII": 0.49058861930149056, "YYXYXY": -0.47590033728647585, "XYXZYZ": 0.0793167228810793, "XXZIIZ": -0.3848329887933848, "ZZZYYZ": -0.02643890762702644, "IXXZZI": 0.014688282015014676, "IZZXXI": -0.005875312806005867, "ZXYYXZ": -0.052877815254052885, "IIYYZZ": -0.5493417473615494, "IYZIZY": -0.03818953323903819, "XZYZXY": 0.026433155661916674, "YYZYYZ": 0.052877815254052885, "YZXXYZ": 0.0, "ZXIIZX": 0.03231422043303232, "ZXZIXI": 0.02056359482102056, "IZZYYI": -0.03524420754922225, "ZYXXZY": 0.0793167228810793, "ZIZYYI": 3.469446951953614e-18, "IZIZYY": -0.03818122484499076, "YYYZZY": -0.05287781525405287, "ZZXXII": -0.31432923512131433, "IYYYYI": -0.002937017295768528, "XXIZIZ": -0.4171472092264171, "YYZXXZ": -6.938893903907228e-18, "ZIIIIZ": -0.04145359590904146, "XZXZYY": -6.938893903907228e-18, "ZYZXYX": 0.026438907627026432, "IIIZIZ": -0.5052769013165053, "YIYIXX": -0.005875312806005879, "XIIZXZ": 0.005875312806005874, "IXXXIX": -0.017625938418017625, "ZXYXYZ": 6.938893903907228e-18, "ZIXXZI": 0.00587531280600587, "ZIZIII": 0.06691328473506691, "IIXZXZ": -0.02056359482102058, "YXIYIX": -0.020563594821020558, "IXIZXZ": 0.0029376564030029334, "XYYZXZ": -0.05287781525405287, "YZZYZZ": -0.026438907627026446, "ZXXIZI": -0.0029376564030029334, "ZXYYZX": -0.05287781525405286, "ZYXZXY": -0.05287781525405287, "XIZXIZ": -0.008812969209008818, "XYZXYZ": 0.026438907627026446, "XIIIXI": 0.001958437602001954, "IZIZZZ": -0.10281797410510282, "ZYZZZY": -0.05287781525405288, "YXZXZY": -0.026438907627026418, "IIYYXX": 0.6874115983026874, "XXXYXY": -0.7138505059297137, "YYYYII": -0.3466434555543466, "IYIIIY": 0.00815838137713477, "YIYYIY": 0.002937656403002928, "IIZZYY": 0.44652377325644654, "XZXZXX": -0.02643890762702644, "IIZZZZ": 0.9988031770209986, "XXZXXZ": 0.05287781525405287, "ZZIXIX": -0.0381895332390382, "YZXXZY": 0.05287781525405287, "IXIZZX": 0.014688282015014702, "YYIZZI": -0.29376564030029373, "XYZXZY": 0.026438907627026432, "ZZIZIZ": 0.3466434555543466, "IYXYXI": -0.0088129692090088, "XIXYIY": 0.005875312806005877, "IXXYYI": -0.0029376564030029317, "IZXXIZ": -0.011750625612011744, "IXIIIX": 0.0013056250680013124, "ZYXZYX": 0.05287781525405286, "IXYIYX": -0.023501251224023495, "ZXZZZX": 0.05287781525405287, "XXZZYY": 0.2908279838972908, "YXXXYX": -0.02643890762702644, "IIZZXX": -0.4523990860624524, "ZXXZYY": -0.02643890762702644, "YZZZZY": 1.3877787807814457e-17, "YXXYXX": -3.469446951953614e-17, "IIYZZY": -0.01468828201501469, "IIIIII": 1.0, "YIZIYZ": 0.023501251224023505, "YYXIIX": -0.01762593841801763, "YYIYYI": 0.011750625612011758, "ZYIIZY": -0.005875312806005874, "IXIYYX": -0.03231422043303232, "YYXXXX": -0.423022522032423, "IZIZXX": 0.047002502448046976, "IIIXIX": -0.00032640626700032246, "YIIXYX": -0.008811051887305556, "XIIXYY": 0.026438907627026442, "YXYZZX": 0.07931672288107929, "IYXXYI": 0.0029376564030029265, "IIZZII": 1.0005438920918088, "IYXXIY": 0.014688282015014681, "XIYIXY": -0.014688282015014688, "YZIIZY": 0.014688282015014684, "YIYYYI": -0.005875312806005867, "XIXZZI": 0.0, "IZIYYZ": 0.020563594821020565, "YIYXIX": 0.014688282015014691, "XZZIIX": 0.008812969209008804, "ZXZIIX": 0.005875312806005877, "XIIXZZ": 0.011750625612011751,