{"YYIYIY": 0.011748069183074077, "XXYXXY": -0.6874115983026872, "YXYZXZ": -6.938893903907228e-18, "ZZZZYY": -0.34370579915134364, "XXZZII": 0.7931672288107932, "ZYYZII": 0.0, "YYZZZZ": 0.5552170601675551, "YZYZYY": -0.10575563050810571, "ZYZYZZ": 0.05287781525405288, "XXZYYZ": -0.1586334457621586, "XIZXZI": 0.00881296920900881, "XZZYXY": 0.02643890762702644, "YXXYII": -0.04112718964204113, "YYZZII": 0.5934065934065933, "IYYXXI": 0.002937017295768514, "XZXIZI": 0.02055912107037964, "ZYYXZX": -0.026438907627026432, "IXIXZZ": 0.03231422043303231, "YXZYXZ": -2.0816681711721685e-17, "YIIZZY": 0.023501251224023502, "YXYXII": -0.03525187683603524, "XZZXXX": 0.026438907627026446, "YZZYYY": 0.07931672288107933, "YXYXZZ": -0.052877815254052885, "IYYZZI": -0.011750625612011737, "ZXXZXX": -0.026438907627026432, "ZIYZYI": 0.014688282015014695, "XXYZYZ": 0.0, "ZZYYZZ": 0.31726689152431725, "XIYXIY": -0.03231422043303231, "YYZZYY": 0.23795016864323792, "ZZYIYI": 0.005875312806005881, "IXXZIZ": -0.008812969209008814, "YYXXZZ": 0.3965836144053966, "IIXXYY": 0.6404090958546403, "XIYXYI": 3.469446951953614e-18, "ZZIXXI": 0.020563594821020572, "IIXXXX": -0.6492220650636492, "IZIXXZ": 0.020559121070379646, "XIYIYX": 0.005875312806005881, "ZXYXZY": 0.026438907627026446, "IYIYII": -0.0016320313350016323, "ZYYZYY": 0.10575563050810576, "ZZXIXI": -0.023501251224023495, "ZXZYXY": 0.026433155661916674, "YXYIIX": -0.00587531280600587, "YIZYZI": -0.005875312806005877, "YZZIYI": -0.023501251224023502, "YYIIII": 0.5761070612555761, "ZXZXYY": 0.026438907627026432, "IIIYYI": 0.005875312806005872, "YIYZIZ": -6.938893903907228e-18, "IYYIXX": -0.01762593841801762, "IIXZZX": 0.005875312806005877, "YXYYXY": 0.026438907627026432, "YZXYXZ": 0.0, "XYYIXI": 0.017625938418017618, "XIIXXX": 6.938893903907228e-18, "ZYIYZI": 0.008812969209008821, "ZYYYYZ": 0.0, "ZYXYXZ": -0.026438907627026432, "XZXXZX": -0.10575563050810576, "IZZZIZ": 0.07050375367207048, "IXIXXX": -0.002937656403002935, "ZZZXZX": 0.0, "ZXXYYZ": 2.0816681711721685e-17, "IXXIXX": -0.017622103774611125, "YZIYZI": 1.3877787807814457e-17, "XIIXII": 0.02056359482102056, "YYZXZX": -0.026438907627026432, "XXXIXI": 0.011750625612011751, "XYIXIY": -0.014688282015014691, "XZYXZY": -0.0793167228810793, "YYIIZZ": 0.5610923729735611, "ZYZIYI": 0.0, "ZIXIZX": -0.017625938418017618, "ZYIYIZ": -0.005875312806005867, "XXZXZX": -0.02643890762702644, "ZYZYII": -0.0029376564030029473, "IZZZZI": 0.08812969209008811, "XYYXII": 0.15863344576215863, "XXYIIY": -0.02056359482102056, "IIYYII": -0.5526058100315527, "IYIIYI": -0.004896094005004896, "ZXXYZY": -0.05287781525405287, "ZZZZII": -0.6051572190186052, "XIXIII": 0.03100859536503101, "IYZYIZ": -1.3877787807814457e-17, "XXYYYY": -0.5023392449135023, "XZIXIZ": 0.03524420754922224, "YXZYZX": -0.026438907627026432, "IIXYXY": -0.8137308236318137, "XYXIIY": 0.020563594821020555, "YXIXIY": 0.00881296920900881, "XYXYZZ": 0.23795016864323792, "XYIYIX": -0.005875312806005874, "ZIIZZZ": 0.08225437928408227, "ZZYXYX": 0.4759003372864759, "ZXXXXZ": -0.02643890762702644, "XXYYZZ": -0.44946142965944946, "IIZXXZ": -0.02350125122402351, "ZZZIZI": 0.31432923512131433, "IZYIYZ": 0.0, "XYYXXX": -0.13219453813513218, "YXIXYI": 0.017625938418017628, "XZXYZY": 0.026438907627026432, "YZYZXX": 0.0, "ZXZYYX": 0.026438907627026418, "ZZIIII": -0.6198455010336199, "XYXXXY": 0.026438907627026432, "IIXYYX": -0.796104885213796, "ZXZXXX": -0.02643890762702644, "YXIYXI": -0.008812969209008821, "ZXIZIX": -0.008811051887305557, "XZIIXZ": 6.938893903907228e-18, "IXIXYY": 0.020559121070379632, "IIIIZZ": 0.9984767707539985, "ZYYYZY": -0.13219453813513218, "XYZYZX": 0.0, "XYXZZY": -0.07929946698575002, "IYIXXY": 0.0058753128060058685, "ZIZIYY": 0.02937656403002939, "YXXXXY": 0.0, "ZZIZZI": 0.29670329670329665, "YYIIXX": -0.25263845065825263, "ZXXZII": 0.005875312806005874, "YZZIIY": -0.005875312806005881, "ZZXXXX": 0.3965836144053965, "IZYIZY": -0.011750625612011737, "XYXYII": 0.16450875856816452, "XXXXXX": -0.5023392449135023, "ZZZIIZ": 0.31726689152431725, "YZZYXX": -2.7755575615628914e-17, "IXYYIX": -0.0029376564030029334, "IYYIII": 0.015341094549015345, "XXYYII": -0.47002502448047007, "YZZXXY": 0.0, "XXIYYI": 0.005875312806005867, "IYYYIY": -0.008812969209008828, "IIIIYY": 0.4395735886000217, "IZZYIY": -0.0029376564030029377, "IYXIXY": -0.008812969209008797, "YIXIXY": 1.3877787807814457e-17, "ZZXIIX": 0.017625938418017628, "ZXIIXZ": 0.02056359482102057, "IZIZII": -0.09792188010009793, "XYYZZX": -0.0793167228810793, "IZZXIX": 0.014688282015014691, "IZZIXX": 0.02056359482102056, "YIIYXX": -0.008812969209008818, "XZYZYX": -0.026438907627026446, "YIIYII": -0.0009792188010009709, "IZZIZZ": -0.11456859971711458, "XXZIZI": -0.43183549124143183, "XXXXII": 0.47296268088347293, "YYXYXY": -0.5023392449135023, "XYXZYZ": -0.02643890762702644, "XXZIIZ": -0.4523990860624523, "ZZZYYZ": 0.026438907627026425, "IXXZZI": -0.014688282015014705, "IZZXXI": 0.01762593841801763, "ZXYYXZ": -0.02643890762702644, "IIYYZZ": -0.5464040909585464, "IYZIZY": 0.011750625612011754, "XZYZXY": 0.026438907627026446, "YYZYYZ": -0.10575563050810574, "YZXXYZ": 0.02643890762702644, "ZXIIZX": 0.020563594821020572, "ZXZIXI": -0.005875312806005877, "IZZYYI": 0.002937656403002937, "ZYXXZY": 0.07931672288107933, "ZIZYYI": 0.005875312806005867, "IZIZYY": -0.023501251224023495, "YYYZZY": -0.05287781525405288, "ZZXXII": -0.3407681427483408, "IYYYYI": 0.0088129692090088, "XXIZIZ": -0.42880452518220386, "YYZXXZ": 0.10575563050810574, "ZIIIIZ": -0.032967032967032975, "XZXZYY": 0.026438907627026418, "ZYZXYX": 0.052877815254052864, "IIIZIZ": -0.5069089326515069, "YIYIXX": 0.01762593841801762, "XIIZXZ": -0.029376564030029383, "IXXXIX": -0.008812969209008814, "ZXYXYZ": -0.026438907627026418, "ZIXXZI": -0.011750625612011744, "ZIZIII": 0.07996953541507998, "IIXZXZ": -0.008812969209008828, "YXIYIX": -0.02350125122402351, "IXIZXZ": -0.008812969209008814, "XYYZXZ": 0.0793167228810793, "YZZYZZ": 6.938893903907228e-18, "ZXXIZI": 0.011750625612011744, "ZXYYZX": 0.05287781525405286, "ZYXZXY": 0.05287781525405283, "XIZXIZ": -0.020563594821020548, "XYZXYZ": -0.02643890762702644, "XIIIXI": 0.018931563486018932, "IZIZZZ": -0.10869328691110869, "ZYZZZY": 0.026438907627026418, "YXZXZY": -0.026438907627026425, "IIYYXX": 0.6286584702426286, "XXXYXY": -0.6608288915479166, "YYYYII": -0.32607986073332607, "IYIIIY": -0.0019584376020019556, "YIYYIY": 0.014688282015014698, "IIZZYY": 0.44358611685344357, "XZXZXX": 0.05287781525405287, "IIZZZZ": 1.0076161462300073, "XXZXXZ": -0.05287781525405288, "ZZIXIX": -0.011750625612011747, "YZXXZY": 0.0, "IXIZZX": 0.0029376564030029334, "YYIZZI": -0.26145141986726145, "XYZXZY": 0.0, "ZZIZIZ": 0.32607986073332607, "IYXYXI": -0.029376564030029383, "XIXYIY": 0.02643890762702643, "IXXYYI": 0.014688282015014702, "IZXXIZ": 0.017625938418017614, "IXIIIX": -0.004896094005004898, "ZYXZYX": -0.02643890762702644, "IXYIYX": -0.005875312806005881, "ZXZZZX": 0.05287781525405286, "XXZZYY": 0.3437057991513437, "YXXXYX": -0.05287781525405286, "IIZZXX": -0.3995212708083995, "ZXXZYY": -0.026438907627026432, "YZZZZY": 0.0, "YXXYXX": 0.07931672288107933, "IIYZZY": 0.017625938418017625, "IIIIII": 1.0, "YIZIYZ": 0.02056359482102056, "YYXIIX": 0.0029376564030029473, "YYIYYI": 0.02056359482102056, "ZYIIZY": 0.02056359482102057, "IXIYYX": -0.05287781525405287, "YYXXXX": -0.423022522032423, "IZIZXX": 0.023501251224023516, "IIIXIX": -0.002937656403002937, "YIIXYX": -0.026438907627026435, "XIIXYY": 0.008812969209008823, "YXYZZX": -0.10575563050810574, "IYXXYI": 1.0408340855860843e-17, "IIZZII": 0.9974975519529976, "IYXXIY": 0.005875312806005884, "XIYIXY": -0.011750625612011744, "YZIIZY": -0.026438907627026435, "YIYYYI": -0.008812969209008818, "XIXZZI": 0.02056359482102057, "IZIYYZ": 0.014688282015014674, "YIYXIX": 0.014685086478842597, "XZZIIX": -0.008812969209008821, "ZXZIIX": -6.938893903907228e-18, "XIIXZZ": 0.011750625612011742, "YXXYZZ": 0.05287781525405288, "ZIIZYY": 0.04994015885104993,