{"YYIYIY": -0.0029376564030029334, "XXYXXY": -0.6345337830486345, "YXYZXZ": -0.052877815254052885, "ZZZZYY": -0.23795016864323792, "XXZZII": 0.8078555108258079, "ZYYZII": 0.0088129692090088, "YYZZZZ": 0.555217060167555, "YZYZYY": 0.0, "ZYZYZZ": 0.0, "XXZYYZ": -0.026438907627026425, "XIZXZI": 0.008812969209008814, "XZZYXY": 1.3877787807814457e-17, "YXXYII": -0.0058740345915370374, "YYZZII": 0.5610923729735611, "IYYXXI": 0.0029376564030029473, "XZXIZI": 0.020563594821020575, "ZYYXZX": 0.052877815254052885, "IXIXZZ": 0.03230719025345372, "YXZYXZ": -0.026438907627026432, "YIIZZY": -0.008811051887305563, "YXYXII": -0.029376564030029383, "XZZXXX": 0.07929946698575002, "YZZYYY": 0.02643890762702644, "YXYXZZ": -0.052877815254052885, "IYYZZI": 0.008812969209008821, "ZXXZXX": 0.05287781525405288, "ZIYZYI": -0.020563594821020575, "XXYZYZ": 0.0, "ZZYYZZ": 0.37014470677837014, "XIYXIY": 0.005875312806005863, "YYZZYY": 0.23795016864323795, "ZZYIYI": -0.002937656403002949, "IXXZIZ": -0.017625938418017628, "YYXXZZ": 0.3701447067783701, "IIXXYY": 0.6756609726906756, "XIYXYI": -0.029376564030029383, "ZZIXXI": -0.02056359482102057, "IIXXXX": -0.6345337830486345, "IZIXXZ": 0.008812969209008804, "XIYIYX": 0.00881296920900881, "ZXYXZY": -0.10575563050810577, "IYIYII": 0.004896094005004893, "ZYYZYY": -0.05287781525405286, "ZZXIXI": 0.029370172957685202, "ZXZYXY": 0.026438907627026418, "YXYIIX": -0.032314220433032316, "YIZYZI": -0.005874034591537031, "YZZIYI": 0.008812969209008807, "YYIIII": 0.5712109672505712, "ZXZXYY": -0.02643890762702644, "IIIYYI": 0.007507344141007509, "YIYZIZ": 0.0029376564030029473, "IYYIXX": 0.005875312806005877, "IIXZZX": -0.011750625612011754, "YXYYXY": 0.15863344576215863, "YZXYXZ": 0.0793167228810793, "XYYIXI": -1.0408340855860843e-17, "XIIXXX": -0.04406484604504406, "ZYIYZI": 0.02349613836614816, "ZYYYYZ": -0.052877815254052885, "ZYXYXZ": 0.05287781525405288, "XZXXZX": -0.026438907627026418, "IZZZIZ": 0.07344141007507343, "IXIXXX": -0.008812969209008818, "ZZZXZX": -0.052877815254052885, "ZXXYYZ": 0.02643890762702644, "IXXIXX": -0.0235012512240235, "YZIYZI": 0.00881296920900883, "XIIXII": 0.022195626156022198, "YYZXZX": -0.02643890762702644, "XXXIXI": -0.00293765640300293, "XYIXIY": -0.01175062561201176, "XZYXZY": 2.0816681711721685e-17, "YYIIZZ": 0.5904689370035903, "ZYZIYI": -0.005875312806005884, "ZIXIZX": 0.011750625612011758, "ZYIYIZ": -0.0029376564030029473, "XXZXZX": -0.052877815254052864, "ZYZYII": -0.017625938418017625, "IZZZZI": 0.03525187683603525, "XYYXII": 0.15569578935915568, "XXYIIY": -0.023501251224023488, "IIYYII": -0.5604395604395606, "IYIIYI": 0.003916875204003913, "ZXXYZY": 0.0, "ZZZZII": -0.608094875421608, "XIXIII": 0.027091720161027098, "IYZYIZ": -0.008812969209008814, "XXYYYY": -0.5287781525405287, "XZIXIZ": 0.008812969209008821, "YXZYZX": 0.07931672288107933, "IIXYXY": -0.8254814492438254, "XYXIIY": 0.014688282015014684, "YXIXIY": 0.020563594821020582, "XYXYZZ": 0.18507235338918507, "XYIYIX": -0.020563594821020555, "ZIIZZZ": 0.06462844086606463, "ZZYXYX": 0.44946142965944935, "ZXXXXZ": -6.938893903907228e-18, "XXYYZZ": -0.44936364625258346, "IIZXXZ": 0.0029376564030029473, "ZZZIZI": 0.32607986073332607, "IZYIYZ": 0.005875312806005867, "XYYXXX": -0.1586334457621586, "YXIXYI": 0.0029376564030029473, "XZXYZY": -0.05287781525405288, "YZYZXX": 0.0, "ZXZYYX": 0.0, "ZZIIII": -0.6208247198346208, "XYXXXY": 0.05287781525405288, "IIXYYX": -0.8166684800348165, "ZXZXXX": -0.026438907627026418, "YXIYXI": -0.00587531280600587, "ZXIZIX": 0.026438907627026442, "XZIIXZ": 0.005875312806005877, "IXIXYY": 0.04700250244804701, "IIIIZZ": 1.0004352083560006, "ZYYYZY": 0.0, "XYZYZX": -0.026438907627026418, "XYXZZY": 6.938893903907228e-18, "IYIXXY": -0.005875312806005867, "ZIZIYY": 0.0029376564030029334, "YXXXXY": -0.07931672288107931, "ZZIZZI": 0.31139157871831136, "YYIIXX": -0.2614514198672614, "ZXXZII": 0.0058740345915370435, "YZZIIY": -3.469446951953614e-18, "ZZXXXX": 0.3437057991513437, "IZYIZY": 0.005875312806005884, "XYXYII": 0.19682297900119683, "XXXXXX": -0.5287781525405287, "ZZZIIZ": 0.3172668915243173, "YZZYXX": -0.05287781525405287, "IXYYIX": 0.011748069183074073, "IYYIII": 0.010771406811010773, "XXYYII": -0.4728597846187317, "YZZXXY": 0.026438907627026418, "XXIYYI": 0.002937656403002961, "IYYYIY": 0.026438907627026435, "IIIIYY": 0.44032205418344034, "IZZYIY": -0.0029376564030029403, "IYXIXY": -0.01468828201501466, "YIXIXY": 1.214306433183765e-17, "ZZXIIX": -0.029376564030029372, "ZXIIXZ": -0.005874034591537035, "IZIZII": -0.11750625612011753, "XYYZZX": 0.0, "IZZXIX": -0.020563594821020555, "IZZIXX": 0.041127189642041116, "YIIYXX": -0.011750625612011744, "XZYZYX": 0.026438907627026446, "YIIYII": 0.0016320313350016366, "IZZIZZ": -0.11456859971711458, "XXZIZI": -0.4142095528234142, "XXXXII": 0.4817756500924817, "YYXYXY": -0.423022522032423, "XYXZYZ": 0.05287781525405286, "XXZIIZ": -0.4053965836144054, "ZZZYYZ": -0.05287781525405287, "IXXZZI": -0.04994015885104995, "IZZXXI": -6.938893903907228e-18, "ZXYYXZ": -0.10575563050810571, "IIYYZZ": -0.5699053421825698, "IYZIZY": 0.02643890762702644, "XZYZXY": -0.02643890762702644, "YYZYYZ": 6.938893903907228e-18, "YZXXYZ": 6.938893903907228e-18, "ZXIIZX": 0.002937017295768512, "ZXZIXI": -0.011750625612011753, "IZZYYI": -0.02643890762702643, "ZYXXZY": 2.0816681711721685e-17, "ZIZYYI": -0.005875312806005881, "IZIZYY": -0.03525187683603525, "YYYZZY": 6.938893903907228e-18, "ZZXXII": -0.31726689152431725, "IYYYYI": 0.014688282015014688, "XXIZIZ": -0.4142095528234142, "YYZXXZ": 0.05287781525405287, "ZIIIIZ": -0.033946251768033946, "XZXZYY": 2.0816681711721685e-17, "ZYZXYX": 0.026433155661916674, "IIIZIZ": -0.49646393210749656, "YIYIXX": -0.005875312806005874, "XIIZXZ": 0.008812969209008814, "IXXXIX": 0.01468828201501469, "ZXYXYZ": -0.05287781525405287, "ZIXXZI": -0.00293765640300293, "ZIZIII": 0.06723969100206725, "IIXZXZ": -0.029370172957685195, "YXIYIX": -0.014688282015014684, "IXIZXZ": 6.938893903907228e-18, "XYYZXZ": 0.05287781525405289, "YZZYZZ": -0.02643890762702644, "ZXXIZI": -0.020563594821020558, "ZXYYZX": 0.02643890762702646, "ZYXZXY": 0.0, "XIZXIZ": 0.026438907627026432, "XYZXYZ": -0.02643890762702644, "XIIIXI": 0.0006528125340006545, "IZIZZZ": -0.094005004896094, "ZYZZZY": 0.0, "YXZXZY": -0.026438907627026432, "IIYYXX": 0.6492220650636492, "XXXYXY": -0.6874115983026873, "YYYYII": -0.3231422043303231, "IYIIIY": -0.008160156675008159, "YIYYIY": -0.02056359482102058, "IIZZYY": 0.4523990860624524, "XZXZXX": -0.026438907627026432, "IIZZZZ": 0.9899902078119899, "XXZXXZ": 0.026438907627026425, "ZZIXIX": -0.02643890762702644, "YZXXZY": 0.026438907627026432, "IXIZZX": 0.02056359482102057, "YYIZZI": -0.2878903274942879, "XYZXZY": 0.0, "ZZIZIZ": 0.3172668915243172, "IYXYXI": 0.002937656403002936, "XIXYIY": -0.02643890762702643, "IXXYYI": 0.005875312806005884, "IZXXIZ": 0.005874034591537045, "IXIIIX": 0.008812969209008816, "ZYXZYX": 0.0, "IXYIYX": -0.026438907627026456, "ZXZZZX": -0.052877815254052864, "XXZZYY": 0.3965836144053965, "YXXXYX": -0.05286631132383335, "IIZZXX": -0.425960178435426, "ZXXZYY": 0.0, "YZZZZY": 0.05286631132383335, "YXXYXX": -0.05287781525405286, "IIYZZY": -0.026438907627026442, "IIIIII": 1.0, "YIZIYZ": 0.03525187683603525, "YYXIIX": -0.00587531280600587, "YYIYYI": -0.002937656403002923, "ZYIIZY": 0.00293765640300293, "IXIYYX": -0.005875312806005867, "YYXXXX": -0.3437057991513437, "IZIZXX": 0.049940158851049944, "IIIXIX": -0.004243281471004245, "YIIXYX": -0.04699227673229632, "XIIXYY": 0.02643890762702644, "YXYZZX": 0.0, "IYXXYI": 0.002937656403002944, "IIZZII": 0.9992385510714672, "IYXXIY": 0.0029376564030029395, "XIYIXY": -0.017625938418017628, "YZIIZY": 0.026438907627026435, "YIYYYI": -0.017625938418017635, "XIXZZI": -0.06169078446306171, "IZIYYZ": -0.00587531280600587, "YIYXIX": 0.017625938418017628, "XZZIIX": -0.011750625612011753, "ZXZIIX": -0.014688282015014688, "XIIXZZ": 0.03231422043303231, "YXXYZZ": 0.026438907627026473, "ZIIZYY": 0.03231422043303231,