{"YYIYIY": 0.02056359482102056, "XXYXXY": -0.6345337830486345, "YXYZXZ": -1.3877787807814457e-17, "ZZZZYY": -0.26438907627026437, "XXZZII": 0.7902295724077901, "ZYYZII": 0.005875312806005881, "YYZZZZ": 0.5287781525405287, "YZYZYY": 0.07931672288107931, "ZYZYZZ": -0.0793167228810793, "XXZYYZ": -0.02643890762702644, "XIZXZI": 0.026438907627026435, "XZZYXY": -0.026438907627026432, "YXXYII": -0.002937017295768514, "YYZZII": 0.5464040909585464, "IYYXXI": -0.011750625612011754, "XZXIZI": 0.026438907627026435, "ZYYXZX": 6.938893903907228e-18, "IXIXZZ": 0.023501251224023502, "YXZYXZ": -6.938893903907228e-18, "YIIZZY": 0.011750625612011744, "YXYXII": -0.032314220433032316, "XZZXXX": 0.026438907627026432, "YZZYYY": -0.05287781525405287, "YXYXZZ": 0.05287781525405289, "IYYZZI": -0.008812969209008814, "ZXXZXX": -0.0793167228810793, "ZIYZYI": -0.0029376564030029334, "XXYZYZ": 6.938893903907228e-18, "ZZYYZZ": 0.2908279838972908, "XIYXIY": -0.014688282015014688, "YYZZYY": 0.23789840095725007, "ZZYIYI": -0.005875312806005891, "IXXZIZ": -0.026438907627026435, "YYXXZZ": 0.26438907627026437, "IIXXYY": 0.6639103470786638, "XIYXYI": 0.03818953323903818, "ZZIXXI": -0.008812969209008816, "IIXXXX": -0.6433467522576433, "IZIXXZ": 0.02350125122402351, "XIYIYX": 0.005875312806005871, "ZXYXZY": 6.938893903907228e-18, "IYIYII": 0.0006528125340006501, "ZYYZYY": 0.05287781525405286, "ZZXIXI": 0.0029376564030029334, "ZXZYXY": 0.0, "YXYIIX": 0.02056359482102057, "YIZYZI": -0.005875312806005867, "YZZIYI": 0.03818953323903819, "YYIIII": 0.5627244043085627, "ZXZXYY": -0.02643890762702646, "IIIYYI": 0.0016320313350016349, "YIYZIZ": -0.017625938418017635, "IYYIXX": -0.035251876836035256, "IIXZZX": 0.014688282015014674, "YXYYXY": -0.02643890762702641, "YZXYXZ": 0.026438907627026446, "XYYIXI": 0.023501251224023502, "XIIXXX": 0.0029376564030029525, "ZYIYZI": 0.0029376564030029334, "ZYYYYZ": -0.02643890762702644, "ZYXYXZ": 1.3877787807814457e-17, "XZXXZX": -0.07931672288107931, "IZZZIZ": 0.017625938418017618, "IXIXXX": -0.03231422043303231, "ZZZXZX": 0.0, "ZXXYYZ": -0.02643890762702644, "IXXIXX": -0.03525187683603524, "YZIYZI": -0.002937656403002929, "XIIXII": 0.026112501360026116, "YYZXZX": 0.026438907627026453, "XXXIXI": 0.01468828201501469, "XYIXIY": -0.005875312806005867, "XZYXZY": -0.05287781525405286, "YYIIZZ": 0.5669676857795669, "ZYZIYI": -0.03231422043303231, "ZIXIZX": -0.020563594821020555, "ZYIYIZ": 0.011748069183074077, "XXZXZX": -0.026438907627026432, "ZYZYII": -0.047002502448047004, "IZZZZI": 0.049940158851049944, "XYYXII": 0.18801000979218802, "XXYIIY": -0.023501251224023485, "IIYYII": -0.5656620607115657, "IYIIYI": 0.001958437602001958, "ZXXYZY": -6.938893903907228e-18, "ZZZZII": -0.6404090958546403, "XIXIII": 0.02905015776302905, "IYZYIZ": 0.0058753128060058946, "XXYYYY": -0.6080948754216078, "XZIXIZ": 0.032314220433032316, "YXZYZX": 0.0, "IIXYXY": -0.8225437928408225, "XYXIIY": -0.02350125122402351, "YXIXIY": 1.3877787807814457e-17, "XYXYZZ": 0.18507235338918504, "XYIYIX": 0.0029376564030029473, "ZIIZZZ": 0.09694266129909694, "ZZYXYX": 0.5816559677945816, "ZXXXXZ": 0.026438907627026453, "XXYYZZ": -0.4494614296594494, "IIZXXZ": -1.3877787807814457e-17, "ZZZIZI": 0.30845392231530844, "IZYIYZ": -0.011750625612011747, "XYYXXX": -0.0793167228810793, "YXIXYI": -0.005875312806005881, "XZXYZY": 0.05287781525405288, "YZYZXX": -0.026438907627026418, "ZXZYYX": -0.05287781525405287, "ZZIIII": -0.6253944075726253, "XYXXXY": 0.0793167228810793, "IIXYYX": -0.8282388774067226, "ZXZXXX": 0.026438907627026432, "YXIYXI": 0.0029376564030029386, "ZXIZIX": -0.0029376564030029403, "XZIIXZ": 0.014688282015014691, "IXIXYY": 0.0029376564030029334, "IIIIZZ": 1.004678489827005, "ZYYYZY": 6.938893903907228e-18, "XYZYZX": -0.026438907627026432, "XYXZZY": -0.13219453813513218, "IYIXXY": -0.02937656403002938, "ZIZIYY": 0.014688282015014674, "YXXXXY": -0.07931672288107927, "ZZIZZI": 0.3143292351213143, "YYIIXX": -0.2467094528445557, "ZXXZII": -0.032314220433032316, "YZZIIY": -0.0029376564030029334, "ZZXXXX": 0.39658361440539663, "IZYIZY": -0.029376564030029386, "XYXYII": 0.1850723533891851, "XXXXXX": -0.5023392449135022, "ZZZIIZ": 0.329017517136329, "YZZYXX": -0.0793167228810793, "IXYYIX": 0.014688282015014688, "IYYIII": 0.000652812534000651, "XXYYII": -0.4582743988684582, "YZZXXY": 0.07931672288107931, "XXIYYI": -0.017625938418017625, "IYYYIY": 0.026438907627026446, "IIIIYY": 0.4399956479164401, "IZZYIY": 0.014688282015014681, "IYXIXY": -0.014688282015014695, "YIXIXY": -0.017625938418017625, "ZZXIIX": -0.011750625612011747, "ZXIIXZ": 0.014688282015014684, "IZIZII": -0.1011859427701012, "XYYZZX": 0.026438907627026432, "IZZXIX": -1.0408340855860843e-17, "IZZIXX": 0.038189533239038204, "YIIYXX": 0.020563594821020582, "XZYZYX": 0.13219453813513218, "YIIYII": -0.0013056250680013055, "IZZIZZ": -0.08517350157728709, "XXZIZI": -0.43183549124143183, "XXXXII": 0.46121205527146114, "YYXYXY": -0.5286631132383335, "XYXZYZ": -0.026438907627026418, "XXZIIZ": -0.3965836144053966, "ZZZYYZ": 0.02643890762702644, "IXXZZI": 0.008812969209008818, "IZZXXI": 0.0029376564030029455, "ZXYYXZ": 0.05287781525405287, "IIYYZZ": -0.5522794037645523, "IYZIZY": -0.04112718964204112, "XZYZXY": 0.02643890762702644, "YYZYYZ": -0.05287781525405285, "YZXXYZ": -0.026438907627026432, "ZXIIZX": 0.011750625612011747, "ZXZIXI": 0.008812969209008818, "IZZYYI": 0.0029376564030029265, "ZYXXZY": -0.05287781525405286, "ZIZYYI": 0.02056359482102057, "IZIZYY": -0.058753128060058765, "YYYZZY": -0.026438907627026425, "ZZXXII": -0.3348928299423349, "IYYYYI": -0.00881296920900881, "XXIZIZ": -0.40539658361440534, "YYZXXZ": -0.0793167228810793, "ZIIIIZ": -0.03264062670003264, "XZXZYY": -0.02643890762702644, "ZYZXYX": 0.02643890762702644, "IIIZIZ": -0.4990751822434991, "YIYIXX": 0.014688282015014683, "XIIZXZ": 0.01762593841801762, "IXXXIX": -0.014685086478842597, "ZXYXYZ": 0.052877815254052885, "ZIXXZI": -0.002937656403002944, "ZIZIII": 0.07637906647807638, "IIXZXZ": 0.005875312806005877, "YXIYIX": -0.00587531280600587, "IXIZXZ": 0.035251876836035256, "XYYZXZ": 0.0, "YZZYZZ": -0.10575563050810571, "ZXXIZI": -0.002937656403002937, "ZXYYZX": -0.02643890762702644, "ZYXZXY": 0.05287781525405287, "XIZXIZ": 0.01468828201501467, "XYZXYZ": -0.02643890762702644, "XIIIXI": -0.000979218801000977, "IZIZZZ": -0.12338156892612337, "ZYZZZY": -0.052877815254052864, "YXZXZY": -0.026438907627026446, "IIYYXX": 0.6462844086606462, "XXXYXY": -0.6609726906756609, "YYYYII": -0.33195517353933196, "IYIIIY": 0.0026112501360026127, "YIYYIY": 0.008812969209008821, "IIZZYY": 0.42596017843542594, "XZXZXX": 0.052877815254052864, "IIZZZZ": 0.9868378113782228, "XXZXXZ": -1.3877787807814457e-17, "ZZIXIX": 3.469446951953614e-18, "YZXXZY": -0.026438907627026418, "IXIZZX": 0.014688282015014691, "YYIZZI": -0.29376564030029373, "XYZXZY": -0.052877815254052885, "ZZIZIZ": 0.3055162659123055, "IYXYXI": 3.469446951953614e-18, "XIXYIY": 0.029376564030029383, "IXXYYI": 0.011750625612011754, "IZXXIZ": 0.03525187683603524, "IXIIIX": -0.01077140681101077, "ZYXZYX": -0.026438907627026432, "IXYIYX": -0.011750625612011754, "ZXZZZX": -0.026438907627026446, "XXZZYY": 0.3437057991513437, "YXXXYX": -0.07931672288107931, "IIZZXX": -0.42889783483842886, "ZXXZYY": 0.05287781525405287, "YZZZZY": 0.05287781525405285, "YXXYXX": 0.02643890762702644, "IIYZZY": 0.02643890762702643, "IIIIII": 1.0, "YIZIYZ": -0.029376564030029376, "YYXIIX": 0.0029376564030029317, "YYIYYI": 3.469446951953614e-18, "ZYIIZY": -0.011750625612011758, "IXIYYX": -0.011750625612011751, "YYXXXX": -0.3965836144053966, "IZIZXX": 0.02056359482102057, "IIIXIX": -0.003916875204003915, "YIIXYX": 0.0029376564030029265, "XIIXYY": 0.04112718964204112, "YXYZZX": -0.026438907627026446, "IYXXYI": -0.026438907627026435, "IIZZII": 0.9981503644869981, "IYXXIY": 4.336808689942018e-18, "XIYIXY": -0.020563594821020565, "YZIIZY": 0.011750625612011747, "YIYYYI": 0.023501251224023512, "XIXZZI": -0.005875312806005877, "IZIYYZ": 0.023501251224023516,