{"YYIYIY": 0.005875312806005875, "XXYXXY": -0.6609726906756608, "YXYZXZ": 0.0793167228810793, "ZZZZYY": -0.3172668915243172, "XXZZII": 0.8372320748558371, "ZYYZII": 0.005875312806005874, "YYZZZZ": 0.6080948754216078, "YZYZYY": 0.026433155661916674, "ZYZYZZ": 0.026438907627026432, "XXZYYZ": -0.05287781525405286, "XIZXZI": 0.014688282015014688, "XZZYXY": 0.05287781525405288, "YXXYII": -0.01762210377461112, "YYZZII": 0.5757806549885758, "IYYXXI": -6.938893903907228e-18, "XZXIZI": -0.002937656403002944, "ZYYXZX": 0.026438907627026432, "IXIXZZ": 0.035251876836035236, "YXZYXZ": -0.026438907627026432, "YIIZZY": -6.938893903907228e-18, "YXYXII": -0.026438907627026442, "XZZXXX": -0.0793167228810793, "YZZYYY": 0.05287781525405287, "YXYXZZ": -0.05287781525405287, "IYYZZI": -0.014688282015014677, "ZXXZXX": 0.026438907627026425, "ZIYZYI": -0.005875312806005882, "XXYZYZ": -0.052877815254052885, "ZZYYZZ": 0.4229304905906668, "XIYXIY": -0.002937656403002935, "YYZZYY": 0.23795016864323792, "ZZYIYI": 0.02643890762702645, "IXXZIZ": 0.008812969209008809, "YYXXZZ": 0.37014470677837014, "IIXXYY": 0.6374714394516374, "XIYXYI": -0.008812969209008824, "ZZIXXI": 0.005875312806005867, "IIXXXX": -0.6404090958546403, "IZIXXZ": 0.00881296920900882, "XIYIYX": 0.0029376564030029473, "ZXYXZY": 0.05286631132383335, "IYIYII": 0.009465781743009459, "ZYYZYY": -0.05287781525405286, "ZZXIXI": 0.0029376564030029403, "ZXZYXY": -6.938893903907228e-18, "YXYIIX": 0.0, "YIZYZI": 0.026438907627026442, "YZZIYI": -0.020563594821020565, "YYIIII": 0.5682733108475684, "ZXZXYY": -0.05287781525405286, "IIIYYI": -0.004569687738004568, "YIYZIZ": 0.0029376564030029403, "IYYIXX": -0.011750625612011737, "IIXZZX": -0.011750625612011751, "YXYYXY": 0.10575563050810574, "YZXYXZ": -0.026438907627026404, "XYYIXI": -0.002937656403002937, "XIIXXX": -0.0323142204330323, "ZYIYZI": -0.014688282015014677, "ZYYYYZ": 0.026438907627026432, "ZYXYXZ": -1.3877787807814457e-17, "XZXXZX": 0.0, "IZZZIZ": 0.05287781525405287, "IXIXXX": -0.04112718964204112, "ZZZXZX": 0.0793167228810793, "ZXXYYZ": -0.026438907627026432, "IXXIXX": -0.005875312806005884, "YZIYZI": 0.020563594821020555, "XIIXII": 0.022522032423022524, "YYZXZX": -0.1057326226476667, "XXXIXI": 0.052877815254052885, "XYIXIY": 0.011750625612011747, "XZYXZY": -6.938893903907228e-18, "YYIIZZ": 0.5845936241975845, "ZYZIYI": -0.008812969209008818, "ZIXIZX": -0.017625938418017628, "ZYIYIZ": -0.0029376564030029334, "XXZXZX": 0.05287781525405288, "ZYZYII": -0.0029376564030029403, "IZZZZI": 0.05875312806005874, "XYYXII": 0.18507235338918504, "XXYIIY": 6.938893903907228e-18, "IIYYII": -0.5542378413665543, "IYIIYI": 0.005548906539005546, "ZXXYZY": -0.0528778152540529, "ZZZZII": -0.6198455010336198, "XIXIII": 0.029370172957685195, "IYZYIZ": -0.00587531280600586, "XXYYYY": -0.5816559677945816, "XZIXIZ": 0.0029376564030029343, "YXZYZX": -0.026433155661916674, "IIXYXY": -0.8223648428151856, "XYXIIY": 0.0, "YXIXIY": 0.0235012512240235, "XYXYZZ": 0.1321945381351321, "XYIYIX": 0.011750625612011744, "ZIIZZZ": 0.08225437928408225, "ZZYXYX": 0.5287781525405287, "ZXXXXZ": 0.026438907627026432, "XXYYZZ": -0.4494614296594494, "IIZXXZ": -0.014688282015014683, "ZZZIZI": 0.2996409531062996, "IZYIYZ": 0.011750625612011761, "XYYXXX": -0.13219453813513218, "YXIXYI": 0.005875312806005874, "XZXYZY": 0.026438907627026418, "YZYZXX": 0.0793167228810793, "ZXZYYX": -0.07931672288107927, "ZZIIII": -0.6276792514416277, "XYXXXY": 0.0, "IIXYYX": -0.8401697312588401, "ZXZXXX": 0.026438907627026418, "YXIYXI": -0.014688282015014686, "ZXIZIX": 0.008812969209008807, "XZIIXZ": 0.005875312806005881, "IXIXYY": 0.04700250244804699, "IIIIZZ": 0.9961919268849962, "ZYYYZY": 0.026438907627026432, "XYZYZX": -0.05287781525405288, "XYXZZY": -0.07931672288107931, "IYIXXY": 0.01174806918307408, "ZIZIYY": -0.0029376564030029403, "YXXXXY": -0.026438907627026432, "ZZIZZI": 0.3319551735393319, "YYIIXX": -0.25557610706125555, "ZXXZII": -0.01175062561201174, "YZZIIY": 0.005875312806005877, "ZZXXXX": 0.3701447067783702, "IZYIZY": -0.0029376564030029334, "XYXYII": 0.16157110216516152, "XXXXXX": -0.555217060167555, "ZZZIIZ": 0.329017517136329, "YZZYXX": -2.0816681711721685e-17, "IXYYIX": -0.008812969209008824, "IYYIII": 0.012403438146012403, "XXYYII": -0.47590033728647585, "YZZXXY": -6.938893903907228e-18, "XXIYYI": 0.005875312806005884, "IYYYIY": 3.469446951953614e-18, "IIIIYY": 0.4520726797954521, "IZZYIY": 0.026438907627026442, "IYXIXY": 0.011750625612011747, "YIXIXY": 0.02056359482102056, "ZZXIIX": 0.008812969209008835, "ZXIIXZ": -0.005874034591537035, "IZIZII": -0.11195734958111196, "XYYZZX": 0.02643890762702644, "IZZXIX": 0.008812969209008821, "IZZIXX": 0.04992929402806484, "YIIYXX": 0.00881296920900881, "XZYZYX": -0.0793167228810793, "YIIYII": 0.003916875204003911, "IZZIZZ": -0.09694266129909695, "XXZIZI": -0.38474926574567614, "XXXXII": 0.4935262757044935, "YYXYXY": -0.5287781525405287, "XYXZYZ": -0.026438907627026432, "XXZIIZ": -0.34958111195734953, "ZZZYYZ": -0.13219453813513216, "IXXZZI": 0.023501251224023505, "IZZXXI": -0.03231422043303231, "ZXYYXZ": -6.938893903907228e-18, "IIYYZZ": -0.5757806549885758, "IYZIZY": -0.014688282015014688, "XZYZXY": -0.026438907627026446, "YYZYYZ": -0.07931672288107929, "YZXXYZ": 0.026438907627026432, "ZXIIZX": 0.0029376564030029403, "ZXZIXI": -0.008812969209008809, "IZZYYI": -0.005875312806005873, "ZYXXZY": 0.1057326226476667, "ZIZYYI": 0.002937656403002944, "IZIZYY": -0.07344141007507345, "YYYZZY": -2.7755575615628914e-17, "ZZXXII": -0.3407681427483408, "IYYYYI": 0.002937656403002944, "XXIZIZ": -0.40539658361440534, "YYZXXZ": -0.05286631132383335, "ZIIIIZ": -0.03264062670003265, "XZXZYY": -0.026438907627026432, "ZYZXYX": -0.07931672288107931, "IIIZIZ": -0.5000544010445002, "YIYIXX": 0.008812969209008807, "XIIZXZ": -0.035244207549222244, "IXXXIX": 0.008812969209008804, "ZXYXYZ": 0.07931672288107931, "ZIXXZI": -0.00293765640300293, "ZIZIII": 0.05385703405505386, "IIXZXZ": -0.0235012512240235, "YXIYIX": -0.005875312806005867, "IXIZXZ": -0.005875312806005888, "XYYZXZ": 0.0, "YZZYZZ": -6.938893903907228e-18, "ZXXIZI": -0.005875312806005874, "ZXYYZX": -0.13219453813513218, "ZYXZXY": 0.10575563050810576, "XIZXIZ": -0.0029376564030029317, "XYZXYZ": 0.07931672288107931, "XIIIXI": -0.00456968773800457, "IZIZZZ": -0.10869328691110866, "ZYZZZY": -0.052877815254052885, "YXZXZY": -0.05287781525405287, "IIYYXX": 0.6727233162876727, "XXXYXY": -0.7138505059297136, "YYYYII": -0.2996409531062996, "IYIIIY": -0.0019584376020019573, "YIYYIY": 0.008812969209008816, "IIZZYY": 0.4435861168534435, "XZXZXX": 0.052877815254052885, "IIZZZZ": 0.9988031770209986, "XXZXXZ": -0.0793167228810793, "ZZIXIX": 0.032314220433032295, "YZXXZY": -0.026438907627026418, "IXIZZX": 0.005875312806005881, "YYIZZI": -0.26145141986726145, "XYZXZY": 0.052877815254052885, "ZZIZIZ": 0.31139157871831136, "IYXYXI": -0.011750625612011747, "XIXYIY": 0.0029376564030029395, "IXXYYI": -0.0029370172957685174, "IZXXIZ": 0.008812969209008804, "IXIIIX": -0.008486562942008492, "ZYXZYX": -0.13219453813513218, "IXYIYX": -0.0323142204330323, "ZXZZZX": -0.026438907627026418, "XXZZYY": 0.3437057991513437, "YXXXYX": -0.13219453813513218, "IIZZXX": -0.41999347329489833, "ZXXZYY": -0.05287781525405287, "YZZZZY": 0.02643890762702644, "YXXYXX": -0.05287781525405287, "IIYZZY": 0.00587531280600587, "IIIIII": 1.0, "YIZIYZ": 0.0, "YYXIIX": 6.938893903907228e-18, "YYIYYI": -0.005875312806005863, "ZYIIZY": -0.029376564030029372, "IXIYYX": -0.02643890762702644, "YYXXXX": -0.34370579915134375, "IZIZXX": 0.07931672288107931, "IIIXIX": 0.0016320313350016366, "YIIXYX": -0.02056359482102056, "XIIXYY": 0.005875312806005877, "YXYZZX": -0.05287781525405288, "IYXXYI": -0.020563594821020558, "IIZZII": 0.9991295832879992, "IYXXIY": -0.02937656403002937, "XIYIXY": 1.0408340855860843e-17, "YZIIZY": -0.011750625612011754, "YIYYYI": 0.0029376564030029195, "XIXZZI": 0.03818953323903818, "IZIYYZ": 0.008812969209008807, "YIYXIX": -0.038189533239038176, "XZZIIX": -6.938893903907228e-18,