{"YYIYIY": -0.023501251224023505, "XXYXXY": -0.6609726906756608, "YXYZXZ": 0.05287781525405288, "ZZZZYY": -0.37014470677837014, "XXZZII": 0.8137308236318137, "ZYYZII": -0.011750625612011758, "YYZZZZ": 0.5287781525405287, "YZYZYY": -0.05287781525405286, "ZYZYZZ": -0.026438907627026425, "XXZYYZ": -6.938893903907228e-18, "XIZXZI": -6.938893903907228e-18, "XZZYXY": -0.052877815254052885, "YXXYII": -0.055815471657055804, "YYZZII": 0.5493417473615494, "IYYXXI": 0.020563594821020558, "XZXIZI": 0.02056359482102057, "ZYYXZX": 0.0, "IXIXZZ": 0.005875312806005874, "YXZYXZ": 0.13219453813513218, "YIIZZY": 0.0029376564030029334, "YXYXII": -0.023501251224023495, "XZZXXX": 0.0793167228810793, "YZZYYY": -0.026438907627026432, "YXYXZZ": -0.026438907627026425, "IYYZZI": -0.02056359482102056, "ZXXZXX": 0.0793167228810793, "ZIYZYI": 1.0408340855860843e-17, "XXYZYZ": -0.10575563050810576, "ZZYYZZ": 0.37014470677837014, "XIYXIY": -0.011750625612011747, "YYZZYY": 0.26438907627026437, "ZZYIYI": -0.0088129692090088, "IXXZIZ": -0.02056359482102056, "YYXXZZ": 0.21151126101621148, "IIXXYY": 0.6433467522576434, "XIYXYI": 0.005875312806005874, "ZZIXXI": 0.014688282015014681, "IIXXXX": -0.660972690675661, "IZIXXZ": 0.00587531280600587, "XIYIYX": -0.011750625612011753, "ZXYXZY": 6.938893903907228e-18, "IYIYII": 0.011097813078011094, "ZYYZYY": -0.05287781525405286, "ZZXIXI": -0.017622103774611122, "ZXZYXY": 0.05287781525405287, "YXYIIX": -0.017625938418017625, "YIZYZI": 0.029376564030029386, "YZZIYI": 0.023501251224023502, "YYIIII": 0.5594603416385595, "ZXZXYY": -0.0793167228810793, "IIIYYI": 0.0013056250680013037, "YIYZIZ": -0.002937656403002937, "IYYIXX": -0.00587531280600587, "IIXZZX": 0.017625938418017604, "YXYYXY": 0.1321945381351322, "YZXYXZ": 0.026438907627026446, "XYYIXI": -0.002937017295768512, "XIIXXX": 0.005875312806005879, "ZYIYZI": -6.938893903907228e-18, "ZYYYYZ": 0.0, "ZYXYXZ": 0.0, "XZXXZX": -0.052877815254052885, "IZZZIZ": 0.0705037536720705, "IXIXXX": -0.011750625612011747, "ZZZXZX": 0.05287781525405288, "ZXXYYZ": -0.052877815254052885, "IXXIXX": -0.02056359482102056, "YZIYZI": 0.002937656403002944, "XIIXII": 0.013709063214013705, "YYZXZX": 0.026438907627026432, "XXXIXI": -0.008812969209008821, "XYIXIY": -0.005875312806005863, "XZYXZY": -0.07931672288107931, "YYIIZZ": 0.5317158089435317, "ZYZIYI": -0.0235012512240235, "ZIXIZX": -0.011750625612011737, "ZYIYIZ": 0.0029376564030029403, "XXZXZX": 0.0, "ZYZYII": 0.0029376564030029317, "IZZZZI": 0.07636244968998152, "XYYXII": 0.1703840713741704, "XXYIIY": -6.938893903907228e-18, "IIYYII": -0.553911435099554, "IYIIYI": 0.00816015667500816, "ZXXYZY": 0.0793167228810793, "ZZZZII": -0.6227831574366227, "XIXIII": 0.022848438690022843, "IYZYIZ": -0.014688282015014691, "XXYYYY": -0.5287781525405287, "XZIXIZ": 0.011750625612011747, "YXZYZX": 0.07931672288107933, "IIXYXY": -0.7902295724077901, "XYXIIY": 0.008812969209008814, "YXIXIY": 0.02937656403002939, "XYXYZZ": 0.10575563050810577, "XYIYIX": 0.029376564030029376, "ZIIZZZ": 0.07931672288107933, "ZZYXYX": 0.4759003372864758, "ZXXXXZ": -0.026438907627026425, "XXYYZZ": -0.5023392449135022, "IIZXXZ": -0.017625938418017604, "ZZZIZI": 0.3202045479273202, "IZYIYZ": 6.938893903907228e-18, "XYYXXX": -0.07931672288107931, "YXIXYI": 0.008812969209008804, "XZXYZY": 0.02643890762702644, "YZYZXX": -0.07931672288107931, "ZXZYYX": -0.026433155661916674, "ZZIIII": -0.6231095637036231, "XYXXXY": 0.026438907627026418, "IIXYYX": -0.8107931672288108, "ZXZXXX": -0.10575563050810573, "YXIYXI": 0.005875312806005867, "ZXIZIX": 0.014688282015014688, "XZIIXZ": 0.04112718964204112, "IXIXYY": -0.020563594821020558, "IIIIZZ": 1.0017408334240019, "ZYYYZY": 0.026438907627026432, "XYZYZX": -0.026438907627026432, "XYXZZY": -0.07931672288107933, "IYIXXY": 0.00293765640300293, "ZIZIYY": 0.02056359482102056, "YXXXXY": -0.026438907627026432, "ZZIZZI": 0.31432923512131433, "YYIIXX": -0.26438907627026437, "ZXXZII": -0.03818953323903818, "YZZIIY": 0.02056359482102055, "ZZXXXX": 0.42302252203242297, "IZYIZY": 0.0, "XYXYII": 0.20269829180720272, "XXXXXX": -0.5552170601675551, "ZZZIIZ": 0.30551626591230546, "YZZYXX": 0.0, "IXYYIX": 0.0029376564030029473, "IYYIII": 0.00881296920900881, "XXYYII": -0.4582743988684582, "YZZXXY": 0.026438907627026432, "XXIYYI": 0.002937656403002937, "IYYYIY": -0.01762210377461112, "IIIIYY": 0.4298770536394299, "IZZYIY": -0.01762593841801762, "IYXIXY": -0.005875312806005886, "YIXIXY": -0.011748069183074077, "ZZXIIX": -0.008812969209008797, "ZXIIXZ": -0.0088129692090088, "IZIZII": -0.10118594277010119, "XYYZZX": -0.05287781525405288, "IZZXIX": -3.469446951953614e-18, "IZZIXX": 0.055815471657055825, "YIIYXX": -0.008812969209008818, "XZYZYX": 1.3877787807814457e-17, "YIIYII": 0.0029376564030029403, "IZZIZZ": -0.1175062561201175, "XXZIZI": -0.40833424001740826, "XXXXII": 0.48765096289848764, "YYXYXY": -0.4494614296594494, "XYXZYZ": -0.026438907627026446, "XXZIIZ": -0.4024589272114025, "ZZZYYZ": -0.026438907627026432, "IXXZZI": -0.0381895332390382, "IZZXXI": 6.938893903907228e-18, "ZXYYXZ": 0.07931672288107931, "IIYYZZ": -0.5552170601675552, "IYZIZY": -0.011750625612011751, "XZYZXY": 0.026438907627026432, "YYZYYZ": 0.0, "YZXXYZ": 0.0, "ZXIIZX": -3.469446951953614e-18, "ZXZIXI": 3.469446951953614e-18, "IZZYYI": 0.026438907627026453, "ZYXXZY": 0.05287781525405286, "ZIZYYI": 6.938893903907228e-18, "IZIZYY": -0.07637906647807638, "YYYZZY": -0.02643890762702644, "ZZXXII": -0.3437057991513437, "IYYYYI": 0.0058753128060058755, "XXIZIZ": -0.42008486562942005, "YYZXXZ": -2.0816681711721685e-17, "ZIIIIZ": -0.04178000217604179, "XZXZYY": 0.0793167228810793, "ZYZXYX": 0.02643890762702644, "IIIZIZ": -0.503971276248504, "YIYIXX": -0.008812969209008821, "XIIZXZ": 0.011748069183074077, "IXXXIX": 0.023501251224023502, "ZXYXYZ": -0.026438907627026446, "ZIXXZI": 0.03231422043303232, "ZIZIII": 0.06528125340006528, "IIXZXZ": 0.008812969209008804, "YXIYIX": -0.008812969209008807, "IXIZXZ": 0.014688282015014695, "XYYZXZ": 0.026438907627026432, "YZZYZZ": 0.026438907627026418, "ZXXIZI": 0.005875312806005877, "ZXYYZX": 0.026438907627026418, "ZYXZXY": -1.3877787807814457e-17, "XIZXIZ": 0.005875312806005867, "XYZXYZ": -0.10575563050810574, "XIIIXI": 0.008812969209008812, "IZIZZZ": -0.09988031770209987, "ZYZZZY": -0.02643890762702641, "YXZXZY": -2.0816681711721685e-17, "IIYYXX": 0.6697856598846696, "XXXYXY": -0.6874115983026874, "YYYYII": -0.31139157871831136, "IYIIIY": -0.0035904689370035905, "YIYYIY": 0.002937656403002944, "IIZZYY": 0.4612120552714612, "XZXZXX": 0.026438907627026432, "IIZZZZ": 0.9958655206179957, "XXZXXZ": -0.05287781525405287, "ZZIXIX": -0.020563594821020572, "YZXXZY": 0.026433155661916674, "IXIZZX": 0.014688282015014688, "YYIZZI": -0.2497007942552497, "XYZXZY": 2.7755575615628914e-17, "ZZIZIZ": 0.32314220433032315, "IYXYXI": 0.0029376564030029403, "XIXYIY": -2.6020852139652106e-18, "IXXYYI": -0.01175062561201174, "IZXXIZ": 0.002937656403002937, "IXIIIX": -0.0022848438690022824, "ZYXZYX": -0.10575563050810576, "IXYIYX": -0.011750625612011761, "ZXZZZX": -0.05287781525405286, "XXZZYY": 0.31726689152431725, "YXXXYX": -0.1057326226476667, "IIZZXX": -0.44652377325644643, "ZXXZYY": 0.026438907627026432, "YZZZZY": -0.02643890762702644, "YXXYXX": 0.05287781525405283, "IIYZZY": 0.005875312806005881, "IIIIII": 1.0, "YIZIYZ": 0.058753128060058744, "YYXIIX": 0.0, "YYIYYI": -0.005875312806005881, "ZYIIZY": 0.0029376564030029473, "IXIYYX": -0.008812969209008821, "YYXXXX": -0.31726689152431725, "IZIZXX": 0.05581547165705581, "IIIXIX": 0.003590468937003594, "YIIXYX": 6.938893903907228e-18, "XIIXYY": 0.008812969209008814, "YXYZZX": 0.10575563050810574, "IYXXYI": -0.0029376564030029542, "IIZZII": 0.9965183331519966, "IYXXIY": 0.005874034591537031, "XIYIXY": -0.011750625612011763, "YZIIZY": 0.0088129692090088, "YIYYYI": -0.014688282015014691, "XIXZZI": -0.02350125122402351, "IZIYYZ": 0.0029376564030029508, "YIYXIX": -0.008812969209008814, "XZZIIX": 0.02643890762702644, "ZXZIIX": -0.01762210377461112,