{"YYIYIY": 0.005875312806005884, "XXYXXY": -0.7138505059297138, "YXYZXZ": 0.05287781525405288, "ZZZZYY": -0.3437057991513437, "XXZZII": 0.799042541616799, "ZYYZII": -0.014688282015014691, "YYZZZZ": 0.6345337830486345, "YZYZYY": 0.026438907627026425, "ZYZYZZ": 0.05287781525405288, "XXZYYZ": -0.07931672288107931, "XIZXZI": -0.014688282015014691, "XZZYXY": 0.0793167228810793, "YXXYII": -0.020563594821020555, "YYZZII": 0.5699053421825698, "IYYXXI": -0.005874034591537035, "XZXIZI": 0.011750625612011751, "ZYYXZX": 0.02643890762702644, "IXIXZZ": 0.008812969209008818, "YXZYXZ": -0.07931672288107927, "YIIZZY": 0.014688282015014681, "YXYXII": -0.0029376564030029473, "XZZXXX": -0.0793167228810793, "YZZYYY": 6.938893903907228e-18, "YXYXZZ": 0.05286631132383335, "IYYZZI": 0.014688282015014674, "ZXXZXX": -0.13219453813513218, "ZIYZYI": -0.02643890762702645, "XXYZYZ": 0.07931672288107933, "ZZYYZZ": 0.31726689152431725, "XIYXIY": -0.014688282015014697, "YYZZYY": 0.15863344576215865, "ZZYIYI": -0.011750625612011761, "IXXZIZ": -0.038189533239038176, "YYXXZZ": 0.31726689152431725, "IIXXYY": 0.6462844086606463, "XIYXYI": 0.00587531280600586, "ZZIXXI": 0.0029376564030029195, "IIXXXX": -0.6637659088436855, "IZIXXZ": 0.04112718964204113, "XIYIYX": 0.0029376564030029386, "ZXYXZY": 0.026438907627026432, "IYIYII": 0.010445000544010445, "ZYYZYY": -0.07931672288107931, "ZZXIXI": -0.008812969209008818, "ZXZYXY": -0.026438907627026425, "YXYIIX": -0.0029376564030029403, "YIZYZI": 0.011750625612011747, "YZZIYI": -0.017622103774611125, "YYIIII": 0.5584811228375586, "ZXZXYY": 6.938893903907228e-18, "IIIYYI": 0.0019580115305123467, "YIYZIZ": 0.008812969209008812, "IYYIXX": -0.017625938418017628, "IIXZZX": -0.014688282015014688, "YXYYXY": 0.026438907627026446, "YZXYXZ": -0.026438907627026473, "XYYIXI": -3.469446951953614e-18, "XIIXXX": -0.05287781525405288, "ZYIYZI": -0.014688282015014688, "ZYYYYZ": 0.0, "ZYXYXZ": -0.05287781525405286, "XZXXZX": -0.05287781525405287, "IZZZIZ": 0.02643890762702644, "IXIXXX": -0.03525187683603525, "ZZZXZX": 0.02643890762702644, "ZXXYYZ": 6.938893903907228e-18, "IXXIXX": -0.0235012512240235, "YZIYZI": 6.938893903907228e-18, "XIIXII": 0.02578609509302579, "YYZXZX": 0.05287781525405287, "XXXIXI": 0.01175062561201174, "XYIXIY": -0.0029376564030029473, "XZYXZY": 0.0, "YYIIZZ": 0.5699053421825699, "ZYZIYI": 0.011750625612011747, "ZIXIZX": 0.008812969209008807, "ZYIYIZ": -0.014688282015014688, "XXZXZX": -1.3877787807814457e-17, "ZYZYII": -0.005875312806005877, "IZZZZI": 0.04700250244804701, "XYYXII": 0.17038407137417036, "XXYIIY": 0.017625938418017628, "IIYYII": -0.5460776846915462, "IYIIYI": -0.0019584376020019556, "ZXXYZY": 0.02643890762702644, "ZZZZII": -0.6198455010336198, "XIXIII": 0.027418126428027417, "IYZYIZ": 0.008812969209008814, "XXYYYY": -0.5552170601675551, "XZIXIZ": 0.014688282015014681, "YXZYZX": 1.3877787807814457e-17, "IIXYXY": -0.8225437928408225, "XYXIIY": -0.029376564030029376, "YXIXIY": 0.011750625612011751, "XYXYZZ": 0.15863344576215863, "XYIYIX": 0.02056359482102056, "ZIIZZZ": 0.04700250244804699, "ZZYXYX": 0.3965836144053966, "ZXXXXZ": -0.026438907627026446, "XXYYZZ": -0.3437057991513437, "IIZXXZ": -0.005875312806005874, "ZZZIZI": 0.3378304863453378, "IZYIYZ": 0.0, "XYYXXX": -0.13219453813513218, "YXIXYI": 0.02056359482102056, "XZXYZY": 6.938893903907228e-18, "YZYZXX": 6.938893903907228e-18, "ZXZYYX": -6.938893903907228e-18, "ZZIIII": -0.6146230007616147, "XYXXXY": 0.0, "IIXYYX": -0.8196061364378195, "ZXZXXX": 0.07931672288107929, "YXIYXI": 0.008812969209008807, "ZXIZIX": -0.0029376564030029334, "XZIIXZ": 0.014688282015014691, "IXIXYY": 0.03231422043303231, "IIIIZZ": 1.0023936459580025, "ZYYYZY": 0.10575563050810576, "XYZYZX": 0.05287781525405286, "XYXZZY": 0.02643890762702644, "IYIXXY": -0.017625938418017625, "ZIZIYY": 0.023501251224023488, "YXXXXY": -0.05287781525405287, "ZZIZZI": 0.28495267109128497, "YYIIXX": -0.25263845065825263, "ZXXZII": 0.011750625612011751, "YZZIIY": -0.03524420754922224, "ZZXXXX": 0.3965836144053966, "IZYIZY": -0.014688282015014681, "XYXYII": 0.16744641497116747, "XXXXXX": -0.5552170601675551, "ZZZIIZ": 0.31139157871831136, "YZZYXX": -6.938893903907228e-18, "IXYYIX": -0.017622103774611132, "IYYIII": 0.007180937874007181, "XXYYII": -0.4582743988684582, "YZZXXY": 0.0, "XXIYYI": 1.5612511283791264e-17, "IYYYIY": -0.005875312806005874, "IIIIYY": 0.442933304319443, "IZZYIY": -0.014688282015014698, "IYXIXY": -0.00587531280600586, "YIXIXY": -0.008812969209008818, "ZZXIIX": 0.017625938418017625, "ZXIIXZ": -0.005874034591537038, "IZIZII": -0.10475361688241053, "XYYZZX": -2.0816681711721685e-17, "IZZXIX": 0.011750625612011761, "IZZIXX": 0.04994015885104994, "YIIYXX": 0.002937656403002937, "XZYZYX": -0.026438907627026418, "YIIYII": 0.0029376564030029386, "IZZIZZ": -0.11456859971711456, "XXZIZI": -0.42302252203242297, "XXXXII": 0.4817756500924818, "YYXYXY": -0.5023392449135022, "XYXZYZ": -0.05287781525405287, "XXZIIZ": -0.4171472092264171, "ZZZYYZ": -0.026438907627026418, "IXXZZI": -0.008812969209008821, "IZZXXI": -0.005875312806005877, "ZXYYXZ": -0.026438907627026446, "IIYYZZ": -0.5493417473615493, "IYZIZY": 0.002937656403002944, "XZYZXY": -0.05287781525405286, "YYZYYZ": 0.07931672288107931, "YZXXYZ": 0.052877815254052885, "ZXIIZX": 0.014688282015014695, "ZXZIXI": 0.014688282015014698, "IZZYYI": -0.0235012512240235, "ZYXXZY": 0.026438907627026432, "ZIZYYI": -0.011750625612011751, "IZIZYY": -0.06462844086606462, "YYYZZY": 0.052877815254052885, "ZZXXII": -0.3554564247633554, "IYYYYI": 0.0029376564030029403, "XXIZIZ": -0.4024589272114024, "YYZXXZ": -0.07931672288107931, "ZIIIIZ": -0.036875883824649194, "XZXZYY": -0.0793167228810793, "ZYZXYX": -0.026438907627026446, "IIIZIZ": -0.5013600261125014, "YIYIXX": -0.011750625612011753, "XIIZXZ": 9.540979117872439e-18, "IXXXIX": -0.008812969209008814, "ZXYXYZ": -0.026438907627026432, "ZIXXZI": 0.005875312806005877, "ZIZIII": 0.06985094113806986, "IIXZXZ": -0.0381895332390382, "YXIYIX": 0.01762593841801762, "IXIZXZ": 0.008811051887305556, "XYYZXZ": 0.02643890762702644, "YZZYZZ": -0.026438907627026446, "ZXXIZI": -0.002937656403002942, "ZXYYZX": 0.026433155661916674, "ZYXZXY": 6.938893903907228e-18, "XIZXIZ": 0.008812969209008814, "XYZXYZ": 0.026438907627026446, "XIIIXI": 0.0035896878059392973, "IZIZZZ": -0.11163094331411164, "ZYZZZY": 0.0, "YXZXZY": 0.05287781525405288, "IIYYXX": 0.6521597214666521, "XXXYXY": -0.6080948754216079, "YYYYII": -0.31139157871831136, "IYIIIY": 0.0026112501360026075, "YIYYIY": 0.023501251224023495, "IIZZYY": 0.47590033728647585, "XZXZXX": 0.026438907627026446, "IIZZZZ": 1.0191450016316765, "XXZXXZ": 0.0, "ZZIXIX": -0.017625938418017635, "YZXXZY": 0.026438907627026432, "IXIZZX": -0.011750625612011751, "YYIZZI": -0.2996409531062997, "XYZXZY": -0.05287781525405287, "ZZIZIZ": 0.29376564030029373, "IYXYXI": -0.014688282015014688, "XIXYIY": -0.014688282015014677, "IXXYYI": -0.005875312806005874, "IZXXIZ": -0.0029376564030029334, "IXIIIX": 0.006528125340006524, "ZYXZYX": -6.938893903907228e-18, "IXYIYX": -0.017625938418017628, "ZXZZZX": 0.026438907627026446, "XXZZYY": 0.31726689152431725, "YXXXYX": -0.05287781525405287, "IIZZXX": -0.43477314764443475, "ZXXZYY": 6.938893903907228e-18, "YZZZZY": -0.05287781525405286, "YXXYXX": 0.05287781525405286, "IIYZZY": -1.734723475976807e-18, "IIIIII": 1.0, "YIZIYZ": 0.03818953323903819, "YYXIIX": 0.014688282015014681, "YYIYYI": 0.014688282015014702, "ZYIIZY": 0.011750625612011747, "IXIYYX": -0.026438907627026435, "YYXXXX": -0.3437057991513437, "IZIZXX": 0.04994015885104995, "IIIXIX": -0.001305625068001308, "YIIXYX": -0.035251876836035256, "XIIXYY": 0.04994015885104994, "YXYZZX": 0.0, "IYXXYI": 0.0, "IIZZII": 0.9961919268849964, "IYXXIY": 0.005875312806005877, "XIYIXY": 0.0058753128060058946, "YZIIZY": 0.01762593841801763, "YIYYYI": 0.017625938418017635, "XIXZZI": -0.00881296920900881, "IZIYYZ": -0.008812969209008814, "YIYXIX": -0.008812969209008814, "XZZIIX": 0.0029376564030029403, "ZXZIIX": 0.008812969209008824,