{"YYIYIY": -0.005875312806005871, "XXYXXY": -0.6874115983026873, "YXYZXZ": 0.05287781525405288, "ZZZZYY": -0.23795016864323792, "XXZZII": 0.8107931672288107, "ZYYZII": 0.008812969209008818, "YYZZZZ": 0.5023392449135023, "YZYZYY": 2.0816681711721685e-17, "ZYZYZZ": 0.0793167228810793, "XXZYYZ": 0.026438907627026446, "XIZXZI": 0.01762593841801763, "XZZYXY": 0.05286631132383335, "YXXYII": -0.0381895332390382, "YYZZII": 0.5434664345555433, "IYYXXI": -0.023501251224023488, "XZXIZI": 0.002937017295768514, "ZYYXZX": 0.0793167228810793, "IXIXZZ": 0.04994015885104992, "YXZYXZ": -0.07931672288107934, "YIIZZY": 0.005875312806005874, "YXYXII": -0.005875312806005888, "XZZXXX": -0.13219453813513218, "YZZYYY": 0.0, "YXYXZZ": 0.026438907627026418, "IYYZZI": -0.008812969209008818, "ZXXZXX": 0.0, "ZIYZYI": 0.038189533239038176, "XXYZYZ": 0.026438907627026453, "ZZYYZZ": 0.3437057991513437, "XIYXIY": -0.005875312806005872, "YYZZYY": 0.15863344576215865, "ZZYIYI": -0.008812969209008804, "IXXZIZ": -0.017622103774611125, "YYXXZZ": 0.2908279838972908, "IIXXYY": 0.6462844086606463, "XIYXYI": -0.014688282015014691, "ZZIXXI": -0.017625938418017625, "IIXXXX": -0.6815362854966814, "IZIXXZ": -0.023501251224023495, "XIYIYX": 0.0029376564030029386, "ZXYXZY": 0.0, "IYIYII": 0.019580115305123467, "ZYYZYY": -0.026438907627026425, "ZZXIXI": -0.011750625612011747, "ZXZYXY": 0.0, "YXYIIX": 0.0088129692090088, "YIZYZI": 0.005875312806005867, "YZZIYI": 0.002937656403002937, "YYIIII": 0.5640300293765641, "ZXZXYY": 0.052877815254052885, "IIIYYI": 0.0032640626700032645, "YIYZIZ": 6.938893903907228e-18, "IYYIXX": 0.00881296920900881, "IIXZZX": -0.005875312806005874, "YXYYXY": 0.026438907627026446, "YZXYXZ": -6.938893903907228e-18, "XYYIXI": -0.014688282015014684, "XIIXXX": -0.026438907627026442, "ZYIYZI": 0.014688282015014681, "ZYYYYZ": -1.3877787807814457e-17, "ZYXYXZ": -0.02643890762702644, "XZXXZX": -0.026438907627026453, "IZZZIZ": 0.0616907844630617, "IXIXXX": -0.04700250244804702, "ZZZXZX": -0.026438907627026432, "ZXXYYZ": 0.026438907627026418, "IXXIXX": -0.01174806918307408, "YZIYZI": -0.01468828201501468, "XIIXII": 0.01599390708301599, "YYZXZX": -0.052877815254052864, "XXXIXI": -0.01175062561201174, "XYIXIY": -0.026438907627026446, "XZYXZY": -0.026438907627026418, "YYIIZZ": 0.5697813553790928, "ZYZIYI": -0.017625938418017628, "ZIXIZX": 0.014688282015014691, "ZYIYIZ": 0.00293765640300293, "XXZXZX": 0.026438907627026446, "ZYZYII": 0.02056359482102054, "IZZZZI": 0.0705037536720705, "XYYXII": 0.17919704058317917, "XXYIIY": 0.014688282015014684, "IIYYII": -0.5561962789685562, "IYIIYI": -0.0035904689370035913, "ZXXYZY": -0.02643890762702644, "ZZZZII": -0.608094875421608, "XIXIII": 0.029050157763029057, "IYZYIZ": 0.002937656403002931, "XXYYYY": -0.5023392449135022, "XZIXIZ": 0.014688282015014683, "YXZYZX": -0.07931672288107927, "IIXYXY": -0.7872919160047872, "XYXIIY": 0.005875312806005867, "YXIXIY": 0.011750625612011747, "XYXYZZ": 0.05287781525405287, "XYIYIX": 0.014688282015014691, "ZIIZZZ": 0.06462844086606462, "ZZYXYX": 0.42302252203242297, "ZXXXXZ": 0.0, "XXYYZZ": -0.5023392449135022, "IIZXXZ": -0.02643890762702644, "ZZZIZI": 0.30257860950930254, "IZYIYZ": -6.938893903907228e-18, "XYYXXX": -0.15859893397150004, "YXIXYI": 0.020563594821020555, "XZXYZY": -0.02643890762702644, "YZYZXX": -0.026438907627026432, "ZXZYYX": 1.3877787807814457e-17, "ZZIIII": -0.6198455010336199, "XYXXXY": 0.052877815254052885, "IIXYYX": -0.8254814492438254, "ZXZXXX": 6.938893903907228e-18, "YXIYXI": -0.03231422043303231, "ZXIZIX": -3.469446951953614e-18, "XZIIXZ": -0.0029376564030029473, "IXIXYY": 0.008812969209008824, "IIIIZZ": 0.9935806767489936, "ZYYYZY": 0.026438907627026432, "XYZYZX": -6.938893903907228e-18, "XYXZZY": -0.026438907627026432, "IYIXXY": -0.04700250244804701, "ZIZIYY": 0.04112718964204113, "YXXXXY": -0.1057326226476667, "ZZIZZI": 0.31726689152431725, "YYIIXX": -0.23207485583723206, "ZXXZII": 0.0, "YZZIIY": 0.014688282015014688, "ZZXXXX": 0.423022522032423, "IZYIZY": 0.011750625612011754, "XYXYII": 0.1645087585681645, "XXXXXX": -0.5552170601675551, "ZZZIIZ": 0.32314220433032315, "YZZYXX": 0.0, "IXYYIX": -3.469446951953614e-18, "IYYIII": 0.018605157219018603, "XXYYII": -0.47002502448047, "YZZXXY": 6.938893903907228e-18, "XXIYYI": 0.0, "IYYYIY": -0.0029376564030029386, "IIIIYY": 0.441954085518442, "IZZYIY": 0.008811051887305563, "IYXIXY": 0.01468828201501469, "YIXIXY": -0.008812969209008824, "ZZXIIX": -0.014688282015014691, "ZXIIXZ": 0.005875312806005863, "IZIZII": -0.10542922424110546, "XYYZZX": -1.3877787807814457e-17, "IZZXIX": -0.008812969209008807, "IZZIXX": 0.07050375367207051, "YIIYXX": -0.0381895332390382, "XZYZYX": 0.0, "YIIYII": 0.00946578174300946, "IZZIZZ": -0.10869328691110869, "XXZIZI": -0.3936459580023936, "XXXXII": 0.47002502448047, "YYXYXY": -0.423022522032423, "XYXZYZ": 0.10575563050810576, "XXZIIZ": -0.4171472092264171, "ZZZYYZ": 0.02643890762702644, "IXXZZI": -0.011750625612011737, "IZZXXI": -4.336808689942018e-18, "ZXYYXZ": 0.026438907627026432, "IIYYZZ": -0.5229028397345228, "IYZIZY": 3.469446951953614e-18, "XZYZXY": 0.026438907627026432, "YYZYYZ": -0.07931672288107931, "YZXXYZ": -0.05287781525405286, "ZXIIZX": 1.3877787807814457e-17, "ZXZIXI": 0.005875312806005888, "IZZYYI": 0.0029376564030029403, "ZYXXZY": -0.026438907627026453, "ZIZYYI": -0.005874034591537042, "IZIZYY": -0.023501251224023502, "YYYZZY": 0.026438907627026425, "ZZXXII": -0.3437057991513437, "IYYYYI": 0.008812969209008816, "XXIZIZ": -0.40833424001740837, "YYZXXZ": 0.0793167228810793, "ZIIIIZ": -0.03916875204003918, "XZXZYY": -0.052877815254052885, "ZYZXYX": 0.0, "IIIZIZ": -0.488956587966489, "YIYIXX": -0.01762593841801764, "XIIZXZ": 0.00881296920900881, "IXXXIX": 0.014688282015014695, "ZXYXYZ": 0.026438907627026432, "ZIXXZI": -0.011750625612011758, "ZIZIII": 0.06789250353606789, "IIXZXZ": -0.017625938418017628, "YXIYIX": 0.014688282015014677, "IXIZXZ": 0.011750625612011758, "XYYZXZ": -0.052877815254052885, "YZZYZZ": 0.0, "ZXXIZI": 0.023501251224023505, "ZXYYZX": -0.05286631132383335, "ZYXZXY": 0.10575563050810576, "XIZXIZ": 0.002937656403002937, "XYZXYZ": -0.05287781525405286, "XIIIXI": 0.0029376564030029334, "IZIZZZ": -0.12631922532912632, "ZYZZZY": -0.026438907627026446, "YXZXZY": -0.052877815254052864, "IIYYXX": 0.655097377869655, "XXXYXY": -0.6609726906756608, "YYYYII": -0.3202045479273202, "IYIIIY": 0.011424219345011422, "YIYYIY": 0.02937017295768519, "IIZZYY": 0.4377108040474377, "XZXZXX": -0.05287781525405289, "IIZZZZ": 0.9929278642149928, "XXZXXZ": 0.05286631132383335, "ZZIXIX": -0.005875312806005867, "YZXXZY": 0.0, "IXIZZX": 0.023501251224023495, "YYIZZI": -0.2702055912107038, "XYZXZY": 0.0, "ZZIZIZ": 0.30551626591230546, "IYXYXI": 0.029376564030029393, "XIXYIY": 0.008812969209008831, "IXXYYI": -0.002937656403002944, "IZXXIZ": 0.014688282015014681, "IXIIIX": 0.00032640626700032377, "ZYXZYX": 0.026438907627026453, "IXYIYX": -0.014688282015014695, "ZXZZZX": -0.0793167228810793, "XXZZYY": 0.3965836144053966, "YXXXYX": 0.0793167228810793, "IIZZXX": -0.4406484604504407, "ZXXZYY": 0.052877815254052885, "YZZZZY": -1.3877787807814457e-17, "YXXYXX": 0.05287781525405287, "IIYZZY": 0.014688282015014688, "IIIIII": 1.0, "YIZIYZ": 0.0029376564030029334, "YYXIIX": -0.00587531280600587, "YYIYYI": -0.005875312806005867, "ZYIIZY": 0.02643890762702644, "IXIYYX": -0.014688282015014681, "YYXXXX": -0.44946142965944946, "IZIZXX": 0.049940158851049944, "IIIXIX": -0.0013056250680013063, "YIIXYX": -0.02056359482102056, "XIIXYY": 0.041127189642041116, "YXYZZX": 0.1586334457621586, "IYXXYI": -0.011750625612011758, "IIZZII": 0.9988031770209989, "IYXXIY": 0.00881105188730556, "XIYIXY": -0.008812969209008814, "YZIIZY": 0.014688282015014691, "YIYYYI": 0.011750625612011751, "XIXZZI": -0.017625938418017628, "IZIYYZ": -0.008811051887305549, "YIYXIX": 1.3877787807814457e-17, "XZZIIX": 0.0293701729576852, "ZXZIIX": 0.014688282015014693, "XIIXZZ": 0.026438907627026435, "YXXYZZ": 0.02643890762702644, "ZIIZYY": 0.014688282015014695,