{"YYIYIY": 0.029376564030029396, "XXYXXY": -0.6345337830486345, "YXYZXZ": 0.02643890762702644, "ZZZZYY": -0.18507235338918504, "XXZZII": 0.8137308236318137, "ZYYZII": 0.002937656403002923, "YYZZZZ": 0.6345337830486344, "YZYZYY": -0.026438907627026446, "ZYZYZZ": 0.026438907627026446, "XXZYYZ": -0.10575563050810576, "XIZXZI": -0.008812969209008804, "XZZYXY": -0.052877815254052885, "YXXYII": -0.03818953323903819, "YYZZII": 0.5669676857795669, "IYYXXI": 0.035251876836035256, "XZXIZI": -0.005874034591537042, "ZYYXZX": -0.02643890762702644, "IXIXZZ": 0.02643890762702643, "YXZYXZ": 0.0, "YIIZZY": 0.0058753128060058685, "YXYXII": -0.026438907627026435, "XZZXXX": 0.052877815254052864, "YZZYYY": 0.05287781525405287, "YXYXZZ": 0.0, "IYYZZI": 0.005875312806005881, "ZXXZXX": 0.07931672288107933, "ZIYZYI": 0.014688282015014691, "XXYZYZ": -6.938893903907228e-18, "ZZYYZZ": 0.3437057991513437, "XIYXIY": 0.023501251224023505, "YYZZYY": 0.23795016864323792, "ZZYIYI": 0.008812969209008824, "IXXZIZ": -0.011750625612011758, "YYXXZZ": 0.2908279838972908, "IIXXYY": 0.6521597214666521, "XIYXYI": 0.005875312806005853, "ZZIXXI": 0.014688282015014702, "IIXXXX": -0.6492220650636491, "IZIXXZ": -0.01175062561201175, "XIYIYX": -0.017625938418017618, "ZXYXZY": 0.0, "IYIYII": 0.00881296920900881, "ZYYZYY": -0.0528778152540529, "ZZXIXI": 0.005875312806005891, "ZXZYXY": -0.052877815254052885, "YXYIIX": 6.938893903907228e-18, "YIZYZI": -0.014688282015014691, "YZZIYI": -6.938893903907228e-18, "YYIIII": 0.5620715917745621, "ZXZXYY": -0.0793167228810793, "IIIYYI": -0.001632031335001629, "YIYZIZ": -0.01762593841801762, "IYYIXX": 0.02937656403002937, "IIXZZX": -0.0029376564030029403, "YXYYXY": 1.3877787807814457e-17, "YZXYXZ": -0.026438907627026446, "XYYIXI": 0.017625938418017628, "XIIXXX": -0.011750625612011744, "ZYIYZI": 0.02350125122402351, "ZYYYYZ": -0.02643890762702644, "ZYXYXZ": 0.07931672288107931, "XZXXZX": -0.07931672288107931, "IZZZIZ": 0.0705037536720705, "IXIXXX": -0.011750625612011758, "ZZZXZX": -0.02643890762702644, "ZXXYYZ": -0.10575563050810574, "IXXIXX": -0.020563594821020575, "YZIYZI": -0.014688282015014688, "XIIXII": 0.02350125122402351, "YYZXZX": 0.026438907627026446, "XXXIXI": 0.005875312806005877, "XYIXIY": -0.005875312806005878, "XZYXZY": 0.0, "YYIIZZ": 0.5787183113915786, "ZYZIYI": 0.008812969209008814, "ZIXIZX": -0.014688282015014688, "ZYIYIZ": 0.002937656403002928, "XXZXZX": -0.026438907627026432, "ZYZYII": 0.035251876836035256, "IZZZZI": 0.029376564030029376, "XYYXII": 0.188010009792188, "XXYIIY": 0.017625938418017635, "IIYYII": -0.5565226852355566, "IYIIYI": 0.0029376564030029395, "ZXXYZY": -6.938893903907228e-18, "ZZZZII": -0.6257208138396257, "XIXIII": 0.03361984550103363, "IYZYIZ": -0.011750625612011758, "XXYYYY": -0.5287781525405287, "XZIXIZ": -0.0058753128060058755, "YXZYZX": -0.02643890762702644, "IIXYXY": -0.8196061364378195, "XYXIIY": 0.005875312806005891, "YXIXIY": 1.734723475976807e-18, "XYXYZZ": 0.15863344576215863, "XYIYIX": 0.023501251224023502, "ZIIZZZ": 0.08519203568708521, "ZZYXYX": 0.5023392449135022, "ZXXXXZ": 0.05286631132383335, "XXYYZZ": -0.5023392449135022, "IIZXXZ": 0.002937656403002937, "ZZZIZI": 0.3202045479273202, "IZYIYZ": -0.02937656403002938, "XYYXXX": -0.026438907627026446, "YXIXYI": -0.01762593841801763, "XZXYZY": 0.0, "YZYZXX": -0.0793167228810793, "ZXZYYX": 0.026438907627026432, "ZZIIII": -0.618866282232619, "XYXXXY": 0.026438907627026446, "IIXYYX": -0.8049178544228048, "ZXZXXX": -0.026438907627026446, "YXIYXI": -3.469446951953614e-18, "ZXIZIX": 0.008812969209008804, "XZIIXZ": -0.002937017295768526, "IXIXYY": 0.03525187683603525, "IIIIZZ": 0.9981503644869982, "ZYYYZY": 0.026433155661916674, "XYZYZX": 0.0, "XYXZZY": 1.3877787807814457e-17, "IYIXXY": -3.469446951953614e-18, "ZIZIYY": 0.03231422043303233, "YXXXXY": -0.05287781525405287, "ZZIZZI": 0.3407681427483407, "YYIIXX": -0.23207485583723203, "ZXXZII": -0.02055912107037964, "YZZIIY": 0.00293765640300293, "ZZXXXX": 0.4494614296594494, "IZYIZY": 6.938893903907228e-18, "XYXYII": 0.18213469698618212, "XXXXXX": -0.5552170601675551, "ZZZIIZ": 0.3172668915243172, "YZZYXX": -0.05287781525405286, "IXYYIX": 0.008812969209008818, "IYYIII": -0.00032640626700032593, "XXYYII": -0.4670873680774671, "YZZXXY": -0.05287781525405288, "XXIYYI": 0.017625938418017628, "IYYYIY": -0.023501251224023495, "IIIIYY": 0.44260689805244263, "IZZYIY": 0.020559121070379636, "IYXIXY": -0.011750625612011753, "YIXIXY": -0.011750625612011754, "ZZXIIX": 0.023501251224023505, "ZXIIXZ": -0.032314220433032316, "IZIZII": -0.10053313023610055, "XYYZZX": -0.05287781525405286, "IZZXIX": -0.00881296920900881, "IZZIXX": 0.032314220433032316, "YIIYXX": -0.014688282015014695, "XZYZYX": 0.05287781525405286, "YIIYII": -0.00032640626700032767, "IZZIZZ": -0.11163094331411164, "XXZIZI": -0.40833424001740826, "XXXXII": 0.4641497116744641, "YYXYXY": -0.4759003372864758, "XYXZYZ": 0.07931672288107931, "XXZIIZ": -0.39070830159939074, "ZZZYYZ": 6.938893903907228e-18, "IXXZZI": -0.002937656403002944, "IZZXXI": -0.02055912107037964, "ZXYYXZ": 0.0793167228810793, "IIYYZZ": -0.5522794037645522, "IYZIZY": 0.023501251224023502, "XZYZXY": 0.026438907627026432, "YYZYYZ": -0.026438907627026446, "YZXXYZ": 0.0, "ZXIIZX": -0.005875312806005881, "ZXZIXI": -0.005875312806005881, "IZZYYI": 6.938893903907228e-18, "ZYXXZY": -0.026433155661916674, "ZIZYYI": -0.017625938418017625, "IZIZYY": -0.005875312806005872, "YYYZZY": 0.05287781525405288, "ZZXXII": -0.3407681427483408, "IYYYYI": -0.020563594821020534, "XXIZIZ": -0.4083342400174083, "YYZXXZ": -0.026438907627026418, "ZIIIIZ": -0.035251876836035256, "XZXZYY": 0.05287781525405286, "ZYZXYX": -0.026438907627026432, "IIIZIZ": -0.5046240887825046, "YIYIXX": -0.02056359482102057, "XIIZXZ": 0.008812969209008818, "IXXXIX": -0.01174806918307409, "ZXYXYZ": -0.052877815254052885, "ZIXXZI": -0.005875312806005876, "ZIZIII": 0.07442062887607442, "IIXZXZ": 0.0029376564030029455, "YXIYIX": 0.00587531280600587, "IXIZXZ": -0.005875312806005874, "XYYZXZ": 0.05287781525405288, "YZZYZZ": 0.0, "ZXXIZI": -0.008812969209008807, "ZXYYZX": 0.0, "ZYXZXY": -0.026438907627026432, "XIZXIZ": -0.0029376564030029334, "XYZXYZ": 0.0, "XIIIXI": 0.006528125340006529, "IZIZZZ": -0.11456859971711457, "ZYZZZY": 0.0, "YXZXZY": 0.0, "IIYYXX": 0.6639103470786638, "XXXYXY": -0.6609726906756608, "YYYYII": -0.3055162659123055, "IYIIIY": 0.00032640626700032073, "YIYYIY": -0.014688282015014677, "IIZZYY": 0.4435861168534436, "XZXZXX": 0.026438907627026432, "IIZZZZ": 1.0046784898270045, "XXZXXZ": -0.026438907627026446, "ZZIXIX": 0.002937656403002942, "YZXXZY": -0.026438907627026446, "IXIZZX": 0.0029376564030029317, "YYIZZI": -0.282015014688282, "XYZXZY": -0.02643890762702644, "ZZIZIZ": 0.3407681427483408, "IYXYXI": -0.011750625612011768, "XIXYIY": -0.0088129692090088, "IXXYYI": 0.014688282015014691, "IZXXIZ": -0.011750625612011753, "IXIIIX": -0.002937656403002937, "ZYXZYX": 0.0, "IXYIYX": -0.020563594821020575, "ZXZZZX": 0.0, "XXZZYY": 0.34370579915134364, "YXXXYX": 0.02643890762702644, "IIZZXX": -0.41705645599912977, "ZXXZYY": -0.13219453813513218, "YZZZZY": -0.02643890762702644, "YXXYXX": 0.02643890762702644, "IIYZZY": -0.008812969209008824, "IIIIII": 1.0, "YIZIYZ": 0.005875312806005881, "YYXIIX": 0.014688282015014695, "YYIYYI": -0.026438907627026415, "ZYIIZY": -0.03231422043303231, "IXIYYX": -0.014688282015014684, "YYXXXX": -0.42302252203242297, "IZIZXX": 0.06756609726906757, "IIIXIX": 0.003264062670003262, "YIIXYX": 0.002937656403002923, "XIIXYY": 0.026438907627026446, "YXYZZX": 0.10575563050810574, "IYXXYI": 0.032314220433032316, "IIZZII": 0.9988031770209989, "IYXXIY": 0.0029376564030029334, "XIYIXY": 0.014688282015014688, "YZIIZY": -0.014688282015014674, "YIYYYI": -0.005875312806005863, "XIXZZI": 0.00881296920900881, "IZIYYZ": -0.002937656403002931, "YIYXIX": 0.014688282015014695, "XZZIIX": -0.0029376564030029473, "ZXZIIX": 0.008812969209008807, "XIIXZZ": 0.03231422043303232, "YXXYZZ": 0.0, "ZIIZYY": 0.02056359482102057,