{"YYIYIY": -0.005875312806005888, "XXYXXY": -0.6080948754216079, "YXYZXZ": 0.026438907627026432, "ZZZZYY": -0.26438907627026437, "XXZZII": 0.8049178544228048, "ZYYZII": 0.02056359482102057, "YYZZZZ": 0.555217060167555, "YZYZYY": -0.07931672288107931, "ZYZYZZ": 1.3877787807814457e-17, "XXZYYZ": -0.05287781525405287, "XIZXZI": -0.020563594821020555, "XZZYXY": 0.05287781525405288, "YXXYII": -0.005875312806005874, "YYZZII": 0.5728429985855727, "IYYXXI": 0.0029376564030029403, "XZXIZI": 0.008811051887305556, "ZYYXZX": 0.02643890762702646, "IXIXZZ": 0.06462844086606463, "YXZYXZ": 0.026438907627026446, "YIIZZY": 0.017625938418017625, "YXYXII": -0.023501251224023485, "XZZXXX": 0.052877815254052885, "YZZYYY": -0.026438907627026446, "YXYXZZ": 0.0, "IYYZZI": -6.938893903907228e-18, "ZXXZXX": 0.05287781525405286, "ZIYZYI": -0.005875312806005888, "XXYZYZ": 0.02643890762702644, "ZZYYZZ": 0.31726689152431725, "XIYXIY": -0.00881296920900881, "YYZZYY": 0.26433155661916674, "ZZYIYI": -0.008812969209008814, "IXXZIZ": -0.005875312806005874, "YYXXZZ": 0.31726689152431725, "IIXXYY": 0.6404090958546405, "XIYXYI": -0.011750625612011756, "ZZIXXI": -0.026438907627026435, "IIXXXX": -0.6756609726906757, "IZIXXZ": 0.011750625612011747, "XIYIYX": 0.008812969209008814, "ZXYXZY": 0.0, "IYIYII": 0.005875312806005877, "ZYYZYY": 0.02643890762702644, "ZZXIXI": 0.0, "ZXZYXY": -0.07931672288107927, "YXYIIX": -0.03231422043303231, "YIZYZI": 0.005875312806005884, "YZZIYI": -0.011750625612011765, "YYIIII": 0.5617451855075618, "ZXZXYY": -0.026438907627026432, "IIIYYI": 0.0048960940050048985, "YIYZIZ": -1.734723475976807e-18, "IYYIXX": -0.029376564030029376, "IIXZZX": -0.005875312806005881, "YXYYXY": 0.0, "YZXYXZ": 0.0, "XYYIXI": -0.005875312806005877, "XIIXXX": -0.011750625612011746, "ZYIYZI": 6.938893903907228e-18, "ZYYYYZ": -0.05287781525405286, "ZYXYXZ": 0.052877815254052885, "XZXXZX": 0.02643890762702644, "IZZZIZ": 0.10281797410510281, "IXIXXX": -0.008811051887305556, "ZZZXZX": 0.026438907627026432, "ZXXYYZ": -0.05287781525405287, "IXXIXX": -0.014688282015014695, "YZIYZI": -0.005875312806005881, "XIIXII": 0.020890001088020894, "YYZXZX": 0.05287781525405284, "XXXIXI": 0.0029376564030029403, "XYIXIY": 0.017625938418017628, "XZYXZY": -0.05287781525405286, "YYIIZZ": 0.5522794037645522, "ZYZIYI": -0.0029376564030029473, "ZIXIZX": 0.02937656403002938, "ZYIYIZ": 0.014688282015014676, "XXZXZX": 0.0, "ZYZYII": -0.026433155661916688, "IZZZZI": 0.06462844086606462, "XYYXII": 0.1733217277771733, "XXYIIY": 0.014688282015014693, "IIYYII": -0.5522794037645523, "IYIIYI": 0.0013056250680013072, "ZXXYZY": 0.02643890762702644, "ZZZZII": -0.6286584702426286, "XIXIII": 0.027418126428027427, "IYZYIZ": -0.0029376564030029473, "XXYYYY": -0.555217060167555, "XZIXIZ": 0.011750625612011737, "YXZYZX": -0.05287781525405287, "IIXYXY": -0.799042541616799, "XYXIIY": 0.017625938418017625, "YXIXIY": -0.017625938418017614, "XYXYZZ": 0.2115112610162115, "XYIYIX": -0.0029376564030029473, "ZIIZZZ": 0.07344141007507343, "ZZYXYX": 0.423022522032423, "ZXXXXZ": -0.07931672288107931, "XXYYZZ": -0.44946142965944946, "IIZXXZ": 0.0, "ZZZIZI": 0.33783048634533785, "IZYIYZ": 0.008812969209008809, "XYYXXX": 0.026438907627026432, "YXIXYI": 0.002937656403002935, "XZXYZY": -0.05286631132383335, "YZYZXX": 0.026438907627026425, "ZXZYYX": 0.10575563050810574, "ZZIIII": -0.6198455010336199, "XYXXXY": -0.026438907627026446, "IIXYYX": -0.801805721744806, "ZXZXXX": -0.026438907627026425, "YXIYXI": -0.03818953323903819, "ZXIZIX": 0.0, "XZIIXZ": -0.005875312806005881, "IXIXYY": 0.014688282015014688, "IIIIZZ": 1.0023936459580025, "ZYYYZY": -0.052877815254052885, "XYZYZX": -0.07931672288107933, "XYXZZY": -0.0793167228810793, "IYIXXY": -0.01762593841801763, "ZIZIYY": 0.01762593841801762, "YXXXXY": -0.02643890762702644, "ZZIZZI": 0.2996409531062996, "YYIIXX": -0.26438907627026437, "ZXXZII": -0.020563594821020565, "YZZIIY": -0.0058753128060058946, "ZZXXXX": 0.4229304905906668, "IZYIZY": 6.938893903907228e-18, "XYXYII": 0.18507235338918507, "XXXXXX": -0.6080948754216079, "ZZZIIZ": 0.3025786095093026, "YZZYXX": -6.938893903907228e-18, "IXYYIX": -0.005875312806005867, "IYYIII": 0.003264062670003261, "XXYYII": -0.47296268088347293, "YZZXXY": 0.05287781525405288, "XXIYYI": -1.0408340855860843e-17, "IYYYIY": 0.017625938418017628, "IIIIYY": 0.4360787727124361, "IZZYIY": 0.014688282015014688, "IYXIXY": 0.023501251224023495, "YIXIXY": -0.02350125122402351, "ZZXIIX": -0.020563594821020555, "ZXIIXZ": -0.017625938418017618, "IZIZII": -0.11358938091611359, "XYYZZX": -0.02643890762702644, "IZZXIX": -0.023501251224023502, "IZZIXX": 0.07344141007507346, "YIIYXX": 0.008812969209008809, "XZYZYX": -0.052877815254052885, "YIIYII": -0.003264062670003263, "IZZIZZ": -0.12044391252312044, "XXZIZI": -0.3936459580023936, "XXXXII": 0.47590033728647585, "YYXYXY": -0.3965836144053966, "XYXZYZ": 0.026438907627026446, "XXZIIZ": -0.4171472092264171, "ZZZYYZ": 0.07931672288107931, "IXXZZI": 0.026438907627026446, "IZZXXI": 0.0029376564030029403, "ZXYYXZ": -0.026438907627026432, "IIYYZZ": -0.564030029376564, "IYZIZY": 0.0235012512240235, "XZYZXY": -1.3877787807814457e-17, "YYZYYZ": 0.026438907627026432, "YZXXYZ": -0.026438907627026418, "ZXIIZX": 0.03818953323903819, "ZXZIXI": 0.02056359482102057, "IZZYYI": 0.020563594821020555, "ZYXXZY": -0.026433155661916674, "ZIZYYI": -0.002937656403002937, "IZIZYY": -0.06462844086606462, "YYYZZY": -0.0793167228810793, "ZZXXII": -0.32314220433032315, "IYYYYI": 0.020563594821020572, "XXIZIZ": -0.38189533239038187, "YYZXXZ": 0.0793167228810793, "ZIIIIZ": -0.034599064302034604, "XZXZYY": -0.026438907627026446, "ZYZXYX": -0.026438907627026446, "IIIZIZ": -0.5007072135785007, "YIYIXX": 0.014688282015014691, "XIIZXZ": -0.011750625612011756, "IXXXIX": 0.026438907627026435, "ZXYXYZ": -2.0816681711721685e-17, "ZIXXZI": 0.011750625612011746, "ZIZIII": 0.0643020345990643, "IIXZXZ": -0.005875312806005867, "YXIYIX": 0.014688282015014691, "IXIZXZ": 0.017625938418017628, "XYYZXZ": -0.05286631132383335, "YZZYZZ": -0.02643890762702644, "ZXXIZI": -0.0029376564030029386, "ZXYYZX": -0.05287781525405288, "ZYXZXY": -0.026438907627026418, "XIZXIZ": 0.008812969209008814, "XYZXYZ": -0.026438907627026418, "XIIIXI": -0.004243281471004241, "IZIZZZ": -0.11456859971711456, "ZYZZZY": 0.05287781525405286, "YXZXZY": 0.0, "IIYYXX": 0.6755139780267596, "XXXYXY": -0.6609726906756608, "YYYYII": -0.32314220433032315, "IYIIIY": 0.005222500272005221, "YIYYIY": 0.029376564030029376, "IIZZYY": 0.4582743988684582, "XZXZXX": -0.07931672288107931, "IIZZZZ": 1.0193667718420192, "XXZXXZ": 0.0, "ZZIXIX": -0.026438907627026435, "YZXXZY": -2.0816681711721685e-17, "IXIZZX": -0.005875312806005876, "YYIZZI": -0.2878903274942879, "XYZXZY": -0.10575563050810574, "ZZIZIZ": 0.3348928299423349, "IYXYXI": -0.03231422043303231, "XIXYIY": 0.014688282015014684, "IXXYYI": 0.008812969209008821, "IZXXIZ": -0.01762593841801763, "IXIIIX": -0.002284843869002285, "ZYXZYX": -0.05287781525405286, "IXYIYX": 0.02350125122402351, "ZXZZZX": 0.0, "XXZZYY": 0.2908279838972908, "YXXXYX": 0.05287781525405286, "IIZZXX": -0.42889783483842886, "ZXXZYY": 0.05287781525405286, "YZZZZY": -0.026438907627026432, "YXXYXX": 0.0793167228810793, "IIYZZY": -0.0029376564030029265, "IIIIII": 1.0, "YIZIYZ": -0.005874034591537052, "YYXIIX": -3.469446951953614e-18, "YYIYYI": -0.011750625612011758, "ZYIIZY": -0.02056359482102057, "IXIYYX": -0.029376564030029386, "YYXXXX": -0.4229304905906668, "IZIZXX": 0.035251876836035256, "IIIXIX": 0.0009792188010009804, "YIIXYX": -0.01468828201501468, "XIIXYY": 0.01762593841801762, "YXYZZX": -6.938893903907228e-18, "IYXXYI": -0.011750625612011747, "IIZZII": 0.9958655206179959, "IYXXIY": -0.0058753128060058755, "XIYIXY": -0.002937656403002941, "YZIIZY": 0.002937656403002937, "YIYYYI": 0.029376564030029372, "XIXZZI": -0.0293701729576852, "IZIYYZ": 0.0, "YIYXIX": -0.011750625612011746, "XZZIIX": -0.017625938418017625, "ZXZIIX": 0.005875312806005877, "XIIXZZ": 0.02643890762702645, "YXXYZZ": 0.05287781525405287,