{"YYIYIY": -0.005875312806005867, "XXYXXY": -0.7402894135567402, "YXYZXZ": -0.05287781525405288, "ZZZZYY": -0.23795016864323792, "XXZZII": 0.8225437928408225, "ZYYZII": 0.017625938418017614, "YYZZZZ": 0.6080948754216079, "YZYZYY": 0.05287781525405287, "ZYZYZZ": -0.05287781525405287, "XXZYYZ": 0.026438907627026446, "XIZXZI": 0.0029376564030029455, "XZZYXY": 0.0, "YXXYII": -0.029376564030029386, "YYZZII": 0.5581547165705582, "IYYXXI": 6.938893903907228e-18, "XZXIZI": -0.011750625612011761, "ZYYXZX": 0.052877815254052885, "IXIXZZ": 0.029376564030029383, "YXZYXZ": 0.05286631132383335, "YIIZZY": 0.032314220433032316, "YXYXII": -0.0440552594365278, "XZZXXX": -0.05287781525405286, "YZZYYY": 0.0, "YXYXZZ": -0.13219453813513218, "IYYZZI": 0.011750625612011754, "ZXXZXX": -6.938893903907228e-18, "ZIYZYI": 0.0029376564030029403, "XXYZYZ": -0.02643890762702644, "ZZYYZZ": 0.37014470677837014, "XIYXIY": 0.008812969209008807, "YYZZYY": 0.2115112610162115, "ZZYIYI": 0.017625938418017614, "IXXZIZ": -0.023501251224023502, "YYXXZZ": 0.2908279838972908, "IIXXYY": 0.658035034272658, "XIYXYI": 0.008812969209008807, "ZZIXXI": 0.008812969209008818, "IIXXXX": -0.6433467522576433, "IZIXXZ": 0.0146850864788426, "XIYIYX": 0.008812969209008814, "ZXYXZY": 0.02643890762702644, "IYIYII": 0.010771406811010777, "ZYYZYY": 0.0, "ZZXIXI": 0.017625938418017628, "ZXZYXY": 0.0, "YXYIIX": -0.011748069183074077, "YIZYZI": -0.0029376564030029403, "YZZIYI": 0.017625938418017628, "YYIIII": 0.5721901860515722, "ZXZXYY": 0.0, "IIIYYI": -0.0019584376020019573, "YIYZIZ": -0.02056359482102057, "IYYIXX": -1.3877787807814457e-17, "IIXZZX": -0.008812969209008821, "YXYYXY": 0.10575563050810574, "YZXYXZ": 0.0, "XYYIXI": -0.005875312806005863, "XIIXXX": -0.005875312806005874, "ZYIYZI": -0.008812969209008807, "ZYYYYZ": -0.026438907627026418, "ZYXYXZ": 0.07931672288107933, "XZXXZX": -1.3877787807814457e-17, "IZZZIZ": 0.07344141007507343, "IXIXXX": -0.02643890762702644, "ZZZXZX": -0.0793167228810793, "ZXXYYZ": 0.026438907627026418, "IXXIXX": -0.017625938418017635, "YZIYZI": -0.0029376564030029334, "XIIXII": 0.02937656403002938, "YYZXZX": 0.05286631132383335, "XXXIXI": 0.020563594821020555, "XYIXIY": -0.0058753128060058946, "XZYXZY": -0.052877815254052864, "YYIIZZ": 0.5668443380833244, "ZYZIYI": 0.005874034591537042, "ZIXIZX": -0.014688282015014691, "ZYIYIZ": 0.020563594821020572, "XXZXZX": -0.07931672288107933, "ZYZYII": -0.008812969209008814, "IZZZZI": 0.06462844086606465, "XYYXII": 0.1645087585681645, "XXYIIY": 0.03231422043303231, "IIYYII": -0.5522794037645523, "IYIIYI": -0.008486562942008492, "ZXXYZY": -0.1586334457621586, "ZZZZII": -0.6315961266456316, "XIXIII": 0.02023278581529424, "IYZYIZ": -0.011750625612011747, "XXYYYY": -0.5287781525405286, "XZIXIZ": -0.026438907627026435, "YXZYZX": -0.02643890762702644, "IIXYXY": -0.8107931672288107, "XYXIIY": 6.938893903907228e-18, "YXIXIY": -0.02937656403002938, "XYXYZZ": 0.15863344576215865, "XYIYIX": -3.469446951953614e-18, "ZIIZZZ": 0.07931672288107933, "ZZYXYX": 0.5287781525405286, "ZXXXXZ": 0.0, "XXYYZZ": -0.3965836144053965, "IIZXXZ": 0.03231422043303232, "ZZZIZI": 0.3143292351213143, "IZYIYZ": 0.02056359482102056, "XYYXXX": -0.02643890762702644, "YXIXYI": 0.008812969209008818, "XZXYZY": -0.026438907627026446, "YZYZXX": -0.18507235338918504, "ZXZYYX": 0.0, "ZZIIII": -0.6214775323686215, "XYXXXY": 0.052877815254052885, "IIXYYX": -0.8166684800348165, "ZXZXXX": 0.05287781525405283, "YXIYXI": 0.0029376564030029334, "ZXIZIX": 0.005875312806005874, "XZIIXZ": -0.020563594821020555, "IXIXYY": 0.038189533239038176, "IIIIZZ": 1.000108802089, "ZYYYZY": 0.0, "XYZYZX": -0.026438907627026432, "XYXZZY": 0.026438907627026446, "IYIXXY": 0.017625938418017628, "ZIZIYY": 0.029376564030029376, "YXXXXY": -0.05287781525405286, "ZZIZZI": 0.2967032967032967, "YYIIXX": -0.24382548144924382, "ZXXZII": -0.032314220433032316, "YZZIIY": -0.011750625612011744, "ZZXXXX": 0.3965836144053965, "IZYIZY": -0.002937656403002935, "XYXYII": 0.16157110216516157, "XXXXXX": -0.5287781525405287, "ZZZIIZ": 0.29964095310629957, "YZZYXX": 0.07931672288107931, "IXYYIX": 0.005875312806005877, "IYYIII": 0.006201719073006199, "XXYYII": -0.46414971167446417, "YZZXXY": 0.026438907627026418, "XXIYYI": 1.0408340855860843e-17, "IYYYIY": -0.008812969209008807, "IIIIYY": 0.4373843977804374, "IZZYIY": -0.005875312806005881, "IYXIXY": 0.008812969209008814, "YIXIXY": -0.017625938418017628, "ZZXIIX": -0.029370172957685195, "ZXIIXZ": -0.0029376564030029403, "IZIZII": -0.10249156783810251, "XYYZZX": 0.05287781525405287, "IZZXIX": -6.938893903907228e-18, "IZZIXX": 0.06169078446306169, "YIIYXX": 0.017625938418017642, "XZYZYX": -0.0793167228810793, "YIIYII": 0.006201719073006204, "IZZIZZ": -0.13219453813513218, "XXZIZI": -0.4024589272114024, "XXXXII": 0.4612120552714612, "YYXYXY": -0.4494614296594494, "XYXZYZ": 0.026438907627026418, "XXZIIZ": -0.3995212708083995, "ZZZYYZ": -0.026438907627026425, "IXXZZI": -0.047002502448047004, "IZZXXI": 0.011750625612011747, "ZXYYXZ": -0.026438907627026432, "IIYYZZ": -0.5669676857795669, "IYZIZY": 0.011750625612011761, "XZYZXY": -0.02643890762702644, "YYZYYZ": 6.938893903907228e-18, "YZXXYZ": 2.7755575615628914e-17, "ZXIIZX": -0.04112718964204112, "ZXZIXI": 0.014685086478842597, "IZZYYI": -0.002937656403002944, "ZYXXZY": 0.0, "ZIZYYI": -0.008812969209008814, "IZIZYY": -0.0235012512240235, "YYYZZY": 0.026438907627026446, "ZZXXII": -0.3583940811663584, "IYYYYI": -0.02643890762702643, "XXIZIZ": -0.4523990860624524, "YYZXXZ": -0.026438907627026418, "ZIIIIZ": -0.036231095637036234, "XZXZYY": -0.05287781525405286, "ZYZXYX": 0.05287781525405286, "IIIZIZ": -0.5088673702535089, "YIYIXX": -0.011750625612011744, "XIIZXZ": 6.938893903907228e-18, "IXXXIX": -0.005875312806005888, "ZXYXYZ": -0.05287781525405287, "ZIXXZI": 0.0029376564030029195, "ZIZIII": 0.06854531607006856, "IIXZXZ": 0.02056359482102057, "YXIYIX": -0.023501251224023502, "IXIZXZ": 0.04112718964204114, "XYYZXZ": -0.02643890762702644, "YZZYZZ": 0.02643890762702644, "ZXXIZI": 0.014688282015014684, "ZXYYZX": 0.05287781525405287, "ZYXZXY": -0.026438907627026446, "XIZXIZ": 0.005875312806005888, "XYZXYZ": 0.05287781525405286, "XIIIXI": -0.005548906539005546, "IZIZZZ": -0.10281797410510281, "ZYZZZY": -0.05287781525405288, "YXZXZY": -0.026438907627026432, "IIYYXX": 0.6639103470786638, "XXXYXY": -0.5023392449135023, "YYYYII": -0.30257860950930254, "IYIIIY": 0.005222500272005223, "YIYYIY": 0.035251876836035256, "IIZZYY": 0.42302252203242297, "XZXZXX": -0.10575563050810574, "IIZZZZ": 0.9927118459697598, "XXZXXZ": 0.02643890762702644, "ZZIXIX": 3.469446951953614e-18, "YZXXZY": 0.07931672288107933, "IXIZZX": 0.005875312806005864, "YYIZZI": -0.2585137634642585, "XYZXZY": 0.026438907627026425, "ZZIZIZ": 0.31726689152431725, "IYXYXI": 0.0029376564030029334, "XIXYIY": -8.673617379884035e-18, "IXXYYI": 0.0, "IZXXIZ": 0.008812969209008807, "IXIIIX": 0.0009792188010009808, "ZYXZYX": 0.05287781525405287, "IXYIYX": -0.014688282015014681, "ZXZZZX": 0.10575563050810574, "XXZZYY": 0.3965836144053966, "YXXXYX": -6.938893903907228e-18, "IIZZXX": -0.4494614296594494, "ZXXZYY": 0.026438907627026432, "YZZZZY": -0.0793167228810793, "YXXYXX": 0.1321945381351322, "IIYZZY": 0.02056359482102056, "IIIIII": 1.0, "YIZIYZ": 0.029376564030029383, "YYXIIX": -0.02055912107037964, "YYIYYI": 0.026438907627026456, "ZYIIZY": -0.008812969209008807, "IXIYYX": -0.02056359482102057, "YYXXXX": -0.37014470677837014, "IZIZXX": 0.0616907844630617, "IIIXIX": 0.0029376564030029377, "YIIXYX": -0.017625938418017628, "XIIXYY": 0.00881296920900881, "YXYZZX": -2.0816681711721685e-17, "IYXXYI": -0.011750625612011747, "IIZZII": 0.9935806767489936, "IYXXIY": -0.029376564030029383, "XIYIXY": -0.02056359482102056, "YZIIZY": -0.008812969209008814, "YIYYYI": 0.00881105188730557, "XIXZZI": -0.02056359482102057, "IZIYYZ": 0.00587531280600587, "YIYXIX": 0.002937656403002942, "XZZIIX": 0.01762593841801762, "ZXZIIX": 0.002937656403002942, "XIIXZZ": 0.05287781525405288, "YXXYZZ": -0.052877815254052885,