{"YYIYIY": -0.0029376564030029195, "XXYXXY": -0.7402894135567402, "YXYZXZ": -0.05287781525405286, "ZZZZYY": -0.3172668915243173, "XXZZII": 0.8019801980198019, "ZYYZII": -0.026438907627026442, "YYZZZZ": 0.5023392449135022, "YZYZYY": 0.05287781525405286, "ZYZYZZ": 0.026438907627026418, "XXZYYZ": -0.05286631132383335, "XIZXZI": -0.011750625612011754, "XZZYXY": -0.02643890762702644, "YXXYII": -0.011750625612011754, "YYZZII": 0.5728429985855727, "IYYXXI": -0.023501251224023495, "XZXIZI": -3.469446951953614e-18, "ZYYXZX": 0.02643890762702644, "IXIXZZ": 0.026438907627026442, "YXZYXZ": 0.05287781525405288, "YIIZZY": -0.0029376564030029334, "YXYXII": -0.04112718964204114, "XZZXXX": -0.10575563050810576, "YZZYYY": -0.02643890762702644, "YXYXZZ": 6.938893903907228e-18, "IYYZZI": -0.014688282015014691, "ZXXZXX": 0.052877815254052864, "ZIYZYI": 0.005875312806005874, "XXYZYZ": 0.026438907627026432, "ZZYYZZ": 0.423022522032423, "XIYXIY": -0.00881296920900881, "YYZZYY": 0.26438907627026437, "ZZYIYI": 0.01175062561201174, "IXXZIZ": -0.008812969209008814, "YYXXZZ": 0.31726689152431725, "IIXXYY": 0.6521597214666521, "XIYXYI": -0.0029376564030029395, "ZZIXXI": 0.008812969209008821, "IIXXXX": -0.655097377869655, "IZIXXZ": 0.020563594821020558, "XIYIYX": 0.014688282015014684, "ZXYXZY": 0.0, "IYIYII": 0.004243281471004242, "ZYYZYY": -0.052877815254052885, "ZZXIXI": 0.017625938418017618, "ZXZYXY": -0.05287781525405287, "YXYIIX": -0.020563594821020558, "YIZYZI": 0.02056359482102056, "YZZIYI": -0.023501251224023505, "YYIIII": 0.5629283150222997, "ZXZXYY": 0.05286631132383335, "IIIYYI": 0.0003264062670003255, "YIYZIZ": 0.02056359482102056, "IYYIXX": 0.005875312806005877, "IIXZZX": -0.026438907627026442, "YXYYXY": -6.938893903907228e-18, "YZXYXZ": 0.07931672288107931, "XYYIXI": -0.011750625612011747, "XIIXXX": -0.04700250244804702, "ZYIYZI": 0.017625938418017628, "ZYYYYZ": 6.938893903907228e-18, "ZYXYXZ": -0.05287781525405283, "XZXXZX": -0.05287781525405288, "IZZZIZ": 0.02937656403002937, "IXIXXX": -0.020563594821020558, "ZZZXZX": 0.05287781525405286, "ZXXYYZ": -0.1057326226476667, "IXXIXX": -0.026438907627026446, "YZIYZI": -0.01762593841801763, "XIIXII": 0.01664671961701665, "YYZXZX": -6.938893903907228e-18, "XXXIXI": 0.017622103774611125, "XYIXIY": 0.011750625612011747, "XZYXZY": 0.052877815254052885, "YYIIZZ": 0.5522794037645522, "ZYZIYI": 0.014688282015014684, "ZIXIZX": -0.0029376564030029334, "ZYIYIZ": 0.01175062561201174, "XXZXZX": 6.938893903907228e-18, "ZYZYII": 0.01468828201501468, "IZZZZI": 0.06756609726906755, "XYYXII": 0.17625938418017625, "XXYIIY": 0.02056359482102056, "IIYYII": -0.5535850288325537, "IYIIYI": -0.002284843869002286, "ZXXYZY": 0.0793167228810793, "ZZZZII": -0.6227831574366228, "XIXIII": 0.023501251224023502, "IYZYIZ": 0.00587531280600587, "XXYYYY": -0.555217060167555, "XZIXIZ": 0.017625938418017628, "YXZYZX": -0.026438907627026432, "IIXYXY": -0.8166684800348166, "XYXIIY": -0.00881105188730556, "YXIXIY": 0.020563594821020548, "XYXYZZ": 0.10575563050810574, "XYIYIX": -0.008812969209008807, "ZIIZZZ": 0.06756609726906757, "ZZYXYX": 0.5287781525405287, "ZXXXXZ": 0.026438907627026418, "XXYYZZ": -0.5023392449135023, "IIZXXZ": 0.0029376564030029403, "ZZZIZI": 0.3113915787183114, "IZYIYZ": -0.00293765640300293, "XYYXXX": -0.052877815254052885, "YXIXYI": -0.011750625612011747, "XZXYZY": 0.05287781525405288, "YZYZXX": -6.938893903907228e-18, "ZXZYYX": -0.02643890762702644, "ZZIIII": -0.6312697203786313, "XYXXXY": 0.052877815254052885, "IIXYYX": -0.8313567620498312, "ZXZXXX": -0.02643890762702644, "YXIYXI": -0.011750625612011765, "ZXIZIX": 0.020563594821020565, "XZIIXZ": 0.01762210377461111, "IXIXYY": 0.011750625612011747, "IIIIZZ": 0.9961919268849962, "ZYYYZY": 2.7755575615628914e-17, "XYZYZX": 6.938893903907228e-18, "XYXZZY": 0.02643890762702644, "IYIXXY": -0.020563594821020565, "ZIZIYY": 0.029376564030029362, "YXXXXY": -0.05286631132383335, "ZZIZZI": 0.33195517353933196, "YYIIXX": -0.20857360461320856, "ZXXZII": -0.02937656403002936, "YZZIIY": -0.017625938418017618, "ZZXXXX": 0.37014470677837014, "IZYIZY": -0.011750625612011747, "XYXYII": 0.1556957893591557, "XXXXXX": -0.5552170601675551, "ZZZIIZ": 0.29670329670329665, "YZZYXX": -0.02643890762702644, "IXYYIX": -0.011750625612011744, "IYYIII": 0.007833750408007835, "XXYYII": -0.44064846045044065, "YZZXXY": -0.026438907627026432, "XXIYYI": 0.011750625612011747, "IYYYIY": 0.014688282015014686, "IIIIYY": 0.4364051789794364, "IZZYIY": -3.469446951953614e-18, "IYXIXY": 0.00293765640300293, "YIXIXY": -0.008812969209008823, "ZZXIIX": -0.005875312806005874, "ZXIIXZ": 0.008812969209008814, "IZIZII": -0.0975954738330976, "XYYZZX": 0.02643890762702646, "IZZXIX": 0.029376564030029376, "IZZIXX": 0.06169078446306171, "YIIYXX": 0.008812969209008814, "XZYZYX": -0.10575563050810574, "YIIYII": 0.01044500054401044, "IZZIZZ": -0.0998803177020999, "XXZIZI": -0.3907083015993907, "XXXXII": 0.48765096289848764, "YYXYXY": -0.37014470677837014, "XYXZYZ": 0.05286631132383335, "XXZIIZ": -0.3848329887933848, "ZZZYYZ": -0.07931672288107931, "IXXZZI": -0.011750625612011751, "IZZXXI": 0.008812969209008818, "ZXYYXZ": 0.026438907627026432, "IIYYZZ": -0.5728429985855727, "IYZIZY": 0.0029376564030029403, "XZYZXY": 0.02643890762702646, "YYZYYZ": 0.05287781525405283, "YZXXYZ": 0.02643890762702644, "ZXIIZX": 0.011750625612011751, "ZXZIXI": -0.020563594821020565, "IZZYYI": -5.204170427930421e-18, "ZYXXZY": 0.026433155661916674, "ZIZYYI": -0.02056359482102056, "IZIZYY": -0.01762593841801764, "YYYZZY": -0.02643890762702644, "ZZXXII": -0.3525187683603525, "IYYYYI": -0.011750625612011734, "XXIZIZ": -0.39364595800239366, "YYZXXZ": 0.0793167228810793, "ZIIIIZ": -0.032640626700032635, "XZXZYY": 0.0, "ZYZXYX": 0.02643890762702644, "IIIZIZ": -0.49581111957349583, "YIYIXX": -0.008812969209008786, "XIIZXZ": 0.011750625612011737, "IXXXIX": 0.0058753128060058946, "ZXYXYZ": -1.3877787807814457e-17, "ZIXXZI": 0.038189533239038204, "ZIZIII": 0.06952453487106953, "IIXZXZ": -0.014688282015014681, "YXIYIX": 0.005874034591537035, "IXIZXZ": 0.020563594821020558, "XYYZXZ": -0.07929946698575002, "YZZYZZ": 0.0, "ZXXIZI": 0.0235012512240235, "ZXYYZX": 0.02643890762702644, "ZYXZXY": 0.026438907627026446, "XIZXIZ": -0.011750625612011758, "XYZXYZ": -0.02643890762702644, "XIIIXI": 0.01534109454901534, "IZIZZZ": -0.12044391252312044, "ZYZZZY": 0.026438907627026418, "YXZXZY": -0.02643890762702644, "IIYYXX": 0.6697856598846696, "XXXYXY": -0.6874115983026872, "YYYYII": -0.3319551735393319, "IYIIIY": 0.004243281471004244, "YIYYIY": 0.0029376564030029455, "IIZZYY": 0.4142095528234142, "XZXZXX": 0.18507235338918507, "IIZZZZ": 1.0103339497443709, "XXZXXZ": -0.07931672288107933, "ZZIXIX": -0.002937656403002937, "YZXXZY": 0.07931672288107931, "IXIZZX": 0.0058753128060058816, "YYIZZI": -0.2790773582852791, "XYZXZY": 0.026438907627026446, "ZZIZIZ": 0.2908279838972908, "IYXYXI": 0.014688282015014695, "XIXYIY": -0.0029370172957685174, "IXXYYI": 0.005875312806005874, "IZXXIZ": -0.005875312806005867, "IXIIIX": 0.007507344141007508, "ZYXZYX": -0.05287781525405286, "IXYIYX": 0.002937656403002937, "ZXZZZX": 0.052877815254052885, "XXZZYY": 0.31726689152431725, "YXXXYX": -0.07931672288107931, "IIZZXX": -0.4171472092264171, "ZXXZYY": -0.026438907627026432, "YZZZZY": -0.052877815254052885, "YXXYXX": 0.026438907627026432, "IIYZZY": 0.005875312806005881, "IIIIII": 1.0, "YIZIYZ": -0.02056359482102057, "YYXIIX": 0.01175062561201174, "YYIYYI": -0.011750625612011754, "ZYIIZY": 0.011750625612011744, "IXIYYX": -0.047002502448047004, "YYXXXX": -0.3965836144053966, "IZIZXX": 0.03818953323903819, "IIIXIX": -0.001305625068001309, "YIIXYX": 0.005874034591537045, "XIIXYY": 0.01762593841801763, "YXYZZX": 0.0793167228810793, "IYXXYI": 0.02056359482102056, "IIZZII": 0.9961919268849962, "IYXXIY": 0.02056359482102056, "XIYIXY": -0.01762593841801762, "YZIIZY": -0.005875312806005872, "YIYYYI": 0.005875312806005885, "XIXZZI": -0.029376564030029383, "IZIYYZ": 0.011750625612011753, "YIYXIX": 0.014688282015014695,