{"YYIYIY": 0.00587531280600587, "XXYXXY": -0.6874115983026873, "YXYZXZ": 0.05287781525405288, "ZZZZYY": -0.31726689152431725, "XXZZII": 0.8019801980198018, "ZYYZII": -0.02643890762702644, "YYZZZZ": 0.423022522032423, "YZYZYY": -0.052877815254052864, "ZYZYZZ": 1.3877787807814457e-17, "XXZYYZ": -0.05287781525405286, "XIZXZI": 0.03231422043303232, "XZZYXY": 0.02643890762702644, "YXXYII": -0.01762593841801763, "YYZZII": 0.564030029376564, "IYYXXI": 0.02350125122402351, "XZXIZI": 0.011750625612011761, "ZYYXZX": 0.0, "IXIXZZ": 0.02055912107037964, "YXZYXZ": -0.13219453813513218, "YIIZZY": -0.020563594821020555, "YXYXII": -0.03231422043303231, "XZZXXX": -6.938893903907228e-18, "YZZYYY": -0.026438907627026432, "YXYXZZ": -6.938893903907228e-18, "IYYZZI": -0.014688282015014681, "ZXXZXX": -0.0793167228810793, "ZIYZYI": 0.008812969209008814, "XXYZYZ": -0.026438907627026432, "ZZYYZZ": 0.26438907627026437, "XIYXIY": -0.029376564030029372, "YYZZYY": 0.18507235338918507, "ZZYIYI": -0.0029376564030029343, "IXXZIZ": -0.038189533239038204, "YYXXZZ": 0.2115112610162115, "IIXXYY": 0.6815362854966814, "XIYXYI": 0.011750625612011758, "ZZIXXI": -0.011750625612011747, "IIXXXX": -0.658035034272658, "IZIXXZ": 0.002937656403002944, "XIYIYX": -0.00881296920900879, "ZXYXZY": -6.938893903907228e-18, "IYIYII": 0.0029376564030029403, "ZYYZYY": -0.05287781525405287, "ZZXIXI": -0.005875312806005882, "ZXZYXY": 0.026438907627026432, "YXYIIX": 0.014688282015014681, "YIZYZI": 0.023501251224023495, "YZZIYI": 0.011750625612011744, "YYIIII": 0.5653356544445653, "ZXZXYY": -2.7755575615628914e-17, "IIIYYI": 0.004896094005004894, "YIYZIZ": -0.002937656403002937, "IYYIXX": -0.005875312806005856, "IIXZZX": 0.01762593841801762, "YXYYXY": 0.05287781525405288, "YZXYXZ": -0.05287781525405288, "XYYIXI": -0.011750625612011734, "XIIXXX": -0.020559121070379646, "ZYIYZI": 0.005875312806005888, "ZYYYYZ": 0.026438907627026432, "ZYXYXZ": 0.05287781525405287, "XZXXZX": 0.05287781525405288, "IZZZIZ": 0.06169078446306169, "IXIXXX": -0.044064846045044063, "ZZZXZX": -0.05287781525405286, "ZXXYYZ": 0.05287781525405286, "IXXIXX": 0.023501251224023502, "YZIYZI": -1.3877787807814457e-17, "XIIXII": 0.02415406375802416, "YYZXZX": 0.0, "XXXIXI": 0.005875312806005884, "XYIXIY": 0.029376564030029386, "XZYXZY": 0.026438907627026432, "YYIIZZ": 0.5757806549885758, "ZYZIYI": -0.0029376564030029377, "ZIXIZX": 0.0, "ZYIYIZ": -0.014685086478842608, "XXZXZX": 0.0793167228810793, "ZYZYII": 0.008812969209008812, "IZZZZI": 0.094005004896094, "XYYXII": 0.188010009792188, "XXYIIY": -6.938893903907228e-18, "IIYYII": -0.5552170601675552, "IYIIYI": -0.004569687738004577, "ZXXYZY": 0.026438907627026432, "ZZZZII": -0.6286584702426287, "XIXIII": 0.022848438690022847, "IYZYIZ": -0.014688282015014693, "XXYYYY": -0.5022299575764169, "XZIXIZ": -0.011750625612011751, "YXZYZX": 0.0, "IIXYXY": -0.8223648428151856, "XYXIIY": 0.01762210377461112, "YXIXIY": 0.01762593841801764, "XYXYZZ": 0.26438907627026437, "XYIYIX": -0.008812969209008824, "ZIIZZZ": 0.07637906647807638, "ZZYXYX": 0.5552170601675551, "ZXXXXZ": -1.3877787807814457e-17, "XXYYZZ": -0.44936364625258346, "IIZXXZ": 0.014688282015014674, "ZZZIZI": 0.3113915787183114, "IZYIYZ": -0.011750625612011758, "XYYXXX": -0.02643890762702644, "YXIXYI": 0.005874034591537036, "XZXYZY": 6.938893903907228e-18, "YZYZXX": -0.07931672288107931, "ZXZYYX": 0.0, "ZZIIII": -0.6247415950386248, "XYXXXY": -0.07931672288107933, "IIXYYX": -0.8107931672288107, "ZXZXXX": 0.05287781525405286, "YXIYXI": 0.0058753128060058946, "ZXIZIX": 0.02056359482102056, "XZIIXZ": 0.020563594821020548, "IXIXYY": 0.03231422043303232, "IIIIZZ": 0.9984767707539985, "ZYYYZY": 0.05287781525405286, "XYZYZX": 0.02643890762702644, "XYXZZY": -6.938893903907228e-18, "IYIXXY": -0.005874034591537028, "ZIZIYY": 0.04406484604504408, "YXXXXY": -0.10575563050810574, "ZZIZZI": 0.30544979875992606, "YYIIXX": -0.24382548144924382, "ZXXZII": -0.0029376564030029377, "YZZIIY": 0.0, "ZZXXXX": 0.42302252203242297, "IZYIZY": 0.026438907627026435, "XYXYII": 0.19682297900119683, "XXXXXX": -0.5552170601675551, "ZZZIIZ": 0.33195517353933196, "YZZYXX": -0.026438907627026432, "IXYYIX": -0.008812969209008814, "IYYIII": 0.009463722397476344, "XXYYII": -0.4435861168534435, "YZZXXY": -0.07931672288107931, "XXIYYI": -0.011750625612011744, "IYYYIY": 0.0029376564030029403, "IIIIYY": 0.4497878359264498, "IZZYIY": 0.023501251224023505, "IYXIXY": 6.938893903907228e-18, "YIXIXY": -0.026438907627026435, "ZZXIIX": -0.02056359482102056, "ZXIIXZ": 0.020563594821020555, "IZIZII": -0.11456859971711458, "XYYZZX": 0.05287781525405286, "IZZXIX": 0.014685086478842597, "IZZIXX": 0.06169078446306167, "YIIYXX": -0.038189533239038204, "XZYZYX": 0.02643890762702644, "YIIYII": 0.010445000544010444, "IZZIZZ": -0.0851920356870852, "XXZIZI": -0.4171472092264171, "XXXXII": 0.46121205527146114, "YYXYXY": -0.3965836144053965, "XYXZYZ": -0.026438907627026446, "XXZIIZ": -0.40539658361440534, "ZZZYYZ": 0.0, "IXXZZI": -0.017625938418017628, "IZZXXI": 0.0029376564030029508, "ZXYYXZ": -0.05287781525405288, "IIYYZZ": -0.5522794037645522, "IYZIZY": 3.469446951953614e-18, "XZYZXY": 0.05287781525405287, "YYZYYZ": -0.02643890762702644, "YZXXYZ": 0.0793167228810793, "ZXIIZX": -0.020563594821020565, "ZXZIXI": -0.017625938418017614, "IZZYYI": 0.01175062561201174, "ZYXXZY": -0.026438907627026432, "ZIZYYI": -0.008812969209008807, "IZIZYY": -0.052877815254052885, "YYYZZY": 0.02643890762702644, "ZZXXII": -0.3525187683603525, "IYYYYI": 0.0029376564030029334, "XXIZIZ": -0.4053965836144054, "YYZXXZ": -0.026438907627026418, "ZIIIIZ": -0.038515939506038516, "XZXZYY": -0.026438907627026446, "ZYZXYX": 0.0, "IIIZIZ": -0.5029920574475031, "YIYIXX": 0.005875312806005877, "XIIZXZ": -0.0029376564030029265, "IXXXIX": -3.469446951953614e-18, "ZXYXYZ": -0.026438907627026432, "ZIXXZI": 0.020563594821020565, "ZIZIII": 0.07246219127407247, "IIXZXZ": 0.0029376564030029265, "YXIYIX": 0.005875312806005874, "IXIZXZ": -0.05287781525405287, "XYYZXZ": 2.0816681711721685e-17, "YZZYZZ": 6.938893903907228e-18, "ZXXIZI": -0.005875312806005881, "ZXYYZX": 0.05287781525405287, "ZYXZXY": 0.05287781525405287, "XIZXIZ": -0.0029376564030029473, "XYZXYZ": 0.026433155661916674, "XIIIXI": -0.003590468937003588, "IZIZZZ": -0.12631922532912632, "ZYZZZY": 0.026438907627026425, "YXZXZY": 0.0, "IIYYXX": 0.6433467522576433, "XXXYXY": -0.6080948754216079, "YYYYII": -0.3378304863453378, "IYIIIY": -0.0035904689370035853, "YIYYIY": 0.011750625612011747, "IIZZYY": 0.4288978348384289, "XZXZXX": -0.026438907627026418, "IIZZZZ": 0.9958655206179957, "XXZXXZ": 0.0793167228810793, "ZZIXIX": 0.026438907627026446, "YZXXZY": -1.3877787807814457e-17, "IXIZZX": -0.014688282015014684, "YYIZZI": -0.29376564030029373, "XYZXZY": -0.05287781525405286, "ZZIZIZ": 0.3055162659123055, "IYXYXI": -0.020563594821020558, "XIXYIY": -0.008812969209008824, "IXXYYI": -0.01174806918307408, "IZXXIZ": -0.02056359482102057, "IXIIIX": 0.00750734414100751, "ZYXZYX": -0.026438907627026418, "IXYIYX": -0.029376564030029362, "ZXZZZX": -0.07931672288107931, "XXZZYY": 0.2908279838972908, "YXXXYX": 0.07931672288107933, "IIZZXX": -0.44946142965944946, "ZXXZYY": 0.026438907627026418, "YZZZZY": 0.026438907627026446, "YXXYXX": 0.02643890762702644, "IIYZZY": -0.0029376564030029334, "IIIIII": 1.0, "YIZIYZ": -0.017625938418017618, "YYXIIX": -0.014688282015014698, "YYIYYI": 0.002937656403002937, "ZYIIZY": 0.014688282015014698, "IXIYYX": -0.01762210377461112, "YYXXXX": -0.3965836144053966, "IZIZXX": 0.03231422043303233, "IIIXIX": -0.0032640626700032645, "YIIXYX": 0.017625938418017628, "XIIXYY": 0.00881296920900881, "YXYZZX": -0.02643890762702644, "IYXXYI": -0.01762210377461111, "IIZZII": 0.9988031770209989, "IYXXIY": 0.014688282015014702, "XIYIXY": -0.0029376564030029447, "YZIIZY": 0.00881296920900881, "YIYYYI": 0.029376564030029386, "XIXZZI": -0.023496138366148157, "IZIYYZ": -0.005875312806005882, "YIYXIX": -0.020563594821020565, "XZZIIX": 0.00293765640300293, "ZXZIIX": 0.005875312806005867,