{"YYIYIY": -0.035251876836035256, "XXYXXY": -0.6345337830486343, "YXYZXZ": -0.0793167228810793, "ZZZZYY": -0.3437057991513437, "XXZZII": 0.8223648428151855, "ZYYZII": 0.0, "YYZZZZ": 0.5552170601675551, "YZYZYY": 0.026438907627026425, "ZYZYZZ": -0.052877815254052885, "XXZYYZ": 6.938893903907228e-18, "XIZXZI": -0.017625938418017625, "XZZYXY": 0.05287781525405288, "YXXYII": -0.01762210377461112, "YYZZII": 0.5610923729735611, "IYYXXI": -0.008812969209008807, "XZXIZI": -3.469446951953614e-18, "ZYYXZX": 0.05287781525405286, "IXIXZZ": 6.938893903907228e-18, "YXZYXZ": 0.02643890762702644, "YIIZZY": -0.008812969209008804, "YXYXII": -0.014688282015014702, "XZZXXX": -0.0793167228810793, "YZZYYY": -0.10575563050810574, "YXYXZZ": -0.02643890762702644, "IYYZZI": -0.002937656403002942, "ZXXZXX": -0.026438907627026418, "ZIYZYI": 0.020563594821020558, "XXYZYZ": -0.07931672288107933, "ZZYYZZ": 0.3965836144053966, "XIYXIY": -0.017625938418017628, "YYZZYY": 0.31726689152431725, "ZZYIYI": -0.03231422043303232, "IXXZIZ": -0.014688282015014681, "YYXXZZ": 0.37014470677837014, "IIXXYY": 0.6843250299140651, "XIYXYI": -0.0029376564030029395, "ZZIXXI": -0.008812969209008804, "IIXXXX": -0.6374714394516374, "IZIXXZ": 0.00881296920900881, "XIYIYX": -3.469446951953614e-18, "ZXYXZY": -0.02643890762702646, "IYIYII": 0.0058753128060058755, "ZYYZYY": 0.05287781525405287, "ZZXIXI": -0.005875312806005874, "ZXZYXY": -0.026438907627026418, "YXYIIX": 0.017622103774611122, "YIZYZI": -0.017625938418017625, "YZZIYI": 0.008812969209008818, "YYIIII": 0.5640300293765641, "ZXZXYY": -0.07931672288107931, "IIIYYI": -0.003916875204003919, "YIYZIZ": -0.020563594821020575, "IYYIXX": -0.008812969209008807, "IIXZZX": -0.02056359482102057, "YXYYXY": 0.026438907627026446, "YZXYXZ": -0.026438907627026432, "XYYIXI": 0.02937656403002937, "XIIXXX": -0.011750625612011747, "ZYIYZI": -0.020563594821020558, "ZYYYYZ": 0.0, "ZYXYXZ": 0.10575563050810576, "XZXXZX": -1.3877787807814457e-17, "IZZZIZ": 0.052877815254052885, "IXIXXX": -0.005875312806005877, "ZZZXZX": -0.026438907627026446, "ZXXYYZ": 0.026438907627026425, "IXXIXX": 0.005875312806005863, "YZIYZI": 3.469446951953614e-18, "XIIXII": 0.02807093896202808, "YYZXZX": -0.05286631132383335, "XXXIXI": -0.02350125122402351, "XYIXIY": 0.014688282015014681, "XZYXZY": -0.026433155661916674, "YYIIZZ": 0.5728429985855727, "ZYZIYI": -0.005875312806005888, "ZIXIZX": -0.0029376564030029403, "ZYIYIZ": 0.005874034591537031, "XXZXZX": -0.02643890762702644, "ZYZYII": -0.005875312806005882, "IZZZZI": 0.03818953323903818, "XYYXII": 0.18213469698618215, "XXYIIY": -0.0058753128060058816, "IIYYII": -0.5571754977695573, "IYIIYI": 0.005875312806005873, "ZXXYZY": 2.0816681711721685e-17, "ZZZZII": -0.6169078446306169, "XIXIII": 0.033946251768033946, "IYZYIZ": 0.014688282015014705, "XXYYYY": -0.5287781525405287, "XZIXIZ": -0.017625938418017628, "YXZYZX": -6.938893903907228e-18, "IIXYXY": -0.8107931672288107, "XYXIIY": -0.011750625612011761, "YXIXIY": 3.469446951953614e-18, "XYXYZZ": 0.1850723533891851, "XYIYIX": -0.005875312806005881, "ZIIZZZ": 0.06462844086606463, "ZZYXYX": 0.3965836144053966, "ZXXXXZ": -6.938893903907228e-18, "XXYYZZ": -0.5286631132383335, "IIZXXZ": -0.005875312806005879, "ZZZIZI": 0.31726689152431725, "IZYIYZ": -0.014685086478842597, "XYYXXX": 0.05287781525405288, "YXIXYI": 0.0029376564030029525, "XZXYZY": 0.07931672288107933, "YZYZXX": -0.05287781525405287, "ZXZYYX": -0.026438907627026446, "ZZIIII": -0.6237623762376239, "XYXXXY": 0.026438907627026446, "IIXYYX": -0.8313567620498312, "ZXZXXX": 0.026438907627026425, "YXIYXI": -0.01175062561201174, "ZXIZIX": 0.02350125122402349, "XZIIXZ": 0.011750625612011746, "IXIXYY": -0.005875312806005867, "IIIIZZ": 0.9965183331519966, "ZYYYZY": 0.05287781525405286, "XYZYZX": -0.07931672288107927, "XYXZZY": 0.026438907627026446, "IYIXXY": -0.005875312806005874, "ZIZIYY": 0.008812969209008821, "YXXXXY": -0.0793167228810793, "ZZIZZI": 0.2848906776895464, "YYIIXX": -0.2643890762702644, "ZXXZII": -0.008812969209008824, "YZZIIY": 0.011750625612011747, "ZZXXXX": 0.3437057991513437, "IZYIZY": -3.469446951953614e-18, "XYXYII": 0.17332172777717333, "XXXXXX": -0.5023392449135023, "ZZZIIZ": 0.29376564030029373, "YZZYXX": 2.0816681711721685e-17, "IXYYIX": 0.02643890762702643, "IYYIII": 0.016320313350016324, "XXYYII": -0.48471330649548466, "YZZXXY": -0.02643890762702644, "XXIYYI": -0.020563594821020575, "IYYYIY": -0.035251876836035256, "IIIIYY": 0.44391252312044394, "IZZYIY": -0.008812969209008816, "IYXIXY": -0.032314220433032316, "YIXIXY": 0.011750625612011754, "ZZXIIX": 0.0029376564030029403, "ZXIIXZ": -0.0029376564030029195, "IZIZII": -0.10967250571210968, "XYYZZX": 1.3877787807814457e-17, "IZZXIX": -0.011750625612011751, "IZZIXX": 0.04112718964204113, "YIIYXX": -0.0029376564030029473, "XZYZYX": -0.02643890762702644, "YIIYII": 0.0022848438690022833, "IZZIZZ": -0.08519203568708518, "XXZIZI": -0.42302252203242297, "XXXXII": 0.4582743988684582, "YYXYXY": -0.3965836144053966, "XYXZYZ": 0.02643890762702644, "XXZIIZ": -0.4142095528234142, "ZZZYYZ": -0.07931672288107931, "IXXZZI": -0.008811051887305561, "IZZXXI": 0.02937656403002939, "ZXYYXZ": -0.05287781525405286, "IIYYZZ": -0.5699053421825699, "IYZIZY": -0.017625938418017635, "XZYZXY": -0.05287781525405287, "YYZYYZ": -0.052877815254052885, "YZXXYZ": 0.07931672288107927, "ZXIIZX": 0.017625938418017635, "ZXZIXI": 0.0, "IZZYYI": -0.011750625612011751, "ZYXXZY": -0.026438907627026418, "ZIZYYI": 1.734723475976807e-17, "IZIZYY": -0.04700250244804701, "YYYZZY": -0.026438907627026446, "ZZXXII": -0.3202045479273202, "IYYYYI": -0.017625938418017628, "XXIZIZ": -0.4171472092264171, "YYZXXZ": -0.02643890762702646, "ZIIIIZ": -0.040474377108040485, "XZXZYY": 6.938893903907228e-18, "ZYZXYX": -0.026438907627026446, "IIIZIZ": -0.49940158851049943, "YIYIXX": -0.017625938418017618, "XIIZXZ": 0.02056359482102056, "IXXXIX": -0.0029370172957685244, "ZXYXYZ": -0.07931672288107931, "ZIXXZI": -0.005875312806005867, "ZIZIII": 0.06854531607006854, "IIXZXZ": 0.03231422043303231, "YXIYIX": 0.02643890762702645, "IXIZXZ": -0.008812969209008828, "XYYZXZ": 0.0, "YZZYZZ": 0.0, "ZXXIZI": 0.017625938418017635, "ZXYYZX": 0.05287781525405286, "ZYXZXY": -0.05287781525405287, "XIZXIZ": 0.023501251224023502, "XYZXYZ": -0.026438907627026446, "XIIIXI": -0.002937656403002942, "IZIZZZ": -0.08812969209008814, "ZYZZZY": 0.026438907627026432, "YXZXZY": 2.0816681711721685e-17, "IIYYXX": 0.6756609726906755, "XXXYXY": -0.6609726906756606, "YYYYII": -0.30845392231530844, "IYIIIY": 0.002937656403002935, "YIYYIY": -0.008812969209008814, "IIZZYY": 0.4523990860624524, "XZXZXX": 0.05287781525405287, "IIZZZZ": 0.9899902078119899, "XXZXXZ": 0.026438907627026432, "ZZIXIX": 0.0029376564030029386, "YZXXZY": 0.10575563050810574, "IXIZZX": 0.008812969209008818, "YYIZZI": -0.2790773582852791, "XYZXZY": 0.0, "ZZIZIZ": 0.30251278146415755, "IYXYXI": -0.008812969209008814, "XIXYIY": 0.008812969209008807, "IXXYYI": -0.0029376564030029403, "IZXXIZ": -0.0029376564030029403, "IXIIIX": -0.005222500272005217, "ZYXZYX": 0.026438907627026446, "IXYIYX": 0.0, "ZXZZZX": 0.026433155661916674, "XXZZYY": 0.3965836144053966, "YXXXYX": -0.0793167228810793, "IIZZXX": -0.42008486562942005, "ZXXZYY": -0.052877815254052885, "YZZZZY": -0.026438907627026432, "YXXYXX": 0.0793167228810793, "IIYZZY": -0.017625938418017628, "IIIIII": 1.0, "YIZIYZ": -0.0029376564030029473, "YYXIIX": 0.01175062561201173, "YYIYYI": -0.014685086478842601, "ZYIIZY": 0.017625938418017625, "IXIYYX": -0.03525187683603523, "YYXXXX": -0.42302252203242297, "IZIZXX": 0.04112718964204114, "IIIXIX": -0.0016320313350016297, "YIIXYX": -0.03231422043303231, "XIIXYY": 0.014688282015014674, "YXYZZX": 0.13219453813513218, "IYXXYI": 0.005875312806005873, "IIZZII": 0.9984767707539985, "IYXXIY": 0.02937656403002938, "XIYIXY": 0.002937656403002944, "YZIIZY": 0.011750625612011753, "YIYYYI": -0.008812969209008821, "XIXZZI": -0.020563594821020555, "IZIYYZ": -3.469446951953614e-18, "YIYXIX": 0.0029376564030029403,