{"YYIYIY": -0.00881296920900881, "XXYXXY": -0.687411598302687, "YXYZXZ": 0.05286631132383335, "ZZZZYY": -0.2908279838972908, "XXZZII": 0.7990425416167989, "ZYYZII": 0.0235012512240235, "YYZZZZ": 0.608094875421608, "YZYZYY": -1.3877787807814457e-17, "ZYZYZZ": -0.05287781525405288, "XXZYYZ": 0.026438907627026418, "XIZXZI": 0.02350125122402349, "XZZYXY": 0.02643890762702644, "YXXYII": -0.03818953323903818, "YYZZII": 0.5992819062125992, "IYYXXI": -0.017625938418017618, "XZXIZI": -0.008812969209008828, "ZYYXZX": -6.938893903907228e-18, "IXIXZZ": 0.02350125122402349, "YXZYXZ": 0.026438907627026432, "YIIZZY": -0.0029376564030029334, "YXYXII": -0.02056359482102057, "XZZXXX": 0.10575563050810574, "YZZYYY": 0.05287781525405286, "YXYXZZ": -0.026438907627026432, "IYYZZI": -0.011750625612011761, "ZXXZXX": 1.3877787807814457e-17, "ZIYZYI": -0.00881296920900881, "XXYZYZ": 0.05287781525405284, "ZZYYZZ": 0.42302252203242297, "XIYXIY": 0.014685086478842596, "YYZZYY": 0.23795016864323795, "ZZYIYI": -0.005875312806005888, "IXXZIZ": -0.008812969209008818, "YYXXZZ": 0.3437057991513437, "IIXXYY": 0.6609726906756609, "XIYXYI": -0.01175062561201174, "ZZIXXI": -0.0029376564030029508, "IIXXXX": -0.658035034272658, "IZIXXZ": -0.0029376564030029334, "XIYIYX": 0.005875312806005867, "ZXYXZY": -0.026438907627026453, "IYIYII": 0.010445000544010447, "ZYYZYY": -0.10575563050810574, "ZZXIXI": 0.026438907627026435, "ZXZYXY": -1.3877787807814457e-17, "YXYIIX": -0.014688282015014695, "YIZYZI": 0.0058753128060058755, "YZZIYI": -0.017625938418017628, "YYIIII": 0.5702317484495703, "ZXZXYY": 0.05287781525405288, "IIIYYI": 0.014688282015014683, "YIYZIZ": 0.02056359482102057, "IYYIXX": 0.02350125122402351, "IIXZZX": 0.0029376564030029317, "YXYYXY": 0.05287781525405287, "YZXYXZ": 0.10575563050810574, "XYYIXI": -1.0408340855860843e-17, "XIIXXX": -0.0029376564030029403, "ZYIYZI": 0.03231422043303232, "ZYYYYZ": 0.0793167228810793, "ZYXYXZ": -0.07931672288107933, "XZXXZX": 0.10575563050810577, "IZZZIZ": 0.05287781525405288, "IXIXXX": -0.01175062561201174, "ZZZXZX": -0.026433155661916674, "ZXXYYZ": 0.05287781525405287, "IXXIXX": -0.02056359482102056, "YZIYZI": 3.469446951953614e-18, "XIIXII": 0.018931563486018932, "YYZXZX": -0.052877815254052864, "XXXIXI": -0.01762593841801763, "XYIXIY": 0.008811051887305556, "XZYXZY": 0.026438907627026432, "YYIIZZ": 0.5934065934065933, "ZYZIYI": 0.002937656403002937, "ZIXIZX": -0.0029376564030029334, "ZYIYIZ": 0.017625938418017628, "XXZXZX": 0.026438907627026432, "ZYZYII": -0.008812969209008824, "IZZZZI": 0.05581547165705581, "XYYXII": 0.19388532259819388, "XXYIIY": 0.005875312806005872, "IIYYII": -0.5548906539005549, "IYIIYI": 0.004243281471004243, "ZXXYZY": -0.026438907627026432, "ZZZZII": -0.6433467522576434, "XIXIII": 0.026112501360026116, "IYZYIZ": 0.0088129692090088, "XXYYYY": -0.47590033728647585, "XZIXIZ": 0.026438907627026442, "YXZYZX": 2.0816681711721685e-17, "IIXYXY": -0.8137308236318137, "XYXIIY": -0.011750625612011747, "YXIXIY": -0.011750625612011747, "XYXYZZ": 0.15859893397150004, "XYIYIX": -0.041127189642041116, "ZIIZZZ": 0.07344141007507345, "ZZYXYX": 0.47590033728647585, "ZXXXXZ": -0.02643890762702644, "XXYYZZ": -0.5023392449135022, "IIZXXZ": 0.00881296920900881, "ZZZIZI": 0.3025786095093026, "IZYIYZ": -0.02350125122402352, "XYYXXX": -0.10575563050810576, "YXIXYI": -0.01762593841801763, "XZXYZY": -6.938893903907228e-18, "YZYZXX": 0.05287781525405286, "ZXZYYX": 0.05286631132383335, "ZZIIII": -0.6191926884996193, "XYXXXY": 0.052877815254052864, "IIXYYX": -0.81355379092788, "ZXZXXX": -0.02643890762702644, "YXIYXI": -0.00881296920900882, "ZXIZIX": 0.0, "XZIIXZ": 0.008812969209008821, "IXIXYY": 0.029376564030029383, "IIIIZZ": 1.0014144271570016, "ZYYYZY": 0.0, "XYZYZX": 0.0, "XYXZZY": -0.05287781525405287, "IYIXXY": -0.005875312806005874, "ZIZIYY": 0.03818953323903821, "YXXXXY": -0.10575563050810574, "ZZIZZI": 0.32607986073332607, "YYIIXX": -0.24676313785224674, "ZXXZII": -6.938893903907228e-18, "YZZIIY": 6.938893903907228e-18, "ZZXXXX": 0.44946142965944935, "IZYIZY": -0.0029376564030029386, "XYXYII": 0.16744641497116744, "XXXXXX": -0.5287781525405287, "ZZZIIZ": 0.33481997171761124, "YZZYXX": -6.938893903907228e-18, "IXYYIX": 0.017625938418017618, "IYYIII": 0.01370906321401371, "XXYYII": -0.5082145577195082, "YZZXXY": -0.026438907627026425, "XXIYYI": 0.04406484604504407, "IYYYIY": 0.023501251224023495, "IIIIYY": 0.44260689805244263, "IZZYIY": 0.008812969209008797, "IYXIXY": -0.005875312806005867, "YIXIXY": 0.04112718964204112, "ZZXIIX": -0.04112718964204112, "ZXIIXZ": 0.026438907627026442, "IZIZII": -0.10151234903710152, "XYYZZX": 6.938893903907228e-18, "IZZXIX": -0.017625938418017628, "IZZIXX": 0.023501251224023505, "YIIYXX": 0.04700250244804701, "XZYZYX": -6.938893903907228e-18, "YIIYII": 0.004243281471004248, "IZZIZZ": -0.1263192253291263, "XXZIZI": -0.3936459580023936, "XXXXII": 0.4553367424654553, "YYXYXY": -0.47590033728647585, "XYXZYZ": 0.0, "XXZIIZ": -0.42008486562942005, "ZZZYYZ": -0.026438907627026432, "IXXZZI": -0.023501251224023502, "IZZXXI": 0.008812969209008818, "ZXYYXZ": -0.02643890762702644, "IIYYZZ": -0.5757806549885758, "IYZIZY": -0.0029376564030029403, "XZYZXY": 0.02643890762702644, "YYZYYZ": -6.938893903907228e-18, "YZXXYZ": -0.05286631132383335, "ZXIIZX": -0.008812969209008828, "ZXZIXI": 0.023501251224023516, "IZZYYI": 0.02056359482102057, "ZYXXZY": 0.026438907627026432, "ZIZYYI": -0.014688282015014688, "IZIZYY": -0.05581547165705582, "YYYZZY": 0.0, "ZZXXII": -0.3348928299423349, "IYYYYI": 0.011750625612011747, "XXIZIZ": -0.4053083868160557, "YYZXXZ": 0.026438907627026418, "ZIIIIZ": -0.03361984550103363, "XZXZYY": 0.052877815254052885, "ZYZXYX": 0.026438907627026446, "IIIZIZ": -0.5013600261125014, "YIYIXX": -0.014688282015014684, "XIIZXZ": -0.03525187683603525, "IXXXIX": 0.035251876836035256, "ZXYXYZ": 0.026438907627026418, "ZIXXZI": -0.01468828201501467, "ZIZIII": 0.0643020345990643, "IIXZXZ": 0.005874034591537038, "YXIYIX": 0.020563594821020555, "IXIZXZ": 1.3877787807814457e-17, "XYYZXZ": -0.10575563050810576, "YZZYZZ": 0.026438907627026453, "ZXXIZI": 0.0029376564030029317, "ZXYYZX": -0.02643890762702644, "ZYXZXY": 0.026438907627026425, "XIZXIZ": 0.005875312806005879, "XYZXYZ": 0.026438907627026446, "XIIIXI": 0.0013056250680013037, "IZIZZZ": -0.10575563050810576, "ZYZZZY": -1.3877787807814457e-17, "YXZXZY": 0.0, "IIYYXX": 0.6639103470786638, "XXXYXY": -0.6874115983026872, "YYYYII": -0.32314220433032315, "IYIIIY": 0.0022848438690022867, "YIYYIY": -0.0029376564030029334, "IIZZYY": 0.4465237732564465, "XZXZXX": 0.05287781525405287, "IIZZZZ": 0.9841148950059839, "XXZXXZ": 0.05287781525405288, "ZZIXIX": -0.005875312806005874, "YZXXZY": 0.05287781525405287, "IXIZZX": -0.023501251224023505, "YYIZZI": -0.2967032967032967, "XYZXZY": 0.026438907627026418, "ZZIZIZ": 0.3348928299423348, "IYXYXI": 0.026438907627026442, "XIXYIY": 0.008812969209008814, "IXXYYI": -0.020563594821020565, "IZXXIZ": 0.029376564030029376, "IXIIIX": 0.01762210377461112, "ZYXZYX": 0.0, "IXYIYX": -0.002937656403002944, "ZXZZZX": -0.0793167228810793, "XXZZYY": 0.26438907627026437, "YXXXYX": -0.05287781525405286, "IIZZXX": -0.44358611685344357, "ZXXZYY": 0.02643890762702644, "YZZZZY": 0.0528778152540529, "YXXYXX": 0.05287781525405283, "IIYZZY": 0.01762593841801762, "IIIIII": 1.0, "YIZIYZ": -0.008812969209008821, "YYXIIX": 0.011750625612011737, "YYIYYI": -0.011750625612011754, "ZYIIZY": -0.014688282015014688, "IXIYYX": -0.026438907627026435, "YYXXXX": -0.44946142965944946, "IZIZXX": 0.04994015885104992, "IIIXIX": -0.005548906539005546, "YIIXYX": 0.0029376564030029403, "XIIXYY": 0.04112718964204112, "YXYZZX": 0.02643890762702644, "IYXXYI": 0.0029376564030029334, "IIZZII": 1.0043520835600044, "IYXXIY": 0.005875312806005867, "XIYIXY": -0.014688282015014691, "YZIIZY": 0.002937656403002935, "YIYYYI": 0.014688282015014681, "XIXZZI": -0.03818953323903819, "IZIYYZ": 0.0235012512240235, "YIYXIX": 0.0029376564030029403, "XZZIIX": 0.020563594821020572, "ZXZIIX": 0.014688282015014688,