{"XXZZ": -0.24699221514508138, "XXZI": 0.023354564755838608, "XXIZ": -0.007784854918612888, "XXII": -0.2922859164897381, "XIZZ": -0.0955414012738853, "XIZI": -0.02618542108987968, "XIIZ": -0.0007077140835102455, "XIII": -0.0955414012738853, "IXZZ": 0.12668082094833685, "IXZI": -0.030431705590941244, "IXIZ": -0.030431705590941244, "IXII": 0.11818825194621371, "IIZZ": 0.821656050955414, "IIZI": -0.0007077140835102247, "IIIZ": 0.02760084925690026, "IIII": 0.9999999999999999, "XXYY": -0.20028308563340413, "XXYI": -0.0007077140835102524, "XXIY": -0.021939136588818117, "XIYY": -0.054493984430290195, "XIYI": 0.023354564755838615, "XIIY": 0.004953998584571816, "IXYY": 0.07714083510261857, "IXYI": -0.012031139419674472, "IXIY": 0.0092002830856334, "IIYY": 0.45789101203113947, "IIYI": -0.030431705590941327, "IIIY": 0.03892427459306444, "YYXX": -0.15923566878980897, "YYXI": -0.03750884642604391, "YYIX": 0.033262561924982365, "YYII": 0.35031847133757965, "YIXX": -0.11394196744515223, "YIXI": 0.01344656758669499, "YIIX": 0.019108280254777066, "YIII": 0.20028308563340413, "IYXX": -0.19179051663128094, "IYXI": 0.01769285208775656, "IYIX": 0.014861995753715537, "IYII": 0.45364472753007784, "IIXX": -0.4239207360226469, "IIXI": 0.0007077140835103357, "IIIX": 0.05732484076433117, "ZZXX": -0.3276716206652513, "ZZXI": 0.010615711252653981, "ZZIX": 0.00920028308563342, "ZZII": 0.7721160651096957, "ZIXX": -0.33191790516631287, "ZIXI": 0.006369426751592355, "ZIIX": -0.0035385704175513455, "ZIII": 0.8443029016277424, "IZXX": -0.28520877565463554, "IZXI": 0.02193913658881813, "IZIX": 0.0035385704175513455, "IZII": 0.7070063694267517, "YYZZ": 0.2653927813163482, "YYZI": 0.03326256192498228, "YYIZ": 0.02052370842179757, "YIZZ": 0.14225053078556266, "YIZI": -0.02193913658881816, "YIIZ": -0.012031139419674514, "IYZZ": 0.3658881811748053, "IYZI": 0.0007077140835102802, "IYIZ": 0.00778485491861286, "ZZYY": 0.3361641896673744, "ZZYI": 0.019108280254777066, "ZZIY": 0.05590941259731075, "ZIYY": 0.39278131634819524, "ZIYI": 0.030431705590941216, "ZIIY": 0.0530785562632696, "IZYY": 0.3036093418259023, "IZYI": 0.017692852087756505, "IZIY": 0.05166312809624912, "ZZZZ": 0.5994338287331917, "ZZZI": -0.02335456475583869, "ZZIZ": 0.0063694267515923, "ZIZZ": 0.7041755130927105, "ZIZI": -0.017692852087756616, "ZIIZ": -0.002123142250530896, "IZZZ": 0.5654635527246992, "IZZI": -0.01486199575371544, "IZIZ": 0.00353857041755129, "YYYY": 0.18754423213021942, "YYYI": 0.019108280254777038, "YYIY": 0.024769992922859155, "YIYY": 0.09412597310686484, "YIYI": 0.013446567586694977, "YIIY": -0.0007077140835102108, "IYYY": 0.24416135881104034, "IYYI": 0.038924274593064356, "IYIY": 0.010615711252653884, "XXXX": 0.1521585279547063, "XXXI": -0.031847133757961776, "XXIX": 0.046001415428167, "XIXX": 0.009200283085633448, "XIXI": 0.012031139419674458, "XIIX": 0.002123142250530813, "IXXX": -0.06157112526539278, "IXXI": -0.013446567586695005, "IXIX": 0.030431705590941285, "ZYZY": 0.06557377049180328, "XYYX": 0.12021857923497267, "YXYX": 0.15027322404371585, "ZXXZ": 0.04918032786885246, "YXXY": 0.03825136612021858, "XZXZ": -0.01092896174863388, "YZYZ": -0.01366120218579235, "ZYYZ": 0.02459016393442623, "ZXZX": -0.030054644808743168, "YZZY": -0.02459016393442623, "XZZX": 0.0, "XYXY": 0.1092896174863388}