{"XXZZ": -0.2413305024769993, "XXZI": -0.019108280254777066, "XXIZ": 0.002123142250530785, "XXII": -0.2823779193205945, "XIZZ": -0.04458598726114649, "XIZI": -0.014861995753715485, "XIIZ": -0.007784854918612871, "XIII": -0.07714083510261854, "IXZZ": 0.11394196744515214, "IXZI": -0.023354564755838664, "IXIZ": -0.03043170559094127, "IXII": 0.1408351026185421, "IIZZ": 0.8230714791224346, "IIZI": 0.0007077140835102247, "IIIZ": 0.04175513092710548, "IIII": 1.0, "XXYY": -0.1422505307855626, "XXYI": 0.0261854210898797, "XXIY": -0.04033970276008491, "XIYY": -0.07147912243453644, "XIYI": 0.0007077140835102802, "XIIY": 0.03326256192498234, "IXYY": 0.033262561924982295, "IXYI": -0.010615711252653953, "IXIY": 0.030431705590941244, "IIYY": 0.4182590233545648, "IIYI": -0.016277423920736, "IIIY": 0.07855626326963905, "YYXX": -0.1521585279547063, "YYXI": 0.020523708421797626, "YYIX": 0.014861995753715468, "YYII": 0.35739561217268223, "YIXX": -0.06581740976645432, "YIXI": 0.03043170559094123, "YIIX": 0.004953998584571864, "YIII": 0.15782024062278838, "IYXX": -0.224345364472753, "IYXI": 0.027600849256900206, "IYIX": 0.013446567586694963, "IYII": 0.48053786270346777, "IIXX": -0.4437367303609342, "IIXI": -0.0021231422505307296, "IIIX": 0.04883227176220803, "ZZXX": -0.34041047416843595, "ZZXI": 0.007784854918612916, "ZZIX": 0.019108280254777066, "ZZII": 0.7777777777777778, "ZIXX": -0.39985845718329793, "ZIXI": -0.006369426751592355, "ZIIX": 0.04175513092710548, "ZIII": 0.8627034677990092, "IZXX": -0.3163481953290871, "IZXI": -0.013446567586695046, "IZIX": 0.029016277423920767, "IZII": 0.7084217975937721, "YYZZ": 0.2625619249823071, "YYZI": 0.012031139419674486, "YYIZ": 0.007784854918612916, "YIZZ": 0.15782024062278843, "YIZI": 0.0007077140835102941, "YIIZ": 0.0021231422505308267, "IYZZ": 0.3644727530077848, "IYZI": 0.014861995753715468, "IYIZ": 0.021939136588818103, "ZZYY": 0.3361641896673744, "ZZYI": 0.006369426751592355, "ZZIY": -0.020523708421797626, "ZIYY": 0.36305732484076425, "ZIYI": 0.024769992922859252, "ZIIY": 0.012031139419674458, "IZYY": 0.29794762915782025, "IZYI": 0.00778485491861286, "IZIY": 0.0007077140835102247, "ZZZZ": 0.616418966737438, "ZZZI": 0.00495399858457185, "ZZIZ": 0.03750884642604396, "ZIZZ": 0.6843595187544231, "ZIZI": -0.006369426751592411, "ZIIZ": 0.01769285208775656, "IZZZ": 0.551309271054494, "IZZI": -0.01769285208775656, "IZIZ": 0.014861995753715551, "YYYY": 0.14932767162066526, "YYYI": 0.030431705590941244, "YYIY": 0.021939136588818103, "YIYY": 0.08987968860580325, "YIYI": 0.03609341825902335, "YIIY": 0.013446567586694949, "IYYY": 0.20169851380042464, "IYYI": 0.020523708421797543, "IYIY": -0.002123142250530785, "XXXX": 0.14366595895258313, "XXXI": 0.026185421089879674, "XXIX": -0.040339702760084924, "XIXX": 0.08563340410474166, "XIXI": 0.013446567586695005, "XIIX": -0.010615711252653974, "IXXX": -0.06723283793347484, "IXXI": -0.04600141542816703, "IXIX": 0.03467799009200281, "ZYZY": 0.02459016393442623, "XYYX": 0.10109289617486339, "YXYX": 0.1448087431693989, "ZXXZ": 0.00819672131147541, "YXXY": 0.08743169398907104, "XZXZ": 0.03825136612021858, "YZYZ": 0.0, "ZYYZ": -0.01639344262295082, "ZXZX": -0.06557377049180328, "YZZY": -0.0546448087431694, "XZZX": 0.01912568306010929, "XYXY": 0.04371584699453552}