{"XXZZ": -0.22009907997169145, "XXZI": -0.03326256192498231, "XXIZ": -0.031847133757961804, "XXII": -0.29511677282377924, "XIZZ": -0.04317055909412602, "XIZI": -0.03467799009200284, "XIIZ": 0.01203113941967443, "XIII": -0.050247699929228645, "IXZZ": 0.07430997876857753, "IXZI": 0.03184713375796176, "IXIZ": 0.013446567586694953, "IXII": 0.10403397027600854, "IIZZ": 0.7721160651096957, "IIZI": -0.0261854210898797, "IIIZ": -0.00495399858457185, "IIII": 1.0, "XXYY": -0.18046709129511676, "XXYI": 0.010615711252653953, "XXIY": 0.013446567586695019, "XIYY": -0.029016277423920697, "XIYI": -0.027600849256900248, "XIIY": -0.03326256192498235, "IXYY": 0.09271054493984429, "IXYI": -0.0021231422505307573, "IXIY": 0.06581740976645437, "IIYY": 0.464968152866242, "IIYI": 0.02760084925690015, "IIIY": 0.07006369426751585, "YYXX": -0.1634819532908705, "YYXI": 0.01627742392073603, "YYIX": 0.006369426751592369, "YYII": 0.3446567586694975, "YIXX": -0.046001415428166964, "YIXI": -0.002123142250530785, "YIIX": 0.010615711252653925, "YIII": 0.13375796178343943, "IYXX": -0.1521585279547063, "IYXI": -0.0261854210898797, "IYIX": 0.04033970276008493, "IYII": 0.4154281670205237, "IIXX": -0.4451521585279547, "IIXI": 0.009200283085633476, "IIIX": 0.02476999292285914, "ZZXX": -0.3517338995046002, "ZZXI": 0.027600849256900206, "ZZIX": -0.023354564755838636, "ZZII": 0.7834394904458599, "ZIXX": -0.3885350318471338, "ZIXI": 0.027600849256900095, "ZIIX": 0.002123142250530896, "ZIII": 0.8627034677990092, "IZXX": -0.3191790516631281, "IZXI": 0.01203113941967443, "IZIX": -0.013446567586694963, "IZII": 0.7338995046001415, "YYZZ": 0.29653220099079974, "YYZI": 0.01769285208775656, "YYIZ": 0.024769992922859196, "YIZZ": 0.19037508846426038, "YIZI": 0.03892427459306441, "YIIZ": 0.031847133757961776, "IYZZ": 0.3970276008492569, "IYZI": 0.004953998584571823, "IYIZ": 0.026185421089879674, "ZZYY": 0.3418259023354565, "ZZYI": 0.013446567586694935, "ZZIY": 0.007784854918612888, "ZIYY": 0.3913658881811748, "ZIYI": 0.03750884642604391, "ZIIY": 0.04600141542816705, "IZYY": 0.3220099079971691, "IZYI": 0.021939136588818076, "IZIY": 0.016277423920735973, "ZZZZ": 0.6192498230714791, "ZZZI": -0.04175513092710548, "ZZIZ": -0.010615711252653925, "ZIZZ": 0.6560509554140126, "ZIZI": -0.01344656758669499, "ZIIZ": 0.01486199575371544, "IZZZ": 0.5527246992215146, "IZZI": -0.04883227176220817, "IZIZ": 0.002123142250530785, "YYYY": 0.17622080679405522, "YYYI": -0.048832271762208085, "YYIY": -0.014861995753715496, "YIYY": 0.11818825194621371, "YIYI": -0.038924274593064384, "YIIY": 0.0007077140835102594, "IYYY": 0.27954706298655346, "IYYI": 0.04600141542816705, "IYIY": 0.03750884642604389, "XXXX": 0.17338995046001413, "XXXI": -0.00778485491861286, "XXIX": 0.02760084925690018, "XIXX": 0.002123142250530771, "XIXI": -0.003538570417551276, "XIIX": -0.050247699929228604, "IXXX": -0.08138711960368013, "IXXI": 0.02618542108987966, "IXIX": -0.023354564755838622, "ZYZY": -0.03825136612021858, "XYYX": 0.14207650273224043, "YXYX": 0.08743169398907104, "ZXXZ": 0.00546448087431694, "YXXY": -0.03278688524590164, "XZXZ": 0.01092896174863388, "YZYZ": -0.04371584699453552, "ZYYZ": 0.01639344262295082, "ZXZX": 0.02185792349726776, "YZZY": -0.03551912568306011, "XZZX": 0.01366120218579235, "XYXY": 0.09289617486338798}