{"XXZZ": -0.22859164897381462, "XXZI": -0.009200283085633393, "XXIZ": -0.01486199575371551, "XXII": -0.2937013446567587, "XIZZ": -0.1111111111111111, "XIZI": -0.007784854918612902, "XIIZ": 0.0007077140835102594, "XIII": -0.13375796178343946, "IXZZ": 0.11535739561217266, "IXZI": -0.013446567586694977, "IXIZ": -0.016277423920736014, "IXII": 0.16631280962491152, "IIZZ": 0.8046709129511678, "IIZI": -0.0686482661004954, "IIIZ": -0.04600141542816699, "IIII": 1.0, "XXYY": -0.11960368011323423, "XXYI": -0.004953998584571795, "XXIY": 0.019108280254777107, "XIYY": -0.04600141542816706, "XIYI": -0.0021231422505307435, "XIIY": 0.021939136588818145, "IXYY": 0.08704883227176219, "IXYI": 0.006369426751592355, "IXIY": -0.03750884642604388, "IIYY": 0.45506015569709835, "IIYI": 0.00353857041755129, "IIIY": 0.021939136588818103, "YYXX": -0.1564048124557679, "YYXI": -0.00495399858457185, "YYIX": 0.007784854918612888, "YYII": 0.343241330502477, "YIXX": -0.10686482661004956, "YIXI": 0.03043170559094127, "YIIX": -0.07289455060155697, "YIII": 0.1691436659589526, "IYXX": -0.191790516631281, "IYXI": 0.03326256192498228, "IYIX": 0.0007077140835102524, "IYII": 0.40410474168435956, "IIXX": -0.45930644019815997, "IIXI": 0.0007077140835103357, "IIIX": 0.05590941259731069, "ZZXX": -0.3290870488322718, "ZZXI": -0.012031139419674486, "ZZIX": 0.05307855626326963, "ZZII": 0.7919320594479831, "ZIXX": -0.34748761500353853, "ZIXI": 0.009200283085633476, "ZIIX": 0.05449398443029013, "ZIII": 0.8612880396319886, "IZXX": -0.30077848549186137, "IZXI": -0.0007077140835102802, "IZIX": 0.0644019815994338, "IZII": 0.7466383581033262, "YYZZ": 0.2795470629865534, "YYZI": 0.013446567586695046, "YYIZ": 0.020523708421797626, "YIZZ": 0.18471337579617836, "YIZI": -0.0021231422505307157, "YIIZ": -0.0035385704175512483, "IYZZ": 0.3885350318471338, "IYZI": 0.029016277423920767, "IYIZ": 0.019108280254777066, "ZZYY": 0.36588818117480537, "ZZYI": 0.009200283085633476, "ZZIY": 0.03892427459306447, "ZIYY": 0.3956121726822365, "ZIYI": 0.010615711252654036, "ZIIY": 0.05166312809624912, "IZYY": 0.3347487615003538, "IZYI": 0.0261854210898797, "IZIY": 0.05874026893135176, "ZZZZ": 0.6093418259023354, "ZZZI": -0.012031139419674486, "ZZIZ": 0.014861995753715496, "ZIZZ": 0.6914366595895258, "ZIZI": -0.023354564755838636, "ZIIZ": 0.006369426751592355, "IZZZ": 0.5513092710544939, "IZZI": -0.019108280254777066, "IZIZ": 0.007784854918612916, "YYYY": 0.18329794762915783, "YYYI": -0.004953998584571823, "YYIY": 0.04317055909412601, "YIYY": 0.08846426043878275, "YIYI": 0.03326256192498234, "YIIY": 0.05307855626326963, "IYYY": 0.19745222929936304, "IYYI": -0.004953998584571767, "IYIY": 0.054493984430290215, "XXXX": 0.1394196744515216, "XXXI": 0.055909412597310665, "XXIX": -0.010615711252653925, "XIXX": 0.08704883227176224, "XIXI": -0.01344656758669499, "XIIX": -0.01203113941967443, "IXXX": -0.08421797593772114, "IXXI": -0.03467799009200283, "IXIX": 0.014861995753715482, "ZYZY": -0.07377049180327869, "XYYX": 0.12295081967213115, "YXYX": 0.02459016393442623, "ZXXZ": 0.00546448087431694, "YXXY": 0.040983606557377046, "XZXZ": 0.030054644808743168, "YZYZ": -0.02459016393442623, "ZYYZ": 0.10382513661202186, "ZXZX": -0.040983606557377046, "YZZY": 0.01639344262295082, "XZZX": 0.00819672131147541, "XYXY": 0.07650273224043716}