{"XXZZ": -0.2724699221514508, "XXZI": -0.010615711252653953, "XXIZ": -0.0021231422505307573, "XXII": -0.31776362349610765, "XIZZ": -0.07997169143665958, "XIZI": -0.019108280254777038, "XIIZ": -0.013446567586694963, "XIII": -0.11677282377919321, "IXZZ": 0.16206652512385, "IXZI": -0.04033970276008493, "IXIZ": -0.03184713375796176, "IXII": 0.20169851380042464, "IIZZ": 0.8103326256192498, "IIZI": -0.029016277423920767, "IIIZ": -0.006369426751592411, "IIII": 1.0, "XXYY": -0.14932767162066524, "XXYI": -0.024769992922859196, "XXIY": -0.038924274593064426, "XIYY": -0.03043170559094123, "XIYI": 0.029016277423920753, "XIIY": -0.021939136588818117, "IXYY": 0.07997169143665955, "IXYI": -0.04175513092710545, "IXIY": 0.0007077140835102524, "IIYY": 0.45647558386411885, "IIYI": 0.00353857041755129, "IIIY": -0.0021231422505308406, "YYXX": -0.15782024062278838, "YYXI": -0.013446567586694907, "YYIX": -0.017692852087756603, "YYII": 0.34748761500353853, "YIXX": -0.10403397027600851, "YIXI": -0.004953998584571864, "YIIX": 0.0049539985845718365, "YIII": 0.18895966029723993, "IYXX": -0.25831564048124556, "IYXI": 0.01627742392073603, "IYIX": -0.010615711252653953, "IYII": 0.46213729653220104, "IIXX": -0.4536447275300778, "IIXI": -0.02052370842179757, "IIIX": 0.04033970276008492, "ZZXX": -0.35598018400566167, "ZZXI": 0.05732484076433131, "ZZIX": -0.020523708421797654, "ZZII": 0.7523000707714084, "ZIXX": -0.42108987968860573, "ZIXI": 0.05732484076433131, "ZIIX": -0.0346779900920029, "ZIII": 0.8598726114649681, "IZXX": -0.3375796178343949, "IZXI": 0.06440198159943389, "IZIX": -0.02760084925690026, "IZII": 0.7055909412597311, "YYZZ": 0.2965322009907997, "YYZI": 0.009200283085633393, "YYIZ": -0.002123142250530813, "YIZZ": 0.15923566878980894, "YIZI": -0.006369426751592341, "YIIZ": 0.007784854918612902, "IYZZ": 0.41259731068648264, "IYZI": 0.0205237084217976, "IYIZ": 0.023354564755838664, "ZZYY": 0.3375796178343949, "ZZYI": -0.02193913658881813, "ZZIY": 0.016277423920736, "ZIYY": 0.40268931351733905, "ZIYI": -0.002123142250530785, "ZIIY": 0.01627742392073614, "IZYY": 0.31068648266100496, "IZYI": -0.020523708421797626, "IZIY": 0.012031139419674403, "ZZZZ": 0.5668789808917197, "ZZZI": 0.004953998584571795, "ZZIZ": 0.03609341825902335, "ZIZZ": 0.6532200990799717, "ZIZI": 0.00920028308563342, "ZIIZ": 0.03184713375796172, "IZZZ": 0.5258315640481246, "IZZI": 0.0035385704175513455, "IZIZ": 0.031847133757961776, "YYYY": 0.16348195329087048, "YYYI": 0.0007077140835102524, "YYIY": 0.0205237084217976, "YIYY": 0.10969568294409057, "YIYI": 0.00920028308563342, "YIIY": 0.0007077140835102802, "IYYY": 0.25265392781316354, "IYYI": -0.0007077140835102524, "IYIY": 0.027600849256900234, "XXXX": 0.1634819532908705, "XXXI": 0.03184713375796175, "XXIX": 0.01910828025477708, "XIXX": 0.06157112526539274, "XIXI": -0.013446567586694963, "XIIX": -0.0035385704175513177, "IXXX": -0.09412597310686482, "IXXI": -0.016277423920736014, "IXIX": 0.06157112526539277, "ZYZY": 0.06284153005464481, "XYYX": 0.12021857923497267, "YXYX": 0.07103825136612021, "ZXXZ": -0.02459016393442623, "YXXY": 0.12295081967213115, "XZXZ": -0.0546448087431694, "YZYZ": 0.03551912568306011, "ZYYZ": 0.03278688524590164, "ZXZX": -0.03551912568306011, "YZZY": 0.04371584699453552, "XZZX": -0.04644808743169399, "XYXY": 0.09016393442622951}