{"XXZZ": -0.2116065109695683, "XXZI": -0.0035385704175513177, "XXIZ": -0.02901627742392074, "XXII": -0.2965322009907997, "XIZZ": -0.08421797593772117, "XIZI": 0.02193913658881809, "XIIZ": -0.026185421089879715, "XIII": -0.10686482661004955, "IXZZ": 0.14508138711960367, "IXZI": -0.006369426751592369, "IXIZ": -0.0007077140835102663, "IXII": 0.17055909412597314, "IIZZ": 0.7820240622788392, "IIZI": -0.05449398443029013, "IIIZ": -0.00920028308563342, "IIII": 1.0, "XXYY": -0.12951167728237795, "XXYI": 0.00920028308563342, "XXIY": -0.06157112526539277, "XIYY": -0.05307855626326967, "XIYI": -0.016277423920736014, "XIIY": -0.027600849256900192, "IXYY": 0.07430997876857748, "IXYI": 0.006369426751592355, "IXIY": 0.0007077140835102316, "IIYY": 0.44515215852795464, "IIYI": 0.020523708421797626, "IIIY": 0.03467799009200287, "YYXX": -0.14083510261854215, "YYXI": 0.023354564755838664, "YYIX": 0.021939136588818117, "YYII": 0.4182590233545648, "YIXX": -0.10403397027600846, "YIXI": 0.006369426751592397, "YIIX": 0.002123142250530771, "YIII": 0.20877565463552722, "IYXX": -0.1818825194621373, "IYXI": 0.02193913658881816, "IYIX": 0.006369426751592314, "IYII": 0.44798301486199577, "IIXX": -0.43665958952583156, "IIXI": 0.030431705590941327, "IIIX": 0.05732484076433125, "ZZXX": -0.31634819532908703, "ZZXI": -0.00920028308563342, "ZZIX": 0.04175513092710553, "ZZII": 0.7820240622788392, "ZIXX": -0.3092710544939844, "ZIXI": 0.009200283085633365, "ZIIX": 0.05166312809624918, "ZIII": 0.8315640481245576, "IZXX": -0.27246992215145077, "IZXI": -0.02193913658881813, "IZIX": 0.06298655343241329, "IZII": 0.7013446567586694, "YYZZ": 0.2639773531493277, "YYZI": 0.05024769992922862, "YYIZ": 0.06581740976645432, "YIZZ": 0.16772823779193202, "YIZI": 0.04175513092710548, "YIIZ": 0.04883227176220807, "IYZZ": 0.3786270346779901, "IYZI": -0.03326256192498234, "IYIZ": -0.020523708421797626, "ZZYY": 0.340410474168436, "ZZYI": -0.0587402689313517, "ZZIY": 0.02193913658881813, "ZIYY": 0.4069355980184005, "ZIYI": -0.009200283085633365, "ZIIY": 0.07147912243453647, "IZYY": 0.32059447983014866, "IZYI": -0.03609341825902335, "IZIY": 0.01910828025477715, "ZZZZ": 0.670205237084218, "ZZZI": 0.016277423920736056, "ZZIZ": -0.006369426751592355, "ZIZZ": 0.7423920736022648, "ZIZI": 0.009200283085633476, "ZIIZ": -0.002123142250530785, "IZZZ": 0.6220806794055201, "IZZI": 0.004953998584571906, "IZIZ": -0.009200283085633365, "YYYY": 0.2186836518046709, "YYYI": 0.031847133757961804, "YYIY": 0.07147912243453644, "YIYY": 0.11960368011323427, "YIYI": 0.04033970276008492, "YIIY": 0.07430997876857748, "IYYY": 0.2328379334748762, "IYYI": 0.02052370842179757, "IYIY": 0.020523708421797585, "XXXX": 0.17055909412597312, "XXXI": 0.01769285208775656, "XXIX": -0.05590941259731069, "XIXX": 0.06440198159943383, "XIXI": 0.04741684359518754, "XIIX": 0.016277423920736035, "IXXX": -0.11111111111111112, "IXXI": -0.04317055909412598, "IXIX": 0.02760084925690022, "ZYZY": -0.08469945355191257, "XYYX": 0.15846994535519127, "YXYX": 0.040983606557377046, "ZXXZ": 0.01092896174863388, "YXXY": 0.1092896174863388, "XZXZ": -0.040983606557377046, "YZYZ": -0.01366120218579235, "ZYYZ": -0.01366120218579235, "ZXZX": 0.05191256830601093, "YZZY": -0.04644808743169399, "XZZX": 0.03551912568306011, "XYXY": 0.06557377049180328}