{"XXZZ": -0.24416135881104034, "XXZI": 0.058740268931351716, "XXIZ": 0.03892427459306437, "XXII": -0.29794762915782025, "XIZZ": -0.10120311394196745, "XIZI": -0.0021231422505307435, "XIIZ": 0.0035385704175513594, "XIII": -0.12384996461429583, "IXZZ": 0.11252653927813162, "IXZI": 0.02760084925690022, "IXIZ": 0.04175513092710546, "IXII": 0.11535739561217266, "IIZZ": 0.7961783439490446, "IIZI": -0.007784854918612805, "IIIZ": 0.02052370842179757, "IIII": 1.0, "XXYY": -0.10544939844302903, "XXYI": -0.03043170559094127, "XXIY": -0.007784854918612867, "XIYY": -0.02476999292285917, "XIYI": -0.00353857041755129, "XIIY": -0.0007077140835102247, "IXYY": 0.07572540693559801, "IXYI": 0.026185421089879667, "IXIY": 0.0092002830856334, "IIYY": 0.3970276008492569, "IIYI": 0.03892427459306441, "IIIY": 0.05307855626326963, "YYXX": -0.13375796178343946, "YYXI": 0.034677990092002814, "YYIX": 0.016277423920735987, "YYII": 0.32342533616418967, "YIXX": -0.07430997876857748, "YIXI": 0.05449398443029019, "YIIX": -0.023354564755838636, "YIII": 0.23283793347487614, "IYXX": -0.21585279547062985, "IYXI": 0.04600141542816705, "IYIX": 0.019108280254777052, "IYII": 0.4819532908704883, "IIXX": -0.4536447275300778, "IIXI": 0.05166312809624918, "IIIX": 0.010615711252653953, "ZZXX": -0.346072186836518, "ZZXI": 0.02760084925690015, "ZZIX": 0.010615711252653981, "ZZII": 0.7975937721160651, "ZIXX": -0.3913658881811748, "ZIXI": 0.01910828025477712, "ZIIX": 0.030431705590941244, "ZIII": 0.8598726114649682, "IZXX": -0.33616418966737444, "IZXI": 0.0290162774239206, "IZIX": -0.01061571125265387, "IZII": 0.7508846426043878, "YYZZ": 0.2597310686482661, "YYZI": 0.019108280254777094, "YYIZ": 0.0035385704175513177, "YIZZ": 0.20736022646850671, "YIZI": 0.006369426751592341, "YIIZ": -0.020523708421797612, "IYZZ": 0.34324133050247696, "IYZI": 0.040339702760084944, "IYIZ": 0.01627742392073603, "ZZYY": 0.3545647558386411, "ZZYI": 0.026185421089879646, "ZZIY": 0.04033970276008489, "ZIYY": 0.3984430290162775, "ZIYI": 0.007784854918612916, "ZIIY": 0.02476999292285914, "IZYY": 0.30785562632696384, "IZYI": -0.012031139419674486, "IZIY": 0.03609341825902332, "ZZZZ": 0.6305732484076433, "ZZZI": 0.0035385704175513455, "ZZIZ": -0.006369426751592244, "ZIZZ": 0.6829440905874027, "ZIZI": -0.020523708421797626, "ZIIZ": -0.013446567586695046, "IZZZ": 0.5725406935598019, "IZZI": -0.00920028308563331, "IZIZ": -0.01061571125265387, "YYYY": 0.19320594479830147, "YYYI": 0.006369426751592355, "YYIY": 0.031847133757961804, "YIYY": 0.11677282377919322, "YIYI": 0.01769285208775652, "YIIY": -0.01910828025477708, "IYYY": 0.2384996461429582, "IYYI": -0.002123142250530785, "IYIY": 0.02901627742392071, "XXXX": 0.11535739561217266, "XXXI": -0.00495399858457185, "XXIX": -0.029016277423920753, "XIXX": 0.06298655343241334, "XIXI": -0.003538570417551304, "XIIX": -0.050247699929228576, "IXXX": -0.07572540693559798, "IXXI": -0.0007077140835102247, "IXIX": 0.06581740976645434, "ZYZY": 0.040983606557377046, "XYYX": 0.05737704918032787, "YXYX": 0.06557377049180328, "ZXXZ": -0.01639344262295082, "YXXY": 0.06830601092896176, "XZXZ": 0.06557377049180328, "YZYZ": 0.01912568306010929, "ZYYZ": 0.02185792349726776, "ZXZX": -0.040983606557377046, "YZZY": 0.00819672131147541, "XZZX": 0.05191256830601093, "XYXY": 0.15027322404371585}