{"XXZZ": -0.2724699221514508, "XXZI": 0.0007077140835102802, "XXIZ": 0.00353857041755129, "XXII": -0.3319179051663128, "XIZZ": -0.10403397027600851, "XIZI": -0.009200283085633379, "XIIZ": -0.023354564755838622, "XIII": -0.10686482661004955, "IXZZ": 0.1408351026185421, "IXZI": 0.02335456475583865, "IXIZ": 0.02335456475583865, "IXII": 0.1295116772823779, "IIZZ": 0.7735314932767162, "IIZI": -0.03750884642604391, "IIIZ": -0.020523708421797626, "IIII": 1.0, "XXYY": -0.2059447983014862, "XXYI": -0.03326256192498228, "XXIY": 0.0021231422505308267, "XIYY": -0.02618542108987973, "XIYI": -0.009200283085633393, "XIIY": 0.031847133757961804, "IXYY": 0.051663128096249115, "IXYI": -0.027600849256900248, "IXIY": -0.009200283085633441, "IIYY": 0.45506015569709835, "IIYI": -0.02335456475583869, "IIIY": 0.017692852087756478, "YYXX": -0.1464968152866242, "YYXI": 0.0007077140835102524, "YYIX": -0.023354564755838608, "YYII": 0.32484076433121023, "YIXX": -0.08987968860580321, "YIXI": 0.0007077140835102663, "YIIX": -0.034677990092002856, "YIII": 0.22859164897381457, "IYXX": -0.16206652512384997, "IYXI": 0.004953998584571823, "IYIX": 0.017692852087756533, "IYII": 0.4593064401981599, "IIXX": -0.4140127388535032, "IIXI": 0.03609341825902346, "IIIX": 0.031847133757961804, "ZZXX": -0.36447275300778487, "ZZXI": -0.012031139419674486, "ZZIX": 0.024769992922859196, "ZZII": 0.7933474876150036, "ZIXX": -0.3941967445152159, "ZIXI": -0.041755130927105366, "ZIIX": 0.04033970276008489, "ZIII": 0.8598726114649682, "IZXX": -0.340410474168436, "IZXI": -0.004953998584571906, "IZIX": 0.009200283085633476, "IZII": 0.7438075017692853, "YYZZ": 0.35031847133757954, "YYZI": 0.0205237084217976, "YYIZ": 0.009200283085633393, "YIZZ": 0.20736022646850671, "YIZI": 0.04458598726114654, "YIIZ": 0.04175513092710548, "IYZZ": 0.38995046001415423, "IYZI": 0.04883227176220806, "IYIZ": 0.0573248407643312, "ZZYY": 0.3446567586694975, "ZZYI": 0.016277423920735945, "ZZIY": 0.04458598726114646, "ZIYY": 0.40693559801840057, "ZIYI": 0.04175513092710553, "ZIIY": 0.07006369426751596, "IZYY": 0.3290870488322718, "IZYI": 0.014861995753715496, "IZIY": 0.04317055909412604, "ZZZZ": 0.605095541401274, "ZZZI": 0.00353857041755129, "ZZIZ": 0.01203113941967443, "ZIZZ": 0.6886058032554849, "ZIZI": -0.0007077140835102802, "ZIIZ": -0.0007077140835102802, "IZZZ": 0.5767869780608634, "IZZI": -0.004953998584571795, "IZIZ": -0.002123142250530785, "YYYY": 0.1847133757961784, "YYYI": -0.0007077140835102524, "YYIY": -0.0205237084217976, "YIYY": 0.08846426043878274, "YIYI": 0.002123142250530771, "YIIY": -0.0035385704175513316, "IYYY": 0.18471337579617836, "IYYI": -0.037508846426043935, "IYIY": 0.002123142250530785, "XXXX": 0.15215852795470636, "XXXI": 0.04175513092710548, "XXIX": -0.0007077140835102941, "XIXX": 0.07855626326963906, "XIXI": -0.020523708421797612, "XIIX": 0.021939136588818145, "IXXX": -0.10403397027600847, "IXXI": -0.0049539985845718365, "IXIX": 0.0318471337579618, "ZYZY": -0.060109289617486336, "XYYX": 0.060109289617486336, "YXYX": 0.07923497267759563, "ZXXZ": 0.02459016393442623, "YXXY": 0.10109289617486339, "XZXZ": -0.00546448087431694, "YZYZ": 0.05191256830601093, "ZYYZ": -0.0273224043715847, "ZXZX": -0.05191256830601093, "YZZY": -0.04918032786885246, "XZZX": -0.00546448087431694, "XYXY": 0.16120218579234974}