{"XXZZ": -0.25973106864826606, "XXZI": -0.021939136588818076, "XXIZ": -0.034677990092002786, "XXII": -0.32908704883227174, "XIZZ": -0.05449398443029017, "XIZI": -0.03750884642604388, "XIIZ": -0.02193913658881811, "XIII": -0.09554140127388536, "IXZZ": 0.12526539278131632, "IXZI": 0.0035385704175513316, "IXIZ": 0.0049539985845718434, "IXII": 0.1719745222929936, "IIZZ": 0.794762915782024, "IIZI": 0.004953998584571795, "IIIZ": 0.02901627742392071, "IIII": 0.9999999999999999, "XXYY": -0.1337579617834395, "XXYI": -0.019108280254777066, "XXIY": 0.007784854918612888, "XIYY": 0.016277423920736007, "XIYI": -0.004953998584571802, "XIIY": -0.003538570417551283, "IXYY": 0.038924274593064384, "IXYI": 0.0007077140835102386, "IXIY": -0.00920028308563341, "IIYY": 0.4437367303609342, "IIYI": 0.04883227176220806, "IIIY": 0.013446567586694935, "YYXX": -0.14932767162066524, "YYXI": 0.0587402689313517, "YYIX": -0.016277423920735987, "YYII": 0.44939844302901627, "YIXX": -0.07572540693559802, "YIXI": 0.002123142250530771, "YIIX": -0.007784854918612874, "YIII": 0.23142250530785563, "IYXX": -0.1507430997876858, "IYXI": -0.00778485491861286, "IYIX": 0.05307855626326967, "IYII": 0.45930644019815997, "IIXX": -0.3715498938428874, "IIXI": 0.02052370842179757, "IIIX": 0.05590941259731061, "ZZXX": -0.3389950460014154, "ZZXI": 0.02760084925690026, "ZZIX": -0.014861995753715468, "ZZII": 0.7735314932767161, "ZIXX": -0.3687190375088465, "ZIXI": 0.026185421089879757, "ZIIX": -0.004953998584571878, "ZIII": 0.851380042462845, "IZXX": -0.2951167728237791, "IZXI": 0.014861995753715496, "IZIX": -0.024769992922859113, "IZII": 0.6956829440905874, "YYZZ": 0.3191790516631281, "YYZI": -0.0007077140835102524, "YYIZ": 0.03609341825902332, "YIZZ": 0.14791224345364473, "YIZI": -0.03892427459306441, "YIIZ": -0.04741684359518755, "IYZZ": 0.35881104033970274, "IYZI": -0.04033970276008492, "IYIZ": -0.0261854210898797, "ZZYY": 0.4196744515215852, "ZZYI": -0.029016277423920767, "ZZIY": 0.013446567586694935, "ZIYY": 0.4366595895258316, "ZIYI": 0.016277423920736056, "ZIIY": 0.03326256192498234, "IZYY": 0.38004246284501064, "IZYI": -0.023354564755838747, "IZIY": 0.013446567586694935, "ZZZZ": 0.6348195329087049, "ZZZI": -0.010615711252653925, "ZZIZ": -0.010615711252653925, "ZIZZ": 0.7013446567586695, "ZIZI": -0.04033970276008492, "ZIIZ": -0.020523708421797626, "IZZZ": 0.5994338287331917, "IZZI": 0.01061571125265387, "IZIZ": 0.00778485491861286, "YYYY": 0.15498938428874734, "YYYI": -0.014861995753715468, "YYIY": 0.02901627742392074, "YIYY": 0.12384996461429587, "YIYI": 0.01344656758669499, "YIIY": 0.03184713375796178, "IYYY": 0.22009907997169145, "IYYI": -0.00920028308563342, "IYIY": -0.010615711252653953, "XXXX": 0.10261854210898796, "XXXI": -0.007784854918612888, "XXIX": -0.01486199575371553, "XIXX": 0.023354564755838664, "XIXI": -0.002123142250530813, "XIIX": 0.007784854918612888, "IXXX": -0.07147912243453645, "IXXI": 0.041755130927105436, "IXIX": -0.03609341825902335, "ZYZY": -0.030054644808743168, "XYYX": 0.16393442622950818, "YXYX": 0.08469945355191257, "ZXXZ": -0.01639344262295082, "YXXY": 0.11748633879781421, "XZXZ": -0.06557377049180328, "YZYZ": 0.01366120218579235, "ZYYZ": -0.01092896174863388, "ZXZX": -0.00273224043715847, "YZZY": -0.01639344262295082, "XZZX": 0.08469945355191257, "XYXY": 0.10382513661202186}