{"XXZZ": -0.25265392781316354, "XXZI": 0.009200283085633393, "XXIZ": 0.0063694267515923275, "XXII": -0.32342533616418967, "XIZZ": -0.0743099787685775, "XIZI": 0.014861995753715475, "XIIZ": 0.009200283085633386, "XIII": -0.07997169143665958, "IXZZ": 0.14791224345364473, "IXZI": 0.007784854918612916, "IXIZ": -0.009200283085633393, "IXII": 0.1875442321302194, "IIZZ": 0.821656050955414, "IIZI": -0.034677990092002786, "IIIZ": -0.01486199575371544, "IIII": 0.9999999999999999, "XXYY": -0.14366595895258313, "XXYI": 0.04175513092710542, "XXIY": -0.030431705590941265, "XIYY": -0.009200283085633414, "XIYI": -0.021939136588818096, "XIIY": -0.06581740976645431, "IXYY": 0.03184713375796178, "IXYI": -0.012031139419674458, "IXIY": 0.0375088464260439, "IIYY": 0.43241330502477, "IIYI": 0.009200283085633476, "IIIY": 0.06440198159943383, "YYXX": -0.15074309978768574, "YYXI": -0.013446567586694963, "YYIX": 0.024769992922859183, "YYII": 0.35739561217268223, "YIXX": -0.08987968860580328, "YIXI": -0.014861995753715496, "YIIX": 0.012031139419674486, "YIII": 0.1861288039631989, "IYXX": -0.18895966029723993, "IYXI": -0.020523708421797626, "IYIX": 0.020523708421797626, "IYII": 0.44090587402689313, "IIXX": -0.4621372965322009, "IIXI": -0.010615711252653925, "IIIX": 0.07572540693559804, "ZZXX": -0.34748761500353853, "ZZXI": 0.03609341825902335, "ZZIX": 0.006369426751592355, "ZZII": 0.7777777777777778, "ZIXX": -0.39278131634819535, "ZIXI": 0.041755130927105366, "ZIIX": 0.020523708421797626, "ZIII": 0.8598726114649682, "IZXX": -0.33757961783439494, "IZXI": 0.034677990092002786, "IZIX": 0.03326256192498234, "IZII": 0.7310686482661005, "YYZZ": 0.3248407643312102, "YYZI": 0.012031139419674486, "YYIZ": 0.007784854918612916, "YIZZ": 0.19886765746638357, "YIZI": 0.03326256192498239, "YIIZ": 0.0460014154281671, "IYZZ": 0.4366595895258316, "IYZI": 0.03326256192498234, "IYIZ": 0.043170559094125954, "ZZYY": 0.3290870488322718, "ZZYI": 0.03043170559094127, "ZZIY": 0.04458598726114646, "ZIYY": 0.36730360934182593, "ZIYI": 0.029016277423920656, "ZIIY": 0.06864826610049532, "IZYY": 0.3050247699929229, "IZYI": 0.0261854210898797, "IZIY": 0.04883227176220811, "ZZZZ": 0.5895258315640481, "ZZZI": -0.02901627742392071, "ZZIZ": 0.00353857041755129, "ZIZZ": 0.6829440905874027, "ZIZI": -0.017692852087756616, "ZIIZ": -0.002123142250530785, "IZZZ": 0.5654635527246992, "IZZI": -0.04175513092710542, "IZIZ": -0.03467799009200284, "YYYY": 0.18329794762915785, "YYYI": 0.03043170559094127, "YYIY": 0.012031139419674472, "YIYY": 0.1295116772823779, "YIYI": -0.006369426751592341, "YIIY": -0.02760084925690022, "IYYY": 0.22009907997169142, "IYYI": 0.04741684359518758, "IYIY": 0.026185421089879715, "XXXX": 0.16772823779193208, "XXXI": 0.016277423920736, "XXIX": 0.021939136588818145, "XIXX": 0.04741684359518755, "XIXI": 0.01203113941967443, "XIIX": -0.03326256192498228, "IXXX": -0.04033970276008491, "IXXI": -0.007784854918612888, "IXIX": 0.006369426751592362, "ZYZY": -0.02459016393442623, "XYYX": 0.04371584699453552, "YXYX": 0.09016393442622951, "ZXXZ": 0.01639344262295082, "YXXY": 0.1557377049180328, "XZXZ": -0.00819672131147541, "YZYZ": 0.00546448087431694, "ZYYZ": -0.02185792349726776, "ZXZX": 0.0546448087431694, "YZZY": -0.00273224043715847, "XZZX": -0.03825136612021858, "XYXY": 0.08469945355191257}