{"XXZZ": -0.29087048832271767, "XXZI": 0.061571125265392795, "XXIZ": 0.048832271762208085, "XXII": -0.32059447983014866, "XIZZ": -0.08704883227176215, "XIZI": -0.023354564755838678, "XIIZ": -0.004953998584571864, "XIII": -0.09695682944090582, "IXZZ": 0.16348195329087048, "IXZI": -0.019108280254777066, "IXIZ": -0.012031139419674458, "IXII": 0.1705590941259731, "IIZZ": 0.8145789101203114, "IIZI": -0.04175513092710542, "IIIZ": -0.03750884642604391, "IIII": 1.0, "XXYY": -0.1394196744515216, "XXYI": -0.016277423920736, "XXIY": -0.007784854918612902, "XIYY": -0.031847133757961804, "XIYI": -0.021939136588818103, "XIIY": -0.01627742392073603, "IXYY": 0.09695682944090589, "IXYI": 0.021939136588818145, "IXIY": 0.00212314225053082, "IIYY": 0.4338287331917905, "IIYI": 0.024769992922859196, "IIIY": 0.08138711960368014, "YYXX": -0.18471337579617833, "YYXI": 0.007784854918612888, "YYIX": -0.027600849256900234, "YYII": 0.36305732484076436, "YIXX": -0.11960368011323425, "YIXI": 0.00778485491861286, "YIIX": 0.006369426751592411, "YIII": 0.21868365180467092, "IYXX": -0.22151450813871193, "IYXI": 0.03043170559094127, "IYIX": -0.02193913658881813, "IYII": 0.462137296532201, "IIXX": -0.4762915782024062, "IIXI": -0.0007077140835103357, "IIIX": 0.0205237084217976, "ZZXX": -0.32342533616418967, "ZZXI": 0.014861995753715551, "ZZIX": 0.017692852087756533, "ZZII": 0.735314932767162, "ZIXX": -0.3772116065109696, "ZIXI": 0.017692852087756505, "ZIIX": 0.0035385704175513455, "ZIII": 0.8570417551309272, "IZXX": -0.2965322009907997, "IZXI": 0.002123142250530785, "IZIX": 0.02193913658881813, "IZII": 0.6716206652512384, "YYZZ": 0.26680820948336875, "YYZI": 0.012031139419674458, "YYIZ": 0.03184713375796179, "YIZZ": 0.12384996461429579, "YIZI": 0.036093418259023374, "YIIZ": 0.053078556263269655, "IYZZ": 0.3644727530077848, "IYZI": 0.04458598726114649, "IYIZ": 0.06157112526539277, "ZZYY": 0.3064401981599434, "ZZYI": 0.00495399858457185, "ZZIY": -0.024769992922859224, "ZIYY": 0.38287331917905165, "ZIYI": 0.010615711252653814, "ZIIY": -0.04458598726114654, "IZYY": 0.2965322009907997, "IZYI": -0.0021231422505308406, "IZIY": -0.04600141542816705, "ZZZZ": 0.6065109695682943, "ZZZI": -0.014861995753715496, "ZZIZ": 0.020523708421797626, "ZIZZ": 0.6815286624203822, "ZIZI": -0.027600849256900206, "ZIIZ": 0.019108280254777066, "IZZZ": 0.5583864118895966, "IZZI": -0.031847133757961776, "IZIZ": 0.0035385704175513455, "YYYY": 0.13517338995046, "YYYI": 0.009200283085633365, "YYIY": 0.03184713375796174, "YIYY": 0.08421797593772114, "YIYI": -0.002123142250530771, "YIIY": 0.029016277423920753, "IYYY": 0.17055909412597314, "IYYI": 0.0021231422505307573, "IYIY": 0.021939136588818117, "XXXX": 0.16206652512385, "XXXI": -0.019108280254777066, "XXIX": -0.01910828025477708, "XIXX": 0.06581740976645438, "XIXI": -0.002123142250530799, "XIIX": -0.007784854918612874, "IXXX": -0.09554140127388538, "IXXI": 0.02335456475583865, "IXIX": -0.03326256192498231, "ZYZY": 0.01639344262295082, "XYYX": 0.14754098360655737, "YXYX": 0.06830601092896176, "ZXXZ": 0.01912568306010929, "YXXY": 0.13387978142076504, "XZXZ": -0.05737704918032787, "YZYZ": -0.00273224043715847, "ZYYZ": 0.01366120218579235, "ZXZX": -0.09562841530054644, "YZZY": 0.06830601092896176, "XZZX": 0.01366120218579235, "XYXY": 0.12568306010928962}