{"XXZZ": -0.2611464968152866, "XXZI": 0.04458598726114649, "XXIZ": 0.01061571125265387, "XXII": -0.3064401981599434, "XIZZ": -0.0672328379334749, "XIZI": 0.03184713375796182, "XIIZ": 0.017692852087756575, "XIII": -0.07572540693559804, "IXZZ": 0.13517338995046002, "IXZI": -0.051663128096249095, "IXIZ": -0.034677990092002814, "IXII": 0.1408351026185421, "IIZZ": 0.8046709129511678, "IIZI": 0.02052370842179768, "IIIZ": 0.04033970276008497, "IIII": 1.0, "XXYY": -0.16914366595895258, "XXYI": -0.0007077140835102524, "XXIY": -0.014861995753715482, "XIYY": -0.048832271762208085, "XIYI": 0.034677990092002814, "XIIY": 0.06581740976645437, "IXYY": 0.08987968860580325, "IXYI": 0.05449398443029016, "IXIY": 0.0007077140835102524, "IIYY": 0.40268931351733894, "IIYI": 0.010615711252653925, "IIIY": 0.02476999292285917, "YYXX": -0.16065109695682944, "YYXI": -0.002123142250530785, "YYIX": 0.024769992922859155, "YYII": 0.35314932767162066, "YIXX": -0.061571125265392775, "YIXI": -0.010615711252653912, "YIIX": 0.01627742392073602, "YIII": 0.21443736730360935, "IYXX": -0.18754423213021942, "IYXI": 0.036093418259023374, "IYIX": 0.003538570417551276, "IYII": 0.44232130219391363, "IIXX": -0.41684359518754427, "IIXI": 0.03892427459306441, "IIIX": 0.02335456475583869, "ZZXX": -0.37721160651096963, "ZZXI": 0.006369426751592411, "ZZIX": 0.047416843595187524, "ZZII": 0.7990092002830858, "ZIXX": -0.4168435951875442, "ZIXI": -0.016277423920735945, "ZIIX": 0.07289455060155697, "ZIII": 0.8697806086341118, "IZXX": -0.35739561217268223, "IZXI": -0.004953998584571795, "IZIX": 0.03892427459306441, "IZII": 0.7480537862703468, "YYZZ": 0.3149327671620666, "YYZI": -0.006369426751592355, "YYIZ": -0.00353857041755129, "YIZZ": 0.20877565463552727, "YIZI": 0.0035385704175513594, "YIIZ": 0.009200283085633462, "IYZZ": 0.3842887473460722, "IYZI": 0.0261854210898797, "IYIZ": 0.020523708421797626, "ZZYY": 0.32342533616418967, "ZZYI": 0.01203113941967443, "ZZIY": 0.004953998584571823, "ZIYY": 0.37862703467799014, "ZIYI": 0.00778485491861286, "ZIIY": 0.01769285208775645, "IZYY": 0.3092710544939844, "IZYI": 0.0007077140835102247, "IZIY": 0.004953998584571795, "ZZZZ": 0.610757254069356, "ZZZI": -0.04741684359518761, "ZZIZ": -0.027600849256900206, "ZIZZ": 0.6673743807501769, "ZIZI": -0.030431705590941216, "ZIIZ": -0.004953998584571795, "IZZZ": 0.5527246992215146, "IZZI": -0.04033970276008503, "IZIZ": -0.023354564755838747, "YYYY": 0.1521585279547063, "YYYI": -0.03467799009200284, "YYIY": -0.019108280254777066, "YIYY": 0.10261854210898799, "YIYI": 0.0063694267515923275, "YIIY": -0.0035385704175513247, "IYYY": 0.21585279547062983, "IYYI": 0.006369426751592383, "IYIY": 0.019108280254777094, "XXXX": 0.12526539278131635, "XXXI": 0.0007077140835102802, "XXIX": -0.03609341825902335, "XIXX": 0.061571125265392795, "XIXI": -0.012031139419674458, "XIIX": -0.009200283085633393, "IXXX": -0.11394196744515214, "IXXI": -0.0007077140835102802, "IXIX": 0.044585987261146515, "ZYZY": 0.01639344262295082, "XYYX": 0.1557377049180328, "YXYX": 0.06557377049180328, "ZXXZ": -0.03825136612021858, "YXXY": 0.10382513661202186, "XZXZ": -0.01366120218579235, "YZYZ": 0.01639344262295082, "ZYYZ": -0.01092896174863388, "ZXZX": 0.06830601092896176, "YZZY": -0.00819672131147541, "XZZX": 0.01366120218579235, "XYXY": 0.12295081967213115}