{"XXZZ": -0.23283793347487614, "XXZI": -0.03326256192498231, "XXIZ": -0.027600849256900206, "XXII": -0.31493276716206653, "XIZZ": -0.07572540693559801, "XIZI": 0.013446567586694963, "XIIZ": 0.013446567586694966, "XIII": -0.10120311394196743, "IXZZ": 0.1380042462845011, "IXZI": -0.02760084925690022, "IXIZ": -0.0389242745930644, "IXII": 0.16914366595895264, "IIZZ": 0.815994338287332, "IIZI": 0.01344656758669499, "IIIZ": 0.0021231422505308406, "IIII": 1.0, "XXYY": -0.1507430997876858, "XXYI": -0.01769285208775656, "XXIY": -0.012031139419674458, "XIYY": -0.02901627742392069, "XIYI": 0.013446567586694984, "XIIY": -0.02901627742392076, "IXYY": 0.06015569709837226, "IXYI": -0.007784854918612888, "IXIY": -0.010615711252653925, "IIYY": 0.46496815286624205, "IIYI": -0.027600849256900206, "IIIY": 0.034677990092002814, "YYXX": -0.1663128096249115, "YYXI": 0.01769285208775659, "YYIX": 0.009200283085633393, "YYII": 0.3772116065109695, "YIXX": -0.08846426043878276, "YIXI": 0.019108280254777107, "YIIX": -0.043170559094125996, "YIII": 0.20877565463552727, "IYXX": -0.21019108280254778, "IYXI": -0.017692852087756533, "IYIX": -0.014861995753715482, "IYII": 0.491861288039632, "IIXX": -0.4465675866949752, "IIXI": 0.02052370842179757, "IIIX": 0.020523708421797626, "ZZXX": -0.3319179051663128, "ZZXI": 0.03750884642604391, "ZZIX": -0.004953998584571878, "ZZII": 0.7409766454352441, "ZIXX": -0.3970276008492569, "ZIXI": 0.05449398443029024, "ZIIX": -0.013446567586695019, "ZIII": 0.8428874734607219, "IZXX": -0.3220099079971691, "IZXI": 0.016277423920736056, "IZIX": -0.006369426751592383, "IZII": 0.6687898089171974, "YYZZ": 0.30644019815994333, "YYZI": -0.002123142250530785, "YYIZ": 0.0035385704175513455, "YIZZ": 0.1663128096249115, "YIZI": -0.009200283085633365, "YIIZ": -0.0007077140835102247, "IYZZ": 0.3842887473460722, "IYZI": 0.027600849256900206, "IYIZ": 0.04175513092710548, "ZZYY": 0.3842887473460721, "ZZYI": 0.0063694267515923, "ZZIY": 0.017692852087756533, "ZIYY": 0.4168435951875442, "ZIYI": 0.010615711252653981, "ZIIY": 0.02476999292285917, "IZYY": 0.32767162066525124, "IZYI": -0.002123142250530785, "IZIY": 0.026185421089879646, "ZZZZ": 0.6150035385704176, "ZZZI": -0.00920028308563342, "ZZIZ": 0.0007077140835101692, "ZIZZ": 0.6815286624203821, "ZIZI": -0.024769992922859085, "ZIIZ": -0.017692852087756505, "IZZZ": 0.5498938428874733, "IZZI": -0.05166312809624912, "IZIZ": -0.04741684359518755, "YYYY": 0.15215852795470627, "YYYI": -0.0035385704175513455, "YYIY": 0.04458598726114648, "YIYY": 0.10403397027600846, "YIYI": 0.019108280254777024, "YIIY": 0.04175513092710541, "IYYY": 0.21868365180467092, "IYYI": -0.010615711252653925, "IYIY": 0.029016277423920767, "XXXX": 0.16772823779193205, "XXXI": 0.031847133757961776, "XXIX": -0.00920028308563342, "XIXX": 0.03892427459306441, "XIXI": 0.007784854918612888, "XIIX": 0.034677990092002814, "IXXX": -0.05874026893135173, "IXXI": 0.0007077140835102524, "IXIX": -0.0035385704175512935, "ZYZY": 0.01092896174863388, "XYYX": 0.14754098360655737, "YXYX": 0.07650273224043716, "ZXXZ": 0.04918032786885246, "YXXY": 0.05191256830601093, "XZXZ": 0.02459016393442623, "YZYZ": 0.01912568306010929, "ZYYZ": 0.00819672131147541, "ZXZX": -0.03825136612021858, "YZZY": -0.04371584699453552, "XZZX": 0.07103825136612021, "XYXY": 0.15846994535519127}