{"XXZZ": -0.23849964614295827, "XXZI": -0.006369426751592383, "XXIZ": -0.013446567586695005, "XXII": -0.3191790516631281, "XIZZ": -0.06015569709837224, "XIZI": 0.007784854918612909, "XIIZ": -0.01910828025477706, "XIII": -0.07572540693559801, "IXZZ": 0.12668082094833688, "IXZI": 0.010615711252653912, "IXIZ": 0.023354564755838622, "IXII": 0.17338995046001415, "IIZZ": 0.7975937721160651, "IIZI": -0.04883227176220806, "IIIZ": 0.0007077140835103357, "IIII": 1.0, "XXYY": -0.16206652512384995, "XXYI": 0.0035385704175513177, "XXIY": 0.002123142250530799, "XIYY": -0.01627742392073603, "XIYI": 0.01344656758669499, "XIIY": 0.006369426751592411, "IXYY": 0.0629865534324133, "IXYI": 0.004953998584571823, "IXIY": 0.026185421089879677, "IIYY": 0.43241330502477, "IIYI": -0.03326256192498228, "IIIY": 0.00495399858457185, "YYXX": -0.19462137296532206, "YYXI": 0.05166312809624915, "YYIX": -0.016277423920736042, "YYII": 0.4140127388535032, "YIXX": -0.10261854210898798, "YIXI": -0.0007077140835102663, "YIIX": 0.007784854918612874, "YIII": 0.23142250530785563, "IYXX": -0.16489738145789104, "IYXI": -0.03750884642604385, "IYIX": 0.04458598726114649, "IYII": 0.44656758669497526, "IIXX": -0.4635527246992215, "IIXI": -0.010615711252653925, "IIIX": 0.05166312809624915, "ZZXX": -0.3347487615003539, "ZZXI": 0.00778485491861286, "ZZIX": 0.02476999292285914, "ZZII": 0.7523000707714083, "ZIXX": -0.3857041755130928, "ZIXI": 0.02193913658881813, "ZIIX": 0.05874026893135173, "ZIII": 0.8400566171266808, "IZXX": -0.30502476999292283, "IZXI": 0.02052370842179757, "IZIX": 0.014861995753715523, "IZII": 0.6744515215852795, "YYZZ": 0.35739561217268223, "YYZI": 0.012031139419674458, "YYIZ": 0.0205237084217976, "YIZZ": 0.17905166312809623, "YIZI": -0.05590941259731065, "YIIZ": -0.03326256192498227, "IYZZ": 0.3658881811748054, "IYZI": -0.030431705590941216, "IYIZ": 0.01769285208775656, "ZZYY": 0.346072186836518, "ZZYI": 0.04458598726114654, "ZZIY": 0.01344656758669499, "ZIYY": 0.3772116065109695, "ZIYI": 0.007784854918612916, "ZIIY": 0.027600849256900206, "IZYY": 0.32059447983014866, "IZYI": 0.024769992922859196, "IZIY": 0.033262561924982365, "ZZZZ": 0.6319886765746638, "ZZZI": -0.03750884642604385, "ZZIZ": -0.04458598726114654, "ZIZZ": 0.6900212314225053, "ZIZI": -0.06157112526539277, "ZIIZ": -0.04883227176220817, "IZZZ": 0.5782024062278839, "IZZI": -0.026185421089879646, "IZIZ": -0.033262561924982226, "YYYY": 0.1181882519462137, "YYYI": 0.004953998584571823, "YYIY": 0.06298655343241334, "YIYY": 0.08280254777070065, "YIYI": 0.034677990092002856, "YIIY": 0.07572540693559804, "IYYY": 0.1818825194621373, "IYYI": 0.01769285208775656, "IYIY": 0.04175513092710546, "XXXX": 0.17763623496107572, "XXXI": 0.0035385704175513455, "XXIX": -0.026185421089879743, "XIXX": 0.04317055909412596, "XIXI": 0.0049539985845718365, "XIIX": -0.010615711252653932, "IXXX": -0.05590941259731069, "IXXI": 0.02476999292285914, "IXIX": -0.013446567586694966, "ZYZY": 0.060109289617486336, "XYYX": 0.07650273224043716, "YXYX": 0.11202185792349727, "ZXXZ": 0.030054644808743168, "YXXY": 0.07377049180327869, "XZXZ": 0.02185792349726776, "YZYZ": 0.05191256830601093, "ZYYZ": 0.00819672131147541, "ZXZX": -0.01639344262295082, "YZZY": -0.01366120218579235, "XZZX": -0.01092896174863388, "XYXY": 0.15027322404371585}