{"XXZZ": -0.2653927813163482, "XXZI": -0.0035385704175513455, "XXIZ": -0.012031139419674486, "XXII": -0.32200990799716916, "XIZZ": -0.09978768577494694, "XIZI": 0.02335456475583863, "XIIZ": 0.023354564755838636, "XIII": -0.14225053078556266, "IXZZ": 0.16065109695682944, "IXZI": 0.006369426751592341, "IXIZ": -0.021939136588818117, "IXII": 0.191790516631281, "IIZZ": 0.7678697806086342, "IIZI": 0.01061571125265387, "IIIZ": 0.019108280254777066, "IIII": 1.0, "XXYY": -0.08987968860580328, "XXYI": 0.00778485491861286, "XXIY": -0.014861995753715496, "XIYY": -0.030431705590941216, "XIYI": 0.044585987261146515, "XIIY": -0.017692852087756533, "IXYY": 0.05449398443029017, "IXYI": -0.006369426751592369, "IXIY": 0.033262561924982274, "IIYY": 0.42250530785562634, "IIYI": 0.05024769992922856, "IIIY": 0.09554140127388533, "YYXX": -0.1422505307855626, "YYXI": -0.004953998584571878, "YYIX": -0.009200283085633379, "YYII": 0.34041047416843595, "YIXX": -0.07997169143665964, "YIXI": -0.01910828025477712, "YIIX": 0.019108280254777066, "YIII": 0.23000707714083515, "IYXX": -0.18754423213021937, "IYXI": -0.010615711252653981, "IYIX": 0.05307855626326968, "IYII": 0.4706298655343241, "IIXX": -0.43665958952583156, "IIXI": 0.014861995753715385, "IIIX": 0.05307855626326968, "ZZXX": -0.3121019108280254, "ZZXI": -0.009200283085633365, "ZZIX": 0.030431705590941216, "ZZII": 0.7466383581033262, "ZIXX": -0.3984430290162774, "ZIXI": -0.02193913658881813, "ZIIX": 0.057324840764331225, "ZIII": 0.8584571832979475, "IZXX": -0.29794762915782025, "IZXI": 0.016277423920736056, "IZIX": 0.024769992922859196, "IZII": 0.6956829440905874, "YYZZ": 0.2597310686482661, "YYZI": -0.027600849256900206, "YYIZ": -0.01486199575371551, "YIZZ": 0.16772823779193202, "YIZI": -0.006369426751592355, "YIIZ": -0.01344656758669499, "IYZZ": 0.3941967445152159, "IYZI": 0.03326256192498231, "IYIZ": 0.048832271762208085, "ZZYY": 0.42533616418966746, "ZZYI": 0.02052370842179768, "ZZIY": 0.06440198159943386, "ZIYY": 0.4720452937013446, "ZIYI": 0.016277423920736056, "ZIIY": 0.0573248407643312, "IZYY": 0.4111818825194622, "IZYI": 0.023354564755838636, "IZIY": 0.07572540693559804, "ZZZZ": 0.586694975230007, "ZZZI": -0.026185421089879757, "ZZIZ": -0.026185421089879757, "ZIZZ": 0.6928520877565463, "ZIZI": -0.007784854918612916, "ZIIZ": 0.014861995753715496, "IZZZ": 0.551309271054494, "IZZI": -0.05307855626326968, "IZIZ": -0.04175513092710553, "YYYY": 0.14083510261854207, "YYYI": -0.010615711252653953, "YYIY": 0.017692852087756533, "YIYY": 0.11394196744515216, "YIYI": -0.03750884642604384, "YIIY": 0.03326256192498232, "IYYY": 0.1804670912951168, "IYYI": 0.04600141542816699, "IYIY": 0.0686482661004954, "XXXX": 0.14932767162066524, "XXXI": -0.0035385704175513177, "XXIX": -0.047416843595187545, "XIXX": -0.014861995753715496, "XIXI": 0.0474168435951875, "XIIX": -0.013446567586694935, "IXXX": -0.0629865534324133, "IXXI": -0.03750884642604388, "IXIX": -0.019108280254777066, "ZYZY": 0.08743169398907104, "XYYX": 0.12021857923497267, "YXYX": 0.1366120218579235, "ZXXZ": -0.02459016393442623, "YXXY": 0.17759562841530055, "XZXZ": 0.00819672131147541, "YZYZ": -0.030054644808743168, "ZYYZ": -0.00273224043715847, "ZXZX": 0.03278688524590164, "YZZY": -0.03278688524590164, "XZZX": 0.06830601092896176, "XYXY": 0.08469945355191257}