{"XXZZ": -0.254069355980184, "XXZI": 0.06723283793347488, "XXIZ": 0.0389242745930644, "XXII": -0.29936305732484075, "XIZZ": -0.07430997876857753, "XIZI": 0.04600141542816703, "XIIZ": -0.00495399858457183, "XIII": -0.0969568294409059, "IXZZ": 0.13234253361641898, "IXZI": -0.027600849256900234, "IXIZ": 0.00353857041755129, "IXII": 0.1634819532908705, "IIZZ": 0.7933474876150035, "IIZI": -0.031847133757961776, "IIIZ": -0.006369426751592411, "IIII": 1.0, "XXYY": -0.16914366595895258, "XXYI": 0.02193913658881813, "XXIY": -0.006369426751592369, "XIYY": -0.020523708421797612, "XIYI": 0.017692852087756575, "XIIY": -0.004953998584571809, "IXYY": 0.10403397027600848, "IXYI": -0.021939136588818117, "IXIY": 0.03184713375796179, "IIYY": 0.4508138711960368, "IIYI": -0.00920028308563342, "IIIY": 0.06157112526539288, "YYXX": -0.19179051663128094, "YYXI": -0.05307855626326963, "YYIX": 0.027600849256900234, "YYII": 0.4210898796886058, "YIXX": -0.11111111111111109, "YIXI": -0.054493984430290146, "YIIX": 0.029016277423920725, "YIII": 0.2668082094833687, "IYXX": -0.2229299363057325, "IYXI": -0.03892427459306447, "IYIX": 0.030431705590941285, "IYII": 0.5088464260438783, "IIXX": -0.44232130219391363, "IIXI": 0.01061571125265387, "IIIX": 0.020523708421797626, "ZZXX": -0.36022646850672324, "ZZXI": -0.03609341825902335, "ZZIX": 0.08138711960368011, "ZZII": 0.7423920736022647, "ZIXX": -0.3984430290162774, "ZIXI": -0.023354564755838636, "ZIIX": 0.0828025477707007, "ZIII": 0.851380042462845, "IZXX": -0.33050247699929225, "IZXI": -0.05732484076433125, "IZIX": 0.08563340410474174, "IZII": 0.6843595187544231, "YYZZ": 0.30077848549186126, "YYZI": -0.00495399858457185, "YYIZ": -0.0007077140835102802, "YIZZ": 0.16206652512384997, "YIZI": 0.009200283085633393, "YIIZ": 0.019108280254777038, "IYZZ": 0.3361641896673744, "IYZI": -0.0063694267515923275, "IYIZ": 0.009200283085633448, "ZZYY": 0.2979476291578202, "ZZYI": -0.02901627742392071, "ZZIY": 0.04033970276008497, "ZIYY": 0.372965322009908, "ZIYI": -0.038924274593064356, "ZIIY": 0.03892427459306447, "IZYY": 0.2724699221514507, "IZYI": -0.020523708421797515, "IZIY": 0.03750884642604388, "ZZZZ": 0.6178343949044586, "ZZZI": -0.023354564755838636, "ZZIZ": -0.029016277423920767, "ZIZZ": 0.70276008492569, "ZIZI": -0.026185421089879757, "ZIIZ": -0.0346779900920029, "IZZZ": 0.5612172682236377, "IZZI": -0.020523708421797626, "IZIZ": -0.031847133757961776, "YYYY": 0.21443736730360935, "YYYI": 0.0035385704175513455, "YYIY": -0.004953998584571823, "YIYY": 0.09412597310686481, "YIYI": 0.021939136588818145, "YIIY": 0.019108280254777107, "IYYY": 0.2002830856334041, "IYYI": 0.0035385704175513455, "IYIY": 0.04033970276008497, "XXXX": 0.18895966029723987, "XXXI": -0.04883227176220811, "XXIX": 0.027600849256900248, "XIXX": 0.03609341825902331, "XIXI": -0.029016277423920732, "XIIX": -0.0007077140835102455, "IXXX": -0.08421797593772117, "IXXI": 0.0035385704175513316, "IXIX": -0.010615711252653967, "ZYZY": 0.07923497267759563, "XYYX": 0.10382513661202186, "YXYX": 0.11475409836065574, "ZXXZ": -0.01092896174863388, "YXXY": 0.09016393442622951, "XZXZ": 0.07650273224043716, "YZYZ": -0.02459016393442623, "ZYYZ": 0.01366120218579235, "ZXZX": -0.02459016393442623, "YZZY": 0.01366120218579235, "XZZX": 0.02459016393442623, "XYXY": 0.13114754098360656}