{"XXZZ": -0.2526539278131635, "XXZI": -0.031847133757961776, "XXIZ": -0.04317055909412598, "XXII": -0.31776362349610754, "XIZZ": -0.12809624911535739, "XIZI": -0.006369426751592362, "XIIZ": -0.0007077140835102802, "XIII": -0.07430997876857748, "IXZZ": 0.11677282377919318, "IXZI": -0.0644019815994338, "IXIZ": -0.08138711960368009, "IXII": 0.13658881811748053, "IIZZ": 0.8046709129511678, "IIZI": -0.00778485491861286, "IIIZ": 0.01486199575371544, "IIII": 1.0, "XXYY": -0.16772823779193208, "XXYI": -0.0007077140835102802, "XXIY": -0.029016277423920753, "XIYY": -0.02052370842179764, "XIYI": -0.046001415428167006, "XIIY": -0.03184713375796176, "IXYY": 0.11111111111111109, "IXYI": 0.029016277423920753, "IXIY": 0.012031139419674472, "IIYY": 0.49327671620665253, "IIYI": 0.04883227176220811, "IIIY": 0.07997169143665966, "YYXX": -0.22009907997169142, "YYXI": -0.036093418259023374, "YYIX": -0.024769992922859155, "YYII": 0.36588818117480537, "YIXX": -0.09837225760792638, "YIXI": 0.023354564755838678, "YIIX": -0.04175513092710549, "YIII": 0.1847133757961783, "IYXX": -0.21443736730360935, "IYXI": -0.019108280254777094, "IYIX": 0.03750884642604392, "IYII": 0.4338287331917905, "IIXX": -0.46638358103326255, "IIXI": -0.010615711252653981, "IIIX": 0.04883227176220811, "ZZXX": -0.39136588818117485, "ZZXI": -0.01769285208775656, "ZZIX": 0.0007077140835102802, "ZZII": 0.7791932059447984, "ZIXX": -0.42108987968860584, "ZIXI": 0.0035385704175513455, "ZIIX": -0.006369426751592355, "ZIII": 0.8570417551309272, "IZXX": -0.3446567586694976, "IZXI": -0.01061571125265387, "IZIX": 0.01344656758669499, "IZII": 0.7126680820948337, "YYZZ": 0.2922859164897382, "YYZI": 0.007784854918612916, "YYIZ": 0.014861995753715496, "YIZZ": 0.14932767162066524, "YIZI": 0.07430997876857746, "YIIZ": 0.05590941259731065, "IYZZ": 0.37154989384288745, "IYZI": 0.02760084925690026, "IYIZ": 0.01769285208775656, "ZZYY": 0.3489030431705591, "ZZYI": 0.014861995753715496, "ZZIY": 0.03892427459306444, "ZIYY": 0.40268931351733894, "ZIYI": 0.01486199575371544, "ZIIY": 0.024769992922859113, "IZYY": 0.35314932767162066, "IZYI": 0.007784854918612916, "IZIY": 0.029016277423920767, "ZZZZ": 0.6079263977353149, "ZZZI": -0.012031139419674486, "ZZIZ": 0.002123142250530785, "ZIZZ": 0.6687898089171974, "ZIZI": -0.04458598726114649, "ZIIZ": -0.027600849256900206, "IZZZ": 0.5626326963906582, "IZZI": -0.029016277423920767, "IZIZ": -0.023354564755838636, "YYYY": 0.20736022646850671, "YYYI": -0.00778485491861286, "YYIY": 0.034677990092002814, "YIYY": 0.13234253361641896, "YIYI": -0.03184713375796183, "YIIY": -0.0007077140835102941, "IYYY": 0.19745222929936307, "IYYI": -0.020523708421797626, "IYIY": -0.0035385704175513177, "XXXX": 0.12384996461429582, "XXXI": 0.014861995753715523, "XXIX": -0.0318471337579618, "XIXX": 0.07006369426751592, "XIXI": -0.002123142250530799, "XIIX": -0.0007077140835102386, "IXXX": -0.11111111111111109, "IXXI": -0.004953998584571823, "IXIX": -0.00920028308563342, "ZYZY": -0.03551912568306011, "XYYX": 0.1284153005464481, "YXYX": 0.0546448087431694, "ZXXZ": -0.04371584699453552, "YXXY": 0.09562841530054644, "XZXZ": 0.00819672131147541, "YZYZ": 0.00546448087431694, "ZYYZ": -0.03551912568306011, "ZXZX": 0.03551912568306011, "YZZY": -0.00273224043715847, "XZZX": 0.00819672131147541, "XYXY": 0.13114754098360656}