{"XXZZ": -0.24416135881104034, "XXZI": 0.010615711252653953, "XXIZ": -0.003538570417551304, "XXII": -0.32059447983014866, "XIZZ": -0.04600141542816699, "XIZI": -0.023354564755838608, "XIIZ": -0.017692852087756533, "XIII": -0.06298655343241327, "IXZZ": 0.17905166312809623, "IXZI": 0.006369426751592355, "IXIZ": 0.012031139419674458, "IXII": 0.18471337579617833, "IIZZ": 0.821656050955414, "IIZI": 0.014861995753715496, "IIIZ": 0.017692852087756616, "IIII": 1.0, "XXYY": -0.18329794762915785, "XXYI": -0.012031139419674458, "XXIY": -0.03467799009200283, "XIYY": -0.0261854210898797, "XIYI": -0.002123142250530785, "XIIY": 0.0007077140835102802, "IXYY": 0.0672328379334749, "IXYI": 0.0007077140835102455, "IXIY": -0.03609341825902337, "IIYY": 0.3800424628450106, "IIYI": 0.013446567586694935, "IIIY": 0.0474168435951875, "YYXX": -0.1705590941259731, "YYXI": -0.023354564755838636, "YYIX": 0.002123142250530785, "YYII": 0.35881104033970274, "YIXX": -0.08138711960368013, "YIXI": -0.05590941259731065, "YIIX": 0.04600141542816703, "YIII": 0.21868365180467092, "IYXX": -0.21868365180467092, "IYXI": -0.00353857041755129, "IYIX": 0.010615711252653953, "IYII": 0.4805378627034678, "IIXX": -0.4607218683651805, "IIXI": 0.029016277423920656, "IIIX": 0.000707714083510308, "ZZXX": -0.36022646850672324, "ZZXI": -0.01486199575371544, "ZZIX": -0.01769285208775659, "ZZII": 0.7862703467799008, "ZIXX": -0.3757961783439491, "ZIXI": -0.01344656758669499, "ZIIX": 0.04033970276008497, "ZIII": 0.8556263269639066, "IZXX": -0.3319179051663128, "IZXI": -0.017692852087756505, "IZIX": 0.004953998584571795, "IZII": 0.7041755130927105, "YYZZ": 0.3347487615003539, "YYZI": 0.006369426751592355, "YYIZ": 0.02193913658881813, "YIZZ": 0.19037508846426043, "YIZI": 0.017692852087756547, "YIIZ": 0.021939136588818145, "IYZZ": 0.40410474168435956, "IYZI": 0.05024769992922859, "IYIZ": 0.0573248407643312, "ZZYY": 0.36447275300778487, "ZZYI": 0.021939136588818187, "ZZIY": 0.04317055909412604, "ZIYY": 0.3786270346779901, "ZIYI": 0.021939136588818187, "ZIIY": 0.048832271762208085, "IZYY": 0.35314932767162066, "IZYI": 0.04175513092710548, "IZIY": 0.03750884642604391, "ZZZZ": 0.6022646850672329, "ZZZI": 0.010615711252653925, "ZZIZ": 0.0007077140835103357, "ZIZZ": 0.670205237084218, "ZIZI": -0.03467799009200284, "ZIIZ": -0.03326256192498228, "IZZZ": 0.5371549893842887, "IZZI": -0.017692852087756616, "IZIZ": -0.010615711252653925, "YYYY": 0.1479122434536447, "YYYI": -0.016277423920736056, "YYIY": 0.038924274593064384, "YIYY": 0.05024769992922863, "YIYI": -0.037508846426043865, "YIIY": -0.013446567586694977, "IYYY": 0.16206652512384995, "IYYI": -0.04175513092710542, "IYIY": 0.007784854918612874, "XXXX": 0.15357395612172683, "XXXI": -0.02901627742392074, "XXIX": 0.017692852087756533, "XIXX": 0.08704883227176219, "XIXI": 0.006369426751592355, "XIIX": -0.0007077140835102733, "IXXX": -0.03326256192498229, "IXXI": 0.03609341825902335, "IXIX": -0.033262561924982316, "ZYZY": -0.01092896174863388, "XYYX": 0.08743169398907104, "YXYX": 0.06284153005464481, "ZXXZ": -0.01639344262295082, "YXXY": 0.05191256830601093, "XZXZ": 0.03278688524590164, "YZYZ": 0.03551912568306011, "ZYYZ": 0.00273224043715847, "ZXZX": 0.0273224043715847, "YZZY": 0.05737704918032787, "XZZX": 0.04371584699453552, "XYXY": 0.11202185792349727}