{"XXZZ": -0.256900212314225, "XXZI": -0.03609341825902335, "XXIZ": -0.051663128096249095, "XXII": -0.28662420382165604, "XIZZ": -0.12384996461429583, "XIZI": -0.0049539985845718365, "XIIZ": -0.012031139419674444, "XIII": -0.13375796178343952, "IXZZ": 0.12668082094833688, "IXZI": -0.04317055909412597, "IXIZ": -0.033262561924982295, "IXII": 0.14508138711960367, "IIZZ": 0.8145789101203114, "IIZI": -0.01203113941967443, "IIIZ": -0.00495399858457185, "IIII": 1.0, "XXYY": -0.12809624911535739, "XXYI": 0.06581740976645434, "XXIY": 0.0403397027600849, "XIYY": -0.012031139419674444, "XIYI": -0.021939136588818117, "XIIY": 0.006369426751592341, "IXYY": 0.03184713375796176, "IXYI": -0.003538570417551304, "IXIY": 0.013446567586694987, "IIYY": 0.4762915782024062, "IIYI": 0.021939136588818187, "IIIY": 0.05874026893135173, "YYXX": -0.16772823779193202, "YYXI": 0.04600141542816699, "YYIX": 0.01061571125265394, "YYII": 0.3857041755130927, "YIXX": -0.14649681528662423, "YIXI": -0.009200283085633407, "YIIX": 0.009200283085633379, "YIII": 0.24557678697806085, "IYXX": -0.2484076433121019, "IYXI": -0.0007077140835102247, "IYIX": 0.048832271762208, "IYII": 0.5258315640481246, "IIXX": -0.45647558386411885, "IIXI": 0.02052370842179757, "IIIX": 0.06157112526539282, "ZZXX": -0.32484076433121023, "ZZXI": 0.024769992922859196, "ZZIX": 0.030431705590941216, "ZZII": 0.7650389242745931, "ZIXX": -0.38004246284501064, "ZIXI": 0.05166312809624907, "ZIIX": 0.03184713375796172, "ZIII": 0.854210898796886, "IZXX": -0.280962491153574, "IZXI": 0.04033970276008497, "IZIX": 0.05449398443029013, "IZII": 0.6871903750884643, "YYZZ": 0.27388535031847133, "YYZI": -0.023354564755838636, "YYIZ": 0.0007077140835102802, "YIZZ": 0.10828025477707005, "YIZI": -0.06440198159943379, "YIIZ": -0.04600141542816698, "IYZZ": 0.35739561217268223, "IYZI": -0.047416843595187524, "IYIZ": -0.054493984430290104, "ZZYY": 0.2696390658174097, "ZZYI": -0.03184713375796172, "ZZIY": -0.004953998584571823, "ZIYY": 0.30785562632696395, "ZIYI": -0.05307855626326963, "ZIIY": 0.004953998584571823, "IZYY": 0.24133050247699928, "IZYI": -0.02052370842179757, "IZIY": -0.007784854918612902, "ZZZZ": 0.6305732484076432, "ZZZI": -0.07714083510261854, "ZZIZ": -0.06440198159943383, "ZIZZ": 0.6886058032554848, "ZIZI": -0.07855626326963905, "ZIIZ": -0.05449398443029019, "IZZZ": 0.581033262561925, "IZZI": -0.06723283793347484, "IZIZ": -0.06298655343241327, "YYYY": 0.132342533616419, "YYYI": 0.05307855626326963, "YYIY": 0.06581740976645434, "YIYY": 0.06298655343241334, "YIYI": -0.004953998584571823, "YIIY": 0.019108280254777094, "IYYY": 0.19603680113234256, "IYYI": 0.034677990092002786, "IYIY": 0.06157112526539277, "XXXX": 0.13658881811748053, "XXXI": -0.013446567586694963, "XXIX": 0.006369426751592369, "XIXX": 0.05732484076433123, "XIXI": -0.002123142250530792, "XIIX": 0.017692852087756554, "IXXX": -0.13234253361641893, "IXXI": 0.00920028308563342, "IXIX": -0.002123142250530785, "ZYZY": -0.04644808743169399, "XYYX": 0.16939890710382513, "YXYX": 0.1366120218579235, "ZXXZ": 0.00546448087431694, "YXXY": 0.04644808743169399, "XZXZ": -0.03278688524590164, "YZYZ": 0.0546448087431694, "ZYYZ": -0.04918032786885246, "ZXZX": -0.08196721311475409, "YZZY": -0.0273224043715847, "XZZX": 0.05737704918032787, "XYXY": 0.05191256830601093}