{"XXZZ": -0.254069355980184, "XXZI": -0.019108280254777038, "XXIZ": -0.029016277423920697, "XXII": -0.2866242038216561, "XIZZ": -0.027600849256900213, "XIZI": -0.027600849256900158, "XIIZ": -0.04317055909412592, "XIII": -0.060155697098372256, "IXZZ": 0.08987968860580325, "IXZI": -0.031847133757961776, "IXIZ": -0.030431705590941265, "IXII": 0.1535739561217268, "IIZZ": 0.7947629157820241, "IIZI": -0.014861995753715496, "IIIZ": -0.002123142250530674, "IIII": 1.0, "XXYY": -0.13234253361641896, "XXYI": -0.05307855626326963, "XXIY": -0.019108280254777066, "XIYY": -0.041755130927105436, "XIYI": -0.007784854918612874, "XIIY": -0.0049539985845718365, "IXYY": 0.15923566878980894, "IXYI": -0.03043170559094127, "IXIY": -0.02193913658881813, "IIYY": 0.42816702052370836, "IIYI": 0.006369426751592355, "IIIY": 0.04600141542816705, "YYXX": -0.15215852795470627, "YYXI": 0.0035385704175513177, "YYIX": -0.017692852087756533, "YYII": 0.33333333333333326, "YIXX": -0.05449398443029018, "YIXI": -0.040339702760084944, "YIIX": 0.04033970276008495, "YIII": 0.2101910828025478, "IYXX": -0.15498938428874737, "IYXI": -0.019108280254777094, "IYIX": 0.03609341825902333, "IYII": 0.4182590233545648, "IIXX": -0.4338287331917905, "IIXI": -0.03750884642604391, "IIIX": 0.09129511677282384, "ZZXX": -0.31776362349610765, "ZZXI": 0.013446567586694935, "ZZIX": 0.016277423920736056, "ZZII": 0.7579617834394905, "ZIXX": -0.38995046001415434, "ZIXI": 0.031847133757961776, "ZIIX": 0.057324840764331225, "ZIII": 0.8612880396319886, "IZXX": -0.3121019108280255, "IZXI": -0.01203113941967443, "IZIX": 0.05307855626326963, "IZII": 0.7126680820948337, "YYZZ": 0.3121019108280255, "YYZI": -0.020523708421797626, "YYIZ": -0.0007077140835102802, "YIZZ": 0.17763623496107575, "YIZI": 0.009200283085633448, "YIIZ": 0.023354564755838664, "IYZZ": 0.3814578910120312, "IYZI": 0.023354564755838664, "IYIZ": 0.037508846426043935, "ZZYY": 0.37721160651096963, "ZZYI": 0.03184713375796172, "ZZIY": 0.023354564755838553, "ZIYY": 0.44656758669497526, "ZIYI": 0.03326256192498228, "ZIIY": 0.03326256192498228, "IZYY": 0.36730360934182593, "IZYI": 0.038924274593064356, "IZIY": 0.024769992922859085, "ZZZZ": 0.6022646850672329, "ZZZI": 0.0007077140835102247, "ZZIZ": -0.007784854918612916, "ZIZZ": 0.6631280962491153, "ZIZI": -0.012031139419674541, "ZIIZ": -0.03184713375796183, "IZZZ": 0.5314932767162066, "IZZI": -0.01061571125265387, "IZIZ": -0.03326256192498228, "YYYY": 0.17338995046001415, "YYYI": 0.0644019815994338, "YYIY": 0.04317055909412597, "YIYY": 0.13092710544939848, "YIYI": 0.044585987261146515, "YIIY": 0.029016277423920746, "IYYY": 0.24274593064401984, "IYYI": 0.05166312809624912, "IYIY": 0.030431705590941258, "XXXX": 0.13517338995045997, "XXXI": 0.02193913658881813, "XXIX": 0.00778485491861286, "XIXX": 0.07289455060155696, "XIXI": -0.023354564755838678, "XIIX": -0.020523708421797557, "IXXX": -0.050247699929228555, "IXXI": 0.04317055909412598, "IXIX": -0.013446567586694984, "ZYZY": -0.09289617486338798, "XYYX": 0.13387978142076504, "YXYX": 0.1885245901639344, "ZXXZ": -0.04918032786885246, "YXXY": 0.11475409836065574, "XZXZ": 0.01366120218579235, "YZYZ": -0.02185792349726776, "ZYYZ": 0.01366120218579235, "ZXZX": 0.06557377049180328, "YZZY": -0.060109289617486336, "XZZX": -0.00546448087431694, "XYXY": 0.12295081967213115}