{"YZYZ": 0.044921875, "YZYI": 0.00390625, "YZIZ": -0.046875, "YZII": 0.021484375, "YIYZ": 0.01171875, "YIYI": -0.033203125, "YIIZ": -0.017578125, "YIII": 0.2109375, "IZYZ": 0.021484375, "IZYI": -0.01171875, "IZIZ": -0.03515625, "IZII": 0.736328125, "IIYZ": 0.03125, "IIYI": -0.021484375, "IIIZ": 0.021484375, "IIII": 1.0, "ZXZX": -0.01171875, "ZXZI": 0.013671875, "ZXIX": 0.00390625, "ZXII": 0.119140625, "ZIZX": 0.00390625, "ZIZI": -0.048828125, "ZIIX": 0.01953125, "ZIII": 0.869140625, "IXZX": 0.025390625, "IXZI": 0.01953125, "IXIX": 0.017578125, "IXII": 0.15625, "IIZX": 0.017578125, "IIZI": -0.03515625, "IIIX": 0.033203125, "YXYX": 0.138671875, "YXYI": -0.01171875, "YXIX": 0.037109375, "YXII": -0.15234375, "YIYX": -0.12109375, "YIIX": 0.03125, "IXYX": -0.0546875, "IXYI": 0.029296875, "IIYX": -0.689453125, "XXZZ": -0.212890625, "XXZI": 0.05859375, "XXIZ": 0.02734375, "XXII": -0.279296875, "XIZZ": -0.0546875, "XIZI": -0.009765625, "XIIZ": 0.021484375, "XIII": -0.07421875, "IXZZ": 0.126953125, "IXIZ": 0.03125, "IIZZ": 0.7890625, "ZYZY": -0.060546875, "ZYZI": -0.021484375, "ZYIY": 0.0234375, "ZYII": 0.40234375, "ZIZY": -0.025390625, "ZIIY": 0.0234375, "IYZY": -0.064453125, "IYZI": -0.029296875, "IYIY": 0.01171875, "IYII": 0.44140625, "IIZY": -0.025390625, "IIIY": 0.0078125, "ZZXX": -0.33984375, "ZZXI": -0.0625, "ZZIX": 0.05078125, "ZZII": 0.75390625, "ZIXX": -0.416015625, "ZIXI": -0.025390625, "IZXX": -0.310546875, "IZXI": -0.060546875, "IZIX": 0.052734375, "IIXX": -0.47265625, "IIXI": -0.0390625, "XZXZ": 0.02734375, "XZXI": 0.044921875, "XZIZ": 0.00390625, "XZII": 0.021484375, "XIXZ": -0.00390625, "XIXI": 0.056640625, "IZXZ": 0.025390625, "IIXZ": 0.009765625, "ZYYZ": 0.015625, "ZYYI": 0.02734375, "ZYIZ": 0.0625, "ZIYZ": 0.03125, "ZIYI": -0.01171875, "ZIIZ": 0.01171875, "IYYZ": 0.015625, "IYYI": 0.01171875, "IYIZ": 0.046875, "XYXY": 0.07421875, "XYXI": 0.0078125, "XYIY": -0.001953125, "XYII": -0.115234375, "XIXY": 0.076171875, "XIIY": -0.02734375, "IYXY": -0.25, "IYXI": 0.04296875, "IIXY": -0.650390625, "YXXY": 0.05078125, "YXXI": -0.02734375, "YXIY": -0.01953125, "YIXY": -0.15234375, "YIXI": 0.015625, "YIIY": -0.03125, "IXXY": -0.06640625, "IXXI": 0.01953125, "IXIY": -0.0546875, "XZZX": -0.041015625, "XZZI": -0.0078125, "XZIX": 0.03125, "XIZX": -0.076171875, "XIIX": 0.03515625, "IZZX": -0.02734375, "IZZI": -0.083984375, "YYZZ": 0.2734375, "YYZI": 0.017578125, "YYIZ": 0.025390625, "YYII": 0.3359375, "YIZZ": 0.185546875, "YIZI": 0.0625, "IYZZ": 0.357421875, "YZZY": 0.021484375, "YZZI": 0.021484375, "YZIY": 0.017578125, "YIZY": 0.001953125, "IZZY": 0.01171875, "IZIY": -0.0234375, "XYYX": 0.11328125, "XYYI": -0.05078125, "XYIX": -0.0078125, "XIYX": 0.078125, "XIYI": -0.06640625, "IYYX": -0.37890625, "IYIX": 0.04296875, "ZZYY": 0.3125, "ZZYI": 0.0546875, "ZZIY": 0.046875, "ZIYY": 0.3515625, "IZYY": 0.27734375, "IIYY": 0.40234375, "XXYY": -0.146484375, "XXYI": -0.009765625, "XXIY": 0.033203125, "XIYY": -0.0234375, "IXYY": 0.064453125, "ZXXZ": 0.00390625, "ZXXI": 0.044921875, "ZXIZ": 0.01171875, "ZIXZ": 0.03515625, "IXXZ": -0.009765625, "YYXX": -0.193359375, "YYXI": -0.03125, "YYIX": 0.0546875, "YIXX": -0.095703125, "IYXX": -0.20703125, "ZZZZ": 0.677734375, "ZZZI": 0.00390625, "ZZIZ": 0.021484375, "ZIZZ": 0.6640625, "IZZZ": 0.578125, "YYYY": 0.1328125, "YYYI": -0.013671875, "YYIY": -0.009765625, "YIYY": 0.111328125, "IYYY": 0.146484375, "XXXX": 0.24609375, "XXXI": 0.0078125, "XXIX": -0.001953125, "XIXX": 0.009765625, "IXXX": -0.07421875}