{"YZYZ": 0.01953125, "YZYI": -0.01953125, "YZIZ": 0.005859375, "YZII": -0.001953125, "YIYZ": 0.017578125, "YIYI": 0.021484375, "YIIZ": -0.01171875, "YIII": 0.1640625, "IZYZ": -0.0078125, "IZYI": 0.00390625, "IZIZ": -0.001953125, "IZII": 0.705078125, "IIYZ": -0.005859375, "IIYI": 0.009765625, "IIIZ": -0.0078125, "IIII": 1.0, "ZXZX": -0.01171875, "ZXZI": -0.001953125, "ZXIX": -0.0078125, "ZXII": 0.123046875, "ZIZX": 0.02734375, "ZIZI": -0.056640625, "ZIIX": 0.0546875, "ZIII": 0.865234375, "IXZX": -0.013671875, "IXZI": -0.01171875, "IXIX": -0.005859375, "IXII": 0.1484375, "IIZX": 0.017578125, "IIZI": -0.05859375, "IIIX": 0.072265625, "YXYX": 0.087890625, "YXYI": 0.01953125, "YXIX": -0.03125, "YXII": -0.154296875, "YIYX": -0.166015625, "YIIX": 0.04296875, "IXYX": -0.09375, "IXYI": -0.033203125, "IIYX": -0.640625, "XXZZ": -0.255859375, "XXZI": -0.005859375, "XXIZ": -0.00390625, "XXII": -0.3125, "XIZZ": -0.099609375, "XIZI": 0.033203125, "XIIZ": 0.015625, "XIII": -0.13671875, "IXZZ": 0.166015625, "IXIZ": 0.0, "IIZZ": 0.802734375, "ZYZY": 0.013671875, "ZYZI": 0.009765625, "ZYIY": -0.05859375, "ZYII": 0.46875, "ZIZY": -0.025390625, "ZIIY": -0.02734375, "IYZY": 0.021484375, "IYZI": -0.005859375, "IYIY": -0.03125, "IYII": 0.49609375, "IIZY": -0.025390625, "IIIY": -0.0078125, "ZZXX": -0.30859375, "ZZXI": 0.021484375, "ZZIX": 0.03125, "ZZII": 0.767578125, "ZIXX": -0.361328125, "ZIXI": 0.03515625, "IZXX": -0.2734375, "IZXI": 0.009765625, "IZIX": 0.01953125, "IIXX": -0.439453125, "IIXI": 0.01171875, "XZXZ": 0.017578125, "XZXI": -0.076171875, "XZIZ": -0.05078125, "XZII": 0.03515625, "XIXZ": 0.01171875, "XIXI": -0.04296875, "IZXZ": 0.05078125, "IIXZ": 0.033203125, "ZYYZ": 0.07421875, "ZYYI": 0.025390625, "ZYIZ": 0.013671875, "ZIYZ": 0.09375, "ZIYI": 0.001953125, "ZIIZ": -0.021484375, "IYYZ": 0.0546875, "IYYI": -0.001953125, "IYIZ": 0.013671875, "XYXY": 0.1171875, "XYXI": 0.013671875, "XYIY": -0.005859375, "XYII": -0.15234375, "XIXY": 0.046875, "XIIY": -0.009765625, "IYXY": -0.3203125, "IYXI": -0.048828125, "IIXY": -0.625, "YXXY": 0.0703125, "YXXI": -0.029296875, "YXIY": 0.013671875, "YIXY": -0.162109375, "YIXI": -0.05078125, "YIIY": 0.01953125, "IXXY": -0.044921875, "IXXI": -0.00390625, "IXIY": 0.03125, "XZZX": 0.056640625, "XZZI": 0.04296875, "XZIX": -0.0234375, "XIZX": 0.0703125, "XIIX": -0.048828125, "IZZX": 0.044921875, "IZZI": -0.0546875, "YYZZ": 0.2890625, "YYZI": 0.03125, "YYIZ": 0.05078125, "YYII": 0.35546875, "YIZZ": 0.138671875, "YIZI": 0.041015625, "IYZZ": 0.345703125, "YZZY": 0.029296875, "YZZI": 0.00390625, "YZIY": -0.025390625, "YIZY": 0.0, "IZZY": -0.0078125, "IZIY": -0.015625, "XYYX": 0.072265625, "XYYI": 0.005859375, "XYIX": 0.001953125, "XIYX": 0.06640625, "XIYI": -0.00390625, "IYYX": -0.279296875, "IYIX": 0.037109375, "ZZYY": 0.3359375, "ZZYI": 0.01953125, "ZZIY": 0.017578125, "ZIYY": 0.380859375, "IZYY": 0.30078125, "IIYY": 0.435546875, "XXYY": -0.1328125, "XXYI": -0.01953125, "XXIY": -0.0546875, "XIYY": -0.033203125, "IXYY": 0.076171875, "ZXXZ": -0.013671875, "ZXXI": 0.04296875, "ZXIZ": -0.03125, "ZIXZ": 0.00390625, "IXXZ": -0.001953125, "YYXX": -0.15625, "YYXI": 0.021484375, "YYIX": -0.01953125, "YIXX": -0.08203125, "IYXX": -0.208984375, "ZZZZ": 0.623046875, "ZZZI": -0.1015625, "ZZIZ": -0.060546875, "ZIZZ": 0.6875, "IZZZ": 0.57421875, "YYYY": 0.123046875, "YYYI": 0.01171875, "YYIY": -0.017578125, "YIYY": 0.064453125, "IYYY": 0.193359375, "XXXX": 0.064453125, "XXXI": -0.064453125, "XXIX": 0.029296875, "XIXX": -0.005859375, "IXXX": -0.0703125}