{"YZYZ": 0.037109375, "YZYI": 0.0234375, "YZIZ": -0.00390625, "YZII": 0.025390625, "YIYZ": 0.037109375, "YIYI": -0.00390625, "YIIZ": 0.04296875, "YIII": 0.193359375, "IZYZ": -0.00390625, "IZYI": 0.052734375, "IZIZ": -0.044921875, "IZII": 0.734375, "IIYZ": -0.0078125, "IIYI": 0.037109375, "IIIZ": 0.005859375, "IIII": 1.0, "ZXZX": -0.025390625, "ZXZI": 0.001953125, "ZXIX": -0.029296875, "ZXII": 0.091796875, "ZIZX": 0.0, "ZIZI": -0.0078125, "ZIIX": 0.01171875, "ZIII": 0.85546875, "IXZX": -0.005859375, "IXZI": 0.005859375, "IXIX": -0.044921875, "IXII": 0.099609375, "IIZX": 0.0234375, "IIZI": 0.015625, "IIIX": 0.0234375, "YXYX": 0.078125, "YXYI": 0.064453125, "YXIX": -0.0234375, "YXII": -0.099609375, "YIYX": -0.169921875, "YIIX": -0.009765625, "IXYX": -0.125, "IXYI": 0.044921875, "IIYX": -0.724609375, "XXZZ": -0.271484375, "XXZI": -0.08203125, "XXIZ": -0.060546875, "XXII": -0.31640625, "XIZZ": -0.05078125, "XIZI": 0.001953125, "XIIZ": 0.0390625, "XIII": -0.056640625, "IXZZ": 0.10546875, "IXIZ": -0.01171875, "IIZZ": 0.787109375, "ZYZY": 0.03515625, "ZYZI": 0.044921875, "ZYIY": 0.02734375, "ZYII": 0.392578125, "ZIZY": 0.0625, "ZIIY": 0.03515625, "IYZY": 0.048828125, "IYZI": 0.0859375, "IYIY": 0.013671875, "IYII": 0.4453125, "IIZY": 0.052734375, "IIIY": 0.021484375, "ZZXX": -0.40234375, "ZZXI": 0.013671875, "ZZIX": 0.03125, "ZZII": 0.794921875, "ZIXX": -0.4375, "ZIXI": -0.009765625, "IZXX": -0.373046875, "IZXI": 0.01171875, "IZIX": 0.025390625, "IIXX": -0.501953125, "IIXI": 0.00390625, "XZXZ": 0.021484375, "XZXI": -0.01171875, "XZIZ": -0.04296875, "XZII": 0.044921875, "XIXZ": 0.046875, "XIXI": 0.001953125, "IZXZ": 0.041015625, "IIXZ": 0.015625, "ZYYZ": -0.029296875, "ZYYI": 0.009765625, "ZYIZ": -0.009765625, "ZIYZ": -0.02734375, "ZIYI": -0.0234375, "ZIIZ": 0.00390625, "IYYZ": 0.001953125, "IYYI": 0.013671875, "IYIZ": 0.001953125, "XYXY": 0.087890625, "XYXI": 0.001953125, "XYIY": 0.00390625, "XYII": -0.125, "XIXY": 0.041015625, "XIIY": -0.0390625, "IYXY": -0.365234375, "IYXI": 0.048828125, "IIXY": -0.697265625, "YXXY": 0.041015625, "YXXI": 0.04296875, "YXIY": -0.029296875, "YIXY": -0.08984375, "YIXI": 0.021484375, "YIIY": 0.02734375, "IXXY": -0.1171875, "IXXI": -0.013671875, "IXIY": -0.015625, "XZZX": -0.025390625, "XZZI": 0.048828125, "XZIX": 0.037109375, "XIZX": -0.060546875, "XIIX": 0.013671875, "IZZX": -0.0234375, "IZZI": -0.015625, "YYZZ": 0.283203125, "YYZI": -0.0625, "YYIZ": -0.021484375, "YYII": 0.35546875, "YIZZ": 0.1640625, "YIZI": -0.017578125, "IYZZ": 0.3359375, "YZZY": -0.06640625, "YZZI": 0.0390625, "YZIY": -0.015625, "YIZY": -0.046875, "IZZY": -0.03125, "IZIY": 0.046875, "XYYX": 0.080078125, "XYYI": -0.046875, "XYIX": 0.021484375, "XIYX": 0.025390625, "XIYI": -0.02734375, "IYYX": -0.322265625, "IYIX": 0.021484375, "ZZYY": 0.34765625, "ZZYI": 0.0, "ZZIY": -0.02734375, "ZIYY": 0.361328125, "IZYY": 0.314453125, "IIYY": 0.43359375, "XXYY": -0.15625, "XXYI": 0.0703125, "XXIY": 0.0390625, "XIYY": -0.0234375, "IXYY": 0.125, "ZXXZ": 0.048828125, "ZXXI": -0.04296875, "ZXIZ": 0.01171875, "ZIXZ": -0.00390625, "IXXZ": 0.033203125, "YYXX": -0.22265625, "YYXI": -0.08984375, "YYIX": 0.08203125, "YIXX": -0.09375, "IYXX": -0.22265625, "ZZZZ": 0.638671875, "ZZZI": -0.001953125, "ZZIZ": 0.03125, "ZIZZ": 0.6953125, "IZZZ": 0.58984375, "YYYY": 0.17578125, "YYYI": -0.048828125, "YYIY": -0.017578125, "YIYY": 0.08984375, "IYYY": 0.19140625, "XXXX": 0.169921875, "XXXI": -0.0234375, "XXIX": 0.017578125, "XIXX": 0.04296875, "IXXX": -0.08203125}