{"YZYZ": -0.021484375, "YZYI": 0.005859375, "YZIZ": -0.00390625, "YZII": 0.04296875, "YIYZ": 0.0, "YIYI": -0.00390625, "YIIZ": 0.021484375, "YIII": 0.232421875, "IZYZ": 0.01171875, "IZYI": 0.00390625, "IZIZ": -0.056640625, "IZII": 0.736328125, "IIYZ": 0.005859375, "IIYI": -0.001953125, "IIIZ": -0.03515625, "IIII": 1.0, "ZXZX": -0.046875, "ZXZI": 0.029296875, "ZXIX": 0.013671875, "ZXII": 0.18359375, "ZIZX": -0.013671875, "ZIZI": -0.00390625, "ZIIX": 0.0390625, "ZIII": 0.853515625, "IXZX": -0.021484375, "IXZI": 0.015625, "IXIX": 0.0078125, "IXII": 0.216796875, "IIZX": -0.0078125, "IIZI": 0.001953125, "IIIX": 0.060546875, "YXYX": 0.13671875, "YXYI": 0.015625, "YXIX": -0.0078125, "YXII": -0.15625, "YIYX": -0.150390625, "YIIX": 0.001953125, "IXYX": -0.044921875, "IXYI": -0.025390625, "IIYX": -0.70703125, "XXZZ": -0.2578125, "XXZI": 0.009765625, "XXIZ": -0.0234375, "XXII": -0.330078125, "XIZZ": -0.138671875, "XIZI": 0.03125, "XIIZ": 0.005859375, "XIII": -0.1484375, "IXZZ": 0.140625, "IXIZ": 0.015625, "IIZZ": 0.818359375, "ZYZY": 0.0234375, "ZYZI": 0.02734375, "ZYIY": 0.03125, "ZYII": 0.453125, "ZIZY": 0.0, "ZIIY": 0.0390625, "IYZY": 0.046875, "IYZI": -0.00390625, "IYIY": 0.02734375, "IYII": 0.51171875, "IIZY": -0.0078125, "IIIY": 0.01953125, "ZZXX": -0.310546875, "ZZXI": 0.0390625, "ZZIX": 0.029296875, "ZZII": 0.77734375, "ZIXX": -0.390625, "ZIXI": 0.025390625, "IZXX": -0.33203125, "IZXI": 0.025390625, "IZIX": 0.02734375, "IIXX": -0.435546875, "IIXI": 0.04296875, "XZXZ": 0.037109375, "XZXI": -0.05859375, "XZIZ": -0.001953125, "XZII": 0.02734375, "XIXZ": 0.025390625, "XIXI": -0.05078125, "IZXZ": -0.041015625, "IIXZ": -0.001953125, "ZYYZ": 0.01953125, "ZYYI": -0.009765625, "ZYIZ": 0.017578125, "ZIYZ": 0.0078125, "ZIYI": 0.025390625, "ZIIZ": -0.037109375, "IYYZ": 0.03515625, "IYYI": 0.001953125, "IYIZ": 0.037109375, "XYXY": 0.12890625, "XYXI": 0.041015625, "XYIY": -0.033203125, "XYII": -0.171875, "XIXY": 0.08203125, "XIIY": 0.048828125, "IYXY": -0.26953125, "IYXI": 0.056640625, "IIXY": -0.61328125, "YXXY": 0.115234375, "YXXI": 0.01171875, "YXIY": -0.0078125, "YIXY": -0.123046875, "YIXI": 0.01171875, "YIIY": -0.0546875, "IXXY": -0.10546875, "IXXI": -0.033203125, "IXIY": 0.033203125, "XZZX": 0.076171875, "XZZI": 0.048828125, "XZIX": 0.005859375, "XIZX": 0.041015625, "XIIX": -0.013671875, "IZZX": -0.04296875, "IZZI": -0.03125, "YYZZ": 0.302734375, "YYZI": -0.033203125, "YYIZ": -0.01171875, "YYII": 0.3828125, "YIZZ": 0.171875, "YIZI": 0.015625, "IYZZ": 0.3828125, "YZZY": 0.015625, "YZZI": -0.001953125, "YZIY": 0.041015625, "YIZY": -0.03125, "IZZY": 0.03125, "IZIY": 0.025390625, "XYYX": 0.14453125, "XYYI": -0.025390625, "XYIX": 0.04296875, "XIYX": 0.087890625, "XIYI": -0.046875, "IYYX": -0.36328125, "IYIX": -0.015625, "ZZYY": 0.3203125, "ZZYI": 0.013671875, "ZZIY": 0.05078125, "ZIYY": 0.390625, "IZYY": 0.322265625, "IIYY": 0.427734375, "XXYY": -0.146484375, "XXYI": 0.072265625, "XXIY": 0.0234375, "XIYY": -0.095703125, "IXYY": 0.142578125, "ZXXZ": 0.0, "ZXXI": 0.05078125, "ZXIZ": -0.0234375, "ZIXZ": -0.001953125, "IXXZ": -0.025390625, "YYXX": -0.19140625, "YYXI": 0.0, "YYIX": -0.009765625, "YIXX": -0.119140625, "IYXX": -0.2578125, "ZZZZ": 0.6015625, "ZZZI": 0.01953125, "ZZIZ": 0.046875, "ZIZZ": 0.671875, "IZZZ": 0.54296875, "YYYY": 0.15234375, "YYYI": 0.0, "YYIY": -0.02734375, "YIYY": 0.0859375, "IYYY": 0.21875, "XXXX": 0.126953125, "XXXI": -0.044921875, "XXIX": 0.0390625, "XIXX": 0.033203125, "IXXX": -0.064453125}