{"YZYZ": 0.0234375, "YZYI": 0.009765625, "YZIZ": 0.013671875, "YZII": 0.05859375, "YIYZ": 0.005859375, "YIYI": 0.015625, "YIIZ": 0.015625, "YIII": 0.216796875, "IZYZ": 0.033203125, "IZYI": 0.0390625, "IZIZ": 0.00390625, "IZII": 0.732421875, "IIYZ": 0.0234375, "IIYI": 0.037109375, "IIIZ": 0.005859375, "IIII": 1.0, "ZXZX": -0.00390625, "ZXZI": 0.0078125, "ZXIX": 0.046875, "ZXII": 0.12890625, "ZIZX": 0.005859375, "ZIZI": -0.041015625, "ZIIX": 0.052734375, "ZIII": 0.888671875, "IXZX": 0.025390625, "IXZI": 0.017578125, "IXIX": 0.041015625, "IXII": 0.158203125, "IIZX": 0.015625, "IIZI": -0.05078125, "IIIX": 0.06640625, "YXYX": 0.083984375, "YXYI": -0.00390625, "YXIX": -0.005859375, "YXII": -0.140625, "YIYX": -0.12890625, "YIIX": 0.05859375, "IXYX": -0.07421875, "IXYI": -0.056640625, "IIYX": -0.626953125, "XXZZ": -0.232421875, "XXZI": -0.0390625, "XXIZ": -0.0625, "XXII": -0.314453125, "XIZZ": -0.05078125, "XIZI": 0.029296875, "XIIZ": -0.009765625, "XIII": -0.109375, "IXZZ": 0.080078125, "IXIZ": 0.01171875, "IIZZ": 0.796875, "ZYZY": 0.00390625, "ZYZI": -0.03515625, "ZYIY": 0.013671875, "ZYII": 0.392578125, "ZIZY": -0.0078125, "ZIIY": 0.037109375, "IYZY": -0.001953125, "IYZI": -0.033203125, "IYIY": 0.015625, "IYII": 0.45703125, "IIZY": -0.009765625, "IIIY": 0.05859375, "ZZXX": -0.328125, "ZZXI": 0.0, "ZZIX": 0.060546875, "ZZII": 0.744140625, "ZIXX": -0.353515625, "ZIXI": -0.009765625, "IZXX": -0.30078125, "IZXI": 0.01171875, "IZIX": 0.005859375, "IIXX": -0.423828125, "IIXI": -0.009765625, "XZXZ": 0.0234375, "XZXI": 0.01171875, "XZIZ": -0.046875, "XZII": 0.02734375, "XIXZ": -0.0078125, "XIXI": 0.01953125, "IZXZ": -0.03515625, "IIXZ": 0.00390625, "ZYYZ": 0.005859375, "ZYYI": -0.033203125, "ZYIZ": -0.037109375, "ZIYZ": 0.01171875, "ZIYI": -0.015625, "ZIIZ": -0.0078125, "IYYZ": 0.025390625, "IYYI": -0.029296875, "IYIZ": -0.048828125, "XYXY": 0.10546875, "XYXI": -0.01171875, "XYIY": 0.0078125, "XYII": -0.1640625, "XIXY": 0.091796875, "XIIY": 0.037109375, "IYXY": -0.341796875, "IYXI": 0.029296875, "IIXY": -0.6484375, "YXXY": 0.1328125, "YXXI": 0.005859375, "YXIY": 0.00390625, "YIXY": -0.16796875, "YIXI": 0.033203125, "YIIY": -0.0234375, "IXXY": -0.044921875, "IXXI": 0.03515625, "IXIY": -0.009765625, "XZZX": 0.025390625, "XZZI": -0.033203125, "XZIX": -0.025390625, "XIZX": 0.02734375, "XIIX": 0.01171875, "IZZX": 0.013671875, "IZZI": -0.025390625, "YYZZ": 0.263671875, "YYZI": 0.02734375, "YYIZ": 0.048828125, "YYII": 0.3515625, "YIZZ": 0.14453125, "YIZI": 0.001953125, "IYZZ": 0.375, "YZZY": -0.01953125, "YZZI": 0.00390625, "YZIY": 0.01171875, "YIZY": 0.00390625, "IZZY": 0.00390625, "IZIY": 0.03515625, "XYYX": 0.1015625, "XYYI": 0.0390625, "XYIX": -0.04296875, "XIYX": 0.041015625, "XIYI": 0.001953125, "IYYX": -0.291015625, "IYIX": 0.021484375, "ZZYY": 0.314453125, "ZZYI": -0.021484375, "ZZIY": 0.025390625, "ZIYY": 0.345703125, "IZYY": 0.29296875, "IIYY": 0.4375, "XXYY": -0.15234375, "XXYI": -0.044921875, "XXIY": -0.01953125, "XIYY": -0.037109375, "IXYY": 0.04296875, "ZXXZ": 0.0390625, "ZXXI": 0.0, "ZXIZ": -0.03125, "ZIXZ": 0.068359375, "IXXZ": 0.041015625, "YYXX": -0.12890625, "YYXI": -0.005859375, "YYIX": -0.005859375, "YIXX": -0.0703125, "IYXX": -0.203125, "ZZZZ": 0.625, "ZZZI": -0.10546875, "ZZIZ": -0.080078125, "ZIZZ": 0.673828125, "IZZZ": 0.578125, "YYYY": 0.1171875, "YYYI": -0.01953125, "YYIY": 0.001953125, "YIYY": 0.080078125, "IYYY": 0.1953125, "XXXX": 0.14453125, "XXXI": 0.037109375, "XXIX": -0.03125, "XIXX": 0.0546875, "IXXX": -0.134765625}