{"YXYX": 0.068359375, "YXYI": -0.064453125, "YXIX": 0.044921875, "YXII": -0.119140625, "YIYX": -0.12890625, "YIYI": -0.0234375, "YIIX": 0.06640625, "YIII": 0.1484375, "IXYX": -0.083984375, "IXYI": -0.048828125, "IXIX": 0.009765625, "IXII": 0.154296875, "IIYX": -0.6171875, "IIYI": -0.03125, "IIIX": 0.0625, "IIII": 1.0, "XYYX": 0.107421875, "XYYI": -0.00390625, "XYIX": 0.021484375, "XYII": -0.1953125, "XIYX": 0.07421875, "XIYI": -0.017578125, "XIIX": 0.01953125, "XIII": -0.154296875, "IYYX": -0.3203125, "IYYI": -0.009765625, "IYIX": 0.0078125, "IYII": 0.462890625, "ZYZY": -0.001953125, "ZYZI": 0.021484375, "ZYIY": 0.046875, "ZYII": 0.38671875, "ZIZY": -0.01171875, "ZIZI": -0.05078125, "ZIIY": 0.056640625, "ZIII": 0.841796875, "IYZY": -0.01953125, "IYZI": 0.03125, "IYIY": 0.033203125, "IIZY": -0.009765625, "IIZI": -0.068359375, "IIIY": 0.0625, "ZYYZ": 0.01171875, "ZYYI": 0.033203125, "ZYIZ": -0.01953125, "ZIYZ": -0.048828125, "ZIYI": -0.0078125, "ZIIZ": 0.001953125, "IYYZ": -0.00390625, "IYIZ": 0.01171875, "IIYZ": -0.072265625, "IIIZ": 0.033203125, "XZZX": -0.015625, "XZZI": 0.037109375, "XZIX": 0.017578125, "XZII": 0.02734375, "XIZX": -0.009765625, "XIZI": 0.02734375, "IZZX": 0.037109375, "IZZI": -0.125, "IZIX": 0.0390625, "IZII": 0.701171875, "IIZX": 0.04296875, "XXYY": -0.12109375, "XXYI": -0.03515625, "XXIY": 0.015625, "XXII": -0.296875, "XIYY": -0.0625, "XIIY": -0.015625, "IXYY": 0.10546875, "IXIY": 0.015625, "IIYY": 0.43359375, "XZXZ": -0.005859375, "XZXI": -0.01953125, "XZIZ": 0.03515625, "XIXZ": -0.009765625, "XIXI": 0.0, "XIIZ": 0.015625, "IZXZ": -0.01171875, "IZXI": 0.005859375, "IZIZ": -0.013671875, "IIXZ": 0.0, "IIXI": -0.013671875, "YZZY": -0.05859375, "YZZI": -0.013671875, "YZIY": -0.0234375, "YZII": 0.017578125, "YIZY": -0.072265625, "YIZI": 0.0, "YIIY": 0.009765625, "IZZY": 0.01953125, "IZIY": -0.05078125, "ZXZX": 0.01953125, "ZXZI": -0.015625, "ZXIX": 0.025390625, "ZXII": 0.033203125, "ZIZX": 0.0, "ZIIX": -0.005859375, "IXZX": 0.001953125, "IXZI": -0.021484375, "XXZZ": -0.22265625, "XXZI": 0.05078125, "XXIZ": 0.03125, "XIZZ": -0.087890625, "IXZZ": 0.146484375, "IXIZ": 0.013671875, "IIZZ": 0.7890625, "YYXX": -0.18359375, "YYXI": -0.064453125, "YYIX": 0.025390625, "YYII": 0.3515625, "YIXX": -0.080078125, "YIXI": -0.03515625, "IYXX": -0.189453125, "IYXI": -0.046875, "IIXX": -0.43359375, "YYZZ": 0.2890625, "YYZI": -0.00390625, "YYIZ": -0.001953125, "YIZZ": 0.171875, "YIIZ": 0.009765625, "IYZZ": 0.380859375, "ZXXZ": 0.033203125, "ZXXI": 0.015625, "ZXIZ": -0.0234375, "ZIXZ": -0.009765625, "ZIXI": 0.02734375, "IXXZ": 0.01953125, "IXXI": 0.009765625, "ZZXX": -0.314453125, "ZZXI": -0.00390625, "ZZIX": 0.021484375, "ZZII": 0.75, "ZIXX": -0.357421875, "IZXX": -0.291015625, "ZZYY": 0.357421875, "ZZYI": 0.013671875, "ZZIY": 0.05078125, "ZIYY": 0.408203125, "IZYY": 0.322265625, "IZYI": 0.025390625, "XYXY": 0.125, "XYXI": -0.0234375, "XYIY": 0.0390625, "XIXY": 0.0546875, "IYXY": -0.30078125, "IIXY": -0.66015625, "YXXY": 0.099609375, "YXXI": 0.044921875, "YXIY": -0.041015625, "YIXY": -0.154296875, "IXXY": -0.0859375, "YZYZ": 0.01171875, "YZYI": -0.02734375, "YZIZ": 0.00390625, "YIYZ": -0.0078125, "IZYZ": -0.0078125, "XXXX": 0.12109375, "XXXI": -0.005859375, "XXIX": 0.013671875, "XIXX": 0.060546875, "IXXX": -0.076171875, "YYYY": 0.22265625, "YYYI": 0.041015625, "YYIY": 0.046875, "YIYY": 0.15234375, "IYYY": 0.173828125, "ZZZZ": 0.615234375, "ZZZI": -0.0390625, "ZZIZ": -0.02734375, "ZIZZ": 0.69921875, "IZZZ": 0.556640625}