{"YZYZ": 0.02734375, "YZYI": -0.005859375, "YZIZ": -0.029296875, "YZII": 0.046875, "YIYZ": 0.0703125, "YIYI": -0.041015625, "YIIZ": -0.013671875, "YIII": 0.21875, "IZYZ": -0.02734375, "IZYI": 0.107421875, "IZIZ": -0.017578125, "IZII": 0.6875, "IIYZ": 0.0234375, "IIYI": 0.041015625, "IIIZ": -0.009765625, "IIII": 1.0, "ZXZX": -0.00390625, "ZXZI": -0.017578125, "ZXIX": -0.033203125, "ZXII": 0.1171875, "ZIZX": 0.033203125, "ZIZI": -0.08203125, "ZIIX": 0.04296875, "ZIII": 0.865234375, "IXZX": 0.005859375, "IXZI": -0.0234375, "IXIX": -0.01171875, "IXII": 0.130859375, "IIZX": 0.03125, "IIZI": -0.076171875, "IIIX": 0.037109375, "YXYX": 0.099609375, "YXYI": -0.025390625, "YXIX": -0.009765625, "YXII": -0.134765625, "YIYX": -0.103515625, "YIIX": 0.064453125, "IXYX": -0.15234375, "IXYI": -0.015625, "IIYX": -0.59765625, "XXZZ": -0.26953125, "XXZI": 0.025390625, "XXIZ": -0.033203125, "XXII": -0.359375, "XIZZ": -0.080078125, "XIZI": 0.04296875, "XIIZ": 0.03515625, "XIII": -0.087890625, "IXZZ": 0.099609375, "IXIZ": -0.0390625, "IIZZ": 0.80078125, "ZYZY": 0.015625, "ZYZI": 0.046875, "ZYIY": -0.017578125, "ZYII": 0.400390625, "ZIZY": -0.044921875, "ZIIY": 0.0078125, "IYZY": 0.03515625, "IYZI": 0.05859375, "IYIY": -0.021484375, "IYII": 0.466796875, "IIZY": -0.048828125, "IIIY": -0.01953125, "ZZXX": -0.359375, "ZZXI": 0.04296875, "ZZIX": 0.033203125, "ZZII": 0.779296875, "ZIXX": -0.431640625, "ZIXI": 0.025390625, "IZXX": -0.328125, "IZXI": 0.03125, "IZIX": 0.037109375, "IIXX": -0.470703125, "IIXI": 0.037109375, "XZXZ": -0.037109375, "XZXI": -0.02734375, "XZIZ": 0.001953125, "XZII": -0.01171875, "XIXZ": 0.0, "XIXI": -0.017578125, "IZXZ": 0.05859375, "IIXZ": 0.017578125, "ZYYZ": -0.0078125, "ZYYI": -0.005859375, "ZYIZ": -0.01171875, "ZIYZ": -0.009765625, "ZIYI": 0.0078125, "ZIIZ": 0.017578125, "IYYZ": 0.0078125, "IYYI": 0.005859375, "IYIZ": -0.0390625, "XYXY": 0.134765625, "XYXI": 0.0078125, "XYIY": 0.015625, "XYII": -0.142578125, "XIXY": 0.068359375, "XIIY": 0.02734375, "IYXY": -0.3125, "IYXI": -0.001953125, "IIXY": -0.671875, "YXXY": 0.169921875, "YXXI": -0.033203125, "YXIY": 0.0078125, "YIXY": -0.16796875, "YIXI": -0.01953125, "YIIY": -0.021484375, "IXXY": -0.0078125, "IXXI": 0.015625, "IXIY": -0.029296875, "XZZX": -0.009765625, "XZZI": -0.00390625, "XZIX": -0.013671875, "XIZX": -0.029296875, "XIIX": 0.009765625, "IZZX": 0.033203125, "IZZI": 0.0, "YYZZ": 0.26953125, "YYZI": 0.048828125, "YYIZ": 0.0625, "YYII": 0.353515625, "YIZZ": 0.142578125, "YIZI": 0.00390625, "IYZZ": 0.41015625, "YZZY": -0.068359375, "YZZI": -0.01171875, "YZIY": 0.01953125, "YIZY": -0.041015625, "IZZY": -0.04296875, "IZIY": -0.005859375, "XYYX": 0.08984375, "XYYI": -0.025390625, "XYIX": 0.00390625, "XIYX": 0.03125, "XIYI": 0.005859375, "IYYX": -0.333984375, "IYIX": -0.009765625, "ZZYY": 0.400390625, "ZZYI": -0.013671875, "ZZIY": 0.037109375, "ZIYY": 0.41796875, "IZYY": 0.365234375, "IIYY": 0.4921875, "XXYY": -0.09765625, "XXYI": 0.013671875, "XXIY": -0.025390625, "XIYY": 0.0078125, "IXYY": 0.03515625, "ZXXZ": 0.044921875, "ZXXI": -0.033203125, "ZXIZ": 0.01953125, "ZIXZ": 0.0390625, "IXXZ": 0.0546875, "YYXX": -0.15234375, "YYXI": 0.0390625, "YYIX": 0.0, "YIXX": -0.078125, "IYXX": -0.2109375, "ZZZZ": 0.666015625, "ZZZI": -0.0078125, "ZZIZ": -0.0234375, "ZIZZ": 0.724609375, "IZZZ": 0.6015625, "YYYY": 0.1875, "YYYI": 0.017578125, "YYIY": 0.00390625, "YIYY": 0.103515625, "IYYY": 0.20703125, "XXXX": 0.146484375, "XXXI": 0.025390625, "XXIX": -0.001953125, "XIXX": 0.05859375, "IXXX": -0.138671875}