{"YZYZ": -0.00390625, "YZYI": -0.013671875, "YZIZ": 0.0078125, "YZII": 0.056640625, "YIYZ": 0.03515625, "YIYI": 0.017578125, "YIIZ": 0.03125, "YIII": 0.228515625, "IZYZ": -0.029296875, "IZYI": 0.0078125, "IZIZ": 0.021484375, "IZII": 0.7109375, "IIYZ": -0.005859375, "IIYI": 0.03125, "IIIZ": 0.076171875, "IIII": 1.0, "ZXZX": 0.009765625, "ZXZI": 0.04296875, "ZXIX": 0.03515625, "ZXII": 0.154296875, "ZIZX": -0.048828125, "ZIZI": 0.0, "ZIIX": 0.015625, "ZIII": 0.845703125, "IXZX": 0.02734375, "IXZI": 0.033203125, "IXIX": 0.005859375, "IXII": 0.17578125, "IIZX": -0.0390625, "IIZI": -0.001953125, "IIIX": 0.025390625, "YXYX": 0.099609375, "YXYI": 0.0078125, "YXIX": -0.01953125, "YXII": -0.126953125, "YIYX": -0.12109375, "YIIX": -0.025390625, "IXYX": -0.095703125, "IXYI": -0.0703125, "IIYX": -0.640625, "XXZZ": -0.2421875, "XXZI": 0.0, "XXIZ": -0.01171875, "XXII": -0.3046875, "XIZZ": -0.02734375, "XIZI": -0.0546875, "XIIZ": -0.0703125, "XIII": -0.046875, "IXZZ": 0.05859375, "IXIZ": 0.0234375, "IIZZ": 0.79296875, "ZYZY": 0.013671875, "ZYZI": 0.005859375, "ZYIY": 0.0078125, "ZYII": 0.359375, "ZIZY": 0.046875, "ZIIY": -0.001953125, "IYZY": 0.03125, "IYZI": 0.015625, "IYIY": -0.017578125, "IYII": 0.435546875, "IIZY": 0.068359375, "IIIY": 0.015625, "ZZXX": -0.380859375, "ZZXI": 0.044921875, "ZZIX": 0.00390625, "ZZII": 0.80859375, "ZIXX": -0.4140625, "ZIXI": 0.05078125, "IZXX": -0.34765625, "IZXI": 0.03515625, "IZIX": 0.013671875, "IIXX": -0.458984375, "IIXI": 0.064453125, "XZXZ": 0.013671875, "XZXI": 0.01171875, "XZIZ": 0.08203125, "XZII": 0.025390625, "XIXZ": -0.001953125, "XIXI": 0.03125, "IZXZ": -0.01171875, "IIXZ": 0.0234375, "ZYYZ": 0.0390625, "ZYYI": 0.04296875, "ZYIZ": 0.01953125, "ZIYZ": 0.044921875, "ZIYI": 0.044921875, "ZIIZ": 0.001953125, "IYYZ": 0.029296875, "IYYI": 0.029296875, "IYIZ": 0.017578125, "XYXY": 0.1484375, "XYXI": -0.048828125, "XYIY": 0.046875, "XYII": -0.134765625, "XIXY": 0.05859375, "XIIY": 0.01953125, "IYXY": -0.322265625, "IYXI": 0.0546875, "IIXY": -0.634765625, "YXXY": 0.123046875, "YXXI": 0.005859375, "YXIY": -0.0546875, "YIXY": -0.12890625, "YIXI": 0.00390625, "YIIY": -0.025390625, "IXXY": -0.078125, "IXXI": -0.00390625, "IXIY": -0.017578125, "XZZX": 0.04296875, "XZZI": 0.001953125, "XZIX": -0.013671875, "XIZX": 0.04296875, "XIIX": -0.005859375, "IZZX": 0.0, "IZZI": -0.119140625, "YYZZ": 0.287109375, "YYZI": 0.03125, "YYIZ": 0.01171875, "YYII": 0.357421875, "YIZZ": 0.205078125, "YIZI": 0.046875, "IYZZ": 0.3984375, "YZZY": -0.0234375, "YZZI": -0.0625, "YZIY": 0.064453125, "YIZY": -0.060546875, "IZZY": 0.015625, "IZIY": 0.017578125, "XYYX": 0.091796875, "XYYI": 0.015625, "XYIX": -0.04296875, "XIYX": 0.1015625, "XIYI": -0.001953125, "IYYX": -0.380859375, "IYIX": 0.0390625, "ZZYY": 0.35546875, "ZZYI": -0.01171875, "ZZIY": 0.01953125, "ZIYY": 0.375, "IZYY": 0.3203125, "IIYY": 0.45703125, "XXYY": -0.197265625, "XXYI": -0.001953125, "XXIY": 0.0078125, "XIYY": -0.046875, "IXYY": 0.11328125, "ZXXZ": 0.0625, "ZXXI": -0.001953125, "ZXIZ": 0.037109375, "ZIXZ": 0.017578125, "IXXZ": 0.033203125, "YYXX": -0.171875, "YYXI": 0.0234375, "YYIX": 0.0234375, "YIXX": -0.150390625, "IYXX": -0.244140625, "ZZZZ": 0.607421875, "ZZZI": 0.00390625, "ZZIZ": 0.03125, "ZIZZ": 0.6484375, "IZZZ": 0.560546875, "YYYY": 0.130859375, "YYYI": 0.01171875, "YYIY": -0.001953125, "YIYY": 0.08984375, "IYYY": 0.1875, "XXXX": 0.1328125, "XXXI": -0.005859375, "XXIX": 0.013671875, "XIXX": 0.1015625, "IXXX": -0.046875}