{"YXYX": 0.142578125, "YXYI": 0.0390625, "YXIX": -0.0390625, "YXII": -0.142578125, "YIYX": -0.123046875, "YIYI": 0.05078125, "YIIX": -0.046875, "YIII": 0.212890625, "IXYX": -0.0859375, "IXYI": -0.029296875, "IXIX": 0.021484375, "IXII": 0.1484375, "IIYX": -0.62109375, "IIYI": 0.017578125, "IIIX": -0.013671875, "IIII": 1.0, "XYYX": 0.0859375, "XYYI": 0.0, "XYIX": -0.0078125, "XYII": -0.15625, "XIYX": 0.037109375, "XIYI": 0.044921875, "XIIX": 0.001953125, "XIII": -0.099609375, "IYYX": -0.314453125, "IYYI": 0.005859375, "IYIX": 0.025390625, "IYII": 0.455078125, "ZYZY": -0.041015625, "ZYZI": 0.021484375, "ZYIY": 0.03125, "ZYII": 0.41015625, "ZIZY": -0.046875, "ZIZI": -0.015625, "ZIIY": 0.029296875, "ZIII": 0.845703125, "IYZY": -0.06640625, "IYZI": 0.0078125, "IYIY": -0.001953125, "IIZY": -0.068359375, "IIZI": -0.017578125, "IIIY": 0.03125, "ZYYZ": 0.03125, "ZYYI": 0.0, "ZYIZ": 0.013671875, "ZIYZ": 0.013671875, "ZIYI": 0.021484375, "ZIIZ": 0.01953125, "IYYZ": 0.01953125, "IYIZ": 0.037109375, "IIYZ": 0.029296875, "IIIZ": 0.03125, "XZZX": -0.046875, "XZZI": 0.01171875, "XZIX": 0.0, "XZII": 0.0234375, "XIZX": -0.03125, "XIZI": -0.00390625, "IZZX": 0.04296875, "IZZI": -0.0859375, "IZIX": -0.01171875, "IZII": 0.74609375, "IIZX": 0.0390625, "XXYY": -0.07421875, "XXYI": 0.0859375, "XXIY": 0.02734375, "XXII": -0.2734375, "XIYY": -0.046875, "XIIY": 0.01953125, "IXYY": 0.04296875, "IXIY": 0.00390625, "IIYY": 0.421875, "XZXZ": 0.072265625, "XZXI": 0.00390625, "XZIZ": -0.025390625, "XIXZ": 0.05859375, "XIXI": -0.052734375, "XIIZ": -0.03515625, "IZXZ": -0.07421875, "IZXI": -0.013671875, "IZIZ": -0.05078125, "IIXZ": -0.052734375, "IIXI": 0.01953125, "YZZY": 0.033203125, "YZZI": -0.017578125, "YZIY": -0.0078125, "YZII": 0.078125, "YIZY": 0.013671875, "YIZI": -0.001953125, "YIIY": 0.0078125, "IZZY": 0.052734375, "IZIY": -0.01171875, "ZXZX": -0.0390625, "ZXZI": -0.044921875, "ZXIX": 0.06640625, "ZXII": 0.099609375, "ZIZX": 0.025390625, "ZIIX": 0.001953125, "IXZX": -0.0234375, "IXZI": -0.044921875, "XXZZ": -0.279296875, "XXZI": -0.083984375, "XXIZ": -0.0546875, "XIZZ": -0.09375, "IXZZ": 0.1015625, "IXIZ": 0.021484375, "IIZZ": 0.787109375, "YYXX": -0.216796875, "YYXI": 0.01171875, "YYIX": -0.06640625, "YYII": 0.369140625, "YIXX": -0.119140625, "YIXI": -0.015625, "IYXX": -0.203125, "IYXI": -0.029296875, "IIXX": -0.50390625, "YYZZ": 0.244140625, "YYZI": 0.001953125, "YYIZ": 0.013671875, "YIZZ": 0.14453125, "YIIZ": 0.0234375, "IYZZ": 0.330078125, "ZXXZ": -0.0390625, "ZXXI": 0.0546875, "ZXIZ": -0.029296875, "ZIXZ": 0.001953125, "ZIXI": 0.041015625, "IXXZ": -0.04296875, "IXXI": 0.05078125, "ZZXX": -0.3359375, "ZZXI": -0.017578125, "ZZIX": 0.052734375, "ZZII": 0.765625, "ZIXX": -0.376953125, "IZXX": -0.314453125, "ZZYY": 0.369140625, "ZZYI": 0.01171875, "ZZIY": 0.03515625, "ZIYY": 0.392578125, "IZYY": 0.33203125, "IZYI": 0.025390625, "XYXY": 0.095703125, "XYXI": 0.005859375, "XYIY": -0.052734375, "XIXY": 0.064453125, "IYXY": -0.27734375, "IIXY": -0.640625, "YXXY": 0.134765625, "YXXI": 0.02734375, "YXIY": -0.009765625, "YIXY": -0.169921875, "IXXY": -0.087890625, "YZYZ": 0.0, "YZYI": -0.0234375, "YZIZ": -0.10546875, "YIYZ": -0.017578125, "IZYZ": -0.001953125, "XXXX": 0.125, "XXXI": 0.0390625, "XXIX": -0.001953125, "XIXX": 0.03125, "IXXX": -0.076171875, "YYYY": 0.2109375, "YYYI": 0.03125, "YYIY": 0.01953125, "YIYY": 0.11328125, "IYYY": 0.21875, "ZZZZ": 0.62109375, "ZZZI": -0.017578125, "ZZIZ": -0.0078125, "ZIZZ": 0.701171875, "IZZZ": 0.58984375}