{"YZYZ": 0.0234375, "YZYI": 0.005859375, "YZIZ": -0.041015625, "YZII": 0.046875, "YIYZ": 0.0078125, "YIYI": -0.017578125, "YIIZ": 0.033203125, "YIII": 0.20703125, "IZYZ": 0.0078125, "IZYI": 0.001953125, "IZIZ": -0.041015625, "IZII": 0.69921875, "IIYZ": -0.0078125, "IIYI": -0.021484375, "IIIZ": 0.001953125, "IIII": 1.0, "ZXZX": -0.080078125, "ZXZI": -0.001953125, "ZXIX": -0.001953125, "ZXII": 0.169921875, "ZIZX": -0.060546875, "ZIZI": 0.076171875, "ZIIX": 0.017578125, "ZIII": 0.865234375, "IXZX": -0.06640625, "IXZI": -0.0234375, "IXIX": -0.00390625, "IXII": 0.1953125, "IIZX": -0.0546875, "IIZI": 0.0625, "IIIX": 0.0, "YXYX": 0.119140625, "YXYI": -0.015625, "YXIX": 0.017578125, "YXII": -0.140625, "YIYX": -0.173828125, "YIIX": 0.037109375, "IXYX": -0.072265625, "IXYI": 0.02734375, "IIYX": -0.685546875, "XXZZ": -0.26171875, "XXZI": 0.03515625, "XXIZ": -0.01953125, "XXII": -0.33203125, "XIZZ": -0.048828125, "XIZI": 0.001953125, "XIIZ": -0.025390625, "XIII": -0.052734375, "IXZZ": 0.158203125, "IXIZ": 0.017578125, "IIZZ": 0.7734375, "ZYZY": 0.0078125, "ZYZI": -0.02734375, "ZYIY": -0.017578125, "ZYII": 0.373046875, "ZIZY": 0.060546875, "ZIIY": -0.03515625, "IYZY": 0.01953125, "IYZI": -0.0625, "IYIY": -0.013671875, "IYII": 0.423828125, "IIZY": 0.064453125, "IIIY": 0.0078125, "ZZXX": -0.361328125, "ZZXI": 0.00390625, "ZZIX": 0.05078125, "ZZII": 0.763671875, "ZIXX": -0.421875, "ZIXI": 0.029296875, "IZXX": -0.357421875, "IZXI": -0.00390625, "IZIX": 0.06640625, "IIXX": -0.46484375, "IIXI": 0.037109375, "XZXZ": -0.02734375, "XZXI": -0.0546875, "XZIZ": 0.0234375, "XZII": 0.02734375, "XIXZ": -0.044921875, "XIXI": -0.033203125, "IZXZ": -0.044921875, "IIXZ": -0.0234375, "ZYYZ": 0.095703125, "ZYYI": -0.01953125, "ZYIZ": 0.029296875, "ZIYZ": 0.0234375, "ZIYI": 0.021484375, "ZIIZ": -0.03125, "IYYZ": 0.0703125, "IYYI": -0.013671875, "IYIZ": 0.02734375, "XYXY": 0.06640625, "XYXI": -0.05859375, "XYIY": 0.015625, "XYII": -0.13671875, "XIXY": 0.04296875, "XIIY": 0.02734375, "IYXY": -0.28125, "IYXI": 0.015625, "IIXY": -0.6328125, "YXXY": 0.052734375, "YXXI": -0.0234375, "YXIY": -0.017578125, "YIXY": -0.115234375, "YIXI": 0.05078125, "YIIY": -0.029296875, "IXXY": -0.158203125, "IXXI": -0.01171875, "IXIY": 0.009765625, "XZZX": -0.01953125, "XZZI": -0.01953125, "XZIX": 0.046875, "XIZX": -0.00390625, "XIIX": 0.0078125, "IZZX": -0.01171875, "IZZI": -0.046875, "YYZZ": 0.296875, "YYZI": -0.005859375, "YYIZ": -0.05078125, "YYII": 0.349609375, "YIZZ": 0.142578125, "YIZI": -0.0078125, "IYZZ": 0.3671875, "YZZY": -0.03515625, "YZZI": -0.013671875, "YZIY": 0.04296875, "YIZY": -0.021484375, "IZZY": 0.05078125, "IZIY": 0.0625, "XYYX": 0.095703125, "XYYI": 0.001953125, "XYIX": -0.009765625, "XIYX": 0.072265625, "XIYI": -0.013671875, "IYYX": -0.31640625, "IYIX": 0.04296875, "ZZYY": 0.33984375, "ZZYI": 0.03125, "ZZIY": 0.037109375, "ZIYY": 0.37109375, "IZYY": 0.294921875, "IIYY": 0.443359375, "XXYY": -0.16015625, "XXYI": -0.04296875, "XXIY": -0.021484375, "XIYY": -0.052734375, "IXYY": 0.09765625, "ZXXZ": 0.015625, "ZXXI": 0.048828125, "ZXIZ": 0.041015625, "ZIXZ": 0.021484375, "IXXZ": 0.025390625, "YYXX": -0.181640625, "YYXI": -0.009765625, "YYIX": -0.04296875, "YIXX": -0.095703125, "IYXX": -0.244140625, "ZZZZ": 0.6015625, "ZZZI": -0.060546875, "ZZIZ": -0.05078125, "ZIZZ": 0.703125, "IZZZ": 0.541015625, "YYYY": 0.1640625, "YYYI": 0.03515625, "YYIY": -0.03125, "YIYY": 0.107421875, "IYYY": 0.205078125, "XXXX": 0.177734375, "XXXI": 0.04296875, "XXIX": 0.017578125, "XIXX": 0.0625, "IXXX": -0.0703125}