{"YZYZ": -0.033203125, "YZYI": 0.03125, "YZIZ": 0.017578125, "YZII": 0.08203125, "YIYZ": 0.005859375, "YIYI": 0.01953125, "YIIZ": 0.025390625, "YIII": 0.234375, "IZYZ": -0.041015625, "IZYI": 0.03515625, "IZIZ": -0.017578125, "IZII": 0.73046875, "IIYZ": -0.001953125, "IIYI": 0.0390625, "IIIZ": 0.029296875, "IIII": 1.0, "ZXZX": -0.015625, "ZXZI": -0.015625, "ZXIX": 0.04296875, "ZXII": 0.15234375, "ZIZX": -0.0703125, "ZIZI": -0.05078125, "ZIIX": 0.015625, "ZIII": 0.83984375, "IXZX": -0.01171875, "IXZI": -0.0078125, "IXIX": 0.05859375, "IXII": 0.15625, "IIZX": -0.04296875, "IIZI": -0.01953125, "IIIX": 0.03125, "YXYX": 0.095703125, "YXYI": -0.00390625, "YXIX": -0.015625, "YXII": -0.115234375, "YIYX": -0.091796875, "YIIX": -0.0625, "IXYX": -0.09765625, "IXYI": -0.033203125, "IIYX": -0.59375, "XXZZ": -0.23828125, "XXZI": -0.001953125, "XXIZ": 0.0, "XXII": -0.302734375, "XIZZ": -0.12109375, "XIZI": -0.005859375, "XIIZ": -0.03515625, "XIII": -0.146484375, "IXZZ": 0.123046875, "IXIZ": 0.037109375, "IIZZ": 0.830078125, "ZYZY": 0.025390625, "ZYZI": -0.01171875, "ZYIY": -0.02734375, "ZYII": 0.404296875, "ZIZY": 0.03515625, "ZIIY": -0.044921875, "IYZY": 0.005859375, "IYZI": -0.015625, "IYIY": -0.0234375, "IYII": 0.462890625, "IIZY": 0.0234375, "IIIY": -0.041015625, "ZZXX": -0.330078125, "ZZXI": 0.01953125, "ZZIX": -0.0078125, "ZZII": 0.771484375, "ZIXX": -0.3828125, "ZIXI": 0.021484375, "IZXX": -0.322265625, "IZXI": -0.00390625, "IZIX": -0.0078125, "IIXX": -0.45703125, "IIXI": 0.025390625, "XZXZ": 0.01953125, "XZXI": -0.01171875, "XZIZ": 0.017578125, "XZII": 0.017578125, "XIXZ": -0.005859375, "XIXI": -0.037109375, "IZXZ": -0.015625, "IIXZ": -0.017578125, "ZYYZ": 0.052734375, "ZYYI": 0.017578125, "ZYIZ": 0.0546875, "ZIYZ": 0.025390625, "ZIYI": 0.021484375, "ZIIZ": 0.0234375, "IYYZ": 0.033203125, "IYYI": -0.009765625, "IYIZ": 0.05859375, "XYXY": 0.109375, "XYXI": 0.0078125, "XYIY": -0.01953125, "XYII": -0.17578125, "XIXY": 0.076171875, "XIIY": -0.068359375, "IYXY": -0.298828125, "IYXI": 0.060546875, "IIXY": -0.64453125, "YXXY": 0.115234375, "YXXI": -0.029296875, "YXIY": 0.009765625, "YIXY": -0.10546875, "YIXI": -0.0078125, "YIIY": 0.00390625, "IXXY": -0.103515625, "IXXI": 0.029296875, "IXIY": -0.005859375, "XZZX": 0.02734375, "XZZI": 0.068359375, "XZIX": -0.05078125, "XIZX": 0.048828125, "XIIX": -0.033203125, "IZZX": 0.0703125, "IZZI": -0.001953125, "YYZZ": 0.30859375, "YYZI": 0.017578125, "YYIZ": 0.041015625, "YYII": 0.39453125, "YIZZ": 0.197265625, "YIZI": 0.00390625, "IYZZ": 0.416015625, "YZZY": -0.01953125, "YZZI": 0.015625, "YZIY": -0.021484375, "YIZY": -0.02734375, "IZZY": 0.005859375, "IZIY": 0.046875, "XYYX": 0.07421875, "XYYI": -0.037109375, "XYIX": 0.001953125, "XIYX": 0.046875, "XIYI": -0.017578125, "IYYX": -0.29296875, "IYIX": 0.029296875, "ZZYY": 0.35546875, "ZZYI": -0.009765625, "ZZIY": 0.037109375, "ZIYY": 0.3984375, "IZYY": 0.32421875, "IIYY": 0.4765625, "XXYY": -0.158203125, "XXYI": 0.064453125, "XXIY": -0.015625, "XIYY": -0.046875, "IXYY": 0.1328125, "ZXXZ": -0.052734375, "ZXXI": 0.017578125, "ZXIZ": -0.013671875, "ZIXZ": -0.009765625, "IXXZ": -0.0390625, "YYXX": -0.177734375, "YYXI": 0.00390625, "YYIX": 0.041015625, "YIXX": -0.09765625, "IYXX": -0.21484375, "ZZZZ": 0.611328125, "ZZZI": 0.0390625, "ZZIZ": 0.03125, "ZIZZ": 0.6796875, "IZZZ": 0.576171875, "YYYY": 0.1640625, "YYYI": -0.021484375, "YYIY": -0.029296875, "YIYY": 0.06640625, "IYYY": 0.2421875, "XXXX": 0.134765625, "XXXI": -0.01953125, "XXIX": 0.068359375, "XIXX": 0.017578125, "IXXX": -0.068359375}