{"YZYZ": 0.021484375, "YZYI": 0.009765625, "YZIZ": -0.0546875, "YZII": 0.015625, "YIYZ": -0.00390625, "YIYI": 0.0078125, "YIIZ": -0.029296875, "YIII": 0.197265625, "IZYZ": 0.0390625, "IZYI": 0.03125, "IZIZ": -0.001953125, "IZII": 0.689453125, "IIYZ": -0.005859375, "IIYI": 0.017578125, "IIIZ": 0.01953125, "IIII": 1.0, "ZXZX": 0.01171875, "ZXZI": -0.01953125, "ZXIX": -0.02734375, "ZXII": 0.16015625, "ZIZX": 0.013671875, "ZIZI": -0.009765625, "ZIIX": 0.025390625, "ZIII": 0.845703125, "IXZX": 0.025390625, "IXZI": -0.013671875, "IXIX": -0.025390625, "IXII": 0.201171875, "IIZX": 0.015625, "IIZI": 0.03125, "IIIX": 0.015625, "YXYX": 0.1171875, "YXYI": -0.033203125, "YXIX": 0.037109375, "YXII": -0.12109375, "YIYX": -0.138671875, "YIIX": -0.0234375, "IXYX": -0.087890625, "IXYI": 0.015625, "IIYX": -0.66796875, "XXZZ": -0.2421875, "XXZI": 0.00390625, "XXIZ": -0.005859375, "XXII": -0.291015625, "XIZZ": -0.09765625, "XIZI": 0.02734375, "XIIZ": 0.017578125, "XIII": -0.130859375, "IXZZ": 0.126953125, "IXIZ": 0.0234375, "IIZZ": 0.822265625, "ZYZY": -0.04296875, "ZYZI": -0.025390625, "ZYIY": 0.021484375, "ZYII": 0.4296875, "ZIZY": -0.048828125, "ZIIY": 0.05078125, "IYZY": -0.044921875, "IYZI": -0.02734375, "IYIY": 0.05078125, "IYII": 0.482421875, "IIZY": -0.04296875, "IIIY": 0.041015625, "ZZXX": -0.361328125, "ZZXI": -0.04296875, "ZZIX": 0.041015625, "ZZII": 0.7890625, "ZIXX": -0.447265625, "ZIXI": -0.02734375, "IZXX": -0.353515625, "IZXI": -0.0546875, "IZIX": 0.001953125, "IIXX": -0.482421875, "IIXI": -0.01953125, "XZXZ": 0.01953125, "XZXI": -0.041015625, "XZIZ": -0.013671875, "XZII": 0.05078125, "XIXZ": 0.00390625, "XIXI": -0.033203125, "IZXZ": -0.0078125, "IIXZ": -0.015625, "ZYYZ": 0.01953125, "ZYYI": -0.02734375, "ZYIZ": 0.025390625, "ZIYZ": 0.0, "ZIYI": -0.00390625, "ZIIZ": 0.029296875, "IYYZ": 0.025390625, "IYYI": -0.013671875, "IYIZ": 0.015625, "XYXY": 0.072265625, "XYXI": 0.01171875, "XYIY": -0.021484375, "XYII": -0.1484375, "XIXY": 0.07421875, "XIIY": -0.0234375, "IYXY": -0.3203125, "IYXI": 0.056640625, "IIXY": -0.642578125, "YXXY": 0.060546875, "YXXI": 0.01171875, "YXIY": -0.017578125, "YIXY": -0.111328125, "YIXI": -0.0078125, "YIIY": 0.013671875, "IXXY": -0.072265625, "IXXI": 0.0078125, "IXIY": 0.005859375, "XZZX": -0.013671875, "XZZI": 0.046875, "XZIX": 0.037109375, "XIZX": -0.0234375, "XIIX": 0.00390625, "IZZX": 0.015625, "IZZI": -0.029296875, "YYZZ": 0.2890625, "YYZI": 0.0078125, "YYIZ": 0.009765625, "YYII": 0.373046875, "YIZZ": 0.158203125, "YIZI": 0.001953125, "IYZZ": 0.390625, "YZZY": -0.033203125, "YZZI": 0.03515625, "YZIY": -0.01953125, "YIZY": 0.021484375, "IZZY": -0.08203125, "IZIY": 0.048828125, "XYYX": 0.119140625, "XYYI": 0.013671875, "XYIX": -0.021484375, "XIYX": 0.05078125, "XIYI": -0.015625, "IYYX": -0.306640625, "IYIX": 0.048828125, "ZZYY": 0.33203125, "ZZYI": 0.001953125, "ZZIY": 0.03125, "ZIYY": 0.380859375, "IZYY": 0.29296875, "IIYY": 0.455078125, "XXYY": -0.091796875, "XXYI": 0.013671875, "XXIY": 0.0, "XIYY": -0.07421875, "IXYY": 0.0234375, "ZXXZ": 0.0546875, "ZXXI": 0.001953125, "ZXIZ": 0.0, "ZIXZ": -0.00390625, "IXXZ": 0.056640625, "YYXX": -0.234375, "YYXI": 0.021484375, "YYIX": -0.00390625, "YIXX": -0.16796875, "IYXX": -0.228515625, "ZZZZ": 0.658203125, "ZZZI": -0.021484375, "ZZIZ": -0.017578125, "ZIZZ": 0.716796875, "IZZZ": 0.6015625, "YYYY": 0.181640625, "YYYI": 0.060546875, "YYIY": 0.076171875, "YIYY": 0.09765625, "IYYY": 0.169921875, "XXXX": 0.1953125, "XXXI": 0.001953125, "XXIX": -0.0078125, "XIXX": 0.037109375, "IXXX": -0.12109375}