{"YZYZ": -0.033203125, "YZYI": 0.044921875, "YZIZ": 0.021484375, "YZII": 0.056640625, "YIYZ": 0.0, "YIYI": 0.05859375, "YIIZ": 0.0078125, "YIII": 0.1875, "IZYZ": -0.048828125, "IZYI": -0.021484375, "IZIZ": -0.056640625, "IZII": 0.693359375, "IIYZ": -0.01953125, "IIYI": 0.00390625, "IIIZ": -0.00390625, "IIII": 1.0, "ZXZX": 0.02734375, "ZXZI": 0.044921875, "ZXIX": 0.01171875, "ZXII": 0.103515625, "ZIZX": 0.01953125, "ZIZI": -0.029296875, "ZIIX": 0.01953125, "ZIII": 0.857421875, "IXZX": -0.001953125, "IXZI": 0.03515625, "IXIX": 0.013671875, "IXII": 0.1484375, "IIZX": -0.013671875, "IIZI": -0.03515625, "IIIX": 0.033203125, "YXYX": 0.125, "YXYI": 0.048828125, "YXIX": -0.060546875, "YXII": -0.13671875, "YIYX": -0.142578125, "YIIX": 0.0234375, "IXYX": -0.072265625, "IXYI": -0.03125, "IIYX": -0.64453125, "XXZZ": -0.310546875, "XXZI": 0.017578125, "XXIZ": 0.0078125, "XXII": -0.34375, "XIZZ": -0.111328125, "XIZI": 0.013671875, "XIIZ": -0.00390625, "XIII": -0.12890625, "IXZZ": 0.087890625, "IXIZ": -0.02734375, "IIZZ": 0.837890625, "ZYZY": -0.01953125, "ZYZI": -0.0078125, "ZYIY": -0.01171875, "ZYII": 0.44140625, "ZIZY": -0.02734375, "ZIIY": -0.015625, "IYZY": -0.03125, "IYZI": -0.015625, "IYIY": -0.0390625, "IYII": 0.51953125, "IIZY": -0.01953125, "IIIY": -0.015625, "ZZXX": -0.396484375, "ZZXI": -0.0234375, "ZZIX": 0.025390625, "ZZII": 0.78515625, "ZIXX": -0.416015625, "ZIXI": -0.01953125, "IZXX": -0.373046875, "IZXI": -0.0234375, "IZIX": 0.041015625, "IIXX": -0.478515625, "IIXI": -0.01953125, "XZXZ": -0.033203125, "XZXI": 0.01171875, "XZIZ": -0.06640625, "XZII": 0.056640625, "XIXZ": -0.029296875, "XIXI": -0.0078125, "IZXZ": 0.0078125, "IIXZ": 0.01171875, "ZYYZ": -0.029296875, "ZYYI": -0.03515625, "ZYIZ": 0.068359375, "ZIYZ": 0.01953125, "ZIYI": 0.009765625, "ZIIZ": 0.0, "IYYZ": -0.03515625, "IYYI": -0.033203125, "IYIZ": 0.05078125, "XYXY": 0.0859375, "XYXI": -0.0234375, "XYIY": -0.001953125, "XYII": -0.126953125, "XIXY": 0.03125, "XIIY": -0.009765625, "IYXY": -0.271484375, "IYXI": 0.068359375, "IIXY": -0.619140625, "YXXY": 0.0859375, "YXXI": 0.005859375, "YXIY": -0.01171875, "YIXY": -0.119140625, "YIXI": 0.0, "YIIY": 0.009765625, "IXXY": -0.109375, "IXXI": -0.005859375, "IXIY": 0.015625, "XZZX": 0.0078125, "XZZI": 0.025390625, "XZIX": 0.025390625, "XIZX": -0.03515625, "XIIX": -0.001953125, "IZZX": -0.03125, "IZZI": -0.048828125, "YYZZ": 0.310546875, "YYZI": -0.01171875, "YYIZ": -0.021484375, "YYII": 0.38671875, "YIZZ": 0.166015625, "YIZI": 0.01171875, "IYZZ": 0.353515625, "YZZY": 0.0, "YZZI": -0.017578125, "YZIY": -0.046875, "YIZY": 0.0078125, "IZZY": -0.021484375, "IZIY": -0.005859375, "XYYX": 0.1484375, "XYYI": 0.025390625, "XYIX": -0.03515625, "XIYX": 0.07421875, "XIYI": 0.005859375, "IYYX": -0.345703125, "IYIX": -0.060546875, "ZZYY": 0.345703125, "ZZYI": -0.005859375, "ZZIY": 0.017578125, "ZIYY": 0.41015625, "IZYY": 0.333984375, "IIYY": 0.484375, "XXYY": -0.140625, "XXYI": -0.00390625, "XXIY": -0.03125, "XIYY": -0.0546875, "IXYY": 0.0859375, "ZXXZ": -0.03125, "ZXXI": 0.013671875, "ZXIZ": 0.017578125, "ZIXZ": -0.068359375, "IXXZ": -0.005859375, "YYXX": -0.1484375, "YYXI": 0.05859375, "YYIX": -0.046875, "YIXX": -0.064453125, "IYXX": -0.169921875, "ZZZZ": 0.5859375, "ZZZI": -0.005859375, "ZZIZ": 0.013671875, "ZIZZ": 0.6875, "IZZZ": 0.54296875, "YYYY": 0.17578125, "YYYI": -0.013671875, "YYIY": -0.00390625, "YIYY": 0.078125, "IYYY": 0.224609375, "XXXX": 0.103515625, "XXXI": 0.0390625, "XXIX": -0.025390625, "XIXX": 0.03125, "IXXX": 0.0}