{"YZYZ": 0.052734375, "YZYI": 0.04296875, "YZIZ": -0.02734375, "YZII": -0.029296875, "YIYZ": 0.0, "YIYI": 0.041015625, "YIIZ": -0.013671875, "YIII": 0.16015625, "IZYZ": 0.001953125, "IZYI": 0.01171875, "IZIZ": -0.05078125, "IZII": 0.693359375, "IIYZ": -0.02734375, "IIYI": -0.013671875, "IIIZ": -0.044921875, "IIII": 1.0, "ZXZX": -0.03125, "ZXZI": 0.005859375, "ZXIX": -0.033203125, "ZXII": 0.1640625, "ZIZX": -0.0546875, "ZIZI": -0.060546875, "ZIIX": -0.001953125, "ZIII": 0.85546875, "IXZX": -0.0390625, "IXZI": 0.001953125, "IXIX": -0.013671875, "IXII": 0.1796875, "IIZX": -0.06640625, "IIZI": -0.052734375, "IIIX": 0.037109375, "YXYX": 0.072265625, "YXYI": 0.00390625, "YXIX": -0.037109375, "YXII": -0.09375, "YIYX": -0.14453125, "YIIX": 0.03515625, "IXYX": -0.09375, "IXYI": -0.033203125, "IIYX": -0.673828125, "XXZZ": -0.271484375, "XXZI": -0.01171875, "XXIZ": -0.056640625, "XXII": -0.30859375, "XIZZ": -0.12890625, "XIZI": -0.025390625, "XIIZ": 0.0234375, "XIII": -0.119140625, "IXZZ": 0.18359375, "IXIZ": 0.01171875, "IIZZ": 0.798828125, "ZYZY": 0.02734375, "ZYZI": -0.0078125, "ZYIY": 0.033203125, "ZYII": 0.376953125, "ZIZY": 0.04296875, "ZIIY": 0.064453125, "IYZY": 0.033203125, "IYZI": 0.009765625, "IYIY": 0.02734375, "IYII": 0.4296875, "IIZY": 0.033203125, "IIIY": 0.05078125, "ZZXX": -0.35546875, "ZZXI": 0.037109375, "ZZIX": -0.001953125, "ZZII": 0.7421875, "ZIXX": -0.396484375, "ZIXI": 0.05078125, "IZXX": -0.322265625, "IZXI": 0.046875, "IZIX": 0.0, "IIXX": -0.4765625, "IIXI": 0.033203125, "XZXZ": 0.009765625, "XZXI": -0.017578125, "XZIZ": 0.001953125, "XZII": 0.048828125, "XIXZ": -0.0390625, "XIXI": -0.02734375, "IZXZ": -0.033203125, "IIXZ": -0.00390625, "ZYYZ": 0.005859375, "ZYYI": -0.046875, "ZYIZ": 0.001953125, "ZIYZ": 0.025390625, "ZIYI": -0.01953125, "ZIIZ": -0.037109375, "IYYZ": 0.033203125, "IYYI": -0.0234375, "IYIZ": 0.033203125, "XYXY": 0.10546875, "XYXI": 0.0, "XYIY": -0.001953125, "XYII": -0.162109375, "XIXY": 0.05078125, "XIIY": -0.005859375, "IYXY": -0.345703125, "IYXI": -0.037109375, "IIXY": -0.697265625, "YXXY": 0.076171875, "YXXI": -0.021484375, "YXIY": 0.01171875, "YIXY": -0.107421875, "YIXI": 0.001953125, "YIIY": 0.046875, "IXXY": -0.060546875, "IXXI": 0.064453125, "IXIY": -0.0859375, "XZZX": 0.041015625, "XZZI": 0.013671875, "XZIX": -0.005859375, "XIZX": 0.01953125, "XIIX": 0.0, "IZZX": 0.017578125, "IZZI": -0.033203125, "YYZZ": 0.279296875, "YYZI": -0.033203125, "YYIZ": -0.052734375, "YYII": 0.333984375, "YIZZ": 0.14453125, "YIZI": 0.02734375, "IYZZ": 0.400390625, "YZZY": -0.017578125, "YZZI": -0.052734375, "YZIY": 0.02734375, "YIZY": 0.025390625, "IZZY": -0.025390625, "IZIY": 0.04296875, "XYYX": 0.146484375, "XYYI": 0.064453125, "XYIX": -0.044921875, "XIYX": 0.09765625, "XIYI": 0.02734375, "IYYX": -0.291015625, "IYIX": -0.017578125, "ZZYY": 0.369140625, "ZZYI": -0.025390625, "ZZIY": -0.03125, "ZIYY": 0.376953125, "IZYY": 0.314453125, "IIYY": 0.451171875, "XXYY": -0.17578125, "XXYI": -0.01953125, "XXIY": -0.01953125, "XIYY": -0.076171875, "IXYY": 0.130859375, "ZXXZ": 0.03125, "ZXXI": -0.021484375, "ZXIZ": 0.064453125, "ZIXZ": 0.021484375, "IXXZ": 0.037109375, "YYXX": -0.185546875, "YYXI": 0.037109375, "YYIX": -0.025390625, "YIXX": -0.1015625, "IYXX": -0.228515625, "ZZZZ": 0.6015625, "ZZZI": -0.03515625, "ZZIZ": -0.03515625, "ZIZZ": 0.697265625, "IZZZ": 0.564453125, "YYYY": 0.189453125, "YYYI": 0.01171875, "YYIY": 0.04296875, "YIYY": 0.091796875, "IYYY": 0.21484375, "XXXX": 0.162109375, "XXXI": 0.052734375, "XXIX": -0.056640625, "XIXX": 0.10546875, "IXXX": -0.080078125}