{"YZYZ": -0.0546875, "YZYI": -0.005859375, "YZIZ": -0.052734375, "YZII": -0.0078125, "YIYZ": -0.0625, "YIYI": 0.005859375, "YIIZ": -0.037109375, "YIII": 0.20703125, "IZYZ": 0.00390625, "IZYI": 0.044921875, "IZIZ": -0.021484375, "IZII": 0.65625, "IIYZ": -0.0078125, "IIYI": -0.001953125, "IIIZ": 0.005859375, "IIII": 1.0, "ZXZX": 0.0390625, "ZXZI": -0.033203125, "ZXIX": -0.01171875, "ZXII": 0.142578125, "ZIZX": -0.044921875, "ZIZI": -0.05078125, "ZIIX": -0.001953125, "ZIII": 0.875, "IXZX": 0.046875, "IXZI": 0.005859375, "IXIX": 0.0078125, "IXII": 0.123046875, "IIZX": -0.001953125, "IIZI": -0.03125, "IIIX": 0.044921875, "YXYX": 0.0703125, "YXYI": -0.0234375, "YXIX": 0.001953125, "YXII": -0.072265625, "YIYX": -0.177734375, "YIIX": -0.0625, "IXYX": -0.05859375, "IXYI": -0.0390625, "IIYX": -0.638671875, "XXZZ": -0.287109375, "XXZI": 0.033203125, "XXIZ": 0.01171875, "XXII": -0.328125, "XIZZ": -0.115234375, "XIZI": 0.009765625, "XIIZ": -0.0078125, "XIII": -0.13671875, "IXZZ": 0.119140625, "IXIZ": 0.01953125, "IIZZ": 0.802734375, "ZYZY": 0.029296875, "ZYZI": 0.015625, "ZYIY": -0.03125, "ZYII": 0.396484375, "ZIZY": 0.05078125, "ZIIY": 0.029296875, "IYZY": 0.021484375, "IYZI": 0.01953125, "IYIY": -0.0234375, "IYII": 0.462890625, "IIZY": 0.0625, "IIIY": 0.041015625, "ZZXX": -0.326171875, "ZZXI": 0.037109375, "ZZIX": 0.041015625, "ZZII": 0.798828125, "ZIXX": -0.349609375, "ZIXI": 0.041015625, "IZXX": -0.3046875, "IZXI": 0.01953125, "IZIX": 0.0625, "IIXX": -0.40234375, "IIXI": 0.05859375, "XZXZ": 0.044921875, "XZXI": 0.017578125, "XZIZ": -0.048828125, "XZII": 0.017578125, "XIXZ": 0.01171875, "XIXI": 0.015625, "IZXZ": -0.005859375, "IIXZ": 0.0078125, "ZYYZ": 0.00390625, "ZYYI": 0.048828125, "ZYIZ": 0.0234375, "ZIYZ": 0.03515625, "ZIYI": 0.005859375, "ZIIZ": -0.00390625, "IYYZ": 0.013671875, "IYYI": 0.0390625, "IYIZ": 0.017578125, "XYXY": 0.078125, "XYXI": -0.033203125, "XYIY": 0.009765625, "XYII": -0.1484375, "XIXY": 0.072265625, "XIIY": -0.04296875, "IYXY": -0.302734375, "IYXI": 0.02734375, "IIXY": -0.640625, "YXXY": 0.091796875, "YXXI": 0.025390625, "YXIY": -0.02734375, "YIXY": -0.17578125, "YIXI": 0.05078125, "YIIY": -0.037109375, "IXXY": -0.125, "IXXI": -0.03125, "IXIY": -0.005859375, "XZZX": 0.0234375, "XZZI": 0.046875, "XZIX": -0.044921875, "XIZX": 0.001953125, "XIIX": -0.0625, "IZZX": 0.00390625, "IZZI": -0.0625, "YYZZ": 0.248046875, "YYZI": -0.005859375, "YYIZ": -0.025390625, "YYII": 0.326171875, "YIZZ": 0.126953125, "YIZI": 0.013671875, "IYZZ": 0.3671875, "YZZY": 0.001953125, "YZZI": 0.068359375, "YZIY": 0.025390625, "YIZY": 0.0078125, "IZZY": 0.009765625, "IZIY": 0.099609375, "XYYX": 0.095703125, "XYYI": -0.046875, "XYIX": 0.0, "XIYX": 0.091796875, "XIYI": 0.0234375, "IYYX": -0.3046875, "IYIX": 0.005859375, "ZZYY": 0.314453125, "ZZYI": 0.0, "ZZIY": 0.01171875, "ZIYY": 0.359375, "IZYY": 0.287109375, "IIYY": 0.43359375, "XXYY": -0.14453125, "XXYI": -0.04296875, "XXIY": -0.0390625, "XIYY": -0.0234375, "IXYY": 0.0390625, "ZXXZ": -0.001953125, "ZXXI": 0.021484375, "ZXIZ": 0.03515625, "ZIXZ": -0.05078125, "IXXZ": 0.02734375, "YYXX": -0.16015625, "YYXI": -0.068359375, "YYIX": 0.041015625, "YIXX": -0.095703125, "IYXX": -0.201171875, "ZZZZ": 0.599609375, "ZZZI": -0.0234375, "ZZIZ": 0.00390625, "ZIZZ": 0.703125, "IZZZ": 0.564453125, "YYYY": 0.1953125, "YYYI": 0.001953125, "YYIY": -0.021484375, "YIYY": 0.095703125, "IYYY": 0.216796875, "XXXX": 0.154296875, "XXXI": 0.04296875, "XXIX": -0.00390625, "XIXX": -0.001953125, "IXXX": -0.078125}