{"YZYZ": 0.056640625, "YZYI": -0.0234375, "YZIZ": 0.009765625, "YZII": 0.1015625, "YIYZ": 0.041015625, "YIYI": -0.015625, "YIIZ": 0.025390625, "YIII": 0.28125, "IZYZ": -0.021484375, "IZYI": 0.046875, "IZIZ": 0.001953125, "IZII": 0.7265625, "IIYZ": -0.013671875, "IIYI": 0.046875, "IIIZ": 0.017578125, "IIII": 1.0, "ZXZX": -0.005859375, "ZXZI": 0.001953125, "ZXIX": 0.009765625, "ZXII": 0.146484375, "ZIZX": -0.0234375, "ZIZI": -0.07421875, "ZIIX": 0.01953125, "ZIII": 0.86328125, "IXZX": -0.005859375, "IXZI": -0.017578125, "IXIX": 0.013671875, "IXII": 0.185546875, "IIZX": -0.03515625, "IIZI": -0.06640625, "IIIX": 0.01953125, "YXYX": 0.04296875, "YXYI": 0.0, "YXIX": 0.05078125, "YXII": -0.10546875, "YIYX": -0.16796875, "YIIX": 0.0390625, "IXYX": -0.14453125, "IXYI": 0.00390625, "IIYX": -0.703125, "XXZZ": -0.26953125, "XXZI": 0.0, "XXIZ": -0.015625, "XXII": -0.33203125, "XIZZ": -0.06640625, "XIZI": -0.0234375, "XIIZ": 0.0, "XIII": -0.06640625, "IXZZ": 0.14453125, "IXIZ": 0.0078125, "IIZZ": 0.77734375, "ZYZY": 0.037109375, "ZYZI": 0.041015625, "ZYIY": 0.052734375, "ZYII": 0.435546875, "ZIZY": 0.0078125, "ZIIY": 0.078125, "IYZY": 0.037109375, "IYZI": 0.052734375, "IYIY": 0.017578125, "IYII": 0.505859375, "IIZY": -0.00390625, "IIIY": 0.0703125, "ZZXX": -0.341796875, "ZZXI": 0.0078125, "ZZIX": -0.001953125, "ZZII": 0.78515625, "ZIXX": -0.375, "ZIXI": 0.013671875, "IZXX": -0.3046875, "IZXI": 0.021484375, "IZIX": 0.03125, "IIXX": -0.447265625, "IIXI": 0.01171875, "XZXZ": -0.0234375, "XZXI": -0.013671875, "XZIZ": 0.029296875, "XZII": 0.02734375, "XIXZ": 0.0, "XIXI": -0.048828125, "IZXZ": 0.0390625, "IIXZ": 0.0, "ZYYZ": -0.025390625, "ZYYI": 0.06640625, "ZYIZ": 0.05078125, "ZIYZ": 0.01171875, "ZIYI": 0.033203125, "ZIIZ": -0.005859375, "IYYZ": -0.017578125, "IYYI": 0.05078125, "IYIZ": 0.02734375, "XYXY": 0.1328125, "XYXI": -0.029296875, "XYIY": 0.033203125, "XYII": -0.140625, "XIXY": 0.091796875, "XIIY": -0.046875, "IYXY": -0.306640625, "IYXI": -0.0703125, "IIXY": -0.6484375, "YXXY": 0.169921875, "YXXI": 0.01171875, "YXIY": -0.013671875, "YIXY": -0.13671875, "YIXI": 0.001953125, "YIIY": 0.05859375, "IXXY": -0.03515625, "IXXI": 0.001953125, "IXIY": 0.01171875, "XZZX": -0.03125, "XZZI": 0.0078125, "XZIX": -0.00390625, "XIZX": -0.056640625, "XIIX": -0.033203125, "IZZX": -0.017578125, "IZZI": -0.033203125, "YYZZ": 0.3203125, "YYZI": -0.044921875, "YYIZ": -0.033203125, "YYII": 0.375, "YIZZ": 0.205078125, "YIZI": -0.00390625, "IYZZ": 0.376953125, "YZZY": 0.0234375, "YZZI": -0.013671875, "YZIY": 0.029296875, "YIZY": 0.0390625, "IZZY": -0.04296875, "IZIY": -0.021484375, "XYYX": 0.099609375, "XYYI": 0.017578125, "XYIX": -0.017578125, "XIYX": 0.029296875, "XIYI": 0.013671875, "IYYX": -0.3359375, "IYIX": 0.0546875, "ZZYY": 0.37890625, "ZZYI": 0.0390625, "ZZIY": 0.076171875, "ZIYY": 0.40625, "IZYY": 0.333984375, "IIYY": 0.478515625, "XXYY": -0.1640625, "XXYI": 0.015625, "XXIY": -0.017578125, "XIYY": -0.0078125, "IXYY": 0.103515625, "ZXXZ": -0.017578125, "ZXXI": -0.03125, "ZXIZ": -0.0234375, "ZIXZ": -0.001953125, "IXXZ": -0.0546875, "YYXX": -0.1796875, "YYXI": 0.03125, "YYIX": -0.00390625, "YIXX": -0.1171875, "IYXX": -0.23046875, "ZZZZ": 0.587890625, "ZZZI": -0.03515625, "ZZIZ": -0.0078125, "ZIZZ": 0.673828125, "IZZZ": 0.54296875, "YYYY": 0.185546875, "YYYI": -0.01171875, "YYIY": -0.01171875, "YIYY": 0.076171875, "IYYY": 0.1953125, "XXXX": 0.140625, "XXXI": -0.013671875, "XXIX": -0.009765625, "XIXX": -0.02734375, "IXXX": -0.08203125}