{"YXYX": 0.060546875, "YXYI": 0.05078125, "YXIX": -0.015625, "YXII": -0.083984375, "YIYX": -0.123046875, "YIYI": 0.0, "YIIX": -0.01953125, "YIII": 0.177734375, "IXYX": -0.109375, "IXYI": -0.005859375, "IXIX": 0.017578125, "IXII": 0.171875, "IIYX": -0.6640625, "IIYI": -0.037109375, "IIIX": 0.064453125, "IIII": 1.0, "XYYX": 0.134765625, "XYYI": -0.08203125, "XYIX": 0.029296875, "XYII": -0.19921875, "XIYX": 0.0625, "XIYI": -0.009765625, "XIIX": -0.00390625, "XIII": -0.126953125, "IYYX": -0.3359375, "IYYI": 0.017578125, "IYIX": 0.03515625, "IYII": 0.462890625, "ZYZY": 0.0234375, "ZYZI": 0.00390625, "ZYIY": 0.046875, "ZYII": 0.36328125, "ZIZY": 0.013671875, "ZIZI": -0.013671875, "ZIIY": 0.029296875, "ZIII": 0.845703125, "IYZY": 0.021484375, "IYZI": -0.001953125, "IYIY": 0.072265625, "IIZY": 0.02734375, "IIZI": -0.01171875, "IIIY": 0.0546875, "ZYYZ": -0.025390625, "ZYYI": -0.044921875, "ZYIZ": 0.041015625, "ZIYZ": 0.00390625, "ZIYI": -0.046875, "ZIIZ": -0.01953125, "IYYZ": -0.025390625, "IYIZ": 0.044921875, "IIYZ": 0.00390625, "IIIZ": -0.03125, "XZZX": 0.0, "XZZI": -0.015625, "XZIX": 0.029296875, "XZII": 0.048828125, "XIZX": -0.005859375, "XIZI": -0.017578125, "IZZX": -0.01171875, "IZZI": -0.05859375, "IZIX": 0.041015625, "IZII": 0.669921875, "IIZX": -0.001953125, "XXYY": -0.181640625, "XXYI": -0.017578125, "XXIY": -0.0234375, "XXII": -0.328125, "XIYY": -0.04296875, "XIIY": 0.025390625, "IXYY": 0.07421875, "IXIY": 0.013671875, "IIYY": 0.462890625, "XZXZ": 0.046875, "XZXI": -0.005859375, "XZIZ": -0.01953125, "XIXZ": 0.048828125, "XIXI": -0.00390625, "XIIZ": -0.013671875, "IZXZ": 0.01953125, "IZXI": 0.056640625, "IZIZ": 0.0, "IIXZ": 0.025390625, "IIXI": 0.0234375, "YZZY": 0.00390625, "YZZI": 0.048828125, "YZIY": -0.013671875, "YZII": 0.1171875, "YIZY": 0.009765625, "YIZI": 0.05859375, "YIIY": -0.0234375, "IZZY": -0.005859375, "IZIY": 0.01171875, "ZXZX": -0.005859375, "ZXZI": -0.052734375, "ZXIX": -0.025390625, "ZXII": 0.091796875, "ZIZX": 0.00390625, "ZIIX": 0.03125, "IXZX": 0.013671875, "IXZI": -0.048828125, "XXZZ": -0.20703125, "XXZI": 0.0234375, "XXIZ": -0.03125, "XIZZ": -0.05078125, "IXZZ": 0.10546875, "IXIZ": 0.02734375, "IIZZ": 0.8125, "YYXX": -0.201171875, "YYXI": -0.001953125, "YYIX": 0.001953125, "YYII": 0.326171875, "YIXX": -0.0859375, "YIXI": 0.0234375, "IYXX": -0.232421875, "IYXI": 0.001953125, "IIXX": -0.44921875, "YYZZ": 0.279296875, "YYZI": -0.017578125, "YYIZ": -0.01171875, "YIZZ": 0.16796875, "YIIZ": 0.013671875, "IYZZ": 0.39453125, "ZXXZ": -0.01953125, "ZXXI": 0.064453125, "ZXIZ": 0.03125, "ZIXZ": -0.00390625, "ZIXI": 0.044921875, "IXXZ": 0.009765625, "IXXI": 0.03515625, "ZZXX": -0.3671875, "ZZXI": -0.00390625, "ZZIX": 0.03515625, "ZZII": 0.80859375, "ZIXX": -0.3828125, "IZXX": -0.3203125, "ZZYY": 0.318359375, "ZZYI": -0.001953125, "ZZIY": -0.01171875, "ZIYY": 0.375, "IZYY": 0.265625, "IZYI": 0.01171875, "XYXY": 0.12109375, "XYXI": 0.0, "XYIY": 0.01953125, "XIXY": 0.095703125, "IYXY": -0.291015625, "IIXY": -0.625, "YXXY": 0.134765625, "YXXI": -0.0078125, "YXIY": 0.001953125, "YIXY": -0.12109375, "IXXY": -0.06640625, "YZYZ": -0.00390625, "YZYI": -0.013671875, "YZIZ": 0.00390625, "YIYZ": -0.01171875, "IZYZ": 0.001953125, "XXXX": 0.193359375, "XXXI": -0.037109375, "XXIX": 0.041015625, "XIXX": 0.080078125, "IXXX": -0.09375, "YYYY": 0.177734375, "YYYI": 0.01953125, "YYIY": 0.0078125, "YIYY": 0.05078125, "IYYY": 0.185546875, "ZZZZ": 0.630859375, "ZZZI": -0.0546875, "ZZIZ": -0.033203125, "ZIZZ": 0.681640625, "IZZZ": 0.564453125}