{"YXYX": 0.052734375, "YXYI": -0.03125, "YXIX": -0.009765625, "YXII": -0.09375, "YIYX": -0.154296875, "YIYI": 0.01953125, "YIIX": -0.001953125, "YIII": 0.21875, "IXYX": -0.052734375, "IXYI": -0.046875, "IXIX": 0.025390625, "IXII": 0.1171875, "IIYX": -0.650390625, "IIYI": 0.02734375, "IIIX": 0.048828125, "IIII": 1.0, "XYYX": 0.150390625, "XYYI": 0.013671875, "XYIX": -0.01171875, "XYII": -0.21875, "XIYX": 0.056640625, "XIYI": -0.001953125, "XIIX": -0.0234375, "XIII": -0.12890625, "IYYX": -0.341796875, "IYYI": -0.064453125, "IYIX": 0.1171875, "IYII": 0.49609375, "ZYZY": -0.009765625, "ZYZI": 0.001953125, "ZYIY": -0.029296875, "ZYII": 0.416015625, "ZIZY": 0.048828125, "ZIZI": -0.044921875, "ZIIY": 0.005859375, "ZIII": 0.876953125, "IYZY": -0.0078125, "IYZI": 0.00390625, "IYIY": 0.0078125, "IIZY": 0.05078125, "IIZI": -0.01953125, "IIIY": 0.01953125, "ZYYZ": -0.01171875, "ZYYI": 0.021484375, "ZYIZ": -0.013671875, "ZIYZ": -0.0078125, "ZIYI": -0.005859375, "ZIIZ": -0.009765625, "IYYZ": 0.00390625, "IYIZ": -0.013671875, "IIYZ": -0.0234375, "IIIZ": 0.005859375, "XZZX": 0.005859375, "XZZI": 0.025390625, "XZIX": 0.025390625, "XZII": -0.017578125, "XIZX": -0.044921875, "XIZI": 0.001953125, "IZZX": 0.00390625, "IZZI": -0.05078125, "IZIX": 0.046875, "IZII": 0.6953125, "IIZX": 0.05078125, "XXYY": -0.134765625, "XXYI": -0.015625, "XXIY": 0.00390625, "XXII": -0.298828125, "XIYY": -0.03125, "XIIY": 0.009765625, "IXYY": 0.103515625, "IXIY": 0.05078125, "IIYY": 0.4296875, "XZXZ": 0.029296875, "XZXI": 0.01171875, "XZIZ": 0.013671875, "XIXZ": -0.01171875, "XIXI": -0.037109375, "XIIZ": -0.00390625, "IZXZ": 0.01171875, "IZXI": 0.021484375, "IZIZ": 0.00390625, "IIXZ": 0.021484375, "IIXI": 0.0703125, "YZZY": -0.00390625, "YZZI": -0.037109375, "YZIY": 0.01953125, "YZII": 0.009765625, "YIZY": 0.0234375, "YIZI": -0.037109375, "YIIY": 0.01953125, "IZZY": -0.044921875, "IZIY": 0.013671875, "ZXZX": 0.013671875, "ZXZI": 0.0, "ZXIX": 0.001953125, "ZXII": 0.0859375, "ZIZX": -0.013671875, "ZIIX": 0.052734375, "IXZX": 0.017578125, "IXZI": -0.0078125, "XXZZ": -0.240234375, "XXZI": 0.005859375, "XXIZ": -0.00390625, "XIZZ": -0.080078125, "IXZZ": 0.138671875, "IXIZ": 0.00390625, "IIZZ": 0.798828125, "YYXX": -0.19140625, "YYXI": -0.005859375, "YYIX": 0.017578125, "YYII": 0.3671875, "YIXX": -0.146484375, "YIXI": -0.0390625, "IYXX": -0.189453125, "IYXI": -0.00390625, "IIXX": -0.4609375, "YYZZ": 0.310546875, "YYZI": 0.0078125, "YYIZ": 0.025390625, "YIZZ": 0.162109375, "YIIZ": 0.080078125, "IYZZ": 0.384765625, "ZXXZ": -0.041015625, "ZXXI": 0.033203125, "ZXIZ": -0.0078125, "ZIXZ": -0.017578125, "ZIXI": 0.009765625, "IXXZ": -0.056640625, "IXXI": 0.017578125, "ZZXX": -0.373046875, "ZZXI": 0.00390625, "ZZIX": 0.05859375, "ZZII": 0.779296875, "ZIXX": -0.349609375, "IZXX": -0.31640625, "ZZYY": 0.33984375, "ZZYI": 0.001953125, "ZZIY": 0.001953125, "ZIYY": 0.357421875, "IZYY": 0.306640625, "IZYI": 0.01171875, "XYXY": 0.09765625, "XYXI": -0.03125, "XYIY": 0.00390625, "XIXY": 0.09375, "IYXY": -0.328125, "IIXY": -0.66796875, "YXXY": 0.099609375, "YXXI": -0.083984375, "YXIY": 0.064453125, "YIXY": -0.115234375, "IXXY": -0.109375, "YZYZ": 0.0703125, "YZYI": 0.009765625, "YZIZ": -0.08203125, "YIYZ": 0.08203125, "IZYZ": -0.005859375, "XXXX": 0.1484375, "XXXI": -0.078125, "XXIX": 0.0078125, "XIXX": 0.021484375, "IXXX": -0.111328125, "YYYY": 0.171875, "YYYI": 0.017578125, "YYIY": 0.017578125, "YIYY": 0.103515625, "IYYY": 0.251953125, "ZZZZ": 0.638671875, "ZZZI": -0.01171875, "ZZIZ": 0.02734375, "ZIZZ": 0.669921875, "IZZZ": 0.56640625}