{"YZYZ": 0.0078125, "YZYI": -0.0078125, "YZIZ": 0.0078125, "YZII": 0.04296875, "YIYZ": 0.017578125, "YIYI": 0.005859375, "YIIZ": -0.009765625, "YIII": 0.232421875, "IZYZ": -0.037109375, "IZYI": 0.017578125, "IZIZ": -0.048828125, "IZII": 0.712890625, "IIYZ": -0.046875, "IIYI": 0.01171875, "IIIZ": -0.046875, "IIII": 1.0, "ZXZX": 0.0390625, "ZXZI": 0.02734375, "ZXIX": 0.0078125, "ZXII": 0.140625, "ZIZX": -0.0078125, "ZIZI": -0.04296875, "ZIIX": 0.06640625, "ZIII": 0.88671875, "IXZX": 0.03515625, "IXZI": 0.01953125, "IXIX": 0.01953125, "IXII": 0.1484375, "IIZX": 0.0078125, "IIZI": -0.0390625, "IIIX": 0.08203125, "YXYX": 0.134765625, "YXYI": -0.001953125, "YXIX": 0.00390625, "YXII": -0.1328125, "YIYX": -0.099609375, "YIIX": 0.01171875, "IXYX": -0.119140625, "IXYI": 0.001953125, "IIYX": -0.697265625, "XXZZ": -0.240234375, "XXZI": -0.001953125, "XXIZ": -0.00390625, "XXII": -0.2890625, "XIZZ": -0.056640625, "XIZI": 0.068359375, "XIIZ": 0.0625, "XIII": -0.0625, "IXZZ": 0.130859375, "IXIZ": -0.015625, "IIZZ": 0.849609375, "ZYZY": -0.01171875, "ZYZI": -0.025390625, "ZYIY": 0.03515625, "ZYII": 0.447265625, "ZIZY": 0.01953125, "ZIIY": 0.0703125, "IYZY": -0.021484375, "IYZI": -0.04296875, "IYIY": 0.052734375, "IYII": 0.51171875, "IIZY": 0.005859375, "IIIY": 0.099609375, "ZZXX": -0.373046875, "ZZXI": 0.001953125, "ZZIX": 0.0625, "ZZII": 0.77734375, "ZIXX": -0.423828125, "ZIXI": 0.025390625, "IZXX": -0.314453125, "IZXI": 0.005859375, "IZIX": 0.046875, "IIXX": -0.478515625, "IIXI": 0.001953125, "XZXZ": -0.005859375, "XZXI": -0.009765625, "XZIZ": -0.0078125, "XZII": 0.046875, "XIXZ": 0.009765625, "XIXI": 0.005859375, "IZXZ": -0.037109375, "IIXZ": -0.025390625, "ZYYZ": -0.029296875, "ZYYI": -0.037109375, "ZYIZ": 0.037109375, "ZIYZ": -0.052734375, "ZIYI": 0.025390625, "ZIIZ": 0.033203125, "IYYZ": -0.015625, "IYYI": -0.0390625, "IYIZ": -0.015625, "XYXY": 0.11328125, "XYXI": -0.01953125, "XYIY": 0.033203125, "XYII": -0.158203125, "XIXY": 0.107421875, "XIIY": 0.00390625, "IYXY": -0.3125, "IYXI": 0.00390625, "IIXY": -0.634765625, "YXXY": 0.056640625, "YXXI": -0.037109375, "YXIY": 0.009765625, "YIXY": -0.142578125, "YIXI": -0.005859375, "YIIY": 0.009765625, "IXXY": -0.11328125, "IXXI": 0.00390625, "IXIY": 0.0078125, "XZZX": -0.017578125, "XZZI": -0.015625, "XZIX": 0.03515625, "XIZX": 0.0078125, "XIIX": 0.029296875, "IZZX": -0.025390625, "IZZI": -0.01953125, "YYZZ": 0.318359375, "YYZI": 0.029296875, "YYIZ": 0.01953125, "YYII": 0.37109375, "YIZZ": 0.166015625, "YIZI": 0.033203125, "IYZZ": 0.416015625, "YZZY": -0.08984375, "YZZI": 0.05078125, "YZIY": -0.013671875, "YIZY": -0.06640625, "IZZY": -0.029296875, "IZIY": 0.0, "XYYX": 0.15625, "XYYI": 0.015625, "XYIX": 0.02734375, "XIYX": 0.10546875, "XIYI": 0.0390625, "IYYX": -0.30078125, "IYIX": 0.01171875, "ZZYY": 0.369140625, "ZZYI": -0.021484375, "ZZIY": 0.009765625, "ZIYY": 0.40234375, "IZYY": 0.326171875, "IIYY": 0.47265625, "XXYY": -0.087890625, "XXYI": -0.0703125, "XXIY": -0.03515625, "XIYY": -0.02734375, "IXYY": 0.126953125, "ZXXZ": 0.033203125, "ZXXI": 0.013671875, "ZXIZ": -0.01171875, "ZIXZ": 0.021484375, "IXXZ": -0.005859375, "YYXX": -0.208984375, "YYXI": -0.021484375, "YYIX": -0.005859375, "YIXX": -0.07421875, "IYXX": -0.181640625, "ZZZZ": 0.58203125, "ZZZI": -0.037109375, "ZZIZ": 0.021484375, "ZIZZ": 0.630859375, "IZZZ": 0.548828125, "YYYY": 0.197265625, "YYYI": -0.060546875, "YYIY": 0.033203125, "YIYY": 0.06640625, "IYYY": 0.205078125, "XXXX": 0.181640625, "XXXI": -0.009765625, "XXIX": 0.02734375, "XIXX": 0.005859375, "IXXX": -0.130859375}