{"YZYZ": 0.0, "YZYI": -0.0078125, "YZIZ": -0.015625, "YZII": -0.0234375, "YIYZ": -0.00390625, "YIYI": 0.0, "YIIZ": -0.03515625, "YIII": 0.1796875, "IZYZ": -0.0078125, "IZYI": -0.04296875, "IZIZ": -0.00390625, "IZII": 0.6796875, "IIYZ": -0.01171875, "IIYI": 0.00390625, "IIIZ": -0.0078125, "IIII": 1.0, "ZXZX": -0.060546875, "ZXZI": 0.02734375, "ZXIX": -0.02734375, "ZXII": 0.130859375, "ZIZX": -0.052734375, "ZIZI": -0.0625, "ZIIX": 0.046875, "ZIII": 0.873046875, "IXZX": -0.05078125, "IXZI": 0.017578125, "IXIX": -0.009765625, "IXII": 0.15234375, "IIZX": -0.0625, "IIZI": -0.044921875, "IIIX": 0.060546875, "YXYX": 0.115234375, "YXYI": 0.017578125, "YXIX": 0.0078125, "YXII": -0.15625, "YIYX": -0.140625, "YIIX": 0.005859375, "IXYX": -0.046875, "IXYI": -0.01953125, "IIYX": -0.701171875, "XXZZ": -0.3046875, "XXZI": -0.001953125, "XXIZ": 0.015625, "XXII": -0.361328125, "XIZZ": -0.115234375, "XIZI": 0.01171875, "XIIZ": 0.029296875, "XIII": -0.09375, "IXZZ": 0.13671875, "IXIZ": -0.00390625, "IIZZ": 0.822265625, "ZYZY": 0.044921875, "ZYZI": 0.046875, "ZYIY": -0.078125, "ZYII": 0.357421875, "ZIZY": -0.01171875, "ZIIY": -0.005859375, "IYZY": 0.041015625, "IYZI": 0.01953125, "IYIY": -0.03515625, "IYII": 0.439453125, "IIZY": -0.0390625, "IIIY": 0.005859375, "ZZXX": -0.345703125, "ZZXI": 0.015625, "ZZIX": 0.037109375, "ZZII": 0.7578125, "ZIXX": -0.384765625, "ZIXI": 0.0234375, "IZXX": -0.306640625, "IZXI": -0.0078125, "IZIX": 0.052734375, "IIXX": -0.474609375, "IIXI": 0.01953125, "XZXZ": 0.01953125, "XZXI": -0.021484375, "XZIZ": 0.009765625, "XZII": -0.015625, "XIXZ": 0.009765625, "XIXI": -0.01953125, "IZXZ": 0.001953125, "IIXZ": 0.0, "ZYYZ": -0.001953125, "ZYYI": -0.033203125, "ZYIZ": -0.02734375, "ZIYZ": -0.044921875, "ZIYI": 0.052734375, "ZIIZ": -0.046875, "IYYZ": 0.041015625, "IYYI": -0.041015625, "IYIZ": -0.02734375, "XYXY": 0.083984375, "XYXI": 0.046875, "XYIY": -0.05078125, "XYII": -0.154296875, "XIXY": 0.03125, "XIIY": -0.076171875, "IYXY": -0.294921875, "IYXI": 0.01171875, "IIXY": -0.63671875, "YXXY": 0.06640625, "YXXI": 0.005859375, "YXIY": 0.0234375, "YIXY": -0.130859375, "YIXI": -0.0625, "YIIY": 0.033203125, "IXXY": -0.11328125, "IXXI": 0.025390625, "IXIY": 0.0078125, "XZZX": -0.013671875, "XZZI": 0.013671875, "XZIX": -0.001953125, "XIZX": -0.048828125, "XIIX": -0.005859375, "IZZX": 0.0625, "IZZI": -0.0703125, "YYZZ": 0.265625, "YYZI": -0.015625, "YYIZ": 0.03125, "YYII": 0.35546875, "YIZZ": 0.15625, "YIZI": 0.0234375, "IYZZ": 0.390625, "YZZY": -0.05859375, "YZZI": 0.044921875, "YZIY": 0.05859375, "YIZY": -0.06640625, "IZZY": -0.060546875, "IZIY": 0.107421875, "XYYX": 0.080078125, "XYYI": 0.021484375, "XYIX": -0.041015625, "XIYX": 0.01953125, "XIYI": -0.046875, "IYYX": -0.326171875, "IYIX": 0.029296875, "ZZYY": 0.361328125, "ZZYI": -0.0390625, "ZZIY": -0.015625, "ZIYY": 0.37109375, "IZYY": 0.333984375, "IIYY": 0.44140625, "XXYY": -0.12890625, "XXYI": -0.01171875, "XXIY": -0.064453125, "XIYY": -0.109375, "IXYY": 0.080078125, "ZXXZ": -0.05078125, "ZXXI": -0.00390625, "ZXIZ": -0.025390625, "ZIXZ": -0.021484375, "IXXZ": -0.046875, "YYXX": -0.228515625, "YYXI": 0.00390625, "YYIX": -0.009765625, "YIXX": -0.1328125, "IYXX": -0.2109375, "ZZZZ": 0.62109375, "ZZZI": -0.01953125, "ZZIZ": 0.017578125, "ZIZZ": 0.72265625, "IZZZ": 0.595703125, "YYYY": 0.177734375, "YYYI": 0.009765625, "YYIY": 0.00390625, "YIYY": 0.130859375, "IYYY": 0.177734375, "XXXX": 0.119140625, "XXXI": 0.029296875, "XXIX": -0.052734375, "XIXX": 0.03515625, "IXXX": -0.103515625}