{"YXYX": 0.06640625, "YXYI": -0.021484375, "YXIX": 0.009765625, "YXII": -0.05859375, "YIYX": -0.1484375, "YIYI": 0.025390625, "YIIX": -0.048828125, "YIII": 0.23046875, "IXYX": -0.08203125, "IXYI": -0.029296875, "IXIX": 0.056640625, "IXII": 0.11328125, "IIYX": -0.68359375, "IIYI": 0.037109375, "IIIX": 0.001953125, "IIII": 1.0, "XYYX": 0.13671875, "XYYI": -0.037109375, "XYIX": -0.021484375, "XYII": -0.18359375, "XIYX": 0.11328125, "XIYI": -0.029296875, "XIIX": -0.037109375, "XIII": -0.18359375, "IYYX": -0.3359375, "IYYI": 0.025390625, "IYIX": 0.025390625, "IYII": 0.5078125, "ZYZY": 0.01953125, "ZYZI": 0.01171875, "ZYIY": 0.0234375, "ZYII": 0.40234375, "ZIZY": -0.02734375, "ZIZI": 0.0, "ZIIY": 0.05859375, "ZIII": 0.87109375, "IYZY": 0.015625, "IYZI": 0.01171875, "IYIY": 0.0078125, "IIZY": -0.015625, "IIZI": 0.0, "IIIY": 0.04296875, "ZYYZ": 0.044921875, "ZYYI": 0.0234375, "ZYIZ": 0.041015625, "ZIYZ": 0.03125, "ZIYI": 0.033203125, "ZIIZ": -0.0390625, "IYYZ": 0.0703125, "IYIZ": 0.05078125, "IIYZ": 0.029296875, "IIIZ": -0.033203125, "XZZX": -0.005859375, "XZZI": -0.021484375, "XZIX": 0.005859375, "XZII": 0.005859375, "XIZX": -0.005859375, "XIZI": -0.052734375, "IZZX": 0.0078125, "IZZI": -0.01171875, "IZIX": -0.01171875, "IZII": 0.703125, "IIZX": 0.01171875, "XXYY": -0.109375, "XXYI": 0.041015625, "XXIY": -0.01171875, "XXII": -0.333984375, "XIYY": -0.04296875, "XIIY": 0.05078125, "IXYY": 0.115234375, "IXIY": 0.005859375, "IIYY": 0.365234375, "XZXZ": -0.06640625, "XZXI": -0.013671875, "XZIZ": -0.013671875, "XIXZ": -0.0234375, "XIXI": -0.021484375, "XIIZ": 0.009765625, "IZXZ": 0.01171875, "IZXI": -0.005859375, "IZIZ": -0.041015625, "IIXZ": -0.03515625, "IIXI": -0.001953125, "YZZY": -0.001953125, "YZZI": -0.037109375, "YZIY": 0.013671875, "YZII": 0.068359375, "YIZY": -0.021484375, "YIZI": -0.029296875, "YIIY": 0.001953125, "IZZY": 0.00390625, "IZIY": 0.046875, "ZXZX": -0.02734375, "ZXZI": 0.01953125, "ZXIX": -0.041015625, "ZXII": 0.146484375, "ZIZX": -0.0234375, "ZIIX": 0.017578125, "IXZX": -0.021484375, "IXZI": 0.033203125, "XXZZ": -0.310546875, "XXZI": 0.021484375, "XXIZ": 0.01953125, "XIZZ": -0.064453125, "IXZZ": 0.154296875, "IXIZ": -0.01171875, "IIZZ": 0.826171875, "YYXX": -0.166015625, "YYXI": 0.015625, "YYIX": 0.04296875, "YYII": 0.376953125, "YIXX": -0.123046875, "YIXI": 0.0625, "IYXX": -0.1796875, "IYXI": 0.099609375, "IIXX": -0.453125, "YYZZ": 0.2890625, "YYZI": 0.025390625, "YYIZ": -0.015625, "YIZZ": 0.193359375, "YIIZ": -0.017578125, "IYZZ": 0.3984375, "ZXXZ": -0.033203125, "ZXXI": 0.01171875, "ZXIZ": 0.02734375, "ZIXZ": -0.025390625, "ZIXI": 0.0546875, "IXXZ": -0.02734375, "IXXI": 0.005859375, "ZZXX": -0.359375, "ZZXI": -0.009765625, "ZZIX": 0.0, "ZZII": 0.802734375, "ZIXX": -0.396484375, "IZXX": -0.33984375, "ZZYY": 0.380859375, "ZZYI": 0.009765625, "ZZIY": 0.033203125, "ZIYY": 0.357421875, "IZYY": 0.328125, "IZYI": 0.0, "XYXY": 0.12109375, "XYXI": -0.029296875, "XYIY": -0.01953125, "XIXY": 0.068359375, "IYXY": -0.328125, "IIXY": -0.650390625, "YXXY": 0.111328125, "YXXI": -0.009765625, "YXIY": -0.033203125, "YIXY": -0.076171875, "IXXY": -0.14453125, "YZYZ": 0.00390625, "YZYI": 0.029296875, "YZIZ": -0.021484375, "YIYZ": -0.03515625, "IZYZ": -0.02734375, "XXXX": 0.126953125, "XXXI": 0.025390625, "XXIX": -0.056640625, "XIXX": 0.115234375, "IXXX": -0.10546875, "YYYY": 0.212890625, "YYYI": 0.03515625, "YYIY": 0.052734375, "YIYY": 0.095703125, "IYYY": 0.193359375, "ZZZZ": 0.609375, "ZZZI": 0.0390625, "ZZIZ": 0.033203125, "ZIZZ": 0.685546875, "IZZZ": 0.57421875}