{"YZYZ": 0.07421875, "YZYI": 0.001953125, "YZIZ": 0.00390625, "YZII": 0.064453125, "YIYZ": 0.05078125, "YIYI": -0.001953125, "YIIZ": 0.0390625, "YIII": 0.251953125, "IZYZ": 0.060546875, "IZYI": 0.01953125, "IZIZ": -0.013671875, "IZII": 0.6953125, "IIYZ": 0.068359375, "IIYI": 0.0546875, "IIIZ": 0.021484375, "IIII": 1.0, "ZXZX": 0.052734375, "ZXZI": 0.03515625, "ZXIX": 0.015625, "ZXII": 0.166015625, "ZIZX": 0.03125, "ZIZI": -0.025390625, "ZIIX": -0.013671875, "ZIII": 0.87109375, "IXZX": 0.037109375, "IXZI": 0.01953125, "IXIX": 0.0, "IXII": 0.142578125, "IIZX": 0.05859375, "IIZI": -0.013671875, "IIIX": -0.017578125, "YXYX": 0.10546875, "YXYI": -0.037109375, "YXIX": -0.021484375, "YXII": -0.12890625, "YIYX": -0.115234375, "YIIX": 0.015625, "IXYX": -0.095703125, "IXYI": 0.0234375, "IIYX": -0.63671875, "XXZZ": -0.189453125, "XXZI": -0.005859375, "XXIZ": -0.03515625, "XXII": -0.2890625, "XIZZ": -0.056640625, "XIZI": 0.029296875, "XIIZ": 0.03125, "XIII": -0.078125, "IXZZ": 0.150390625, "IXIZ": 0.00390625, "IIZZ": 0.810546875, "ZYZY": 0.02734375, "ZYZI": 0.001953125, "ZYIY": 0.052734375, "ZYII": 0.3984375, "ZIZY": 0.015625, "ZIIY": 0.068359375, "IYZY": 0.03515625, "IYZI": -0.017578125, "IYIY": 0.091796875, "IYII": 0.46484375, "IIZY": 0.02734375, "IIIY": 0.095703125, "ZZXX": -0.365234375, "ZZXI": -0.015625, "ZZIX": 0.0078125, "ZZII": 0.763671875, "ZIXX": -0.416015625, "ZIXI": -0.01171875, "IZXX": -0.34765625, "IZXI": 0.009765625, "IZIX": -0.017578125, "IIXX": -0.484375, "IIXI": -0.009765625, "XZXZ": -0.02734375, "XZXI": 0.046875, "XZIZ": -0.037109375, "XZII": 0.005859375, "XIXZ": -0.02734375, "XIXI": 0.01171875, "IZXZ": 0.005859375, "IIXZ": 0.033203125, "ZYYZ": -0.0390625, "ZYYI": 0.03125, "ZYIZ": 0.052734375, "ZIYZ": -0.009765625, "ZIYI": 0.052734375, "ZIIZ": 0.01953125, "IYYZ": -0.05859375, "IYYI": 0.046875, "IYIZ": 0.021484375, "XYXY": 0.087890625, "XYXI": 0.017578125, "XYIY": -0.041015625, "XYII": -0.146484375, "XIXY": 0.078125, "XIIY": -0.03125, "IYXY": -0.298828125, "IYXI": 0.001953125, "IIXY": -0.625, "YXXY": 0.1328125, "YXXI": -0.013671875, "YXIY": -0.01171875, "YIXY": -0.115234375, "YIXI": -0.10546875, "YIIY": 0.037109375, "IXXY": -0.15625, "IXXI": -0.025390625, "IXIY": 0.0078125, "XZZX": 0.0078125, "XZZI": 0.021484375, "XZIX": 0.015625, "XIZX": -0.009765625, "XIIX": 0.013671875, "IZZX": 0.0078125, "IZZI": -0.064453125, "YYZZ": 0.318359375, "YYZI": 0.041015625, "YYIZ": 0.02734375, "YYII": 0.3671875, "YIZZ": 0.15625, "YIZI": -0.0078125, "IYZZ": 0.359375, "YZZY": 0.029296875, "YZZI": 0.01953125, "YZIY": 0.037109375, "YIZY": 0.009765625, "IZZY": -0.017578125, "IZIY": 0.029296875, "XYYX": 0.087890625, "XYYI": 0.00390625, "XYIX": -0.021484375, "XIYX": 0.080078125, "XIYI": 0.0, "IYYX": -0.306640625, "IYIX": 0.052734375, "ZZYY": 0.3515625, "ZZYI": 0.0, "ZZIY": 0.00390625, "ZIYY": 0.408203125, "IZYY": 0.330078125, "IIYY": 0.5, "XXYY": -0.1171875, "XXYI": -0.04296875, "XXIY": -0.05859375, "XIYY": -0.04296875, "IXYY": 0.14453125, "ZXXZ": -0.0234375, "ZXXI": 0.005859375, "ZXIZ": -0.046875, "ZIXZ": 0.01171875, "IXXZ": -0.009765625, "YYXX": -0.193359375, "YYXI": -0.04296875, "YYIX": -0.0078125, "YIXX": -0.099609375, "IYXX": -0.140625, "ZZZZ": 0.640625, "ZZZI": -0.076171875, "ZZIZ": -0.052734375, "ZIZZ": 0.708984375, "IZZZ": 0.599609375, "YYYY": 0.171875, "YYYI": -0.013671875, "YYIY": -0.001953125, "YIYY": 0.125, "IYYY": 0.25390625, "XXXX": 0.125, "XXXI": 0.01953125, "XXIX": -0.05078125, "XIXX": 0.041015625, "IXXX": -0.060546875}