{"YZYZ": 0.009765625, "YZYI": 0.029296875, "YZIZ": 0.0234375, "YZII": 0.0390625, "YIYZ": -0.017578125, "YIYI": 0.013671875, "YIIZ": 0.01953125, "YIII": 0.2109375, "IZYZ": 0.013671875, "IZYI": 0.013671875, "IZIZ": 0.0234375, "IZII": 0.70703125, "IIYZ": -0.001953125, "IIYI": 0.033203125, "IIIZ": 0.0234375, "IIII": 1.0, "ZXZX": -0.013671875, "ZXZI": -0.0390625, "ZXIX": -0.060546875, "ZXII": 0.1796875, "ZIZX": 0.03125, "ZIZI": -0.048828125, "ZIIX": 0.04296875, "ZIII": 0.861328125, "IXZX": 0.0078125, "IXZI": -0.033203125, "IXIX": -0.0390625, "IXII": 0.177734375, "IIZX": 0.005859375, "IIZI": -0.01171875, "IIIX": 0.048828125, "YXYX": 0.134765625, "YXYI": -0.009765625, "YXIX": 0.0078125, "YXII": -0.16015625, "YIYX": -0.126953125, "YIIX": -0.01171875, "IXYX": -0.083984375, "IXYI": 0.017578125, "IIYX": -0.677734375, "XXZZ": -0.17578125, "XXZI": -0.041015625, "XXIZ": -0.05859375, "XXII": -0.251953125, "XIZZ": -0.07421875, "XIZI": 0.013671875, "XIIZ": -0.00390625, "XIII": -0.111328125, "IXZZ": 0.162109375, "IXIZ": 0.064453125, "IIZZ": 0.810546875, "ZYZY": -0.013671875, "ZYZI": 0.00390625, "ZYIY": 0.017578125, "ZYII": 0.359375, "ZIZY": 0.01171875, "ZIIY": -0.05078125, "IYZY": -0.0234375, "IYZI": -0.013671875, "IYIY": 0.01171875, "IYII": 0.408203125, "IIZY": 0.009765625, "IIIY": -0.017578125, "ZZXX": -0.349609375, "ZZXI": -0.02734375, "ZZIX": 0.017578125, "ZZII": 0.75, "ZIXX": -0.37109375, "ZIXI": 0.044921875, "IZXX": -0.3203125, "IZXI": -0.017578125, "IZIX": 0.02734375, "IIXX": -0.447265625, "IIXI": 0.01171875, "XZXZ": -0.04296875, "XZXI": -0.005859375, "XZIZ": -0.03515625, "XZII": -0.021484375, "XIXZ": -0.025390625, "XIXI": 0.00390625, "IZXZ": -0.02734375, "IIXZ": -0.009765625, "ZYYZ": 0.013671875, "ZYYI": -0.02734375, "ZYIZ": 0.029296875, "ZIYZ": -0.037109375, "ZIYI": 0.0703125, "ZIIZ": -0.037109375, "IYYZ": 0.021484375, "IYYI": 0.0, "IYIZ": 0.001953125, "XYXY": 0.123046875, "XYXI": 0.052734375, "XYIY": -0.0390625, "XYII": -0.15625, "XIXY": 0.130859375, "XIIY": -0.0078125, "IYXY": -0.357421875, "IYXI": -0.017578125, "IIXY": -0.677734375, "YXXY": 0.052734375, "YXXI": -0.04296875, "YXIY": -0.017578125, "YIXY": -0.154296875, "YIXI": -0.0078125, "YIIY": -0.033203125, "IXXY": -0.095703125, "IXXI": -0.015625, "IXIY": 0.009765625, "XZZX": -0.015625, "XZZI": 0.009765625, "XZIX": -0.01171875, "XIZX": -0.00390625, "XIIX": 0.01171875, "IZZX": -0.017578125, "IZZI": -0.01953125, "YYZZ": 0.33203125, "YYZI": -0.013671875, "YYIZ": 0.02734375, "YYII": 0.380859375, "YIZZ": 0.138671875, "YIZI": 0.02734375, "IYZZ": 0.34375, "YZZY": 0.0, "YZZI": 0.037109375, "YZIY": -0.0078125, "YIZY": 0.04296875, "IZZY": -0.033203125, "IZIY": -0.001953125, "XYYX": 0.162109375, "XYYI": 0.01171875, "XYIX": -0.021484375, "XIYX": 0.109375, "XIYI": -0.005859375, "IYYX": -0.3671875, "IYIX": 0.046875, "ZZYY": 0.333984375, "ZZYI": 0.015625, "ZZIY": 0.052734375, "ZIYY": 0.349609375, "IZYY": 0.291015625, "IIYY": 0.404296875, "XXYY": -0.140625, "XXYI": 0.04296875, "XXIY": 0.056640625, "XIYY": -0.091796875, "IXYY": 0.0703125, "ZXXZ": -0.00390625, "ZXXI": -0.021484375, "ZXIZ": 0.0625, "ZIXZ": -0.08984375, "IXXZ": -0.017578125, "YYXX": -0.185546875, "YYXI": 0.04296875, "YYIX": -0.0703125, "YIXX": -0.078125, "IYXX": -0.212890625, "ZZZZ": 0.650390625, "ZZZI": -0.037109375, "ZZIZ": 0.0, "ZIZZ": 0.685546875, "IZZZ": 0.583984375, "YYYY": 0.150390625, "YYYI": -0.0078125, "YYIY": 0.013671875, "YIYY": 0.080078125, "IYYY": 0.205078125, "XXXX": 0.12890625, "XXXI": -0.0625, "XXIX": 0.009765625, "XIXX": 0.05859375, "IXXX": -0.068359375}