{"XXZZ": -0.419921875, "XXZI": -0.00390625, "XXIZ": -0.00390625, "XXII": -0.419921875, "XIZZ": -0.12890625, "XIZI": 0.005859375, "XIIZ": 0.005859375, "XIII": -0.12890625, "IXZZ": 0.158203125, "IXZI": -0.05078125, "IXIZ": -0.05078125, "IXII": 0.158203125, "IIZZ": 1.0, "IIZI": -0.068359375, "IIIZ": -0.068359375, "IIII": 1.0, "YXYX": 0.111328125, "YXYI": 0.005859375, "YXIX": -0.01953125, "YXII": -0.15625, "YIYX": -0.19921875, "YIYI": -0.01171875, "YIIX": 0.009765625, "YIII": 0.220703125, "IXYX": -0.125, "IXYI": 0.0078125, "IXIX": -0.021484375, "IIYX": -0.837890625, "IIYI": -0.005859375, "IIIX": -0.01171875, "ZYZY": -0.01171875, "ZYZI": 0.0234375, "ZYIY": -0.013671875, "ZYII": 0.412109375, "ZIZY": -0.0234375, "ZIZI": -0.046875, "ZIIY": -0.001953125, "ZIII": 0.865234375, "IYZY": 0.013671875, "IYZI": 0.017578125, "IYIY": -0.0234375, "IYII": 0.46484375, "IIZY": -0.017578125, "IIIY": -0.0078125, "XZXZ": -0.009765625, "XZXI": -0.01171875, "XZIZ": 0.033203125, "XZII": -0.0390625, "XIXZ": 0.021484375, "XIXI": -0.0078125, "IZXZ": 0.044921875, "IZXI": 0.00390625, "IZIZ": -0.044921875, "IZII": 0.75, "IIXZ": 0.005859375, "IIXI": -0.0078125, "YZZY": -0.02734375, "YZZI": 0.01171875, "YZIY": 0.08984375, "YZII": -0.02734375, "YIZY": -0.017578125, "YIZI": 0.056640625, "YIIY": 0.068359375, "IZZY": -0.009765625, "IZZI": -0.068359375, "IZIY": -0.001953125, "YZYZ": -0.02734375, "YZYI": 0.025390625, "YZIZ": -0.056640625, "YIYZ": -0.025390625, "YIIZ": -0.02734375, "IZYZ": -0.013671875, "IZYI": -0.06640625, "IIYZ": 0.0, "ZYYZ": 0.025390625, "ZYYI": 0.0390625, "ZYIZ": 0.041015625, "ZIYZ": 0.0, "ZIYI": 0.029296875, "ZIIZ": -0.05859375, "IYYZ": 0.03515625, "IYYI": 0.033203125, "IYIZ": 0.05078125, "YYZZ": 0.3671875, "YYZI": 0.013671875, "YYIZ": 0.013671875, "YYII": 0.3671875, "YIZZ": 0.166015625, "IYZZ": 0.466796875, "XYXY": 0.140625, "XYXI": -0.001953125, "XYIY": -0.015625, "XYII": -0.166015625, "XIXY": 0.09375, "XIIY": 0.0390625, "IYXY": -0.384765625, "IYXI": -0.00390625, "IIXY": -0.798828125, "ZXZX": -0.01171875, "ZXZI": -0.015625, "ZXIX": -0.03125, "ZXII": 0.19921875, "ZIZX": -0.00390625, "ZIIX": 0.015625, "IXZX": -0.02734375, "IIZX": 0.00390625, "XZZX": 0.0234375, "XZZI": 0.0234375, "XZIX": 0.07421875, "XIZX": 0.01171875, "XIIX": 0.05078125, "IZZX": -0.01953125, "IZIX": -0.01171875, "XXYY": -0.236328125, "XXYI": -0.005859375, "XXIY": 0.017578125, "XIYY": -0.091796875, "XIYI": -0.017578125, "IXYY": 0.125, "IXIY": 0.0078125, "IIYY": 0.53515625, "XYYX": 0.19140625, "XYYI": -0.01171875, "XYIX": 0.021484375, "XIYX": 0.15625, "IYYX": -0.416015625, "IYIX": 0.03515625, "ZZYY": 0.466796875, "ZZYI": -0.01953125, "ZZIY": -0.013671875, "ZZII": 0.84765625, "ZIYY": 0.46875, "IZYY": 0.40234375, "ZXXZ": -0.03125, "ZXXI": -0.01953125, "ZXIZ": 0.017578125, "ZIXZ": -0.02734375, "ZIXI": -0.0546875, "IXXZ": -0.033203125, "IXXI": -0.001953125, "ZZXX": -0.490234375, "ZZXI": -0.029296875, "ZZIX": 0.0390625, "ZIXX": -0.490234375, "IZXX": -0.423828125, "IIXX": -0.556640625, "YXXY": 0.140625, "YXXI": 0.009765625, "YXIY": -0.00390625, "YIXY": -0.09375, "YIXI": 0.052734375, "IXXY": -0.126953125, "YYXX": -0.296875, "YYXI": -0.033203125, "YYIX": 0.0546875, "YIXX": -0.0703125, "IYXX": -0.287109375, "YYYY": 0.244140625, "YYYI": -0.052734375, "YYIY": -0.033203125, "YIYY": 0.060546875, "IYYY": 0.26953125, "ZZZZ": 0.849609375, "ZZZI": 0.00390625, "ZZIZ": 0.00390625, "ZIZZ": 0.880859375, "IZZZ": 0.75390625, "XXXX": 0.2109375, "XXXI": -0.033203125, "XXIX": 0.0546875, "XIXX": 0.0625, "IXXX": -0.119140625}