{"XXZZ": -0.416015625, "XXZI": 0.025390625, "XXIZ": 0.025390625, "XXII": -0.416015625, "XIZZ": -0.171875, "XIZI": 0.01953125, "XIIZ": 0.01953125, "XIII": -0.171875, "IXZZ": 0.162109375, "IXZI": -0.068359375, "IXIZ": -0.068359375, "IXII": 0.162109375, "IIZZ": 1.0, "IIZI": -0.04296875, "IIIZ": -0.04296875, "IIII": 1.0, "YXYX": 0.099609375, "YXYI": -0.015625, "YXIX": -0.00390625, "YXII": -0.142578125, "YIYX": -0.14453125, "YIYI": 0.005859375, "YIIX": -0.013671875, "YIII": 0.15234375, "IXYX": -0.138671875, "IXYI": -0.0390625, "IXIX": 0.03515625, "IIYX": -0.84375, "IIYI": -0.017578125, "IIIX": 0.025390625, "ZYZY": 0.05078125, "ZYZI": 0.03125, "ZYIY": 0.029296875, "ZYII": 0.404296875, "ZIZY": -0.025390625, "ZIZI": 0.013671875, "ZIIY": -0.00390625, "ZIII": 0.875, "IYZY": 0.0546875, "IYZI": 0.0625, "IYIY": 0.037109375, "IYII": 0.486328125, "IIZY": -0.017578125, "IIIY": 0.0234375, "XZXZ": -0.03515625, "XZXI": -0.056640625, "XZIZ": 0.0078125, "XZII": -0.001953125, "XIXZ": -0.03125, "XIXI": -0.013671875, "IZXZ": -0.017578125, "IZXI": 0.05859375, "IZIZ": -0.060546875, "IZII": 0.76953125, "IIXZ": -0.021484375, "IIXI": 0.03125, "YZZY": -0.048828125, "YZZI": 0.015625, "YZIY": -0.005859375, "YZII": 0.0234375, "YIZY": -0.064453125, "YIZI": -0.01953125, "YIIY": 0.005859375, "IZZY": -0.017578125, "IZZI": -0.0390625, "IZIY": -0.005859375, "YZYZ": -0.001953125, "YZYI": 0.0, "YZIZ": 0.015625, "YIYZ": 0.0234375, "YIIZ": 0.009765625, "IZYZ": -0.013671875, "IZYI": -0.01171875, "IIYZ": -0.01953125, "ZYYZ": 0.005859375, "ZYYI": 0.001953125, "ZYIZ": -0.017578125, "ZIYZ": 0.009765625, "ZIYI": -0.025390625, "ZIIZ": -0.033203125, "IYYZ": 0.0, "IYYI": 0.015625, "IYIZ": -0.01953125, "YYZZ": 0.462890625, "YYZI": -0.0234375, "YYIZ": -0.0234375, "YYII": 0.462890625, "YIZZ": 0.197265625, "IYZZ": 0.48046875, "XYXY": 0.177734375, "XYXI": 0.009765625, "XYIY": 0.017578125, "XYII": -0.201171875, "XIXY": 0.1484375, "XIIY": 0.015625, "IYXY": -0.416015625, "IYXI": 0.037109375, "IIXY": -0.87109375, "ZXZX": 0.015625, "ZXZI": -0.03125, "ZXIX": 0.052734375, "ZXII": 0.134765625, "ZIZX": -0.01953125, "ZIIX": 0.021484375, "IXZX": 0.009765625, "IIZX": -0.029296875, "XZZX": 0.029296875, "XZZI": 0.01953125, "XZIX": -0.02734375, "XIZX": 0.00390625, "XIIX": -0.001953125, "IZZX": -0.029296875, "IZIX": -0.0078125, "XXYY": -0.255859375, "XXYI": -0.015625, "XXIY": 0.0, "XIYY": -0.12890625, "XIYI": 0.013671875, "IXYY": 0.134765625, "IXIY": -0.03125, "IIYY": 0.5546875, "XYYX": 0.16015625, "XYYI": 0.0390625, "XYIX": -0.072265625, "XIYX": 0.11328125, "IYYX": -0.380859375, "IYIX": -0.00390625, "ZZYY": 0.482421875, "ZZYI": 0.021484375, "ZZIY": -0.005859375, "ZZII": 0.822265625, "ZIYY": 0.521484375, "IZYY": 0.4375, "ZXXZ": 0.041015625, "ZXXI": -0.013671875, "ZXIZ": 0.046875, "ZIXZ": 0.00390625, "ZIXI": 0.078125, "IXXZ": 0.05078125, "IXXI": -0.00390625, "ZZXX": -0.482421875, "ZZXI": -0.0078125, "ZZIX": 0.01953125, "ZIXX": -0.474609375, "IZXX": -0.43359375, "IIXX": -0.54296875, "YXXY": 0.146484375, "YXXI": 0.0, "YXIY": -0.009765625, "YIXY": -0.142578125, "YIXI": -0.0078125, "IXXY": -0.107421875, "YYXX": -0.25390625, "YYXI": -0.01953125, "YYIX": -0.00390625, "YIXX": -0.087890625, "IYXX": -0.291015625, "YYYY": 0.265625, "YYYI": -0.015625, "YYIY": -0.03515625, "YIYY": 0.12109375, "IYYY": 0.296875, "ZZZZ": 0.859375, "ZZZI": -0.013671875, "ZZIZ": -0.013671875, "ZIZZ": 0.892578125, "IZZZ": 0.759765625, "XXXX": 0.20703125, "XXXI": 0.009765625, "XXIX": 0.015625, "XIXX": 0.072265625, "IXXX": -0.13671875}