{"XXZZ": -0.376953125, "XXZI": -0.01171875, "XXIZ": -0.01171875, "XXII": -0.376953125, "XIZZ": -0.16015625, "XIZI": 0.025390625, "XIIZ": 0.025390625, "XIII": -0.16015625, "IXZZ": 0.150390625, "IXZI": 0.02734375, "IXIZ": 0.02734375, "IXII": 0.150390625, "IIZZ": 1.0, "IIZI": -0.013671875, "IIIZ": -0.013671875, "IIII": 1.0, "YXYX": 0.185546875, "YXYI": 0.044921875, "YXIX": -0.033203125, "YXII": -0.212890625, "YIYX": -0.140625, "YIYI": -0.01953125, "YIIX": 0.0, "YIII": 0.16015625, "IXYX": -0.107421875, "IXYI": 0.009765625, "IXIX": 0.005859375, "IIYX": -0.8125, "IIYI": 0.01953125, "IIIX": -0.04296875, "ZYZY": -0.013671875, "ZYZI": 0.005859375, "ZYIY": 0.0546875, "ZYII": 0.40625, "ZIZY": -0.03515625, "ZIZI": -0.0625, "ZIIY": 0.037109375, "ZIII": 0.873046875, "IYZY": -0.0078125, "IYZI": 0.0390625, "IYIY": 0.048828125, "IYII": 0.482421875, "IIZY": -0.025390625, "IIIY": 0.01953125, "XZXZ": -0.009765625, "XZXI": 0.01953125, "XZIZ": -0.015625, "XZII": -0.033203125, "XIXZ": -0.01171875, "XIXI": 0.017578125, "IZXZ": 0.021484375, "IZXI": 0.01953125, "IZIZ": -0.05859375, "IZII": 0.791015625, "IIXZ": 0.01953125, "IIXI": 0.009765625, "YZZY": 0.02734375, "YZZI": 0.017578125, "YZIY": 0.02734375, "YZII": 0.029296875, "YIZY": -0.001953125, "YIZI": 0.015625, "YIIY": 0.005859375, "IZZY": 0.06640625, "IZZI": -0.083984375, "IZIY": 0.0234375, "YZYZ": 0.013671875, "YZYI": 0.025390625, "YZIZ": 0.009765625, "YIYZ": -0.0078125, "YIIZ": 0.0078125, "IZYZ": 0.044921875, "IZYI": -0.009765625, "IIYZ": 0.03515625, "ZYYZ": -0.0234375, "ZYYI": -0.044921875, "ZYIZ": -0.02734375, "ZIYZ": -0.0078125, "ZIYI": 0.009765625, "ZIIZ": -0.01953125, "IYYZ": -0.017578125, "IYYI": -0.0546875, "IYIZ": -0.021484375, "YYZZ": 0.380859375, "YYZI": -0.046875, "YYIZ": -0.046875, "YYII": 0.380859375, "YIZZ": 0.201171875, "IYZZ": 0.515625, "XYXY": 0.1875, "XYXI": 0.021484375, "XYIY": -0.0078125, "XYII": -0.220703125, "XIXY": 0.123046875, "XIIY": 0.001953125, "IYXY": -0.40234375, "IYXI": -0.009765625, "IIXY": -0.833984375, "ZXZX": 0.029296875, "ZXZI": -0.037109375, "ZXIX": -0.00390625, "ZXII": 0.0859375, "ZIZX": -0.0390625, "ZIIX": -0.048828125, "IXZX": 0.00390625, "IIZX": -0.044921875, "XZZX": 0.029296875, "XZZI": 0.013671875, "XZIX": -0.064453125, "XIZX": 0.015625, "XIIX": -0.0546875, "IZZX": 0.017578125, "IZIX": -0.029296875, "XXYY": -0.26171875, "XXYI": 0.0078125, "XXIY": 0.0, "XIYY": -0.11328125, "XIYI": 0.0703125, "IXYY": 0.11328125, "IXIY": -0.0390625, "IIYY": 0.62109375, "XYYX": 0.2109375, "XYYI": 0.03125, "XYIX": -0.033203125, "XIYX": 0.123046875, "IYYX": -0.375, "IYIX": 0.033203125, "ZZYY": 0.498046875, "ZZYI": -0.001953125, "ZZIY": -0.009765625, "ZZII": 0.876953125, "ZIYY": 0.48828125, "IZYY": 0.443359375, "ZXXZ": 0.033203125, "ZXXI": -0.009765625, "ZXIZ": 0.0546875, "ZIXZ": 0.076171875, "ZIXI": -0.013671875, "IXXZ": 0.048828125, "IXXI": -0.021484375, "ZZXX": -0.435546875, "ZZXI": -0.0234375, "ZZIX": 0.0078125, "ZIXX": -0.46875, "IZXX": -0.400390625, "IIXX": -0.515625, "YXXY": 0.11328125, "YXXI": -0.009765625, "YXIY": 0.029296875, "YIXY": -0.1640625, "YIXI": -0.048828125, "IXXY": -0.140625, "YYXX": -0.228515625, "YYXI": -0.013671875, "YYIX": 0.037109375, "YIXX": -0.080078125, "IYXX": -0.2578125, "YYYY": 0.21484375, "YYYI": -0.0546875, "YYIY": -0.0390625, "YIYY": 0.080078125, "IYYY": 0.248046875, "ZZZZ": 0.8671875, "ZZZI": -0.0625, "ZZIZ": -0.0625, "ZIZZ": 0.890625, "IZZZ": 0.79296875, "XXXX": 0.287109375, "XXXI": -0.037109375, "XXIX": 0.06640625, "XIXX": 0.13671875, "IXXX": -0.16796875}