{"XXZZ": -0.35546875, "XXZI": 0.015625, "XXIZ": 0.015625, "XXII": -0.35546875, "XIZZ": -0.1328125, "XIZI": 0.0078125, "XIIZ": 0.0078125, "XIII": -0.1328125, "IXZZ": 0.125, "IXZI": -0.01171875, "IXIZ": -0.01171875, "IXII": 0.125, "IIZZ": 1.0, "IIZI": -0.078125, "IIIZ": -0.078125, "IIII": 1.0, "YXYX": 0.140625, "YXYI": 0.029296875, "YXIX": -0.02734375, "YXII": -0.154296875, "YIYX": -0.15234375, "YIYI": 0.009765625, "YIIX": -0.015625, "YIII": 0.201171875, "IXYX": -0.099609375, "IXYI": -0.03125, "IXIX": 0.025390625, "IIYX": -0.818359375, "IIYI": -0.0078125, "IIIX": 0.025390625, "ZYZY": 0.017578125, "ZYZI": -0.013671875, "ZYIY": 0.029296875, "ZYII": 0.458984375, "ZIZY": -0.037109375, "ZIZI": -0.041015625, "ZIIY": -0.001953125, "ZIII": 0.892578125, "IYZY": 0.00390625, "IYZI": -0.00390625, "IYIY": 0.0078125, "IYII": 0.515625, "IIZY": -0.0390625, "IIIY": -0.01953125, "XZXZ": -0.015625, "XZXI": 0.001953125, "XZIZ": -0.017578125, "XZII": -0.0234375, "XIXZ": -0.02734375, "XIXI": -0.001953125, "IZXZ": -0.01953125, "IZXI": 0.005859375, "IZIZ": -0.068359375, "IZII": 0.74609375, "IIXZ": 0.01171875, "IIXI": -0.017578125, "YZZY": -0.021484375, "YZZI": -0.00390625, "YZIY": 0.029296875, "YZII": -0.01953125, "YIZY": -0.021484375, "YIZI": -0.00390625, "YIIY": 0.009765625, "IZZY": -0.037109375, "IZZI": -0.05078125, "IZIY": 0.037109375, "YZYZ": 0.041015625, "YZYI": -0.05859375, "YZIZ": -0.05859375, "YIYZ": 0.015625, "YIIZ": -0.009765625, "IZYZ": 0.013671875, "IZYI": 0.01171875, "IIYZ": -0.01171875, "ZYYZ": -0.017578125, "ZYYI": 0.017578125, "ZYIZ": -0.037109375, "ZIYZ": -0.015625, "ZIYI": -0.03125, "ZIIZ": -0.02734375, "IYYZ": -0.009765625, "IYYI": 0.013671875, "IYIZ": -0.037109375, "YYZZ": 0.447265625, "YYZI": 0.03125, "YYIZ": 0.03125, "YYII": 0.447265625, "YIZZ": 0.228515625, "IYZZ": 0.5390625, "XYXY": 0.203125, "XYXI": -0.013671875, "XYIY": -0.015625, "XYII": -0.216796875, "XIXY": 0.12890625, "XIIY": -0.0078125, "IYXY": -0.373046875, "IYXI": -0.0234375, "IIXY": -0.798828125, "ZXZX": -0.0703125, "ZXZI": 0.01953125, "ZXIX": 0.02734375, "ZXII": 0.09765625, "ZIZX": 0.021484375, "ZIIX": -0.009765625, "IXZX": -0.060546875, "IIZX": 0.0078125, "XZZX": -0.033203125, "XZZI": -0.01171875, "XZIX": 0.01953125, "XIZX": -0.03515625, "XIIX": -0.013671875, "IZZX": -0.037109375, "IZIX": 0.0234375, "XXYY": -0.2109375, "XXYI": 0.044921875, "XXIY": 0.0078125, "XIYY": -0.09375, "XIYI": -0.005859375, "IXYY": 0.083984375, "IXIY": 0.017578125, "IIYY": 0.552734375, "XYYX": 0.216796875, "XYYI": -0.01171875, "XYIX": -0.013671875, "XIYX": 0.15625, "IYYX": -0.44140625, "IYIX": 0.03515625, "ZZYY": 0.498046875, "ZZYI": -0.005859375, "ZZIY": 0.0078125, "ZZII": 0.859375, "ZIYY": 0.4921875, "IZYY": 0.41796875, "ZXXZ": 0.001953125, "ZXXI": -0.0546875, "ZXIZ": 0.01953125, "ZIXZ": 0.041015625, "ZIXI": 0.0390625, "IXXZ": 0.0078125, "IXXI": -0.044921875, "ZZXX": -0.466796875, "ZZXI": 0.01171875, "ZZIX": -0.0078125, "ZIXX": -0.47265625, "IZXX": -0.419921875, "IIXX": -0.53515625, "YXXY": 0.154296875, "YXXI": -0.009765625, "YXIY": -0.009765625, "YIXY": -0.130859375, "YIXI": 0.041015625, "IXXY": -0.109375, "YYXX": -0.208984375, "YYXI": 0.005859375, "YYIX": 0.044921875, "YIXX": -0.080078125, "IYXX": -0.30078125, "YYYY": 0.2265625, "YYYI": 0.037109375, "YYIY": -0.015625, "YIYY": 0.13671875, "IYYY": 0.333984375, "ZZZZ": 0.837890625, "ZZZI": -0.080078125, "ZZIZ": -0.080078125, "ZIZZ": 0.876953125, "IZZZ": 0.73828125, "XXXX": 0.236328125, "XXXI": 0.025390625, "XXIX": 0.005859375, "XIXX": 0.14453125, "IXXX": -0.126953125}