{"XXZZ": -0.396484375, "XXZI": 0.046875, "XXIZ": 0.046875, "XXII": -0.396484375, "XIZZ": -0.146484375, "XIZI": -0.0078125, "XIIZ": -0.0078125, "XIII": -0.146484375, "IXZZ": 0.1328125, "IXZI": 0.021484375, "IXIZ": 0.021484375, "IXII": 0.1328125, "IIZZ": 1.0, "IIZI": -0.072265625, "IIIZ": -0.072265625, "IIII": 1.0, "YXYX": 0.166015625, "YXYI": -0.021484375, "YXIX": 0.044921875, "YXII": -0.142578125, "YIYX": -0.1328125, "YIYI": 0.01171875, "YIIX": -0.01953125, "YIII": 0.171875, "IXYX": -0.111328125, "IXYI": 0.001953125, "IXIX": 0.029296875, "IIYX": -0.8125, "IIYI": 0.0, "IIIX": 0.0234375, "ZYZY": 0.02734375, "ZYZI": -0.03515625, "ZYIY": -0.021484375, "ZYII": 0.404296875, "ZIZY": -0.0078125, "ZIZI": -0.05078125, "ZIIY": 0.005859375, "ZIII": 0.865234375, "IYZY": 0.009765625, "IYZI": -0.025390625, "IYIY": 0.00390625, "IYII": 0.47265625, "IIZY": 0.009765625, "IIIY": 0.00390625, "XZXZ": 0.03125, "XZXI": 0.00390625, "XZIZ": 0.0390625, "XZII": -0.04296875, "XIXZ": 0.00390625, "XIXI": 0.01171875, "IZXZ": 0.03125, "IZXI": 0.0, "IZIZ": -0.07421875, "IZII": 0.78515625, "IIXZ": 0.03515625, "IIXI": -0.0234375, "YZZY": 0.056640625, "YZZI": -0.0078125, "YZIY": -0.013671875, "YZII": 0.0, "YIZY": 0.044921875, "YIZI": 0.046875, "YIIY": -0.044921875, "IZZY": -0.009765625, "IZZI": -0.05078125, "IZIY": 0.009765625, "YZYZ": 0.01171875, "YZYI": 0.0625, "YZIZ": -0.044921875, "YIYZ": 0.015625, "YIIZ": -0.052734375, "IZYZ": -0.013671875, "IZYI": 0.037109375, "IIYZ": -0.005859375, "ZYYZ": -0.013671875, "ZYYI": -0.021484375, "ZYIZ": -0.01953125, "ZIYZ": 0.001953125, "ZIYI": 0.005859375, "ZIIZ": -0.07421875, "IYYZ": -0.001953125, "IYYI": -0.001953125, "IYIZ": -0.01953125, "YYZZ": 0.396484375, "YYZI": 0.00390625, "YYIZ": 0.00390625, "YYII": 0.396484375, "YIZZ": 0.19140625, "IYZZ": 0.513671875, "XYXY": 0.1796875, "XYXI": 0.0078125, "XYIY": -0.013671875, "XYII": -0.208984375, "XIXY": 0.1171875, "XIIY": -0.005859375, "IYXY": -0.416015625, "IYXI": 0.037109375, "IIXY": -0.814453125, "ZXZX": 0.009765625, "ZXZI": 0.015625, "ZXIX": 0.072265625, "ZXII": 0.1796875, "ZIZX": 0.033203125, "ZIIX": -0.033203125, "IXZX": 0.001953125, "IIZX": 0.029296875, "XZZX": -0.001953125, "XZZI": 0.009765625, "XZIX": -0.03125, "XIZX": 0.0078125, "XIIX": -0.025390625, "IZZX": -0.01171875, "IZIX": -0.009765625, "XXYY": -0.2421875, "XXYI": -0.029296875, "XXIY": -0.048828125, "XIYY": -0.091796875, "XIYI": -0.00390625, "IXYY": 0.130859375, "IXIY": 0.0625, "IIYY": 0.56640625, "XYYX": 0.16015625, "XYYI": 0.080078125, "XYIX": -0.05859375, "XIYX": 0.091796875, "IYYX": -0.421875, "IYIX": -0.0078125, "ZZYY": 0.44921875, "ZZYI": 0.01171875, "ZZIY": 0.037109375, "ZZII": 0.845703125, "ZIYY": 0.4765625, "IZYY": 0.396484375, "ZXXZ": 0.044921875, "ZXXI": 0.021484375, "ZXIZ": -0.009765625, "ZIXZ": 0.0546875, "ZIXI": -0.02734375, "IXXZ": 0.029296875, "IXXI": 0.009765625, "ZZXX": -0.515625, "ZZXI": -0.009765625, "ZZIX": 0.03515625, "ZIXX": -0.521484375, "IZXX": -0.4453125, "IIXX": -0.595703125, "YXXY": 0.123046875, "YXXI": 0.0, "YXIY": 0.00390625, "YIXY": -0.10546875, "YIXI": -0.021484375, "IXXY": -0.146484375, "YYXX": -0.263671875, "YYXI": -0.03125, "YYIX": -0.0078125, "YIXX": -0.103515625, "IYXX": -0.29296875, "YYYY": 0.2734375, "YYYI": 0.00390625, "YYIY": 0.0, "YIYY": 0.10546875, "IYYY": 0.28125, "ZZZZ": 0.865234375, "ZZZI": -0.126953125, "ZZIZ": -0.126953125, "ZIZZ": 0.890625, "IZZZ": 0.759765625, "XXXX": 0.212890625, "XXXI": -0.05078125, "XXIX": 0.076171875, "XIXX": 0.080078125, "IXXX": -0.099609375}