{"XXZZ": -0.37890625, "XXZI": 0.046875, "XXIZ": 0.046875, "XXII": -0.37890625, "XIZZ": -0.158203125, "XIZI": -0.005859375, "XIIZ": -0.005859375, "XIII": -0.158203125, "IXZZ": 0.130859375, "IXZI": -0.021484375, "IXIZ": -0.021484375, "IXII": 0.130859375, "IIZZ": 1.0, "IIZI": -0.05859375, "IIIZ": -0.05859375, "IIII": 1.0, "YXYX": 0.1484375, "YXYI": -0.052734375, "YXIX": 0.07421875, "YXII": -0.142578125, "YIYX": -0.103515625, "YIYI": -0.015625, "YIIX": 0.044921875, "YIII": 0.140625, "IXYX": -0.14453125, "IXYI": 0.013671875, "IXIX": -0.0078125, "IIYX": -0.830078125, "IIYI": 0.0703125, "IIIX": -0.041015625, "ZYZY": 0.009765625, "ZYZI": 0.03515625, "ZYIY": -0.025390625, "ZYII": 0.44140625, "ZIZY": -0.015625, "ZIZI": -0.056640625, "ZIIY": 0.00390625, "ZIII": 0.888671875, "IYZY": -0.03125, "IYZI": 0.033203125, "IYIY": -0.0390625, "IYII": 0.498046875, "IIZY": -0.041015625, "IIIY": -0.001953125, "XZXZ": -0.02734375, "XZXI": 0.013671875, "XZIZ": 0.03515625, "XZII": -0.009765625, "XIXZ": 0.0, "XIXI": 0.025390625, "IZXZ": 0.029296875, "IZXI": -0.03125, "IZIZ": -0.029296875, "IZII": 0.78515625, "IIXZ": 0.009765625, "IIXI": -0.05078125, "YZZY": -0.015625, "YZZI": 0.037109375, "YZIY": 0.009765625, "YZII": 0.0, "YIZY": -0.0234375, "YIZI": 0.025390625, "YIIY": 0.029296875, "IZZY": 0.03125, "IZZI": -0.037109375, "IZIY": -0.033203125, "YZYZ": 0.08203125, "YZYI": -0.017578125, "YZIZ": 0.0078125, "YIYZ": 0.04296875, "YIIZ": -0.015625, "IZYZ": 0.025390625, "IZYI": -0.03125, "IIYZ": -0.021484375, "ZYYZ": 0.0546875, "ZYYI": 0.0078125, "ZYIZ": -0.048828125, "ZIYZ": 0.01953125, "ZIYI": 0.02734375, "ZIIZ": -0.064453125, "IYYZ": 0.033203125, "IYYI": 0.005859375, "IYIZ": -0.046875, "YYZZ": 0.416015625, "YYZI": 0.07421875, "YYIZ": 0.07421875, "YYII": 0.416015625, "YIZZ": 0.1953125, "IYZZ": 0.525390625, "XYXY": 0.201171875, "XYXI": 0.03125, "XYIY": -0.017578125, "XYII": -0.203125, "XIXY": 0.15234375, "XIIY": -0.03125, "IYXY": -0.3671875, "IYXI": 0.025390625, "IIXY": -0.826171875, "ZXZX": 0.078125, "ZXZI": 0.0, "ZXIX": -0.03125, "ZXII": 0.1171875, "ZIZX": 0.013671875, "ZIIX": -0.013671875, "IXZX": 0.080078125, "IIZX": 0.00390625, "XZZX": -0.02734375, "XZZI": 0.0078125, "XZIX": -0.044921875, "XIZX": -0.04296875, "XIIX": -0.041015625, "IZZX": -0.021484375, "IZIX": 0.01171875, "XXYY": -0.22265625, "XXYI": 0.015625, "XXIY": 0.015625, "XIYY": -0.025390625, "XIYI": 0.052734375, "IXYY": 0.083984375, "IXIY": 0.013671875, "IIYY": 0.5234375, "XYYX": 0.166015625, "XYYI": 0.025390625, "XYIX": -0.03515625, "XIYX": 0.14453125, "IYYX": -0.40234375, "IYIX": -0.021484375, "ZZYY": 0.501953125, "ZZYI": 0.0390625, "ZZIY": -0.001953125, "ZZII": 0.83984375, "ZIYY": 0.5078125, "IZYY": 0.41015625, "ZXXZ": 0.017578125, "ZXXI": 0.005859375, "ZXIZ": -0.01171875, "ZIXZ": 0.0, "ZIXI": -0.0390625, "IXXZ": 0.01171875, "IXXI": 0.00390625, "ZZXX": -0.48828125, "ZZXI": -0.0078125, "ZZIX": 0.0, "ZIXX": -0.466796875, "IZXX": -0.404296875, "IIXX": -0.55859375, "YXXY": 0.134765625, "YXXI": 0.0390625, "YXIY": -0.009765625, "YIXY": -0.150390625, "YIXI": -0.03125, "IXXY": -0.126953125, "YYXX": -0.25390625, "YYXI": 0.015625, "YYIX": 0.001953125, "YIXX": -0.099609375, "IYXX": -0.26953125, "YYYY": 0.201171875, "YYYI": 0.0078125, "YYIY": -0.0078125, "YIYY": 0.09765625, "IYYY": 0.271484375, "ZZZZ": 0.826171875, "ZZZI": -0.021484375, "ZZIZ": -0.021484375, "ZIZZ": 0.89453125, "IZZZ": 0.744140625, "XXXX": 0.1875, "XXXI": 0.01171875, "XXIX": -0.056640625, "XIXX": 0.01953125, "IXXX": -0.083984375}