{"XXZZ": -0.447265625, "XXZI": -0.06640625, "XXIZ": -0.06640625, "XXII": -0.447265625, "XIZZ": -0.1171875, "XIZI": -0.044921875, "XIIZ": -0.044921875, "XIII": -0.1171875, "IXZZ": 0.146484375, "IXZI": 0.05078125, "IXIZ": 0.05078125, "IXII": 0.146484375, "IIZZ": 1.0, "IIZI": -0.005859375, "IIIZ": -0.005859375, "IIII": 1.0, "YXYX": 0.208984375, "YXYI": -0.01953125, "YXIX": 0.0, "YXII": -0.201171875, "YIYX": -0.111328125, "YIYI": 0.015625, "YIIX": -0.0234375, "YIII": 0.130859375, "IXYX": -0.0703125, "IXYI": 0.021484375, "IXIX": -0.025390625, "IIYX": -0.83203125, "IIYI": 0.021484375, "IIIX": -0.021484375, "ZYZY": -0.01171875, "ZYZI": 0.02734375, "ZYIY": 0.013671875, "ZYII": 0.376953125, "ZIZY": 0.033203125, "ZIZI": -0.041015625, "ZIIY": 0.03515625, "ZIII": 0.87109375, "IYZY": -0.00390625, "IYZI": 0.02734375, "IYIY": 0.005859375, "IYII": 0.423828125, "IIZY": 0.021484375, "IIIY": 0.015625, "XZXZ": -0.029296875, "XZXI": 0.01171875, "XZIZ": -0.052734375, "XZII": -0.07421875, "XIXZ": -0.0078125, "XIXI": -0.009765625, "IZXZ": 0.03125, "IZXI": 0.005859375, "IZIZ": -0.05078125, "IZII": 0.791015625, "IIXZ": 0.044921875, "IIXI": 0.015625, "YZZY": -0.017578125, "YZZI": -0.0234375, "YZIY": 0.015625, "YZII": -0.021484375, "YIZY": 0.01171875, "YIZI": -0.005859375, "YIIY": -0.005859375, "IZZY": -0.025390625, "IZZI": -0.0859375, "IZIY": 0.0078125, "YZYZ": -0.005859375, "YZYI": 0.009765625, "YZIZ": -0.021484375, "YIYZ": -0.02734375, "YIIZ": -0.046875, "IZYZ": 0.005859375, "IZYI": -0.029296875, "IIYZ": 0.00390625, "ZYYZ": 0.0, "ZYYI": 0.05078125, "ZYIZ": 0.037109375, "ZIYZ": -0.005859375, "ZIYI": 0.056640625, "ZIIZ": 0.0078125, "IYYZ": -0.0234375, "IYYI": 0.05859375, "IYIZ": 0.044921875, "YYZZ": 0.443359375, "YYZI": 0.056640625, "YYIZ": 0.056640625, "YYII": 0.443359375, "YIZZ": 0.17578125, "IYZZ": 0.455078125, "XYXY": 0.150390625, "XYXI": -0.01171875, "XYIY": 0.021484375, "XYII": -0.203125, "XIXY": 0.087890625, "XIIY": 0.009765625, "IYXY": -0.416015625, "IYXI": -0.00390625, "IIXY": -0.810546875, "ZXZX": 0.0234375, "ZXZI": 0.005859375, "ZXIX": -0.02734375, "ZXII": 0.134765625, "ZIZX": -0.0390625, "ZIIX": 0.0234375, "IXZX": -0.001953125, "IIZX": -0.068359375, "XZZX": -0.048828125, "XZZI": -0.017578125, "XZIX": 0.037109375, "XIZX": -0.009765625, "XIIX": 0.033203125, "IZZX": 0.0234375, "IZIX": 0.015625, "XXYY": -0.27734375, "XXYI": -0.03515625, "XXIY": 0.0, "XIYY": -0.119140625, "XIYI": -0.041015625, "IXYY": 0.201171875, "IXIY": 0.021484375, "IIYY": 0.54296875, "XYYX": 0.15625, "XYYI": -0.013671875, "XYIX": 0.005859375, "XIYX": 0.134765625, "IYYX": -0.380859375, "IYIX": -0.05078125, "ZZYY": 0.470703125, "ZZYI": 0.0390625, "ZZIY": 0.005859375, "ZZII": 0.875, "ZIYY": 0.486328125, "IZYY": 0.427734375, "ZXXZ": 0.0078125, "ZXXI": -0.0546875, "ZXIZ": 0.01171875, "ZIXZ": -0.04296875, "ZIXI": -0.0703125, "IXXZ": 0.01171875, "IXXI": -0.046875, "ZZXX": -0.486328125, "ZZXI": -0.052734375, "ZZIX": 0.021484375, "ZIXX": -0.51953125, "IZXX": -0.451171875, "IIXX": -0.56640625, "YXXY": 0.171875, "YXXI": 0.001953125, "YXIY": 0.01171875, "YIXY": -0.099609375, "YIXI": 0.0078125, "IXXY": -0.1328125, "YYXX": -0.24609375, "YYXI": 0.0390625, "YYIX": -0.01171875, "YIXX": -0.0859375, "IYXX": -0.265625, "YYYY": 0.23046875, "YYYI": -0.0234375, "YYIY": 0.015625, "YIYY": 0.111328125, "IYYY": 0.314453125, "ZZZZ": 0.833984375, "ZZZI": -0.099609375, "ZZIZ": -0.099609375, "ZIZZ": 0.8828125, "IZZZ": 0.744140625, "XXXX": 0.21875, "XXXI": 0.009765625, "XXIX": -0.021484375, "XIXX": 0.04296875, "IXXX": -0.10546875}