{"XXZZ": -0.3671875, "XXZI": -0.078125, "XXIZ": -0.078125, "XXII": -0.3671875, "XIZZ": -0.142578125, "XIZI": -0.013671875, "XIIZ": -0.013671875, "XIII": -0.142578125, "IXZZ": 0.166015625, "IXZI": -0.009765625, "IXIZ": -0.009765625, "IXII": 0.166015625, "IIZZ": 1.0, "IIZI": -0.0078125, "IIIZ": -0.0078125, "IIII": 1.0, "YXYX": 0.150390625, "YXYI": 0.001953125, "YXIX": -0.015625, "YXII": -0.18359375, "YIYX": -0.16796875, "YIYI": 0.015625, "YIIX": -0.033203125, "YIII": 0.201171875, "IXYX": -0.0625, "IXYI": 0.01953125, "IXIX": -0.037109375, "IIYX": -0.806640625, "IIYI": -0.009765625, "IIIX": 0.02734375, "ZYZY": -0.04296875, "ZYZI": 0.017578125, "ZYIY": 0.015625, "ZYII": 0.396484375, "ZIZY": 0.015625, "ZIZI": -0.021484375, "ZIIY": 0.05078125, "ZIII": 0.880859375, "IYZY": -0.060546875, "IYZI": 0.01953125, "IYIY": 0.033203125, "IYII": 0.44140625, "IIZY": 0.025390625, "IIIY": 0.033203125, "XZXZ": 0.0, "XZXI": 0.033203125, "XZIZ": 0.015625, "XZII": 0.037109375, "XIXZ": -0.00390625, "XIXI": 0.005859375, "IZXZ": 0.005859375, "IZXI": -0.01171875, "IZIZ": -0.060546875, "IZII": 0.72265625, "IIXZ": 0.009765625, "IIXI": 0.0, "YZZY": -0.048828125, "YZZI": -0.009765625, "YZIY": -0.013671875, "YZII": 0.033203125, "YIZY": -0.03515625, "YIZI": -0.015625, "YIIY": 0.01171875, "IZZY": -0.001953125, "IZZI": -0.044921875, "IZIY": -0.021484375, "YZYZ": -0.044921875, "YZYI": 0.021484375, "YZIZ": -0.05078125, "YIYZ": -0.046875, "YIIZ": -0.021484375, "IZYZ": 0.06640625, "IZYI": -0.00390625, "IIYZ": 0.037109375, "ZYYZ": 0.0, "ZYYI": 0.0078125, "ZYIZ": 0.03125, "ZIYZ": -0.037109375, "ZIYI": 0.041015625, "ZIIZ": -0.083984375, "IYYZ": 0.001953125, "IYYI": 0.001953125, "IYIZ": 0.037109375, "YYZZ": 0.353515625, "YYZI": 0.03125, "YYIZ": 0.03125, "YYII": 0.353515625, "YIZZ": 0.203125, "IYZZ": 0.490234375, "XYXY": 0.24609375, "XYXI": 0.01953125, "XYIY": -0.021484375, "XYII": -0.275390625, "XIXY": 0.142578125, "XIIY": -0.00390625, "IYXY": -0.390625, "IYXI": -0.01171875, "IIXY": -0.802734375, "ZXZX": 0.005859375, "ZXZI": 0.001953125, "ZXIX": -0.029296875, "ZXII": 0.138671875, "ZIZX": 0.03515625, "ZIIX": 0.03125, "IXZX": -0.001953125, "IIZX": 0.03515625, "XZZX": -0.033203125, "XZZI": 0.02734375, "XZIX": -0.001953125, "XIZX": -0.048828125, "XIIX": -0.017578125, "IZZX": 0.033203125, "IZIX": -0.048828125, "XXYY": -0.21875, "XXYI": 0.041015625, "XXIY": -0.02734375, "XIYY": -0.07421875, "XIYI": -0.021484375, "IXYY": 0.111328125, "IXIY": 0.064453125, "IIYY": 0.544921875, "XYYX": 0.146484375, "XYYI": -0.005859375, "XYIX": 0.025390625, "XIYX": 0.1171875, "IYYX": -0.427734375, "IYIX": 0.001953125, "ZZYY": 0.453125, "ZZYI": -0.001953125, "ZZIY": 0.0, "ZZII": 0.853515625, "ZIYY": 0.5078125, "IZYY": 0.400390625, "ZXXZ": 0.005859375, "ZXXI": 0.01953125, "ZXIZ": -0.025390625, "ZIXZ": -0.009765625, "ZIXI": -0.05859375, "IXXZ": 0.009765625, "IXXI": 0.0078125, "ZZXX": -0.462890625, "ZZXI": 0.0859375, "ZZIX": -0.044921875, "ZIXX": -0.48046875, "IZXX": -0.41796875, "IIXX": -0.525390625, "YXXY": 0.099609375, "YXXI": 0.068359375, "YXIY": -0.05078125, "YIXY": -0.140625, "YIXI": -0.01171875, "IXXY": -0.078125, "YYXX": -0.240234375, "YYXI": -0.021484375, "YYIX": 0.03125, "YIXX": -0.123046875, "IYXX": -0.263671875, "YYYY": 0.22265625, "YYYI": -0.021484375, "YYIY": -0.052734375, "YIYY": 0.08203125, "IYYY": 0.2421875, "ZZZZ": 0.873046875, "ZZZI": -0.08203125, "ZZIZ": -0.08203125, "ZIZZ": 0.880859375, "IZZZ": 0.78125, "XXXX": 0.181640625, "XXXI": 0.00390625, "XXIX": -0.021484375, "XIXX": 0.095703125, "IXXX": -0.103515625}