{"XXZZ": -0.421875, "XXZI": 0.037109375, "XXIZ": 0.037109375, "XXII": -0.421875, "XIZZ": -0.1875, "XIZI": 0.021484375, "XIIZ": 0.021484375, "XIII": -0.1875, "IXZZ": 0.109375, "IXZI": -0.009765625, "IXIZ": -0.009765625, "IXII": 0.109375, "IIZZ": 1.0, "IIZI": -0.056640625, "IIIZ": -0.056640625, "IIII": 1.0, "YXYX": 0.158203125, "YXYI": 0.04296875, "YXIX": -0.0390625, "YXII": -0.185546875, "YIYX": -0.119140625, "YIYI": -0.0078125, "YIIX": -0.01953125, "YIII": 0.177734375, "IXYX": -0.140625, "IXYI": 0.021484375, "IXIX": -0.021484375, "IIYX": -0.8203125, "IIYI": 0.013671875, "IIIX": -0.013671875, "ZYZY": 0.029296875, "ZYZI": -0.05859375, "ZYIY": 0.0, "ZYII": 0.423828125, "ZIZY": 0.033203125, "ZIZI": -0.0859375, "ZIIY": -0.0078125, "ZIII": 0.884765625, "IYZY": 0.0078125, "IYZI": -0.072265625, "IYIY": -0.033203125, "IYII": 0.4921875, "IIZY": 0.04296875, "IIIY": -0.041015625, "XZXZ": 0.04296875, "XZXI": -0.048828125, "XZIZ": -0.01953125, "XZII": -0.037109375, "XIXZ": 0.05859375, "XIXI": -0.033203125, "IZXZ": 0.060546875, "IZXI": 0.0078125, "IZIZ": -0.091796875, "IZII": 0.7734375, "IIXZ": 0.029296875, "IIXI": -0.015625, "YZZY": 0.01171875, "YZZI": -0.015625, "YZIY": -0.015625, "YZII": 0.01171875, "YIZY": 0.00390625, "YIZI": -0.01953125, "YIIY": 0.03125, "IZZY": 0.03515625, "IZZI": -0.06640625, "IZIY": 0.0078125, "YZYZ": 0.005859375, "YZYI": -0.013671875, "YZIZ": -0.05078125, "YIYZ": -0.041015625, "YIIZ": -0.046875, "IZYZ": 0.068359375, "IZYI": -0.017578125, "IIYZ": 0.033203125, "ZYYZ": -0.001953125, "ZYYI": 0.0390625, "ZYIZ": 0.0546875, "ZIYZ": 0.03515625, "ZIYI": 0.052734375, "ZIIZ": -0.017578125, "IYYZ": 0.001953125, "IYYI": 0.01953125, "IYIZ": 0.05078125, "YYZZ": 0.390625, "YYZI": -0.013671875, "YYIZ": -0.013671875, "YYII": 0.390625, "YIZZ": 0.13671875, "IYZZ": 0.43359375, "XYXY": 0.21875, "XYXI": 0.005859375, "XYIY": -0.02734375, "XYII": -0.228515625, "XIXY": 0.0859375, "XIIY": 0.015625, "IYXY": -0.376953125, "IYXI": 0.03125, "IIXY": -0.845703125, "ZXZX": -0.029296875, "ZXZI": 0.046875, "ZXIX": -0.0234375, "ZXII": 0.123046875, "ZIZX": -0.021484375, "ZIIX": -0.0390625, "IXZX": -0.04296875, "IIZX": -0.02734375, "XZZX": -0.037109375, "XZZI": -0.017578125, "XZIX": 0.013671875, "XIZX": -0.052734375, "XIIX": 0.009765625, "IZZX": -0.00390625, "IZIX": -0.01953125, "XXYY": -0.265625, "XXYI": 0.01171875, "XXIY": -0.005859375, "XIYY": -0.111328125, "XIYI": -0.017578125, "IXYY": 0.125, "IXIY": -0.009765625, "IIYY": 0.595703125, "XYYX": 0.20703125, "XYYI": 0.02734375, "XYIX": 0.0, "XIYX": 0.138671875, "IYYX": -0.435546875, "IYIX": 0.044921875, "ZZYY": 0.466796875, "ZZYI": -0.009765625, "ZZIY": -0.017578125, "ZZII": 0.857421875, "ZIYY": 0.486328125, "IZYY": 0.42578125, "ZXXZ": -0.01171875, "ZXXI": 0.015625, "ZXIZ": 0.01171875, "ZIXZ": -0.009765625, "ZIXI": 0.080078125, "IXXZ": -0.013671875, "IXXI": 0.021484375, "ZZXX": -0.4609375, "ZZXI": -0.037109375, "ZZIX": -0.013671875, "ZIXX": -0.5078125, "IZXX": -0.43359375, "IIXX": -0.55078125, "YXXY": 0.111328125, "YXXI": -0.0390625, "YXIY": 0.0078125, "YIXY": -0.109375, "YIXI": 0.029296875, "IXXY": -0.099609375, "YYXX": -0.287109375, "YYXI": 0.00390625, "YYIX": -0.01171875, "YIXX": -0.091796875, "IYXX": -0.25390625, "YYYY": 0.19921875, "YYYI": -0.02734375, "YYIY": -0.052734375, "YIYY": 0.146484375, "IYYY": 0.26953125, "ZZZZ": 0.83984375, "ZZZI": -0.025390625, "ZZIZ": -0.025390625, "ZIZZ": 0.880859375, "IZZZ": 0.736328125, "XXXX": 0.203125, "XXXI": -0.0390625, "XXIX": 0.05078125, "XIXX": 0.09765625, "IXXX": -0.0703125}