{"XXZZ": -0.38671875, "XXZI": 0.013671875, "XXIZ": 0.013671875, "XXII": -0.38671875, "XIZZ": -0.125, "XIZI": 0.013671875, "XIIZ": 0.013671875, "XIII": -0.125, "IXZZ": 0.140625, "IXZI": -0.005859375, "IXIZ": -0.005859375, "IXII": 0.140625, "IIZZ": 1.0, "IIZI": -0.048828125, "IIIZ": -0.048828125, "IIII": 1.0, "YXYX": 0.162109375, "YXYI": 0.02734375, "YXIX": 0.005859375, "YXII": -0.171875, "YIYX": -0.1796875, "YIYI": -0.021484375, "YIIX": 0.046875, "YIII": 0.224609375, "IXYX": -0.09765625, "IXYI": 0.005859375, "IXIX": 0.0, "IIYX": -0.826171875, "IIYI": 0.0078125, "IIIX": 0.013671875, "ZYZY": 0.001953125, "ZYZI": 0.025390625, "ZYIY": 0.001953125, "ZYII": 0.447265625, "ZIZY": -0.001953125, "ZIZI": -0.044921875, "ZIIY": 0.009765625, "ZIII": 0.904296875, "IYZY": 0.0234375, "IYZI": 0.015625, "IYIY": 0.01171875, "IYII": 0.48046875, "IIZY": 0.00390625, "IIIY": 0.01171875, "XZXZ": 0.0, "XZXI": -0.015625, "XZIZ": -0.048828125, "XZII": -0.017578125, "XIXZ": 0.001953125, "XIXI": -0.029296875, "IZXZ": -0.0234375, "IZXI": -0.00390625, "IZIZ": -0.017578125, "IZII": 0.759765625, "IIXZ": -0.025390625, "IIXI": 0.001953125, "YZZY": 0.03515625, "YZZI": -0.048828125, "YZIY": -0.01171875, "YZII": -0.029296875, "YIZY": 0.03125, "YIZI": -0.009765625, "YIIY": -0.0078125, "IZZY": -0.009765625, "IZZI": -0.0703125, "IZIY": 0.001953125, "YZYZ": -0.02734375, "YZYI": 0.021484375, "YZIZ": -0.0546875, "YIYZ": 0.001953125, "YIIZ": -0.052734375, "IZYZ": 0.0390625, "IZYI": -0.005859375, "IIYZ": 0.052734375, "ZYYZ": 0.0234375, "ZYYI": -0.09765625, "ZYIZ": 0.048828125, "ZIYZ": -0.0234375, "ZIYI": -0.02734375, "ZIIZ": -0.013671875, "IYYZ": 0.037109375, "IYYI": -0.087890625, "IYIZ": 0.02734375, "YYZZ": 0.408203125, "YYZI": -0.001953125, "YYIZ": -0.001953125, "YYII": 0.408203125, "YIZZ": 0.212890625, "IYZZ": 0.5078125, "XYXY": 0.19921875, "XYXI": -0.017578125, "XYIY": -0.01171875, "XYII": -0.220703125, "XIXY": 0.119140625, "XIIY": -0.009765625, "IYXY": -0.3984375, "IYXI": -0.029296875, "IIXY": -0.830078125, "ZXZX": 0.04296875, "ZXZI": -0.013671875, "ZXIX": 0.0390625, "ZXII": 0.126953125, "ZIZX": 0.001953125, "ZIIX": -0.013671875, "IXZX": 0.046875, "IIZX": 0.013671875, "XZZX": 0.00390625, "XZZI": 0.03515625, "XZIX": -0.005859375, "XIZX": 0.05859375, "XIIX": 0.001953125, "IZZX": 0.037109375, "IZIX": 0.0078125, "XXYY": -0.240234375, "XXYI": -0.01953125, "XXIY": -0.01171875, "XIYY": -0.0625, "XIYI": -0.013671875, "IXYY": 0.087890625, "IXIY": -0.01953125, "IIYY": 0.5703125, "XYYX": 0.22265625, "XYYI": 0.037109375, "XYIX": 0.0, "XIYX": 0.146484375, "IYYX": -0.4140625, "IYIX": 0.0234375, "ZZYY": 0.5, "ZZYI": -0.00390625, "ZZIY": -0.021484375, "ZZII": 0.853515625, "ZIYY": 0.51171875, "IZYY": 0.439453125, "ZXXZ": 0.021484375, "ZXXI": 0.0, "ZXIZ": 0.001953125, "ZIXZ": 0.03515625, "ZIXI": 0.064453125, "IXXZ": 0.0234375, "IXXI": 0.009765625, "ZZXX": -0.50390625, "ZZXI": 0.00390625, "ZZIX": 0.04296875, "ZIXX": -0.537109375, "IZXX": -0.466796875, "IIXX": -0.56640625, "YXXY": 0.15234375, "YXXI": 0.0625, "YXIY": -0.041015625, "YIXY": -0.14453125, "YIXI": 0.02734375, "IXXY": -0.064453125, "YYXX": -0.220703125, "YYXI": 0.025390625, "YYIX": -0.0078125, "YIXX": -0.087890625, "IYXX": -0.302734375, "YYYY": 0.220703125, "YYYI": -0.03515625, "YYIY": -0.013671875, "YIYY": 0.1015625, "IYYY": 0.3359375, "ZZZZ": 0.8671875, "ZZZI": -0.029296875, "ZZIZ": -0.029296875, "ZIZZ": 0.90234375, "IZZZ": 0.7734375, "XXXX": 0.23046875, "XXXI": 0.0, "XXIX": 0.01171875, "XIXX": 0.080078125, "IXXX": -0.142578125}