{"XXZZ": -0.337890625, "XXZI": 0.009765625, "XXIZ": 0.009765625, "XXII": -0.337890625, "XIZZ": -0.140625, "XIZI": -0.01171875, "XIIZ": -0.01171875, "XIII": -0.140625, "IXZZ": 0.166015625, "IXZI": 0.037109375, "IXIZ": 0.037109375, "IXII": 0.166015625, "IIZZ": 1.0, "IIZI": 0.01171875, "IIIZ": 0.01171875, "IIII": 1.0, "YXYX": 0.130859375, "YXYI": 0.017578125, "YXIX": -0.0078125, "YXII": -0.140625, "YIYX": -0.162109375, "YIYI": 0.001953125, "YIIX": 0.015625, "YIII": 0.18359375, "IXYX": -0.087890625, "IXYI": -0.037109375, "IXIX": -0.00390625, "IIYX": -0.841796875, "IIYI": -0.013671875, "IIIX": 0.01171875, "ZYZY": -0.044921875, "ZYZI": -0.013671875, "ZYIY": 0.025390625, "ZYII": 0.427734375, "ZIZY": -0.005859375, "ZIZI": -0.033203125, "ZIIY": -0.013671875, "ZIII": 0.892578125, "IYZY": -0.02734375, "IYZI": 0.0, "IYIY": 0.01171875, "IYII": 0.48828125, "IIZY": 0.01953125, "IIIY": -0.01171875, "XZXZ": 0.001953125, "XZXI": -0.052734375, "XZIZ": 0.037109375, "XZII": -0.025390625, "XIXZ": -0.01171875, "XIXI": -0.0703125, "IZXZ": -0.025390625, "IZXI": 0.033203125, "IZIZ": -0.087890625, "IZII": 0.751953125, "IIXZ": -0.03515625, "IIXI": 0.05859375, "YZZY": -0.015625, "YZZI": -0.0234375, "YZIY": -0.0234375, "YZII": 0.03515625, "YIZY": -0.029296875, "YIZI": -0.021484375, "YIIY": -0.009765625, "IZZY": -0.048828125, "IZZI": -0.099609375, "IZIY": -0.005859375, "YZYZ": -0.009765625, "YZYI": 0.009765625, "YZIZ": -0.01953125, "YIYZ": -0.0078125, "YIIZ": 0.013671875, "IZYZ": -0.015625, "IZYI": -0.0703125, "IIYZ": -0.033203125, "ZYYZ": -0.0546875, "ZYYI": -0.013671875, "ZYIZ": 0.015625, "ZIYZ": -0.00390625, "ZIYI": -0.013671875, "ZIIZ": -0.03125, "IYYZ": -0.060546875, "IYYI": 0.0, "IYIZ": 0.009765625, "YYZZ": 0.40625, "YYZI": -0.015625, "YYIZ": -0.015625, "YYII": 0.40625, "YIZZ": 0.171875, "IYZZ": 0.47265625, "XYXY": 0.212890625, "XYXI": 0.013671875, "XYIY": -0.009765625, "XYII": -0.255859375, "XIXY": 0.1171875, "XIIY": -0.04296875, "IYXY": -0.416015625, "IYXI": 0.013671875, "IIXY": -0.83203125, "ZXZX": -0.01171875, "ZXZI": 0.048828125, "ZXIX": -0.01953125, "ZXII": 0.154296875, "ZIZX": -0.0390625, "ZIIX": 0.0078125, "IXZX": -0.017578125, "IIZX": -0.044921875, "XZZX": -0.001953125, "XZZI": 0.025390625, "XZIX": -0.037109375, "XIZX": -0.001953125, "XIIX": -0.029296875, "IZZX": -0.0703125, "IZIX": 0.02734375, "XXYY": -0.19140625, "XXYI": 0.021484375, "XXIY": -0.015625, "XIYY": -0.095703125, "XIYI": 0.00390625, "IXYY": 0.08984375, "IXIY": -0.015625, "IIYY": 0.552734375, "XYYX": 0.134765625, "XYYI": -0.03125, "XYIX": 0.013671875, "XIYX": 0.060546875, "IYYX": -0.412109375, "IYIX": -0.021484375, "ZZYY": 0.44140625, "ZZYI": 0.025390625, "ZZIY": -0.0078125, "ZZII": 0.853515625, "ZIYY": 0.458984375, "IZYY": 0.3671875, "ZXXZ": -0.0078125, "ZXXI": 0.017578125, "ZXIZ": 0.033203125, "ZIXZ": 0.041015625, "ZIXI": -0.01953125, "IXXZ": -0.029296875, "IXXI": 0.0, "ZZXX": -0.48046875, "ZZXI": -0.001953125, "ZZIX": 0.02734375, "ZIXX": -0.490234375, "IZXX": -0.40625, "IIXX": -0.580078125, "YXXY": 0.119140625, "YXXI": 0.017578125, "YXIY": -0.01171875, "YIXY": -0.1640625, "YIXI": 0.015625, "IXXY": -0.08984375, "YYXX": -0.203125, "YYXI": -0.04296875, "YYIX": 0.021484375, "YIXX": -0.111328125, "IYXX": -0.26953125, "YYYY": 0.251953125, "YYYI": 0.015625, "YYIY": -0.013671875, "YIYY": 0.0859375, "IYYY": 0.296875, "ZZZZ": 0.8515625, "ZZZI": -0.00390625, "ZZIZ": -0.00390625, "ZIZZ": 0.841796875, "IZZZ": 0.708984375, "XXXX": 0.2734375, "XXXI": 0.01953125, "XXIX": -0.0078125, "XIXX": 0.06640625, "IXXX": -0.11328125}