{"XXZZ": -0.404296875, "XXZI": -0.01171875, "XXIZ": -0.01171875, "XXII": -0.404296875, "XIZZ": -0.142578125, "XIZI": 0.02734375, "XIIZ": 0.02734375, "XIII": -0.142578125, "IXZZ": 0.16015625, "IXZI": 0.013671875, "IXIZ": 0.013671875, "IXII": 0.16015625, "IIZZ": 1.0, "IIZI": -0.041015625, "IIIZ": -0.041015625, "IIII": 1.0, "YXYX": 0.12109375, "YXYI": -0.0234375, "YXIX": 0.0234375, "YXII": -0.15234375, "YIYX": -0.16796875, "YIYI": -0.0625, "YIIX": 0.015625, "YIII": 0.19921875, "IXYX": -0.13671875, "IXYI": 0.046875, "IXIX": -0.0390625, "IIYX": -0.796875, "IIYI": 0.01171875, "IIIX": -0.02734375, "ZYZY": 0.046875, "ZYZI": -0.005859375, "ZYIY": -0.021484375, "ZYII": 0.47265625, "ZIZY": -0.005859375, "ZIZI": -0.09375, "ZIIY": -0.01171875, "ZIII": 0.892578125, "IYZY": 0.033203125, "IYZI": -0.0078125, "IYIY": -0.01171875, "IYII": 0.533203125, "IIZY": -0.00390625, "IIIY": -0.009765625, "XZXZ": -0.013671875, "XZXI": 0.025390625, "XZIZ": -0.0234375, "XZII": -0.01953125, "XIXZ": -0.00390625, "XIXI": 0.01953125, "IZXZ": -0.08984375, "IZXI": -0.05859375, "IZIZ": -0.017578125, "IZII": 0.728515625, "IIXZ": -0.111328125, "IIXI": -0.041015625, "YZZY": 0.0078125, "YZZI": -0.029296875, "YZIY": 0.01171875, "YZII": -0.033203125, "YIZY": 0.01171875, "YIZI": -0.005859375, "YIIY": 0.015625, "IZZY": 0.029296875, "IZZI": -0.02734375, "IZIY": 0.009765625, "YZYZ": 0.015625, "YZYI": 0.0078125, "YZIZ": -0.001953125, "YIYZ": 0.029296875, "YIIZ": 0.015625, "IZYZ": -0.046875, "IZYI": -0.015625, "IIYZ": -0.044921875, "ZYYZ": 0.015625, "ZYYI": 0.015625, "ZYIZ": -0.013671875, "ZIYZ": 0.044921875, "ZIYI": -0.013671875, "ZIIZ": -0.04296875, "IYYZ": 0.03125, "IYYI": 0.0, "IYIZ": 0.001953125, "YYZZ": 0.4140625, "YYZI": -0.01953125, "YYIZ": -0.01953125, "YYII": 0.4140625, "YIZZ": 0.22265625, "IYZZ": 0.5234375, "XYXY": 0.16796875, "XYXI": 0.025390625, "XYIY": -0.017578125, "XYII": -0.19921875, "XIXY": 0.154296875, "XIIY": 0.0, "IYXY": -0.431640625, "IYXI": -0.00390625, "IIXY": -0.82421875, "ZXZX": 0.0234375, "ZXZI": 0.015625, "ZXIX": -0.025390625, "ZXII": 0.201171875, "ZIZX": -0.033203125, "ZIIX": -0.02734375, "IXZX": 0.01171875, "IIZX": -0.037109375, "XZZX": 0.00390625, "XZZI": 0.0, "XZIX": -0.04296875, "XIZX": 0.015625, "XIIX": -0.0546875, "IZZX": 0.00390625, "IZIX": 0.0, "XXYY": -0.265625, "XXYI": -0.015625, "XXIY": -0.03125, "XIYY": -0.10546875, "XIYI": -0.04296875, "IXYY": 0.15625, "IXIY": 0.05859375, "IIYY": 0.546875, "XYYX": 0.16796875, "XYYI": 0.03515625, "XYIX": -0.03515625, "XIYX": 0.10546875, "IYYX": -0.42578125, "IYIX": 0.0546875, "ZZYY": 0.501953125, "ZZYI": -0.001953125, "ZZIY": -0.048828125, "ZZII": 0.857421875, "ZIYY": 0.48828125, "IZYY": 0.443359375, "ZXXZ": -0.00390625, "ZXXI": 0.0078125, "ZXIZ": 0.013671875, "ZIXZ": -0.037109375, "ZIXI": 0.005859375, "IXXZ": -0.015625, "IXXI": -0.0078125, "ZZXX": -0.509765625, "ZZXI": 0.0078125, "ZZIX": -0.04296875, "ZIXX": -0.52734375, "IZXX": -0.451171875, "IIXX": -0.59375, "YXXY": 0.125, "YXXI": -0.0078125, "YXIY": 0.021484375, "YIXY": -0.17578125, "YIXI": 0.046875, "IXXY": -0.123046875, "YYXX": -0.26171875, "YYXI": 0.025390625, "YYIX": 0.00390625, "YIXX": -0.05859375, "IYXX": -0.248046875, "YYYY": 0.310546875, "YYYI": -0.037109375, "YYIY": -0.001953125, "YIYY": 0.173828125, "IYYY": 0.30859375, "ZZZZ": 0.861328125, "ZZZI": -0.06640625, "ZZIZ": -0.06640625, "ZIZZ": 0.90234375, "IZZZ": 0.775390625, "XXXX": 0.267578125, "XXXI": 0.03125, "XXIX": -0.044921875, "XIXX": 0.078125, "IXXX": -0.125}