{"XXZZ": -0.365234375, "XXZI": 0.005859375, "XXIZ": 0.005859375, "XXII": -0.365234375, "XIZZ": -0.177734375, "XIZI": -0.017578125, "XIIZ": -0.017578125, "XIII": -0.177734375, "IXZZ": 0.14453125, "IXZI": -0.0390625, "IXIZ": -0.0390625, "IXII": 0.14453125, "IIZZ": 1.0, "IIZI": -0.03515625, "IIIZ": -0.03515625, "IIII": 1.0, "YXYX": 0.1484375, "YXYI": 0.048828125, "YXIX": -0.0546875, "YXII": -0.189453125, "YIYX": -0.2265625, "YIYI": 0.033203125, "YIIX": -0.0078125, "YIII": 0.232421875, "IXYX": -0.052734375, "IXYI": -0.0078125, "IXIX": -0.013671875, "IIYX": -0.822265625, "IIYI": 0.01171875, "IIIX": -0.017578125, "ZYZY": -0.0234375, "ZYZI": -0.04296875, "ZYIY": -0.0390625, "ZYII": 0.484375, "ZIZY": 0.021484375, "ZIZI": -0.107421875, "ZIIY": -0.005859375, "ZIII": 0.892578125, "IYZY": -0.017578125, "IYZI": -0.052734375, "IYIY": -0.033203125, "IYII": 0.529296875, "IIZY": 0.02734375, "IIIY": 0.015625, "XZXZ": 0.015625, "XZXI": 0.0, "XZIZ": 0.001953125, "XZII": 0.033203125, "XIXZ": 0.01953125, "XIXI": -0.00390625, "IZXZ": 0.037109375, "IZXI": -0.009765625, "IZIZ": -0.09375, "IZII": 0.7578125, "IIXZ": 0.033203125, "IIXI": -0.044921875, "YZZY": -0.01171875, "YZZI": -0.025390625, "YZIY": 0.0, "YZII": 0.009765625, "YIZY": -0.029296875, "YIZI": 0.00390625, "YIIY": -0.001953125, "IZZY": -0.015625, "IZZI": -0.056640625, "IZIY": 0.0234375, "YZYZ": -0.021484375, "YZYI": 0.001953125, "YZIZ": 0.046875, "YIYZ": -0.033203125, "YIIZ": 0.04296875, "IZYZ": 0.041015625, "IZYI": 0.013671875, "IIYZ": 0.029296875, "ZYYZ": 0.0078125, "ZYYI": -0.064453125, "ZYIZ": 0.01953125, "ZIYZ": -0.009765625, "ZIYI": 0.0078125, "ZIIZ": 0.001953125, "IYYZ": 0.00390625, "IYYI": -0.044921875, "IYIZ": 0.0, "YYZZ": 0.388671875, "YYZI": 0.044921875, "YYIZ": 0.044921875, "YYII": 0.388671875, "YIZZ": 0.18359375, "IYZZ": 0.455078125, "XYXY": 0.142578125, "XYXI": -0.03515625, "XYIY": 0.021484375, "XYII": -0.171875, "XIXY": 0.0625, "XIIY": -0.015625, "IYXY": -0.41796875, "IYXI": -0.009765625, "IIXY": -0.841796875, "ZXZX": 0.01953125, "ZXZI": 0.015625, "ZXIX": 0.0078125, "ZXII": 0.11328125, "ZIZX": -0.015625, "ZIIX": 0.01953125, "IXZX": 0.015625, "IIZX": -0.01953125, "XZZX": 0.07421875, "XZZI": -0.056640625, "XZIX": -0.048828125, "XIZX": 0.046875, "XIIX": -0.029296875, "IZZX": 0.03125, "IZIX": 0.001953125, "XXYY": -0.240234375, "XXYI": -0.021484375, "XXIY": -0.013671875, "XIYY": -0.078125, "XIYI": -0.0703125, "IXYY": 0.091796875, "IXIY": -0.013671875, "IIYY": 0.578125, "XYYX": 0.1484375, "XYYI": 0.025390625, "XYIX": -0.03515625, "XIYX": 0.1171875, "IYYX": -0.388671875, "IYIX": -0.021484375, "ZZYY": 0.4296875, "ZZYI": -0.013671875, "ZZIY": 0.01171875, "ZZII": 0.837890625, "ZIYY": 0.45703125, "IZYY": 0.376953125, "ZXXZ": 0.037109375, "ZXXI": -0.04296875, "ZXIZ": -0.0703125, "ZIXZ": 0.0, "ZIXI": -0.083984375, "IXXZ": 0.033203125, "IXXI": -0.03125, "ZZXX": -0.4765625, "ZZXI": -0.025390625, "ZZIX": 0.021484375, "ZIXX": -0.505859375, "IZXX": -0.423828125, "IIXX": -0.5546875, "YXXY": 0.125, "YXXI": -0.005859375, "YXIY": -0.013671875, "YIXY": -0.142578125, "YIXI": 0.00390625, "IXXY": -0.064453125, "YYXX": -0.26171875, "YYXI": -0.060546875, "YYIX": 0.025390625, "YIXX": -0.056640625, "IYXX": -0.259765625, "YYYY": 0.26953125, "YYYI": -0.021484375, "YYIY": 0.01171875, "YIYY": 0.10546875, "IYYY": 0.212890625, "ZZZZ": 0.853515625, "ZZZI": 0.0, "ZZIZ": 0.0, "ZIZZ": 0.912109375, "IZZZ": 0.7734375, "XXXX": 0.220703125, "XXXI": -0.025390625, "XXIX": 0.037109375, "XIXX": 0.083984375, "IXXX": -0.11328125}