{"XXZZ": -0.380859375, "XXZI": 0.009765625, "XXIZ": 0.009765625, "XXII": -0.380859375, "XIZZ": -0.1328125, "XIZI": -0.03515625, "XIIZ": -0.03515625, "XIII": -0.1328125, "IXZZ": 0.158203125, "IXZI": -0.017578125, "IXIZ": -0.017578125, "IXII": 0.158203125, "IIZZ": 1.0, "IIZI": 0.0, "IIIZ": 0.0, "IIII": 1.0, "YXYX": 0.150390625, "YXYI": -0.04296875, "YXIX": 0.037109375, "YXII": -0.171875, "YIYX": -0.212890625, "YIYI": -0.0078125, "YIIX": 0.001953125, "YIII": 0.23046875, "IXYX": -0.076171875, "IXYI": -0.0078125, "IXIX": -0.017578125, "IIYX": -0.830078125, "IIYI": -0.00390625, "IIIX": -0.021484375, "ZYZY": -0.044921875, "ZYZI": 0.056640625, "ZYIY": -0.01171875, "ZYII": 0.45703125, "ZIZY": -0.044921875, "ZIZI": -0.041015625, "ZIIY": 0.015625, "ZIII": 0.90234375, "IYZY": -0.025390625, "IYZI": 0.017578125, "IYIY": -0.01953125, "IYII": 0.5, "IIZY": -0.025390625, "IIIY": -0.0078125, "XZXZ": -0.005859375, "XZXI": -0.078125, "XZIZ": -0.001953125, "XZII": -0.04296875, "XIXZ": 0.013671875, "XIXI": -0.08203125, "IZXZ": -0.044921875, "IZXI": -0.05078125, "IZIZ": -0.072265625, "IZII": 0.7734375, "IIXZ": -0.060546875, "IIXI": -0.02734375, "YZZY": 0.025390625, "YZZI": 0.025390625, "YZIY": 0.017578125, "YZII": 0.052734375, "YIZY": 0.02734375, "YIZI": 0.015625, "YIIY": 0.01171875, "IZZY": 0.041015625, "IZZI": -0.111328125, "IZIY": -0.025390625, "YZYZ": 0.01953125, "YZYI": -0.041015625, "YZIZ": -0.03125, "YIYZ": 0.0, "YIIZ": -0.0546875, "IZYZ": 0.005859375, "IZYI": -0.02734375, "IIYZ": -0.013671875, "ZYYZ": 0.03515625, "ZYYI": 0.015625, "ZYIZ": 0.025390625, "ZIYZ": -0.01953125, "ZIYI": 0.01171875, "ZIIZ": -0.029296875, "IYYZ": 0.009765625, "IYYI": 0.001953125, "IYIZ": 0.03515625, "YYZZ": 0.416015625, "YYZI": -0.076171875, "YYIZ": -0.076171875, "YYII": 0.416015625, "YIZZ": 0.189453125, "IYZZ": 0.4609375, "XYXY": 0.1640625, "XYXI": -0.01953125, "XYIY": 0.009765625, "XYII": -0.177734375, "XIXY": 0.078125, "XIIY": -0.009765625, "IYXY": -0.404296875, "IYXI": 0.021484375, "IIXY": -0.791015625, "ZXZX": -0.009765625, "ZXZI": -0.0078125, "ZXIX": 0.03125, "ZXII": 0.123046875, "ZIZX": -0.05078125, "ZIIX": -0.013671875, "IXZX": -0.013671875, "IIZX": -0.03515625, "XZZX": 0.01171875, "XZZI": 0.072265625, "XZIX": 0.013671875, "XIZX": 0.00390625, "XIIX": 0.029296875, "IZZX": -0.046875, "IZIX": 0.005859375, "XXYY": -0.193359375, "XXYI": -0.029296875, "XXIY": -0.052734375, "XIYY": -0.0625, "XIYI": 0.03125, "IXYY": 0.150390625, "IXIY": 0.025390625, "IIYY": 0.52734375, "XYYX": 0.16015625, "XYYI": -0.048828125, "XYIX": 0.02734375, "XIYX": 0.0546875, "IYYX": -0.400390625, "IYIX": -0.001953125, "ZZYY": 0.48046875, "ZZYI": -0.02734375, "ZZIY": 0.00390625, "ZZII": 0.8828125, "ZIYY": 0.474609375, "IZYY": 0.408203125, "ZXXZ": -0.001953125, "ZXXI": 0.060546875, "ZXIZ": -0.01171875, "ZIXZ": -0.05078125, "ZIXI": -0.0078125, "IXXZ": -0.02734375, "IXXI": 0.0390625, "ZZXX": -0.5078125, "ZZXI": 0.0, "ZZIX": -0.009765625, "ZIXX": -0.517578125, "IZXX": -0.4453125, "IIXX": -0.591796875, "YXXY": 0.1015625, "YXXI": -0.046875, "YXIY": 0.04296875, "YIXY": -0.103515625, "YIXI": 0.013671875, "IXXY": -0.126953125, "YYXX": -0.2421875, "YYXI": 0.009765625, "YYIX": 0.00390625, "YIXX": -0.080078125, "IYXX": -0.28125, "YYYY": 0.275390625, "YYYI": 0.021484375, "YYIY": 0.03515625, "YIYY": 0.107421875, "IYYY": 0.201171875, "ZZZZ": 0.8359375, "ZZZI": -0.033203125, "ZZIZ": -0.033203125, "ZIZZ": 0.841796875, "IZZZ": 0.701171875, "XXXX": 0.236328125, "XXXI": 0.0, "XXIX": -0.009765625, "XIXX": 0.103515625, "IXXX": -0.142578125}