{"XXZZ": -0.349609375, "XXZI": -0.00390625, "XXIZ": -0.00390625, "XXII": -0.349609375, "XIZZ": -0.16796875, "XIZI": 0.033203125, "XIIZ": 0.033203125, "XIII": -0.16796875, "IXZZ": 0.177734375, "IXZI": 0.0390625, "IXIZ": 0.0390625, "IXII": 0.177734375, "IIZZ": 1.0, "IIZI": -0.048828125, "IIIZ": -0.048828125, "IIII": 1.0, "YXYX": 0.12890625, "YXYI": -0.041015625, "YXIX": 0.068359375, "YXII": -0.1484375, "YIYX": -0.134765625, "YIYI": -0.00390625, "YIIX": 0.03125, "YIII": 0.177734375, "IXYX": -0.083984375, "IXYI": 0.01171875, "IXIX": -0.03125, "IIYX": -0.77734375, "IIYI": -0.021484375, "IIIX": 0.025390625, "ZYZY": -0.015625, "ZYZI": 0.03515625, "ZYIY": 0.009765625, "ZYII": 0.458984375, "ZIZY": 0.021484375, "ZIZI": -0.029296875, "ZIIY": -0.05078125, "ZIII": 0.8984375, "IYZY": -0.00390625, "IYZI": 0.03515625, "IYIY": 0.029296875, "IYII": 0.513671875, "IIZY": 0.048828125, "IIIY": -0.0625, "XZXZ": -0.01171875, "XZXI": 0.025390625, "XZIZ": 0.029296875, "XZII": 0.01953125, "XIXZ": -0.029296875, "XIXI": 0.01171875, "IZXZ": 0.017578125, "IZXI": -0.0078125, "IZIZ": -0.046875, "IZII": 0.748046875, "IIXZ": 0.03515625, "IIXI": 0.021484375, "YZZY": 0.0, "YZZI": -0.037109375, "YZIY": -0.0546875, "YZII": -0.017578125, "YIZY": 0.001953125, "YIZI": 0.01171875, "YIIY": -0.048828125, "IZZY": 0.0234375, "IZZI": -0.072265625, "IZIY": -0.0078125, "YZYZ": -0.015625, "YZYI": 0.013671875, "YZIZ": -0.025390625, "YIYZ": -0.0234375, "YIIZ": 0.013671875, "IZYZ": -0.01171875, "IZYI": -0.005859375, "IIYZ": -0.01953125, "ZYYZ": 0.072265625, "ZYYI": -0.01953125, "ZYIZ": -0.0078125, "ZIYZ": 0.005859375, "ZIYI": 0.0390625, "ZIIZ": -0.046875, "IYYZ": 0.07421875, "IYYI": -0.029296875, "IYIZ": -0.009765625, "YYZZ": 0.43359375, "YYZI": 0.00390625, "YYIZ": 0.00390625, "YYII": 0.43359375, "YIZZ": 0.17578125, "IYZZ": 0.546875, "XYXY": 0.158203125, "XYXI": -0.02734375, "XYIY": 0.013671875, "XYII": -0.18359375, "XIXY": 0.109375, "XIIY": -0.00390625, "IYXY": -0.40234375, "IYXI": 0.052734375, "IIXY": -0.798828125, "ZXZX": 0.005859375, "ZXZI": -0.03125, "ZXIX": 0.015625, "ZXII": 0.193359375, "ZIZX": -0.015625, "ZIIX": 0.005859375, "IXZX": 0.009765625, "IIZX": -0.01953125, "XZZX": 0.041015625, "XZZI": -0.013671875, "XZIX": 0.0078125, "XIZX": 0.06640625, "XIIX": -0.021484375, "IZZX": 0.05859375, "IZIX": -0.083984375, "XXYY": -0.220703125, "XXYI": -0.044921875, "XXIY": -0.052734375, "XIYY": -0.09765625, "XIYI": -0.03125, "IXYY": 0.150390625, "IXIY": -0.017578125, "IIYY": 0.5625, "XYYX": 0.220703125, "XYYI": 0.005859375, "XYIX": 0.01953125, "XIYX": 0.1796875, "IYYX": -0.44140625, "IYIX": -0.044921875, "ZZYY": 0.46484375, "ZZYI": 0.01953125, "ZZIY": -0.03515625, "ZZII": 0.85546875, "ZIYY": 0.498046875, "IZYY": 0.416015625, "ZXXZ": -0.021484375, "ZXXI": -0.00390625, "ZXIZ": 0.013671875, "ZIXZ": 0.052734375, "ZIXI": -0.00390625, "IXXZ": -0.013671875, "IXXI": -0.015625, "ZZXX": -0.50390625, "ZZXI": 0.01953125, "ZZIX": 0.04296875, "ZIXX": -0.498046875, "IZXX": -0.447265625, "IIXX": -0.578125, "YXXY": 0.119140625, "YXXI": 0.0078125, "YXIY": 0.01953125, "YIXY": -0.1484375, "YIXI": -0.001953125, "IXXY": -0.107421875, "YYXX": -0.24609375, "YYXI": 0.06640625, "YYIX": -0.087890625, "YIXX": -0.0546875, "IYXX": -0.244140625, "YYYY": 0.228515625, "YYYI": 0.033203125, "YYIY": 0.056640625, "YIYY": 0.140625, "IYYY": 0.294921875, "ZZZZ": 0.849609375, "ZZZI": -0.07421875, "ZZIZ": -0.07421875, "ZIZZ": 0.880859375, "IZZZ": 0.75, "XXXX": 0.23046875, "XXXI": 0.021484375, "XXIX": -0.015625, "XIXX": 0.115234375, "IXXX": -0.16015625}