{"XXZZ": -0.36328125, "XXZI": -0.013671875, "XXIZ": -0.013671875, "XXII": -0.36328125, "XIZZ": -0.1015625, "XIZI": -0.048828125, "XIIZ": -0.048828125, "XIII": -0.1015625, "IXZZ": 0.125, "IXZI": 0.056640625, "IXIZ": 0.056640625, "IXII": 0.125, "IIZZ": 1.0, "IIZI": -0.021484375, "IIIZ": -0.021484375, "IIII": 1.0, "YXYX": 0.171875, "YXYI": 0.04296875, "YXIX": -0.029296875, "YXII": -0.197265625, "YIYX": -0.15625, "YIYI": 0.01953125, "YIIX": -0.013671875, "YIII": 0.185546875, "IXYX": -0.130859375, "IXYI": 0.021484375, "IXIX": -0.05859375, "IIYX": -0.818359375, "IIYI": -0.001953125, "IIIX": 0.00390625, "ZYZY": 0.001953125, "ZYZI": -0.048828125, "ZYIY": -0.03515625, "ZYII": 0.46484375, "ZIZY": 0.00390625, "ZIZI": -0.08203125, "ZIIY": 0.017578125, "ZIII": 0.904296875, "IYZY": 0.015625, "IYZI": -0.03515625, "IYIY": -0.037109375, "IYII": 0.509765625, "IIZY": -0.001953125, "IIIY": 0.00390625, "XZXZ": 0.0, "XZXI": 0.01171875, "XZIZ": 0.037109375, "XZII": 0.009765625, "XIXZ": -0.0234375, "XIXI": -0.03515625, "IZXZ": -0.021484375, "IZXI": -0.048828125, "IZIZ": -0.0703125, "IZII": 0.74609375, "IIXZ": 0.005859375, "IIXI": -0.005859375, "YZZY": -0.009765625, "YZZI": 0.0078125, "YZIY": -0.037109375, "YZII": -0.0234375, "YIZY": -0.015625, "YIZI": 0.037109375, "YIIY": -0.03125, "IZZY": 0.08203125, "IZZI": -0.041015625, "IZIY": -0.01171875, "YZYZ": -0.017578125, "YZYI": -0.052734375, "YZIZ": -0.015625, "YIYZ": -0.01171875, "YIIZ": -0.021484375, "IZYZ": -0.015625, "IZYI": -0.02734375, "IIYZ": -0.025390625, "ZYYZ": 0.009765625, "ZYYI": -0.04296875, "ZYIZ": 0.03125, "ZIYZ": 0.03125, "ZIYI": -0.005859375, "ZIIZ": -0.017578125, "IYYZ": 0.017578125, "IYYI": -0.0703125, "IYIZ": 0.0234375, "YYZZ": 0.412109375, "YYZI": 0.00390625, "YYIZ": 0.00390625, "YYII": 0.412109375, "YIZZ": 0.169921875, "IYZZ": 0.5234375, "XYXY": 0.189453125, "XYXI": -0.0078125, "XYIY": -0.0078125, "XYII": -0.189453125, "XIXY": 0.1171875, "XIIY": 0.005859375, "IYXY": -0.412109375, "IYXI": 0.0234375, "IIXY": -0.84375, "ZXZX": -0.005859375, "ZXZI": -0.044921875, "ZXIX": 0.0234375, "ZXII": 0.16796875, "ZIZX": -0.005859375, "ZIIX": -0.0234375, "IXZX": 0.001953125, "IIZX": -0.025390625, "XZZX": 0.0078125, "XZZI": 0.009765625, "XZIX": 0.044921875, "XIZX": 0.05078125, "XIIX": 0.041015625, "IZZX": 0.04296875, "IZIX": 0.037109375, "XXYY": -0.205078125, "XXYI": -0.009765625, "XXIY": 0.001953125, "XIYY": -0.005859375, "XIYI": -0.091796875, "IXYY": 0.1328125, "IXIY": 0.0078125, "IIYY": 0.546875, "XYYX": 0.189453125, "XYYI": 0.08203125, "XYIX": -0.04296875, "XIYX": 0.123046875, "IYYX": -0.44921875, "IYIX": 0.072265625, "ZZYY": 0.5, "ZZYI": 0.037109375, "ZZIY": 0.0078125, "ZZII": 0.849609375, "ZIYY": 0.50390625, "IZYY": 0.431640625, "ZXXZ": 0.001953125, "ZXXI": -0.01953125, "ZXIZ": -0.0234375, "ZIXZ": -0.041015625, "ZIXI": 0.0234375, "IXXZ": 0.0234375, "IXXI": -0.009765625, "ZZXX": -0.5234375, "ZZXI": 0.015625, "ZZIX": -0.005859375, "ZIXX": -0.53125, "IZXX": -0.462890625, "IIXX": -0.591796875, "YXXY": 0.078125, "YXXI": -0.017578125, "YXIY": -0.005859375, "YIXY": -0.154296875, "YIXI": 0.07421875, "IXXY": -0.138671875, "YYXX": -0.23828125, "YYXI": -0.005859375, "YYIX": 0.029296875, "YIXX": -0.06640625, "IYXX": -0.25390625, "YYYY": 0.275390625, "YYYI": 0.025390625, "YYIY": 0.0234375, "YIYY": 0.12890625, "IYYY": 0.2578125, "ZZZZ": 0.86328125, "ZZZI": -0.013671875, "ZZIZ": -0.013671875, "ZIZZ": 0.900390625, "IZZZ": 0.771484375, "XXXX": 0.1875, "XXXI": -0.03515625, "XXIX": 0.0390625, "XIXX": 0.07421875, "IXXX": -0.08984375}