{"XXZZ": -0.33203125, "XXZI": -0.017578125, "XXIZ": -0.017578125, "XXII": -0.33203125, "XIZZ": -0.169921875, "XIZI": 0.0, "XIIZ": 0.0, "XIII": -0.169921875, "IXZZ": 0.142578125, "IXZI": -0.02734375, "IXIZ": -0.02734375, "IXII": 0.142578125, "IIZZ": 1.0, "IIZI": -0.025390625, "IIIZ": -0.025390625, "IIII": 1.0, "YXYX": 0.10546875, "YXYI": 0.029296875, "YXIX": -0.04296875, "YXII": -0.130859375, "YIYX": -0.212890625, "YIYI": -0.0078125, "YIIX": 0.013671875, "YIII": 0.25390625, "IXYX": -0.13671875, "IXYI": 0.052734375, "IXIX": -0.04296875, "IIYX": -0.826171875, "IIYI": -0.01953125, "IIIX": 0.017578125, "ZYZY": -0.0234375, "ZYZI": 0.02734375, "ZYIY": 0.005859375, "ZYII": 0.419921875, "ZIZY": -0.044921875, "ZIZI": -0.091796875, "ZIIY": -0.015625, "ZIII": 0.88671875, "IYZY": -0.015625, "IYZI": 0.01953125, "IYIY": -0.017578125, "IYII": 0.458984375, "IIZY": -0.033203125, "IIIY": -0.00390625, "XZXZ": -0.048828125, "XZXI": 0.00390625, "XZIZ": -0.00390625, "XZII": -0.025390625, "XIXZ": -0.021484375, "XIXI": 0.01171875, "IZXZ": 0.05078125, "IZXI": -0.037109375, "IZIZ": -0.064453125, "IZII": 0.765625, "IIXZ": 0.01953125, "IIXI": -0.025390625, "YZZY": -0.015625, "YZZI": -0.033203125, "YZIY": -0.005859375, "YZII": 0.00390625, "YIZY": -0.01953125, "YIZI": -0.001953125, "YIIY": 0.017578125, "IZZY": -0.01171875, "IZZI": -0.068359375, "IZIY": -0.037109375, "YZYZ": -0.029296875, "YZYI": 0.052734375, "YZIZ": -0.00390625, "YIYZ": 0.0234375, "YIIZ": 0.017578125, "IZYZ": -0.015625, "IZYI": -0.078125, "IIYZ": 0.041015625, "ZYYZ": 0.06640625, "ZYYI": 0.009765625, "ZYIZ": 0.052734375, "ZIYZ": 0.037109375, "ZIYI": 0.03515625, "ZIIZ": -0.02734375, "IYYZ": 0.052734375, "IYYI": -0.00390625, "IYIZ": 0.04296875, "YYZZ": 0.36328125, "YYZI": 0.005859375, "YYIZ": 0.005859375, "YYII": 0.36328125, "YIZZ": 0.171875, "IYZZ": 0.52734375, "XYXY": 0.23046875, "XYXI": -0.005859375, "XYIY": -0.013671875, "XYII": -0.25390625, "XIXY": 0.142578125, "XIIY": -0.0078125, "IYXY": -0.388671875, "IYXI": -0.015625, "IIXY": -0.8125, "ZXZX": -0.021484375, "ZXZI": 0.02734375, "ZXIX": 0.017578125, "ZXII": 0.09765625, "ZIZX": -0.009765625, "ZIIX": 0.052734375, "IXZX": -0.025390625, "IIZX": -0.005859375, "XZZX": -0.05859375, "XZZI": 0.0078125, "XZIX": 0.0, "XIZX": -0.04296875, "XIIX": 0.0078125, "IZZX": 0.0, "IZIX": -0.0390625, "XXYY": -0.24609375, "XXYI": -0.00390625, "XXIY": -0.03125, "XIYY": -0.11328125, "XIYI": -0.03125, "IXYY": 0.12109375, "IXIY": -0.01171875, "IIYY": 0.55859375, "XYYX": 0.16015625, "XYYI": -0.0390625, "XYIX": 0.046875, "XIYX": 0.134765625, "IYYX": -0.369140625, "IYIX": 0.005859375, "ZZYY": 0.51953125, "ZZYI": -0.013671875, "ZZIY": -0.00390625, "ZZII": 0.853515625, "ZIYY": 0.525390625, "IZYY": 0.44140625, "ZXXZ": -0.017578125, "ZXXI": -0.013671875, "ZXIZ": 0.013671875, "ZIXZ": -0.03125, "ZIXI": 0.01953125, "IXXZ": -0.025390625, "IXXI": 0.005859375, "ZZXX": -0.521484375, "ZZXI": 0.01171875, "ZZIX": -0.009765625, "ZIXX": -0.564453125, "IZXX": -0.462890625, "IIXX": -0.623046875, "YXXY": 0.134765625, "YXXI": 0.01171875, "YXIY": -0.025390625, "YIXY": -0.1328125, "YIXI": -0.005859375, "IXXY": -0.09375, "YYXX": -0.1875, "YYXI": 0.048828125, "YYIX": -0.0625, "YIXX": -0.08984375, "IYXX": -0.263671875, "YYYY": 0.23046875, "YYYI": -0.01171875, "YYIY": 0.01953125, "YIYY": 0.09765625, "IYYY": 0.26171875, "ZZZZ": 0.87109375, "ZZZI": -0.060546875, "ZZIZ": -0.060546875, "ZIZZ": 0.888671875, "IZZZ": 0.771484375, "XXXX": 0.25390625, "XXXI": -0.029296875, "XXIX": 0.02734375, "XIXX": 0.134765625, "IXXX": -0.1640625}