{"XXZZ": -0.37890625, "XXZI": -0.01953125, "XXIZ": -0.01953125, "XXII": -0.37890625, "XIZZ": -0.201171875, "XIZI": 0.013671875, "XIIZ": 0.013671875, "XIII": -0.201171875, "IXZZ": 0.185546875, "IXZI": 0.033203125, "IXIZ": 0.033203125, "IXII": 0.185546875, "IIZZ": 1.0, "IIZI": -0.046875, "IIIZ": -0.046875, "IIII": 1.0, "YXYX": 0.12890625, "YXYI": -0.0546875, "YXIX": 0.044921875, "YXII": -0.111328125, "YIYX": -0.080078125, "YIYI": -0.009765625, "YIIX": 0.05859375, "YIII": 0.1484375, "IXYX": -0.1171875, "IXYI": 0.01171875, "IXIX": -0.025390625, "IIYX": -0.802734375, "IIYI": 0.009765625, "IIIX": -0.01171875, "ZYZY": 0.0, "ZYZI": -0.021484375, "ZYIY": 0.01953125, "ZYII": 0.404296875, "ZIZY": -0.01171875, "ZIZI": -0.064453125, "ZIIY": 0.05859375, "ZIII": 0.857421875, "IYZY": 0.005859375, "IYZI": -0.0390625, "IYIY": 0.017578125, "IYII": 0.48046875, "IIZY": -0.001953125, "IIIY": 0.052734375, "XZXZ": -0.009765625, "XZXI": 0.015625, "XZIZ": 0.009765625, "XZII": -0.0390625, "XIXZ": 0.01171875, "XIXI": -0.005859375, "IZXZ": -0.00390625, "IZXI": 0.037109375, "IZIZ": -0.11328125, "IZII": 0.744140625, "IIXZ": -0.048828125, "IIXI": 0.07421875, "YZZY": -0.021484375, "YZZI": -0.0234375, "YZIY": 0.005859375, "YZII": -0.02734375, "YIZY": -0.01171875, "YIZI": -0.001953125, "YIIY": 0.0078125, "IZZY": -0.01953125, "IZZI": -0.033203125, "IZIY": 0.0703125, "YZYZ": 0.017578125, "YZYI": -0.03515625, "YZIZ": -0.048828125, "YIYZ": 0.013671875, "YIIZ": -0.021484375, "IZYZ": 0.005859375, "IZYI": -0.0234375, "IIYZ": -0.005859375, "ZYYZ": 0.021484375, "ZYYI": 0.060546875, "ZYIZ": -0.03515625, "ZIYZ": 0.0078125, "ZIYI": 0.015625, "ZIIZ": -0.087890625, "IYYZ": 0.01171875, "IYYI": 0.05859375, "IYIZ": -0.041015625, "YYZZ": 0.416015625, "YYZI": -0.04296875, "YYIZ": -0.04296875, "YYII": 0.416015625, "YIZZ": 0.212890625, "IYZZ": 0.53515625, "XYXY": 0.162109375, "XYXI": 0.01171875, "XYIY": -0.017578125, "XYII": -0.18359375, "XIXY": 0.103515625, "XIIY": -0.044921875, "IYXY": -0.416015625, "IYXI": 0.01953125, "IIXY": -0.826171875, "ZXZX": 0.03125, "ZXZI": 0.044921875, "ZXIX": -0.009765625, "ZXII": 0.12890625, "ZIZX": 0.041015625, "ZIIX": -0.01953125, "IXZX": 0.041015625, "IIZX": 0.046875, "XZZX": -0.005859375, "XZZI": 0.060546875, "XZIX": 0.021484375, "XIZX": 0.005859375, "XIIX": 0.021484375, "IZZX": -0.0078125, "IZIX": -0.00390625, "XXYY": -0.248046875, "XXYI": 0.044921875, "XXIY": -0.02734375, "XIYY": -0.091796875, "XIYI": 0.001953125, "IXYY": 0.099609375, "IXIY": 0.03125, "IIYY": 0.568359375, "XYYX": 0.20703125, "XYYI": -0.041015625, "XYIX": 0.017578125, "XIYX": 0.1328125, "IYYX": -0.359375, "IYIX": -0.064453125, "ZZYY": 0.470703125, "ZZYI": -0.001953125, "ZZIY": 0.017578125, "ZZII": 0.830078125, "ZIYY": 0.490234375, "IZYY": 0.4296875, "ZXXZ": -0.00390625, "ZXXI": -0.013671875, "ZXIZ": 0.0234375, "ZIXZ": 0.00390625, "ZIXI": 0.021484375, "IXXZ": -0.005859375, "IXXI": 0.0234375, "ZZXX": -0.439453125, "ZZXI": -0.009765625, "ZZIX": 0.044921875, "ZIXX": -0.46875, "IZXX": -0.396484375, "IIXX": -0.515625, "YXXY": 0.12890625, "YXXI": -0.03125, "YXIY": 0.013671875, "YIXY": -0.138671875, "YIXI": -0.001953125, "IXXY": -0.09765625, "YYXX": -0.21875, "YYXI": 0.015625, "YYIX": -0.0234375, "YIXX": -0.0703125, "IYXX": -0.19921875, "YYYY": 0.30859375, "YYYI": 0.017578125, "YYIY": 0.048828125, "YIYY": 0.173828125, "IYYY": 0.302734375, "ZZZZ": 0.880859375, "ZZZI": -0.025390625, "ZZIZ": -0.025390625, "ZIZZ": 0.85546875, "IZZZ": 0.748046875, "XXXX": 0.205078125, "XXXI": 0.0, "XXIX": -0.01171875, "XIXX": 0.08984375, "IXXX": -0.150390625}