{"XXZZ": -0.37890625, "XXZI": -0.03515625, "XXIZ": -0.03515625, "XXII": -0.37890625, "XIZZ": -0.173828125, "XIZI": 0.083984375, "XIIZ": 0.083984375, "XIII": -0.173828125, "IXZZ": 0.150390625, "IXZI": -0.013671875, "IXIZ": -0.013671875, "IXII": 0.150390625, "IIZZ": 1.0, "IIZI": -0.046875, "IIIZ": -0.046875, "IIII": 1.0, "YXYX": 0.158203125, "YXYI": -0.001953125, "YXIX": 0.02734375, "YXII": -0.1640625, "YIYX": -0.119140625, "YIYI": 0.064453125, "YIIX": -0.0234375, "YIII": 0.17578125, "IXYX": -0.115234375, "IXYI": -0.001953125, "IXIX": -0.00390625, "IIYX": -0.810546875, "IIYI": 0.044921875, "IIIX": -0.04296875, "ZYZY": 0.0078125, "ZYZI": 0.01171875, "ZYIY": 0.03125, "ZYII": 0.41796875, "ZIZY": -0.021484375, "ZIZI": -0.041015625, "ZIIY": 0.033203125, "ZIII": 0.888671875, "IYZY": 0.009765625, "IYZI": 0.025390625, "IYIY": 0.056640625, "IYII": 0.455078125, "IIZY": -0.03125, "IIIY": 0.0390625, "XZXZ": 0.01171875, "XZXI": 0.005859375, "XZIZ": -0.0390625, "XZII": 0.001953125, "XIXZ": 0.001953125, "XIXI": 0.02734375, "IZXZ": 0.03125, "IZXI": 0.025390625, "IZIZ": -0.05078125, "IZII": 0.748046875, "IIXZ": 0.025390625, "IIXI": 0.02734375, "YZZY": -0.02734375, "YZZI": 0.0078125, "YZIY": 0.052734375, "YZII": 0.005859375, "YIZY": -0.029296875, "YIZI": 0.021484375, "YIIY": 0.0546875, "IZZY": 0.01171875, "IZZI": -0.046875, "IZIY": -0.005859375, "YZYZ": 0.03125, "YZYI": -0.00390625, "YZIZ": 0.017578125, "YIYZ": 0.013671875, "YIIZ": 0.01171875, "IZYZ": 0.0, "IZYI": -0.0078125, "IIYZ": -0.041015625, "ZYYZ": -0.068359375, "ZYYI": 0.060546875, "ZYIZ": 0.03125, "ZIYZ": -0.048828125, "ZIYI": 0.021484375, "ZIIZ": -0.08203125, "IYYZ": -0.044921875, "IYYI": 0.056640625, "IYIZ": 0.03515625, "YYZZ": 0.447265625, "YYZI": -0.021484375, "YYIZ": -0.021484375, "YYII": 0.447265625, "YIZZ": 0.17578125, "IYZZ": 0.490234375, "XYXY": 0.150390625, "XYXI": -0.04296875, "XYIY": -0.005859375, "XYII": -0.18359375, "XIXY": 0.1015625, "XIIY": -0.01953125, "IYXY": -0.40625, "IYXI": 0.033203125, "IIXY": -0.841796875, "ZXZX": -0.044921875, "ZXZI": -0.001953125, "ZXIX": 0.0234375, "ZXII": 0.14453125, "ZIZX": -0.013671875, "ZIIX": -0.0625, "IXZX": -0.048828125, "IIZX": -0.029296875, "XZZX": -0.02734375, "XZZI": 0.02734375, "XZIX": -0.015625, "XIZX": -0.009765625, "XIIX": -0.017578125, "IZZX": 0.005859375, "IZIX": 0.017578125, "XXYY": -0.2109375, "XXYI": 0.01171875, "XXIY": 0.037109375, "XIYY": -0.13671875, "XIYI": -0.02734375, "IXYY": 0.158203125, "IXIY": -0.02734375, "IIYY": 0.587890625, "XYYX": 0.181640625, "XYYI": 0.021484375, "XYIX": -0.041015625, "XIYX": 0.1875, "IYYX": -0.384765625, "IYIX": -0.017578125, "ZZYY": 0.48828125, "ZZYI": 0.013671875, "ZZIY": 0.0, "ZZII": 0.865234375, "ZIYY": 0.5078125, "IZYY": 0.447265625, "ZXXZ": -0.005859375, "ZXXI": 0.015625, "ZXIZ": 0.0078125, "ZIXZ": 0.0390625, "ZIXI": 0.017578125, "IXXZ": 0.009765625, "IXXI": 0.0078125, "ZZXX": -0.466796875, "ZZXI": -0.01171875, "ZZIX": 0.021484375, "ZIXX": -0.51171875, "IZXX": -0.44140625, "IIXX": -0.556640625, "YXXY": 0.16015625, "YXXI": -0.017578125, "YXIY": 0.029296875, "YIXY": -0.115234375, "YIXI": -0.0078125, "IXXY": -0.142578125, "YYXX": -0.259765625, "YYXI": 0.005859375, "YYIX": -0.0234375, "YIXX": -0.10546875, "IYXX": -0.26953125, "YYYY": 0.251953125, "YYYI": -0.017578125, "YYIY": -0.001953125, "YIYY": 0.123046875, "IYYY": 0.2734375, "ZZZZ": 0.8515625, "ZZZI": -0.052734375, "ZZIZ": -0.052734375, "ZIZZ": 0.87890625, "IZZZ": 0.75, "XXXX": 0.236328125, "XXXI": 0.03125, "XXIX": -0.029296875, "XIXX": 0.068359375, "IXXX": -0.142578125}