{"XXZZ": -0.369140625, "XXZI": 0.033203125, "XXIZ": 0.033203125, "XXII": -0.369140625, "XIZZ": -0.171875, "XIZI": -0.01953125, "XIIZ": -0.01953125, "XIII": -0.171875, "IXZZ": 0.169921875, "IXZI": 0.017578125, "IXIZ": 0.017578125, "IXII": 0.169921875, "IIZZ": 1.0, "IIZI": 0.01953125, "IIIZ": 0.01953125, "IIII": 1.0, "YXYX": 0.115234375, "YXYI": 0.0, "YXIX": -0.0078125, "YXII": -0.138671875, "YIYX": -0.154296875, "YIYI": 0.03515625, "YIIX": -0.04296875, "YIII": 0.240234375, "IXYX": -0.125, "IXYI": -0.037109375, "IXIX": 0.037109375, "IIYX": -0.7890625, "IIYI": 0.001953125, "IIIX": -0.017578125, "ZYZY": 0.060546875, "ZYZI": 0.02734375, "ZYIY": -0.013671875, "ZYII": 0.39453125, "ZIZY": 0.0703125, "ZIZI": -0.115234375, "ZIIY": -0.0078125, "ZIII": 0.880859375, "IYZY": 0.078125, "IYZI": 0.025390625, "IYIY": 0.0, "IYII": 0.458984375, "IIZY": 0.080078125, "IIIY": 0.013671875, "XZXZ": 0.0078125, "XZXI": -0.029296875, "XZIZ": 0.04296875, "XZII": -0.021484375, "XIXZ": -0.00390625, "XIXI": 0.009765625, "IZXZ": -0.029296875, "IZXI": -0.0078125, "IZIZ": -0.056640625, "IZII": 0.734375, "IIXZ": -0.017578125, "IIXI": 0.0, "YZZY": 0.021484375, "YZZI": 0.00390625, "YZIY": 0.021484375, "YZII": -0.015625, "YIZY": -0.005859375, "YIZI": 0.03515625, "YIIY": -0.009765625, "IZZY": 0.076171875, "IZZI": -0.06640625, "IZIY": -0.001953125, "YZYZ": 0.017578125, "YZYI": -0.037109375, "YZIZ": -0.013671875, "YIYZ": 0.029296875, "YIIZ": -0.052734375, "IZYZ": 0.00390625, "IZYI": -0.01953125, "IIYZ": 0.00390625, "ZYYZ": 0.021484375, "ZYYI": -0.02734375, "ZYIZ": -0.029296875, "ZIYZ": -0.013671875, "ZIYI": -0.02734375, "ZIIZ": -0.119140625, "IYYZ": -0.005859375, "IYYI": -0.02734375, "IYIZ": -0.037109375, "YYZZ": 0.453125, "YYZI": -0.03515625, "YYIZ": -0.03515625, "YYII": 0.453125, "YIZZ": 0.19921875, "IYZZ": 0.46484375, "XYXY": 0.1328125, "XYXI": 0.03515625, "XYIY": -0.03125, "XYII": -0.15234375, "XIXY": 0.091796875, "XIIY": 0.013671875, "IYXY": -0.447265625, "IYXI": -0.009765625, "IIXY": -0.82421875, "ZXZX": -0.064453125, "ZXZI": -0.009765625, "ZXIX": 0.0, "ZXII": 0.10546875, "ZIZX": 0.009765625, "ZIIX": 0.01171875, "IXZX": -0.052734375, "IIZX": 0.017578125, "XZZX": -0.01171875, "XZZI": 0.056640625, "XZIX": -0.009765625, "XIZX": -0.0078125, "XIIX": -0.013671875, "IZZX": -0.00390625, "IZIX": 0.029296875, "XXYY": -0.23828125, "XXYI": -0.005859375, "XXIY": 0.009765625, "XIYY": -0.107421875, "XIYI": -0.01171875, "IXYY": 0.130859375, "IXIY": 0.0390625, "IIYY": 0.5859375, "XYYX": 0.1953125, "XYYI": 0.001953125, "XYIX": 0.009765625, "XIYX": 0.12109375, "IYYX": -0.44140625, "IYIX": 0.068359375, "ZZYY": 0.47265625, "ZZYI": -0.01171875, "ZZIY": 0.037109375, "ZZII": 0.861328125, "ZIYY": 0.505859375, "IZYY": 0.4375, "ZXXZ": -0.013671875, "ZXXI": -0.0234375, "ZXIZ": 0.01953125, "ZIXZ": 0.013671875, "ZIXI": 0.015625, "IXXZ": -0.01171875, "IXXI": -0.048828125, "ZZXX": -0.421875, "ZZXI": -0.048828125, "ZZIX": -0.013671875, "ZIXX": -0.4609375, "IZXX": -0.390625, "IIXX": -0.50390625, "YXXY": 0.091796875, "YXXI": 0.04296875, "YXIY": -0.052734375, "YIXY": -0.185546875, "YIXI": 0.03125, "IXXY": -0.115234375, "YYXX": -0.1796875, "YYXI": -0.021484375, "YYIX": -0.0234375, "YIXX": -0.087890625, "IYXX": -0.296875, "YYYY": 0.23828125, "YYYI": 0.005859375, "YYIY": 0.037109375, "YIYY": 0.09765625, "IYYY": 0.27734375, "ZZZZ": 0.837890625, "ZZZI": -0.0546875, "ZZIZ": -0.0546875, "ZIZZ": 0.892578125, "IZZZ": 0.73828125, "XXXX": 0.2265625, "XXXI": -0.02734375, "XXIX": 0.0, "XIXX": 0.068359375, "IXXX": -0.115234375}