{"XXZZ": -0.388671875, "XXZI": 0.060546875, "XXIZ": 0.060546875, "XXII": -0.388671875, "XIZZ": -0.197265625, "XIZI": 0.013671875, "XIIZ": 0.013671875, "XIII": -0.197265625, "IXZZ": 0.1484375, "IXZI": -0.00390625, "IXIZ": -0.00390625, "IXII": 0.1484375, "IIZZ": 1.0, "IIZI": -0.0703125, "IIIZ": -0.0703125, "IIII": 1.0, "YXYX": 0.1484375, "YXYI": -0.01171875, "YXIX": 0.005859375, "YXII": -0.185546875, "YIYX": -0.166015625, "YIYI": 0.013671875, "YIIX": -0.03515625, "YIII": 0.19921875, "IXYX": -0.14453125, "IXYI": 0.0, "IXIX": -0.001953125, "IIYX": -0.806640625, "IIYI": -0.033203125, "IIIX": 0.0625, "ZYZY": 0.041015625, "ZYZI": 0.0078125, "ZYIY": -0.056640625, "ZYII": 0.48828125, "ZIZY": 0.005859375, "ZIZI": -0.015625, "ZIIY": -0.068359375, "ZIII": 0.90234375, "IYZY": 0.052734375, "IYZI": 0.03125, "IYIY": -0.052734375, "IYII": 0.54296875, "IIZY": 0.013671875, "IIIY": -0.076171875, "XZXZ": 0.0234375, "XZXI": -0.013671875, "XZIZ": 0.03515625, "XZII": -0.009765625, "XIXZ": -0.03515625, "XIXI": -0.021484375, "IZXZ": 0.009765625, "IZXI": 0.01171875, "IZIZ": -0.107421875, "IZII": 0.73828125, "IIXZ": 0.044921875, "IIXI": 0.01171875, "YZZY": 0.033203125, "YZZI": 0.0703125, "YZIY": 0.009765625, "YZII": -0.00390625, "YIZY": 0.009765625, "YIZI": 0.0390625, "YIIY": -0.009765625, "IZZY": 0.005859375, "IZZI": -0.05859375, "IZIY": 0.037109375, "YZYZ": 0.0234375, "YZYI": -0.013671875, "YZIZ": -0.025390625, "YIYZ": 0.021484375, "YIIZ": -0.03515625, "IZYZ": 0.017578125, "IZYI": 0.0078125, "IIYZ": -0.015625, "ZYYZ": 0.041015625, "ZYYI": -0.009765625, "ZYIZ": -0.013671875, "ZIYZ": 0.015625, "ZIYI": -0.01171875, "ZIIZ": -0.03515625, "IYYZ": 0.033203125, "IYYI": 0.009765625, "IYIZ": -0.021484375, "YYZZ": 0.384765625, "YYZI": -0.009765625, "YYIZ": -0.009765625, "YYII": 0.384765625, "YIZZ": 0.130859375, "IYZZ": 0.52734375, "XYXY": 0.158203125, "XYXI": -0.021484375, "XYIY": 0.015625, "XYII": -0.171875, "XIXY": 0.130859375, "XIIY": 0.00390625, "IYXY": -0.466796875, "IYXI": -0.025390625, "IIXY": -0.845703125, "ZXZX": 0.029296875, "ZXZI": -0.005859375, "ZXIX": 0.001953125, "ZXII": 0.142578125, "ZIZX": 0.06640625, "ZIIX": -0.01953125, "IXZX": 0.009765625, "IIZX": 0.0625, "XZZX": -0.001953125, "XZZI": 0.029296875, "XZIX": 0.03515625, "XIZX": -0.001953125, "XIIX": 0.02734375, "IZZX": -0.001953125, "IZIX": 0.05859375, "XXYY": -0.291015625, "XXYI": 0.005859375, "XXIY": 0.005859375, "XIYY": -0.0859375, "XIYI": -0.03515625, "IXYY": 0.099609375, "IXIY": 0.041015625, "IIYY": 0.58984375, "XYYX": 0.17578125, "XYYI": -0.001953125, "XYIX": -0.001953125, "XIYX": 0.13671875, "IYYX": -0.40625, "IYIX": 0.037109375, "ZZYY": 0.49609375, "ZZYI": -0.021484375, "ZZIY": 0.01171875, "ZZII": 0.849609375, "ZIYY": 0.525390625, "IZYY": 0.44921875, "ZXXZ": 0.03125, "ZXXI": -0.060546875, "ZXIZ": -0.017578125, "ZIXZ": -0.01171875, "ZIXI": -0.048828125, "IXXZ": 0.02734375, "IXXI": -0.041015625, "ZZXX": -0.515625, "ZZXI": 0.044921875, "ZZIX": -0.046875, "ZIXX": -0.529296875, "IZXX": -0.44921875, "IIXX": -0.599609375, "YXXY": 0.119140625, "YXXI": 0.064453125, "YXIY": -0.076171875, "YIXY": -0.189453125, "YIXI": 0.017578125, "IXXY": -0.06640625, "YYXX": -0.28515625, "YYXI": 0.02734375, "YYIX": -0.048828125, "YIXX": -0.123046875, "IYXX": -0.296875, "YYYY": 0.251953125, "YYYI": 0.033203125, "YYIY": 0.046875, "YIYY": 0.087890625, "IYYY": 0.306640625, "ZZZZ": 0.845703125, "ZZZI": -0.0546875, "ZZIZ": -0.0546875, "ZIZZ": 0.888671875, "IZZZ": 0.75390625, "XXXX": 0.205078125, "XXXI": 0.041015625, "XXIX": 0.0078125, "XIXX": 0.083984375, "IXXX": -0.107421875}