{"XXZZ": -0.38671875, "XXZI": -0.01171875, "XXIZ": -0.01171875, "XXII": -0.38671875, "XIZZ": -0.10546875, "XIZI": -0.01953125, "XIIZ": -0.01953125, "XIII": -0.10546875, "IXZZ": 0.1171875, "IXZI": -0.02734375, "IXIZ": -0.02734375, "IXII": 0.1171875, "IIZZ": 1.0, "IIZI": -0.00390625, "IIIZ": -0.00390625, "IIII": 1.0, "YXYX": 0.08984375, "YXYI": -0.078125, "YXIX": 0.080078125, "YXII": -0.107421875, "YIYX": -0.181640625, "YIYI": -0.029296875, "YIIX": 0.015625, "YIII": 0.1796875, "IXYX": -0.1328125, "IXYI": -0.00390625, "IXIX": 0.025390625, "IIYX": -0.841796875, "IIYI": -0.033203125, "IIIX": 0.0390625, "ZYZY": -0.01171875, "ZYZI": 0.005859375, "ZYIY": -0.021484375, "ZYII": 0.51171875, "ZIZY": -0.001953125, "ZIZI": -0.046875, "ZIIY": -0.078125, "ZIII": 0.908203125, "IYZY": 0.013671875, "IYZI": 0.0078125, "IYIY": -0.01953125, "IYII": 0.552734375, "IIZY": 0.00390625, "IIIY": -0.072265625, "XZXZ": 0.015625, "XZXI": 0.0078125, "XZIZ": 0.029296875, "XZII": 0.001953125, "XIXZ": 0.037109375, "XIXI": -0.017578125, "IZXZ": -0.0078125, "IZXI": -0.01953125, "IZIZ": -0.099609375, "IZII": 0.736328125, "IIXZ": -0.009765625, "IIXI": -0.013671875, "YZZY": -0.013671875, "YZZI": -0.015625, "YZIY": 0.033203125, "YZII": -0.03125, "YIZY": -0.0234375, "YIZI": 0.005859375, "YIIY": 0.015625, "IZZY": 0.0078125, "IZZI": -0.044921875, "IZIY": 0.0546875, "YZYZ": 0.00390625, "YZYI": -0.029296875, "YZIZ": -0.017578125, "YIYZ": 0.0, "YIIZ": -0.041015625, "IZYZ": 0.01953125, "IZYI": -0.005859375, "IIYZ": 0.0, "ZYYZ": -0.005859375, "ZYYI": 0.041015625, "ZYIZ": -0.046875, "ZIYZ": 0.03515625, "ZIYI": 0.06640625, "ZIIZ": -0.041015625, "IYYZ": 0.0, "IYYI": 0.015625, "IYIZ": -0.025390625, "YYZZ": 0.4140625, "YYZI": 0.044921875, "YYIZ": 0.044921875, "YYII": 0.4140625, "YIZZ": 0.162109375, "IYZZ": 0.537109375, "XYXY": 0.158203125, "XYXI": -0.021484375, "XYIY": 0.00390625, "XYII": -0.20703125, "XIXY": 0.111328125, "XIIY": 0.0234375, "IYXY": -0.357421875, "IYXI": 0.017578125, "IIXY": -0.833984375, "ZXZX": 0.02734375, "ZXZI": -0.017578125, "ZXIX": 0.056640625, "ZXII": 0.09765625, "ZIZX": -0.021484375, "ZIIX": 0.01953125, "IXZX": 0.033203125, "IIZX": -0.00390625, "XZZX": 0.013671875, "XZZI": 0.048828125, "XZIX": 0.013671875, "XIZX": 0.03125, "XIIX": -0.00390625, "IZZX": 0.009765625, "IZIX": -0.017578125, "XXYY": -0.19921875, "XXYI": -0.01953125, "XXIY": 0.00390625, "XIYY": -0.0859375, "XIYI": 0.0078125, "IXYY": 0.0859375, "IXIY": 0.01171875, "IIYY": 0.58203125, "XYYX": 0.197265625, "XYYI": 0.052734375, "XYIX": -0.046875, "XIYX": 0.1484375, "IYYX": -0.421875, "IYIX": 0.017578125, "ZZYY": 0.435546875, "ZZYI": -0.015625, "ZZIY": -0.0625, "ZZII": 0.826171875, "ZIYY": 0.455078125, "IZYY": 0.3984375, "ZXXZ": 0.064453125, "ZXXI": 0.03125, "ZXIZ": -0.02734375, "ZIXZ": 0.017578125, "ZIXI": -0.06640625, "IXXZ": 0.0546875, "IXXI": 0.005859375, "ZZXX": -0.482421875, "ZZXI": -0.072265625, "ZZIX": 0.037109375, "ZIXX": -0.501953125, "IZXX": -0.4140625, "IIXX": -0.5859375, "YXXY": 0.146484375, "YXXI": 0.01953125, "YXIY": -0.01953125, "YIXY": -0.177734375, "YIXI": 0.06640625, "IXXY": -0.0703125, "YYXX": -0.23828125, "YYXI": 0.064453125, "YYIX": -0.078125, "YIXX": -0.125, "IYXX": -0.259765625, "YYYY": 0.265625, "YYYI": 0.021484375, "YYIY": -0.009765625, "YIYY": 0.125, "IYYY": 0.265625, "ZZZZ": 0.845703125, "ZZZI": -0.064453125, "ZZIZ": -0.064453125, "ZIZZ": 0.900390625, "IZZZ": 0.7578125, "XXXX": 0.232421875, "XXXI": 0.029296875, "XXIX": -0.009765625, "XIXX": 0.0390625, "IXXX": -0.072265625}