{"XXZZ": -0.396484375, "XXZI": -0.01953125, "XXIZ": -0.01953125, "XXII": -0.396484375, "XIZZ": -0.185546875, "XIZI": 0.00390625, "XIIZ": 0.00390625, "XIII": -0.185546875, "IXZZ": 0.12109375, "IXZI": 0.017578125, "IXIZ": 0.017578125, "IXII": 0.12109375, "IIZZ": 1.0, "IIZI": -0.025390625, "IIIZ": -0.025390625, "IIII": 1.0, "YXYX": 0.19140625, "YXYI": 0.029296875, "YXIX": -0.046875, "YXII": -0.177734375, "YIYX": -0.0859375, "YIYI": 0.009765625, "YIIX": -0.03125, "YIII": 0.134765625, "IXYX": -0.083984375, "IXYI": -0.046875, "IXIX": 0.048828125, "IIYX": -0.837890625, "IIYI": -0.01953125, "IIIX": 0.001953125, "ZYZY": 0.00390625, "ZYZI": 0.01171875, "ZYIY": 0.015625, "ZYII": 0.44140625, "ZIZY": -0.001953125, "ZIZI": -0.037109375, "ZIIY": 0.005859375, "ZIII": 0.880859375, "IYZY": 0.017578125, "IYZI": -0.029296875, "IYIY": 0.033203125, "IYII": 0.466796875, "IIZY": -0.00390625, "IIIY": 0.0, "XZXZ": -0.001953125, "XZXI": 0.025390625, "XZIZ": 0.03125, "XZII": -0.04296875, "XIXZ": -0.00390625, "XIXI": -0.0078125, "IZXZ": -0.03125, "IZXI": -0.05078125, "IZIZ": -0.033203125, "IZII": 0.783203125, "IIXZ": -0.005859375, "IIXI": -0.001953125, "YZZY": 0.0078125, "YZZI": -0.037109375, "YZIY": 0.041015625, "YZII": 0.0234375, "YIZY": -0.0078125, "YIZI": -0.001953125, "YIIY": 0.044921875, "IZZY": 0.00390625, "IZZI": -0.076171875, "IZIY": 0.048828125, "YZYZ": -0.01171875, "YZYI": -0.0078125, "YZIZ": -0.056640625, "YIYZ": -0.0078125, "YIIZ": -0.072265625, "IZYZ": -0.056640625, "IZYI": -0.001953125, "IIYZ": -0.037109375, "ZYYZ": 0.017578125, "ZYYI": -0.052734375, "ZYIZ": 0.029296875, "ZIYZ": 0.0, "ZIYI": -0.00390625, "ZIIZ": -0.01953125, "IYYZ": 0.005859375, "IYYI": -0.044921875, "IYIZ": 0.029296875, "YYZZ": 0.392578125, "YYZI": -0.0390625, "YYIZ": -0.0390625, "YYII": 0.392578125, "YIZZ": 0.146484375, "IYZZ": 0.484375, "XYXY": 0.146484375, "XYXI": -0.001953125, "XYIY": -0.01171875, "XYII": -0.1796875, "XIXY": 0.109375, "XIIY": 0.025390625, "IYXY": -0.41015625, "IYXI": -0.02734375, "IIXY": -0.837890625, "ZXZX": -0.001953125, "ZXZI": 0.0078125, "ZXIX": -0.03515625, "ZXII": 0.099609375, "ZIZX": -0.052734375, "ZIIX": 0.05859375, "IXZX": 0.0078125, "IIZX": -0.0546875, "XZZX": 0.017578125, "XZZI": 0.0078125, "XZIX": -0.005859375, "XIZX": -0.02734375, "XIIX": -0.05078125, "IZZX": 0.0546875, "IZIX": -0.01953125, "XXYY": -0.169921875, "XXYI": 0.046875, "XXIY": 0.033203125, "XIYY": -0.0859375, "XIYI": 0.001953125, "IXYY": 0.09765625, "IXIY": -0.03125, "IIYY": 0.587890625, "XYYX": 0.142578125, "XYYI": -0.00390625, "XYIX": -0.01171875, "XIYX": 0.125, "IYYX": -0.388671875, "IYIX": 0.02734375, "ZZYY": 0.47265625, "ZZYI": -0.025390625, "ZZIY": -0.025390625, "ZZII": 0.859375, "ZIYY": 0.47265625, "IZYY": 0.42578125, "ZXXZ": -0.01171875, "ZXXI": -0.00390625, "ZXIZ": -0.00390625, "ZIXZ": 0.0078125, "ZIXI": 0.0078125, "IXXZ": -0.02734375, "IXXI": 0.00390625, "ZZXX": -0.431640625, "ZZXI": -0.001953125, "ZZIX": 0.029296875, "ZIXX": -0.4765625, "IZXX": -0.373046875, "IIXX": -0.54296875, "YXXY": 0.181640625, "YXXI": -0.029296875, "YXIY": 0.01171875, "YIXY": -0.125, "YIXI": 0.01953125, "IXXY": -0.09765625, "YYXX": -0.1953125, "YYXI": -0.025390625, "YYIX": 0.01953125, "YIXX": -0.115234375, "IYXX": -0.29296875, "YYYY": 0.2265625, "YYYI": -0.013671875, "YYIY": -0.009765625, "YIYY": 0.060546875, "IYYY": 0.240234375, "ZZZZ": 0.87890625, "ZZZI": -0.072265625, "ZZIZ": -0.072265625, "ZIZZ": 0.88671875, "IZZZ": 0.78515625, "XXXX": 0.234375, "XXXI": 0.013671875, "XXIX": -0.001953125, "XIXX": 0.1171875, "IXXX": -0.125}