{"XXZZ": -0.376953125, "XXZI": 0.041015625, "XXIZ": 0.041015625, "XXII": -0.376953125, "XIZZ": -0.1796875, "XIZI": 0.0, "XIIZ": 0.0, "XIII": -0.1796875, "IXZZ": 0.150390625, "IXZI": 0.021484375, "IXIZ": 0.021484375, "IXII": 0.150390625, "IIZZ": 1.0, "IIZI": -0.03125, "IIIZ": -0.03125, "IIII": 1.0, "YXYX": 0.115234375, "YXYI": 0.025390625, "YXIX": -0.0390625, "YXII": -0.1328125, "YIYX": -0.1171875, "YIYI": 0.03125, "YIIX": -0.044921875, "YIII": 0.154296875, "IXYX": -0.11328125, "IXYI": 0.02734375, "IXIX": -0.033203125, "IIYX": -0.822265625, "IIYI": 0.009765625, "IIIX": -0.0078125, "ZYZY": -0.00390625, "ZYZI": -0.005859375, "ZYIY": 0.03125, "ZYII": 0.443359375, "ZIZY": -0.03125, "ZIZI": 0.017578125, "ZIIY": 0.0, "ZIII": 0.900390625, "IYZY": -0.009765625, "IYZI": -0.00390625, "IYIY": 0.041015625, "IYII": 0.5, "IIZY": -0.025390625, "IIIY": -0.001953125, "XZXZ": 0.015625, "XZXI": 0.02734375, "XZIZ": 0.029296875, "XZII": 0.017578125, "XIXZ": 0.009765625, "XIXI": 0.021484375, "IZXZ": -0.02734375, "IZXI": 0.0625, "IZIZ": -0.021484375, "IZII": 0.755859375, "IIXZ": -0.021484375, "IIXI": 0.060546875, "YZZY": 0.00390625, "YZZI": 0.025390625, "YZIY": -0.001953125, "YZII": 0.03125, "YIZY": 0.009765625, "YIZI": -0.0078125, "YIIY": 0.046875, "IZZY": -0.041015625, "IZZI": 0.01953125, "IZIY": -0.015625, "YZYZ": 0.044921875, "YZYI": -0.052734375, "YZIZ": -0.1015625, "YIYZ": 0.0390625, "YIIZ": -0.080078125, "IZYZ": 0.0546875, "IZYI": -0.03515625, "IIYZ": 0.076171875, "ZYYZ": 0.025390625, "ZYYI": -0.0625, "ZYIZ": 0.009765625, "ZIYZ": 0.0078125, "ZIYI": 0.001953125, "ZIIZ": -0.0546875, "IYYZ": 0.0625, "IYYI": -0.052734375, "IYIZ": -0.00390625, "YYZZ": 0.404296875, "YYZI": 0.017578125, "YYIZ": 0.017578125, "YYII": 0.404296875, "YIZZ": 0.189453125, "IYZZ": 0.49609375, "XYXY": 0.203125, "XYXI": 0.021484375, "XYIY": -0.001953125, "XYII": -0.2109375, "XIXY": 0.158203125, "XIIY": 0.03515625, "IYXY": -0.416015625, "IYXI": 0.0703125, "IIXY": -0.81640625, "ZXZX": -0.03125, "ZXZI": 0.044921875, "ZXIX": -0.01953125, "ZXII": 0.119140625, "ZIZX": 0.064453125, "ZIIX": -0.044921875, "IXZX": -0.01171875, "IIZX": 0.060546875, "XZZX": 0.033203125, "XZZI": 0.04296875, "XZIX": -0.001953125, "XIZX": 0.033203125, "XIIX": -0.009765625, "IZZX": -0.001953125, "IZIX": 0.009765625, "XXYY": -0.203125, "XXYI": 0.005859375, "XXIY": 0.015625, "XIYY": -0.091796875, "XIYI": -0.0078125, "IXYY": 0.10546875, "IXIY": 0.03515625, "IIYY": 0.576171875, "XYYX": 0.185546875, "XYYI": 0.0390625, "XYIX": 0.001953125, "XIYX": 0.1640625, "IYYX": -0.47265625, "IYIX": 0.00390625, "ZZYY": 0.462890625, "ZZYI": -0.03515625, "ZZIY": -0.013671875, "ZZII": 0.83984375, "ZIYY": 0.490234375, "IZYY": 0.416015625, "ZXXZ": 0.03515625, "ZXXI": 0.00390625, "ZXIZ": 0.03515625, "ZIXZ": -0.005859375, "ZIXI": 0.080078125, "IXXZ": 0.005859375, "IXXI": 0.013671875, "ZZXX": -0.48828125, "ZZXI": 0.01953125, "ZZIX": 0.01171875, "ZIXX": -0.498046875, "IZXX": -0.416015625, "IIXX": -0.5703125, "YXXY": 0.12890625, "YXXI": -0.029296875, "YXIY": 0.017578125, "YIXY": -0.169921875, "YIXI": -0.01953125, "IXXY": -0.107421875, "YYXX": -0.2578125, "YYXI": 0.00390625, "YYIX": 0.025390625, "YIXX": -0.10546875, "IYXX": -0.267578125, "YYYY": 0.23046875, "YYYI": -0.041015625, "YYIY": -0.029296875, "YIYY": 0.09375, "IYYY": 0.27734375, "ZZZZ": 0.853515625, "ZZZI": -0.07421875, "ZZIZ": -0.07421875, "ZIZZ": 0.8984375, "IZZZ": 0.763671875, "XXXX": 0.19140625, "XXXI": -0.072265625, "XXIX": 0.056640625, "XIXX": 0.10546875, "IXXX": -0.07421875}