{"XXZZ": -0.375, "XXZI": 0.03125, "XXIZ": 0.03125, "XXII": -0.375, "XIZZ": -0.21875, "XIZI": -0.0234375, "XIIZ": -0.0234375, "XIII": -0.21875, "IXZZ": 0.2265625, "IXZI": 0.02734375, "IXIZ": 0.02734375, "IXII": 0.2265625, "IIZZ": 1.0, "IIZI": 0.01171875, "IIIZ": 0.01171875, "IIII": 1.0, "YXYX": 0.115234375, "YXYI": -0.0078125, "YXIX": 0.02734375, "YXII": -0.111328125, "YIYX": -0.177734375, "YIYI": -0.046875, "YIIX": 0.0546875, "YIII": 0.177734375, "IXYX": -0.12890625, "IXYI": 0.013671875, "IXIX": -0.005859375, "IIYX": -0.84765625, "IIYI": -0.029296875, "IIIX": 0.025390625, "ZYZY": 0.044921875, "ZYZI": -0.06640625, "ZYIY": 0.060546875, "ZYII": 0.4453125, "ZIZY": 0.025390625, "ZIZI": -0.046875, "ZIIY": 0.056640625, "ZIII": 0.90234375, "IYZY": 0.037109375, "IYZI": -0.0703125, "IYIY": 0.068359375, "IYII": 0.47265625, "IIZY": 0.025390625, "IIIY": 0.072265625, "XZXZ": 0.046875, "XZXI": 0.001953125, "XZIZ": 0.00390625, "XZII": 0.009765625, "XIXZ": 0.041015625, "XIXI": 0.01171875, "IZXZ": -0.01171875, "IZXI": 0.005859375, "IZIZ": -0.0703125, "IZII": 0.771484375, "IIXZ": -0.005859375, "IIXI": 0.01171875, "YZZY": 0.025390625, "YZZI": -0.021484375, "YZIY": -0.005859375, "YZII": -0.052734375, "YIZY": 0.01953125, "YIZI": -0.05078125, "YIIY": 0.0, "IZZY": 0.021484375, "IZZI": -0.044921875, "IZIY": -0.005859375, "YZYZ": 0.009765625, "YZYI": -0.046875, "YZIZ": -0.103515625, "YIYZ": -0.01953125, "YIIZ": -0.0859375, "IZYZ": 0.015625, "IZYI": 0.001953125, "IIYZ": -0.005859375, "ZYYZ": -0.048828125, "ZYYI": -0.001953125, "ZYIZ": -0.0390625, "ZIYZ": -0.029296875, "ZIYI": -0.009765625, "ZIIZ": -0.0859375, "IYYZ": -0.083984375, "IYYI": -0.021484375, "IYIZ": -0.03515625, "YYZZ": 0.42578125, "YYZI": -0.001953125, "YYIZ": -0.001953125, "YYII": 0.42578125, "YIZZ": 0.21875, "IYZZ": 0.48828125, "XYXY": 0.201171875, "XYXI": -0.03125, "XYIY": 0.03125, "XYII": -0.208984375, "XIXY": 0.130859375, "XIIY": -0.01953125, "IYXY": -0.42578125, "IYXI": 0.017578125, "IIXY": -0.81640625, "ZXZX": -0.0390625, "ZXZI": -0.021484375, "ZXIX": 0.009765625, "ZXII": 0.17578125, "ZIZX": 0.0390625, "ZIIX": 0.017578125, "IXZX": -0.03515625, "IIZX": 0.04296875, "XZZX": 0.001953125, "XZZI": -0.009765625, "XZIX": 0.064453125, "XIZX": 0.017578125, "XIIX": 0.076171875, "IZZX": -0.0078125, "IZIX": 0.03515625, "XXYY": -0.169921875, "XXYI": 0.0, "XXIY": -0.005859375, "XIYY": -0.052734375, "XIYI": -0.02734375, "IXYY": 0.107421875, "IXIY": 0.017578125, "IIYY": 0.568359375, "XYYX": 0.181640625, "XYYI": 0.009765625, "XYIX": -0.02734375, "XIYX": 0.201171875, "IYYX": -0.427734375, "IYIX": 0.01953125, "ZZYY": 0.49609375, "ZZYI": -0.013671875, "ZZIY": -0.001953125, "ZZII": 0.875, "ZIYY": 0.521484375, "IZYY": 0.447265625, "ZXXZ": -0.005859375, "ZXXI": -0.017578125, "ZXIZ": 0.05078125, "ZIXZ": 0.0, "ZIXI": -0.04296875, "IXXZ": -0.015625, "IXXI": -0.0390625, "ZZXX": -0.48828125, "ZZXI": 0.02734375, "ZZIX": -0.001953125, "ZIXX": -0.5, "IZXX": -0.443359375, "IIXX": -0.564453125, "YXXY": 0.14453125, "YXXI": -0.0078125, "YXIY": 0.0, "YIXY": -0.138671875, "YIXI": -0.037109375, "IXXY": -0.162109375, "YYXX": -0.248046875, "YYXI": 0.017578125, "YYIX": 0.009765625, "YIXX": -0.09765625, "IYXX": -0.310546875, "YYYY": 0.25, "YYYI": 0.015625, "YYIY": 0.03125, "YIYY": 0.119140625, "IYYY": 0.302734375, "ZZZZ": 0.83203125, "ZZZI": -0.025390625, "ZZIZ": -0.025390625, "ZIZZ": 0.896484375, "IZZZ": 0.744140625, "XXXX": 0.205078125, "XXXI": 0.041015625, "XXIX": 0.021484375, "XIXX": 0.056640625, "IXXX": -0.109375}