{"XXZZ": -0.3209191759112519, "YXYX": 0.0, "IZIZ": -0.021394611727416787, "IIII": 1.0, "ZZII": 0.884310618066561, "YIIY": 0.007131537242472268, "ZYZY": 0.0, "XIIX": -0.021394611727416815, "IXXI": 0.021394611727416794, "YYYY": 0.19255150554675116, "XZXZ": 2.7755575615628914e-17, "XXII": -0.32805071315372425, "YZZY": 2.7755575615628914e-17, "ZZZZ": 0.9627575277337556, "YZYZ": 0.0641838351822503, "XXXX": 0.25673534072900156, "ZYYZ": 0.12836767036450075, "ZIZI": -0.042789223454833596, "IIYY": 0.5919175911251982, "IIXX": -0.5633914421553091, "YYZZ": 0.3851030110935023, "YYII": 0.37797147385103014, "XYXY": 0.12836767036450078, "ZXZX": 0.0, "IIZZ": 0.9984152139461173, "IXIX": -0.028526148969889066, "XZZX": 0.0, "XXYY": -0.19255150554675116, "IYYI": 0.0, "IYIY": -0.03565768621236133, "XYYX": 0.19255150554675116, "ZZYY": 0.4492868462757527, "IZZI": -0.07131537242472268, "ZXXZ": 0.0, "YIYI": 0.04278922345483359, "ZZXX": -0.5134706814580031, "ZIIZ": -0.014263074484944538, "YXXY": 0.19255150554675116, "YYXX": -0.32091917591125196, "XIXI": 0.02827965435978004}