{"XXZZ": -0.38510301109350237, "YXYX": 0.19255150554675116, "IZIZ": -0.07844690966719493, "IIII": 1.0, "ZZII": 0.8486529318541998, "YIIY": 0.0, "ZYZY": 0.0, "XIIX": 0.014263074484944526, "IXXI": 0.021394611727416815, "YYYY": 0.06418383518225039, "XZXZ": -0.06418383518225039, "XXII": -0.37797147385103014, "YZZY": 0.0, "ZZZZ": 0.8908091123330713, "YZYZ": 0.0, "XXXX": 0.25673534072900156, "ZYYZ": 0.12836767036450078, "ZIZI": -0.04992076069730586, "IIYY": 0.5776545166402536, "IIXX": -0.5705229793977813, "YYZZ": 0.38510301109350237, "YYII": 0.3922345483359746, "XYXY": 0.25673534072900156, "ZXZX": 0.0, "IIZZ": 0.9984152139461173, "IXIX": 0.0071315372424722665, "XZZX": -0.06418383518225039, "XXYY": -0.19255150554675116, "IYYI": 0.007131537242472275, "IYIY": -0.014263074484944526, "XYYX": 0.25673534072900156, "ZZYY": 0.32091917591125196, "IZZI": -0.04992076069730586, "ZXXZ": 0.0, "YIYI": 0.007131537242472265, "ZZXX": -0.44928684627575277, "ZIIZ": -0.06418383518225038, "YXXY": 0.06418383518225036, "YYXX": -0.19255150554675116, "XIXI": 0.02852614896988906}