{"XXZZ": -0.38510301109350237, "YXYX": 0.19255150554675116, "IZIZ": -0.007131537242472261, "IIII": 1.0, "ZZII": 0.8557844690966718, "YIIY": 0.007131537242472258, "ZYZY": 0.0, "XIIX": 0.007131537242472275, "IXXI": 0.0427892234548336, "YYYY": 0.25673534072900156, "XZXZ": -0.12836767036450078, "XXII": -0.3888452474469757, "YZZY": -0.19255150554675116, "ZZZZ": 0.8985736925515052, "YZYZ": -0.12836767036450078, "XXXX": 0.19255150554675116, "ZYYZ": 0.06418383518225036, "ZIZI": -0.042789223454833596, "IIYY": 0.5847860538827259, "IIXX": -0.572663000785546, "YYZZ": 0.3851030110935023, "YYII": 0.39223454833597465, "XYXY": 0.32091917591125196, "ZXZX": -0.06418383518225039, "IIZZ": 0.991283676703645, "IXIX": -0.014263074484944543, "XZZX": 0.0, "XXYY": -0.25673534072900156, "IYYI": 6.938893903907228e-18, "IYIY": -0.02827965435978004, "XYYX": 0.12836767036450078, "ZZYY": 0.3851030110935023, "IZZI": -0.014263074484944523, "ZXXZ": -0.0641838351822503, "YIYI": 0.02852614896988906, "ZZXX": -0.4492868462757527, "ZIIZ": -0.028526148969889073, "YXXY": 0.19255150554675116, "YYXX": -0.32091917591125196, "XIXI": -0.021209740769835027}