{"XXZZ": -0.3851030110935023, "YXYX": 0.12836767036450075, "IZIZ": -0.06418383518225039, "IIII": 1.0, "ZZII": 0.8415213946117275, "YIIY": -0.014263074484944526, "ZYZY": 0.0, "XIIX": -0.014263074484944524, "IXXI": 0.03565768621236134, "YYYY": 0.3851030110935023, "XZXZ": 0.0, "XXII": -0.38510301109350237, "YZZY": 2.7755575615628914e-17, "ZZZZ": 0.8985736925515053, "YZYZ": 0.0, "XXXX": 0.19255150554675116, "ZYYZ": 0.06418383518225039, "ZIZI": -0.03565768621236133, "IIYY": 0.537313432835821, "IIXX": -0.530243519245876, "YYZZ": 0.3851030110935023, "YYII": 0.4278922345483359, "XYXY": 0.2545168892380204, "ZXZX": 0.06418383518225039, "IIZZ": 0.9984152139461173, "IXIX": 0.014263074484944543, "XZZX": 0.0, "XXYY": 0.0, "IYYI": -1.9081958235744878e-17, "IYIY": -0.021394611727416798, "XYYX": 0.25673534072900156, "ZZYY": 0.5134706814580031, "IZZI": -0.05705229793977813, "ZXXZ": 0.0, "YIYI": -0.021209740769835037, "ZZXX": -0.38510301109350237, "ZIIZ": -0.09984152139461175, "YXXY": 0.12836767036450078, "YYXX": -0.19255150554675116, "XIXI": -0.014263074484944537}