{"XXZZ": -0.3209191759112519, "YXYX": 0.06418383518225042, "IZIZ": -0.057052297939778125, "IIII": 1.0, "ZZII": 0.8695993715632366, "YIIY": 0.014263074484944543, "ZYZY": 0.06418383518225039, "XIIX": 0.028526148969889073, "IXXI": 0.021394611727416794, "YYYY": 0.12836767036450078, "XZXZ": 0.0, "XXII": -0.3779714738510301, "YZZY": 0.19255150554675116, "ZZZZ": 0.8343898573692549, "YZYZ": 0.0636292223095051, "XXXX": 0.12836767036450075, "ZYYZ": -0.06418383518225039, "ZIZI": -0.06418383518225039, "IIYY": 0.5348652931854201, "IIXX": -0.5491283676703645, "YYZZ": 0.3209191759112519, "YYII": 0.3993660855784469, "XYXY": 0.19255150554675116, "ZXZX": 0.0, "IIZZ": 1.0055467511885896, "IXIX": 0.0071315372424722925, "XZZX": -0.12836767036450078, "XXYY": -0.25673534072900156, "IYYI": 0.014263074484944533, "IYIY": 0.007131537242472268, "XYYX": 0.06418383518225039, "ZZYY": 0.3851030110935023, "IZZI": -0.05705229793977812, "ZXXZ": 0.19255150554675116, "YIYI": 0.007131537242472258, "ZZXX": -0.5776545166402535, "ZIIZ": -0.028526148969889073, "YXXY": 0.25673534072900156, "YYXX": -0.25673534072900156, "XIXI": 0.014139827179890027}