{"XXZZ": -0.32091917591125196, "YXYX": 0.12836767036450078, "IZIZ": -0.05705229793977813, "IIII": 1.0, "ZZII": 0.8486529318541997, "YIIY": -1.0408340855860843e-17, "ZYZY": 0.12836767036450078, "XIIX": 0.0, "IXXI": 0.021394611727416805, "YYYY": 0.19255150554675116, "XZXZ": -0.19255150554675116, "XXII": -0.3423137876386688, "YZZY": 0.12836767036450078, "ZZZZ": 0.8985736925515054, "YZYZ": 0.0, "XXXX": 0.25673534072900156, "ZYYZ": 0.06418383518225039, "ZIZI": -0.07844690966719492, "IIYY": 0.5776545166402536, "IIXX": -0.5847860538827259, "YYZZ": 0.3851030110935023, "YYII": 0.40649762282091917, "XYXY": 0.12836767036450075, "ZXZX": -0.06418383518225036, "IIZZ": 0.991283676703645, "IXIX": -0.014263074484944535, "XZZX": 0.0, "XXYY": -0.19255150554675116, "IYYI": 0.007131537242472268, "IYIY": -0.028526148969889087, "XYYX": 0.12836767036450078, "ZZYY": 0.44928684627575277, "IZZI": -0.06418383518225039, "ZXXZ": -0.06418383518225039, "YIYI": 0.028526148969889073, "ZZXX": -0.5134706814580031, "ZIIZ": -0.1283676703645008, "YXXY": 0.12836767036450075, "YYXX": -0.12836767036450075, "XIXI": 0.0}