{"XXZZ": -0.3851030110935023, "YXYX": 0.19255150554675116, "IZIZ": -0.0427892234548336, "IIII": 1.0, "ZZII": 0.8695993715632366, "YIIY": 1.3877787807814457e-17, "ZYZY": 0.0, "XIIX": 0.028526148969889073, "IXXI": 0.04992076069730589, "YYYY": 0.25673534072900156, "XZXZ": -0.19255150554675116, "XXII": -0.4136291600633914, "YZZY": 0.0, "ZZZZ": 0.8985736925515054, "YZYZ": 0.0, "XXXX": 0.12836767036450078, "ZYYZ": 0.06418383518225039, "ZIZI": -0.0427892234548336, "IIYY": 0.53486529318542, "IIXX": -0.5419968304278923, "YYZZ": 0.4454045561665356, "YYII": 0.42789223454833597, "XYXY": 0.12836767036450078, "ZXZX": 0.12836767036450075, "IIZZ": 0.991283676703645, "IXIX": 0.028526148969889063, "XZZX": 0.06418383518225039, "XXYY": -0.19255150554675116, "IYYI": 0.014263074484944537, "IYIY": -0.0213946117274168, "XYYX": 0.12836767036450078, "ZZYY": 0.44928684627575277, "IZZI": -0.0641838351822504, "ZXXZ": -0.19255150554675116, "YIYI": -0.014263074484944523, "ZZXX": -0.5090337784760408, "ZIIZ": -0.02852614896988908, "YXXY": 0.12836767036450075, "YYXX": -0.19255150554675116, "XIXI": 0.00713153724247227}