{"XXZZ": -0.38510301109350237, "YXYX": 0.12836767036450078, "IZIZ": -0.057052297939778125, "IIII": 1.0, "ZZII": 0.884310618066561, "YIIY": -0.021209740769835048, "ZYZY": 0.06418383518225036, "XIIX": -0.0213946117274168, "IXXI": 0.021394611727416808, "YYYY": 0.32091917591125196, "XZXZ": -0.06418383518225039, "XXII": -0.34231378763866877, "YZZY": -0.06418383518225039, "ZZZZ": 0.8985736925515052, "YZYZ": -0.06418383518225042, "XXXX": 0.25673534072900156, "ZYYZ": 0.0636292223095051, "ZIZI": -0.06418383518225039, "IIYY": 0.6133122028526149, "IIXX": -0.5419968304278923, "YYZZ": 0.38177533385703055, "YYII": 0.44928684627575277, "XYXY": 0.25673534072900156, "ZXZX": 0.06418383518225039, "IIZZ": 0.991283676703645, "IXIX": 5.204170427930421e-18, "XZZX": 0.12836767036450075, "XXYY": -0.06418383518225039, "IYYI": -0.007131537242472268, "IYIY": 0.007131537242472268, "XYYX": 0.25673534072900156, "ZZYY": 0.5776545166402535, "IZZI": -0.021394611727416794, "ZXXZ": 0.06418383518225039, "YIYI": -0.014263074484944543, "ZZXX": -0.44928684627575277, "ZIIZ": -0.0641838351822504, "YXXY": 0.12836767036450078, "YYXX": -0.25673534072900156, "XIXI": -0.021394611727416815}