{"XXZZ": -0.32091917591125196, "YXYX": 0.25673534072900156, "IZIZ": -0.057052297939778125, "IIII": 1.0, "ZZII": 0.8700475435816164, "YIIY": -6.938893903907228e-18, "ZYZY": -0.06418383518225039, "XIIX": -0.0427892234548336, "IXXI": -0.028526148969889063, "YYYY": 0.25673534072900156, "XZXZ": 0.0, "XXII": -0.3779714738510301, "YZZY": -0.06418383518225036, "ZZZZ": 0.8343898573692549, "YZYZ": -0.0636292223095051, "XXXX": 0.19255150554675116, "ZYYZ": 0.06418383518225039, "ZIZI": -0.02852614896988907, "IIYY": 0.5419968304278924, "IIXX": -0.5491283676703645, "YYZZ": 0.32091917591125196, "YYII": 0.4136291600633914, "XYXY": 0.19255150554675116, "ZXZX": 0.1272584446190102, "IIZZ": 0.9984152139461173, "IXIX": -0.007131537242472258, "XZZX": 0.06418383518225039, "XXYY": -0.06418383518225039, "IYYI": 0.042419481539670074, "IYIY": -0.021394611727416794, "XYYX": 0.2567353407290015, "ZZYY": 0.5134706814580031, "IZZI": -0.04278922345483361, "ZXXZ": 0.0, "YIYI": 0.01426307448494454, "ZZXX": -0.3851030110935023, "ZIIZ": -0.057052297939778125, "YXXY": 0.19255150554675116, "YYXX": -0.19255150554675116, "XIXI": -0.028526148969889073}