{"XXZZ": -0.4454045561665356, "YXYX": 0.06418383518225039, "IZIZ": -0.0213946117274168, "IIII": 1.0, "ZZII": 0.8415213946117274, "YIIY": -0.03565768621236133, "ZYZY": 0.0, "XIIX": -0.03565768621236133, "IXXI": -0.014263074484944523, "YYYY": 0.25673534072900156, "XZXZ": -0.06418383518225039, "XXII": -0.3565768621236133, "YZZY": 0.0, "ZZZZ": 0.834389857369255, "YZYZ": -0.06418383518225039, "XXXX": 0.19255150554675116, "ZYYZ": 0.0, "ZIZI": -0.01426307448494455, "IIYY": 0.5847860538827259, "IIXX": -0.5419968304278922, "YYZZ": 0.4492868462757527, "YYII": 0.42076069730586374, "XYXY": 0.19255150554675116, "ZXZX": -0.06418383518225039, "IIZZ": 1.012678288431062, "IXIX": -0.01426307448494453, "XZZX": 0.06418383518225036, "XXYY": -0.12836767036450078, "IYYI": -5.204170427930421e-18, "IYIY": -0.0213946117274168, "XYYX": 0.25673534072900156, "ZZYY": 0.44928684627575277, "IZZI": -0.03534956794972507, "ZXXZ": 0.12836767036450078, "YIYI": -0.049920760697305853, "ZZXX": -0.4492868462757527, "ZIIZ": -0.014263074484944531, "YXXY": 0.06418383518225036, "YYXX": -0.19255150554675116, "XIXI": 0.007131537242472265}