{"XXZZ": -0.32091917591125196, "YXYX": 0.19255150554675116, "IZIZ": -0.07131537242472266, "IIII": 1.0, "ZZII": 0.8629160063391441, "YIIY": 0.007131537242472261, "ZYZY": -2.7755575615628914e-17, "XIIX": -0.028526148969889073, "IXXI": 0.014263074484944521, "YYYY": 0.1925515055467511, "XZXZ": -2.7755575615628914e-17, "XXII": -0.349445324881141, "YZZY": -0.06418383518225039, "ZZZZ": 0.8343898573692549, "YZYZ": 0.0, "XXXX": 0.25673534072900156, "ZYYZ": 0.06418383518225036, "ZIZI": -0.03565768621236133, "IIYY": 0.5514532600157109, "IIXX": -0.5633914421553091, "YYZZ": 0.5134706814580031, "YYII": 0.39936608557844694, "XYXY": 0.12836767036450078, "ZXZX": -0.06418383518225039, "IIZZ": 0.9841521394611727, "IXIX": -0.007131537242472268, "XZZX": -0.25673534072900156, "XXYY": -0.19255150554675116, "IYYI": -0.028526148969889076, "IYIY": -0.02852614896988906, "XYYX": 0.0, "ZZYY": 0.4492868462757527, "IZZI": -0.0427892234548336, "ZXXZ": 0.0, "YIYI": -0.014263074484944537, "ZZXX": -0.44928684627575277, "ZIIZ": -0.03565768621236135, "YXXY": 0.19255150554675116, "YYXX": -0.2567353407290015, "XIXI": -3.469446951953614e-18}