{"XXZZ": -0.3851030110935023, "YXYX": 0.32091917591125196, "IZIZ": -0.07069913589945012, "IIII": 1.0, "ZZII": 0.8766692851531815, "YIIY": -0.014263074484944543, "ZYZY": -2.7755575615628914e-17, "XIIX": 0.014263074484944528, "IXXI": -0.02852614896988906, "YYYY": 0.32091917591125196, "XZXZ": 0.0, "XXII": -0.39223454833597465, "YZZY": 0.12836767036450078, "ZZZZ": 0.8343898573692549, "YZYZ": 0.12836767036450075, "XXXX": 0.3209191759112519, "ZYYZ": -0.06418383518225036, "ZIZI": -0.09270998415213945, "IIYY": 0.5633914421553091, "IIXX": -0.5562599049128369, "YYZZ": 0.38510301109350237, "YYII": 0.37083993660855785, "XYXY": -2.7755575615628914e-17, "ZXZX": -0.06418383518225039, "IIZZ": 0.9984152139461173, "IXIX": -0.03565768621236132, "XZZX": 0.0, "XXYY": -0.3209191759112519, "IYYI": -0.021394611727416794, "IYIY": -1.3877787807814457e-17, "XYYX": 0.19255150554675116, "ZZYY": 0.44928684627575277, "IZZI": -0.049920760697305874, "ZXXZ": -0.12836767036450075, "YIYI": 0.0427892234548336, "ZZXX": -0.44928684627575277, "ZIIZ": -0.07131537242472266, "YXXY": 0.19255150554675116, "YYXX": -0.19255150554675116, "XIXI": -0.028526148969889073}