{"XXZZ": -0.38510301109350237, "YXYX": 0.12836767036450075, "IZIZ": -0.057052297939778146, "IIII": 1.0, "ZZII": 0.8557844690966718, "YIIY": -0.028526148969889066, "ZYZY": 0.06418383518225036, "XIIX": -0.01426307448494454, "IXXI": 0.007131537242472256, "YYYY": 0.25673534072900156, "XZXZ": 0.0, "XXII": -0.36370839936608557, "YZZY": -2.7755575615628914e-17, "ZZZZ": 0.7702060221870045, "YZYZ": 0.0, "XXXX": 0.25673534072900156, "ZYYZ": 0.0, "ZIZI": 0.021394611727416787, "IIYY": 0.5705229793977813, "IIXX": -0.5776545166402536, "YYZZ": 0.32091917591125196, "YYII": 0.3851030110935024, "XYXY": 0.19255150554675116, "ZXZX": 2.7755575615628914e-17, "IIZZ": 0.9841521394611727, "IXIX": 0.007131537242472256, "XZZX": 0.12836767036450078, "XXYY": -0.25673534072900156, "IYYI": 0.0, "IYIY": -0.007131537242472258, "XYYX": 0.25673534072900156, "ZZYY": 0.4492868462757527, "IZZI": -0.014263074484944537, "ZXXZ": -0.12836767036450075, "YIYI": 0.02852614896988906, "ZZXX": -0.32091917591125196, "ZIIZ": -0.021394611727416798, "YXXY": 0.2567353407290015, "YYXX": -0.25673534072900156, "XIXI": 0.021394611727416794}