{"XXZZ": -0.3851030110935023, "YXYX": 0.0, "IZIZ": -0.09984152139461175, "IIII": 1.0, "ZZII": 0.8914421553090333, "YIIY": -0.028526148969889073, "ZYZY": 0.0, "XIIX": 0.06418383518225039, "IXXI": -0.014263074484944533, "YYYY": 0.2545168892380204, "XZXZ": -0.06418383518225039, "XXII": -0.39936608557844694, "YZZY": 0.12836767036450078, "ZZZZ": 0.8908091123330715, "YZYZ": 0.0, "XXXX": 0.25673534072900156, "ZYYZ": -0.06418383518225039, "ZIZI": -0.03565768621236133, "IIYY": 0.563391442155309, "IIXX": -0.5491283676703645, "YYZZ": 0.3851030110935023, "YYII": 0.42076069730586374, "XYXY": 0.25673534072900156, "ZXZX": 2.7755575615628914e-17, "IIZZ": 1.0322073841319719, "IXIX": -0.014263074484944538, "XZZX": -0.06418383518225039, "XXYY": -0.2567353407290015, "IYYI": -0.01426307448494453, "IYIY": -0.0213946117274168, "XYYX": 0.19255150554675116, "ZZYY": 0.5134706814580031, "IZZI": -0.042789223454833596, "ZXXZ": 0.1272584446190102, "YIYI": -0.04992076069730588, "ZZXX": -0.5090337784760408, "ZIIZ": -0.028526148969889076, "YXXY": 0.1283676703645007, "YYXX": -0.25673534072900156, "XIXI": -0.02852614896988908}