{"XXZZ": -0.3851030110935023, "YXYX": 0.0, "IZIZ": -0.05705229793977814, "IIII": 1.0, "ZZII": 0.8629160063391442, "YIIY": 0.007131537242472272, "ZYZY": 0.06418383518225036, "XIIX": 0.007131537242472265, "IXXI": -0.06418383518225038, "YYYY": 0.32091917591125196, "XZXZ": 0.0, "XXII": -0.41362916006339145, "YZZY": 0.0, "ZZZZ": 0.7702060221870045, "YZYZ": -0.06418383518225039, "XXXX": 0.25673534072900156, "ZYYZ": 0.06418383518225039, "ZIZI": -0.028526148969889066, "IIYY": 0.6061806656101426, "IIXX": -0.5419968304278922, "YYZZ": 0.38177533385703066, "YYII": 0.3922345483359746, "XYXY": 0.32091917591125196, "ZXZX": 0.12836767036450078, "IIZZ": 0.9770206022187005, "IXIX": -0.028279654359780054, "XZZX": 0.0, "XXYY": -0.32091917591125196, "IYYI": -0.021394611727416794, "IYIY": -0.028526148969889056, "XYYX": 0.3209191759112519, "ZZYY": 0.5726630007855459, "IZZI": -0.08557844690966719, "ZXXZ": 0.06418383518225039, "YIYI": -0.042789223454833596, "ZZXX": -0.5776545166402535, "ZIIZ": -0.0641838351822504, "YXXY": 0.12836767036450075, "YYXX": -0.19255150554675116, "XIXI": -0.021394611727416787}