{"XXZZ": -0.32091917591125196, "YXYX": 0.19255150554675116, "IZIZ": -0.08557844690966723, "IIII": 1.0, "ZZII": 0.8343898573692552, "YIIY": -0.021209740769835044, "ZYZY": -0.06418383518225039, "XIIX": -0.00713153724247223, "IXXI": -0.0213946117274168, "YYYY": 0.25673534072900156, "XZXZ": -0.06418383518225039, "XXII": -0.3851030110935024, "YZZY": 0.0, "ZZZZ": 0.7702060221870046, "YZYZ": 0.0, "XXXX": 0.25673534072900156, "ZYYZ": -2.7755575615628914e-17, "ZIZI": -0.05705229793977813, "IIYY": 0.5633914421553091, "IIXX": -0.5990491283676704, "YYZZ": 0.5134706814580031, "YYII": 0.4350237717908083, "XYXY": 0.12836767036450078, "ZXZX": -0.12836767036450075, "IIZZ": 0.991283676703645, "IXIX": 0.021394611727416808, "XZZX": -0.12836767036450078, "XXYY": -0.06418383518225039, "IYYI": 0.04992076069730586, "IYIY": 0.021394611727416805, "XYYX": 0.25673534072900156, "ZZYY": 0.4492868462757527, "IZZI": -0.07844690966719492, "ZXXZ": 0.06418383518225036, "YIYI": 6.938893903907228e-18, "ZZXX": -0.5776545166402535, "ZIIZ": -0.028526148969889073, "YXXY": 0.06418383518225039, "YYXX": -0.25673534072900156, "XIXI": 0.03565768621236131}