{"XXZZ": -0.25673534072900156, "YXYX": 0.19255150554675116, "IZIZ": -0.021394611727416815, "IIII": 1.0, "ZZII": 0.8700475435816164, "YIIY": 0.01426307448494453, "ZYZY": -0.0636292223095051, "XIIX": -6.938893903907228e-18, "IXXI": -0.056559308719560095, "YYYY": 0.12836767036450078, "XZXZ": 2.7755575615628914e-17, "XXII": -0.3993660855784469, "YZZY": 0.0, "ZZZZ": 0.8985736925515052, "YZYZ": 0.0, "XXXX": 0.19255150554675116, "ZYYZ": 0.06418383518225036, "ZIZI": -0.06418383518225039, "IIYY": 0.5491283676703644, "IIXX": -0.5348652931854199, "YYZZ": 0.5776545166402535, "YYII": 0.40649762282091917, "XYXY": 0.25673534072900156, "ZXZX": 0.06418383518225039, "IIZZ": 1.0269413629160062, "IXIX": 0.007131537242472261, "XZZX": 0.12836767036450078, "XXYY": -0.32091917591125196, "IYYI": 0.042789223454833596, "IYIY": 0.007131537242472263, "XYYX": 0.19255150554675116, "ZZYY": 0.4492868462757527, "IZZI": -0.08557844690966719, "ZXXZ": 0.0, "YIYI": 0.0071315372424722474, "ZZXX": -0.5134706814580031, "ZIIZ": -0.04992076069730586, "YXXY": 0.12836767036450078, "YYXX": -0.06418383518225036, "XIXI": -0.02852614896988904}