{"XXZZ": -0.4492868462757527, "YXYX": 0.25673534072900156, "IZIZ": -0.0641838351822504, "IIII": 1.0, "ZZII": 0.855784469096672, "YIIY": 0.014263074484944537, "ZYZY": 0.06418383518225039, "XIIX": -0.014263074484944537, "IXXI": 0.04241948153967009, "YYYY": 0.12836767036450075, "XZXZ": -0.06418383518225039, "XXII": -0.39936608557844694, "YZZY": 0.0, "ZZZZ": 0.8343898573692551, "YZYZ": -0.12836767036450075, "XXXX": 0.32091917591125196, "ZYYZ": 0.0, "ZIZI": -0.0855784469096672, "IIYY": 0.5847860538827259, "IIXX": -0.5277337559429477, "YYZZ": 0.38177533385703066, "YYII": 0.37083993660855785, "XYXY": 0.12836767036450075, "ZXZX": 0.0, "IIZZ": 1.0251374705420269, "IXIX": -0.014139827179890006, "XZZX": 0.06418383518225039, "XXYY": -0.25673534072900156, "IYYI": 0.014263074484944535, "IYIY": -0.014263074484944538, "XYYX": 0.2567353407290015, "ZZYY": 0.5134706814580031, "IZZI": -0.0855784469096672, "ZXXZ": -0.1908876669285153, "YIYI": 0.014263074484944543, "ZZXX": -0.44928684627575277, "ZIIZ": -0.05705229793977814, "YXXY": -2.7755575615628914e-17, "YYXX": -0.3181461115475256, "XIXI": -1.3877787807814457e-17}