{"XXZZ": -0.3880208333333333, "XXZI": -0.014322916666666685, "XXIZ": -0.014322916666666685, "XXII": -0.3880208333333333, "XIZZ": -0.125, "XIZI": -0.00390625, "XIIZ": -0.00390625, "XIII": -0.125, "IXZZ": 0.125, "IXZI": -0.03255208333333333, "IXIZ": -0.03255208333333333, "IXII": 0.125, "IIZZ": 1.0, "IIZI": -0.01953125, "IIIZ": -0.01953125, "IIII": 1.0, "YYZZ": 0.43359375, "YYZI": 0.04166666666666666, "YYIZ": 0.04166666666666666, "YYII": 0.43359375, "YIZZ": 0.1796875, "YIZI": 0.05078125, "YIIZ": 0.05078125, "YIII": 0.1796875, "IYZZ": 0.45182291666666663, "IYZI": -0.010416666666666657, "IYIZ": -0.010416666666666657, "IYII": 0.45182291666666663, "XXYY": -0.20052083333333334, "XXYI": 0.015625000000000028, "XXIY": -0.014322916666666657, "XIYY": -0.06510416666666669, "XIYI": 0.023437500000000007, "XIIY": -0.029947916666666637, "IXYY": 0.10286458333333333, "IXYI": -0.040364583333333315, "IXIY": 0.01822916666666667, "IIYY": 0.5559895833333334, "IIYI": -0.03776041666666674, "IIIY": -0.03385416666666663, "ZZYY": 0.47135416666666663, "ZZYI": -0.02083333333333337, "ZZIY": 0.04427083333333326, "ZZII": 0.8515625, "ZIYY": 0.4921875, "ZIYI": -0.01302083333333337, "ZIIY": 0.0234375, "ZIII": 0.8802083333333334, "IZYY": 0.40364583333333337, "IZYI": -0.018229166666666685, "IZIY": 0.028645833333333287, "IZII": 0.75, "ZZXX": -0.5221354166666666, "ZZXI": 0.00651041666666663, "ZZIX": -0.02734375, "ZIXX": -0.5364583333333333, "ZIXI": 0.01302083333333337, "ZIIX": -0.02083333333333337, "IZXX": -0.47526041666666663, "IZXI": -0.00911458333333337, "IZIX": -0.01692708333333326, "IIXX": -0.5989583333333333, "IIXI": 0.023437500000000056, "IIIX": -0.026041666666666685, "YYXX": -0.2721354166666667, "YYXI": -0.014322916666666685, "YYIX": 0.01171875, "YIXX": -0.11979166666666666, "YIXI": -0.028645833333333315, "YIIX": 0.020833333333333315, "IYXX": -0.29557291666666663, "IYXI": -0.016927083333333315, "IYIX": -0.01171875, "XXXX": 0.19401041666666666, "XXXI": -0.020833333333333343, "XXIX": 0.022135416666666657, "XIXX": 0.07161458333333336, "XIXI": -0.0052083333333333565, "XIIX": 0.0299479166666667, "IXXX": -0.13932291666666666, "IXXI": -0.013020833333333343, "IXIX": 0.01953125, "YYYY": 0.23177083333333334, "YYYI": 0.011718749999999972, "YYIY": -0.003906250000000028, "YIYY": 0.11458333333333333, "YIYI": 0.003906249999999986, "YIIY": -0.006510416666666671, "IYYY": 0.2526041666666667, "IYYI": -0.014322916666666713, "IYIY": -0.01171875, "ZZZZ": 0.85546875, "ZZZI": -0.045572916666666685, "ZZIZ": -0.045572916666666685, "ZIZZ": 0.8919270833333334, "ZIZI": -0.04296875, "ZIIZ": -0.04296875, "IZZZ": 0.7708333333333333, "IZZI": -0.07291666666666669, "IZIZ": -0.07291666666666669, "YZZY": -0.009375, "YXYX": 0.153125, "ZXZX": 0.0, "XYYX": 0.1625, "YZYZ": -0.04375, "ZYZY": 0.0125, "ZYYZ": -0.040625, "XZZX": -0.0375, "ZXXZ": 0.096875, "YXXY": 0.1375, "XYXY": 0.159375, "XZXZ": -0.00625}