{"XXZZ": -0.36848958333333337, "XXZI": 0.015625, "XXIZ": 0.015625, "XXII": -0.36848958333333337, "XIZZ": -0.16145833333333337, "XIZI": 0.00651041666666663, "XIIZ": 0.00651041666666663, "XIII": -0.16145833333333337, "IXZZ": 0.19140625, "IXZI": 0.0026041666666666435, "IXIZ": 0.0026041666666666435, "IXII": 0.19140625, "IIZZ": 1.0, "IIZI": -0.05078125, "IIIZ": -0.05078125, "IIII": 1.0, "YYZZ": 0.390625, "YYZI": -0.007812500000000028, "YYIZ": -0.007812500000000028, "YYII": 0.390625, "YIZZ": 0.1549479166666667, "YIZI": -0.016927083333333343, "YIIZ": -0.016927083333333343, "YIII": 0.1549479166666667, "IYZZ": 0.49088541666666663, "IYZI": 0.022135416666666602, "IYIZ": 0.022135416666666602, "IYII": 0.49088541666666663, "XXYY": -0.234375, "XXYI": -0.0026041666666666574, "XXIY": -0.014322916666666699, "XIYY": -0.07942708333333337, "XIYI": 0.06119791666666664, "XIIY": 0.023437499999999986, "IXYY": 0.08333333333333331, "IXYI": 0.0078125, "IXIY": 0.011718750000000014, "IIYY": 0.5455729166666665, "IIYI": 0.01953125, "IIIY": 0.0390625, "ZZYY": 0.48958333333333337, "ZZYI": -0.03255208333333337, "ZZIY": -0.02864583333333337, "ZZII": 0.8763020833333334, "ZIYY": 0.48958333333333337, "ZIYI": -0.04817708333333337, "ZIIY": -0.02343750000000011, "ZIII": 0.8815104166666666, "IZYY": 0.43359375, "IZYI": -0.0703125, "IZIY": -0.04296875, "IZII": 0.78125, "ZZXX": -0.46614583333333337, "ZZXI": -0.0078125, "ZZIX": 0.03776041666666663, "ZIXX": -0.46614583333333337, "ZIXI": 0.01302083333333326, "ZIIX": 0.02734375000000011, "IZXX": -0.39973958333333337, "IZXI": 0.00390625, "IZIX": 0.03385416666666663, "IIXX": -0.5403645833333333, "IIXI": -0.0013020833333332593, "IIIX": 0.039062500000000056, "YYXX": -0.24739583333333331, "YYXI": 2.7755575615628914e-17, "YYIX": 0.023437500000000014, "YIXX": -0.13151041666666663, "YIXI": -0.016927083333333356, "YIIX": 0.014322916666666699, "IYXX": -0.2721354166666667, "IYXI": -0.009114583333333315, "IYIX": -0.0221354166666667, "XXXX": 0.22526041666666669, "XXXI": 0.02083333333333337, "XXIX": 0.03385416666666663, "XIXX": 0.14583333333333331, "XIXI": -0.032552083333333356, "XIIX": 0.05078125000000002, "IXXX": -0.10546875, "IXXI": -0.013020833333333329, "IXIX": -0.01041666666666665, "YYYY": 0.2513020833333333, "YYYI": 0.03385416666666663, "YYIY": 0.01822916666666663, "YIYY": 0.07291666666666663, "YIYI": 0.022135416666666685, "YIIY": 0.02473958333333337, "IYYY": 0.2565104166666667, "IYYI": 0.03125, "IYIY": 0.00520833333333337, "ZZZZ": 0.8502604166666666, "ZZZI": -0.046875, "ZZIZ": -0.046875, "ZIZZ": 0.8736979166666665, "ZIZI": -0.033854166666666685, "ZIIZ": -0.033854166666666685, "IZZZ": 0.7317708333333334, "IZZI": -0.06640625, "IZIZ": -0.06640625, "YZZY": -0.003125, "YXYX": 0.20625, "ZXZX": -0.05625, "XYYX": 0.203125, "YZYZ": 0.04375, "ZYZY": 0.0, "ZYYZ": -0.00625, "XZZX": 0.06875, "ZXXZ": -0.003125, "YXXY": 0.090625, "XYXY": 0.209375, "XZXZ": -0.034375}