{"XXZZ": -0.37239583333333337, "XXZI": 0.0026041666666666297, "XXIZ": 0.0026041666666666297, "XXII": -0.37239583333333337, "XIZZ": -0.16406250000000006, "XIZI": -0.013020833333333315, "XIIZ": -0.013020833333333315, "XIII": -0.16406250000000006, "IXZZ": 0.16406249999999997, "IXZI": 0.002604166666666685, "IXIZ": 0.002604166666666685, "IXII": 0.16406249999999997, "IIZZ": 1.0, "IIZI": 0.0, "IIIZ": 0.0, "IIII": 1.0, "YYZZ": 0.4205729166666667, "YYZI": -0.006510416666666685, "YYIZ": -0.006510416666666685, "YYII": 0.4205729166666667, "YIZZ": 0.21093749999999997, "YIZI": 0.005208333333333287, "YIIZ": 0.005208333333333287, "YIII": 0.21093749999999997, "IYZZ": 0.5091145833333333, "IYZI": 0.011718749999999944, "IYIZ": 0.011718749999999944, "IYII": 0.5091145833333333, "XXYY": -0.20833333333333331, "XXYI": -0.07942708333333334, "XXIY": -0.08463541666666669, "XIYY": -0.04427083333333335, "XIYI": -0.02994791666666661, "XIIY": -0.03776041666666665, "IXYY": 0.09114583333333331, "IXYI": 0.016927083333333315, "IXIY": 0.006510416666666657, "IIYY": 0.5572916666666666, "IIYI": 0.02994791666666663, "IIIY": 0.01692708333333337, "ZZYY": 0.484375, "ZZYI": -0.01302083333333337, "ZZIY": 0.005208333333333259, "ZZII": 0.8619791666666666, "ZIYY": 0.5260416666666667, "ZIYI": -0.026041666666666685, "ZIIY": -0.007812500000000056, "ZIII": 0.8828125, "IZYY": 0.44791666666666663, "IZYI": -0.0078125, "IZIY": -0.005208333333333343, "IZII": 0.7682291666666667, "ZZXX": -0.49609375, "ZZXI": 0.0013020833333333703, "ZZIX": -0.01302083333333337, "ZIXX": -0.5247395833333333, "ZIXI": -0.0039062499999999445, "ZIIX": -0.010416666666666685, "IZXX": -0.4361979166666667, "IZXI": 0.011718750000000111, "IZIX": -0.007812500000000111, "IIXX": -0.58984375, "IIXI": -0.01953125, "IIIX": -0.005208333333333259, "YYXX": -0.26171875, "YYXI": -0.0078125, "YYIX": 0.0078125, "YIXX": -0.06510416666666666, "YIXI": 0.037760416666666644, "YIIX": -0.009114583333333308, "IYXX": -0.26953125000000006, "IYXI": -0.005208333333333315, "IYIX": -0.002604166666666685, "XXXX": 0.17708333333333331, "XXXI": 0.0, "XXIX": -0.01302083333333337, "XIXX": 0.13151041666666666, "XIXI": 0.0013020833333333426, "XIIX": -0.03255208333333334, "IXXX": -0.08723958333333333, "IXXI": -0.04296875000000003, "IXIX": 0.055989583333333356, "YYYY": 0.21875, "YYYI": 0.01302083333333337, "YYIY": -0.020833333333333315, "YIYY": 0.07812500000000004, "YIYI": -0.010416666666666699, "YIIY": -0.0052083333333333565, "IYYY": 0.26822916666666663, "IYYI": 0.005208333333333343, "IYIY": -0.010416666666666657, "ZZZZ": 0.8489583333333333, "ZZZI": -0.032552083333333315, "ZZIZ": -0.032552083333333315, "ZIZZ": 0.8776041666666667, "ZIZI": -0.02734375, "ZIIZ": -0.02734375, "IZZZ": 0.7447916666666667, "IZZI": -0.050781249999999944, "IZIZ": -0.050781249999999944, "YZZY": 0.0, "YXYX": 0.0875, "ZXZX": 0.040625, "XYYX": 0.240625, "YZYZ": 0.01875, "ZYZY": -0.009375, "ZYYZ": -0.01875, "XZZX": -0.009375, "ZXXZ": 0.01875, "YXXY": 0.184375, "XYXY": 0.14375, "XZXZ": -0.0125}