{"XXZZ": -0.3997395833333333, "XXZI": -0.022135416666666685, "XXIZ": -0.022135416666666685, "XXII": -0.3997395833333333, "XIZZ": -0.18489583333333337, "XIZI": -0.01822916666666663, "XIIZ": -0.01822916666666663, "XIII": -0.18489583333333337, "IXZZ": 0.12630208333333334, "IXZI": 0.029947916666666657, "IXIZ": 0.029947916666666657, "IXII": 0.12630208333333334, "IIZZ": 1.0, "IIZI": -0.015625, "IIIZ": -0.015625, "IIII": 1.0, "YYZZ": 0.35677083333333337, "YYZI": -0.014322916666666657, "YYIZ": -0.014322916666666657, "YYII": 0.35677083333333337, "YIZZ": 0.15755208333333334, "YIZI": -0.013020833333333287, "YIIZ": -0.013020833333333287, "YIII": 0.15755208333333334, "IYZZ": 0.5169270833333333, "IYZI": -0.007812500000000056, "IYIZ": -0.007812500000000056, "IYII": 0.5169270833333333, "XXYY": -0.23177083333333334, "XXYI": -0.020833333333333343, "XXIY": -0.027343750000000028, "XIYY": -0.09505208333333337, "XIYI": -0.011718749999999986, "XIIY": -0.02604166666666665, "IXYY": 0.1015625, "IXYI": -0.046874999999999986, "IXIY": -0.032552083333333315, "IIYY": 0.55078125, "IIYI": 0.009114583333333315, "IIIY": 0.010416666666666685, "ZZYY": 0.4453125, "ZZYI": -0.02734375, "ZZIY": -0.01822916666666663, "ZZII": 0.8450520833333334, "ZIYY": 0.45963541666666663, "ZIYI": -0.02083333333333337, "ZIIY": -0.006510416666666657, "ZIII": 0.8854166666666666, "IZYY": 0.38020833333333326, "IZYI": -0.011718750000000056, "IZIY": -0.013020833333333343, "IZII": 0.7434895833333333, "ZZXX": -0.4466145833333333, "ZZXI": 0.0013020833333334259, "ZZIX": 0.014322916666666574, "ZIXX": -0.46744791666666663, "ZIXI": -0.00911458333333337, "ZIIX": 0.022135416666666657, "IZXX": -0.3776041666666667, "IZXI": -0.0078124999999999445, "IZIX": 0.023437499999999944, "IIXX": -0.5416666666666667, "IIXI": 0.0, "IIIX": 0.0078125, "YYXX": -0.19921874999999997, "YYXI": 0.027343749999999972, "YYIX": 0.002604166666666713, "YIXX": -0.029947916666666664, "YIXI": -0.003906250000000014, "YIIX": -6.938893903907228e-18, "IYXX": -0.23828124999999997, "IYXI": 0.009114583333333343, "IYIX": -0.010416666666666657, "XXXX": 0.23697916666666669, "XXXI": -0.00390625, "XXIX": 0.03255208333333333, "XIXX": 0.05338541666666667, "XIXI": -0.0364583333333333, "XIIX": 0.049479166666666644, "IXXX": -0.08984374999999999, "IXXI": -0.02343750000000004, "IXIX": 0.013020833333333356, "YYYY": 0.20833333333333334, "YYYI": -0.026041666666666657, "YYIY": -0.04817708333333334, "YIYY": 0.06640625000000003, "YIYI": -0.04296874999999996, "YIIY": -0.028645833333333308, "IYYY": 0.24479166666666669, "IYYI": -0.03906249999999997, "IYIY": -0.027343750000000014, "ZZZZ": 0.8606770833333333, "ZZZI": -0.04817708333333337, "ZZIZ": -0.04817708333333337, "ZIZZ": 0.88671875, "ZIZI": -0.05338541666666663, "ZIIZ": -0.05338541666666663, "IZZZ": 0.7552083333333333, "IZZI": -0.04947916666666663, "IZIZ": -0.04947916666666663, "YZZY": 0.028125, "YXYX": 0.10625, "ZXZX": 0.015625, "XYYX": 0.14375, "YZYZ": -0.08125, "ZYZY": -0.096875, "ZYYZ": -0.053125, "XZZX": 0.040625, "ZXXZ": 0.015625, "YXXY": 0.159375, "XYXY": 0.203125, "XZXZ": 0.0375}