{"XXZZ": -0.33463541666666663, "XXZI": -0.019531249999999972, "XXIZ": -0.019531249999999972, "XXII": -0.33463541666666663, "XIZZ": -0.16276041666666663, "XIZI": -0.04036458333333326, "XIIZ": -0.04036458333333326, "XIII": -0.16276041666666663, "IXZZ": 0.14322916666666669, "IXZI": 0.0208333333333333, "IXIZ": 0.0208333333333333, "IXII": 0.14322916666666669, "IIZZ": 1.0, "IIZI": -0.028645833333333426, "IIIZ": -0.028645833333333426, "IIII": 1.0, "YYZZ": 0.40494791666666674, "YYZI": 0.015625000000000028, "YYIZ": 0.015625000000000028, "YYII": 0.40494791666666674, "YIZZ": 0.20963541666666669, "YIZI": 0.057291666666666685, "YIIZ": 0.057291666666666685, "YIII": 0.20963541666666669, "IYZZ": 0.49739583333333337, "IYZI": 0.011718750000000028, "IYIZ": 0.011718750000000028, "IYII": 0.49739583333333337, "XXYY": -0.22656249999999997, "XXYI": -0.011718750000000028, "XXIY": -0.03645833333333334, "XIYY": -0.08463541666666669, "XIYI": 0.020833333333333343, "XIIY": 0.027343749999999972, "IXYY": 0.08854166666666667, "IXYI": -0.019531250000000014, "IXIY": -0.015624999999999986, "IIYY": 0.55078125, "IIYI": 0.0, "IIIY": 0.014322916666666685, "ZZYY": 0.46614583333333337, "ZZYI": -0.015624999999999944, "ZZIY": -0.027343750000000028, "ZZII": 0.8502604166666667, "ZIYY": 0.46614583333333337, "ZIYI": 0.015625, "ZIIY": -0.0013020833333333703, "ZIII": 0.8815104166666667, "IZYY": 0.39973958333333337, "IZYI": 0.009114583333333315, "IZIY": -0.007812500000000028, "IZII": 0.7473958333333335, "ZZXX": -0.484375, "ZZXI": -0.0625, "ZZIX": 0.0234375, "ZIXX": -0.48697916666666663, "ZIXI": -0.07291666666666663, "ZIIX": 0.01822916666666663, "IZXX": -0.40625000000000006, "IZXI": -0.04947916666666663, "IZIX": 0.01041666666666663, "IIXX": -0.5729166666666667, "IIXI": -0.08333333333333337, "IIIX": 0.033854166666666685, "YYXX": -0.24609374999999997, "YYXI": -0.03255208333333334, "YYIX": 0.011718750000000028, "YIXX": -0.10937499999999997, "YIXI": -0.03906249999999997, "YIIX": 0.028645833333333336, "IYXX": -0.27473958333333337, "IYXI": 0.02734375, "IYIX": -0.0039062499999999722, "XXXX": 0.22265625, "XXXI": -0.005208333333333259, "XXIX": 0.023437499999999972, "XIXX": 0.06510416666666667, "XIXI": -0.027343749999999986, "XIIX": 0.04817708333333333, "IXXX": -0.11848958333333331, "IXXI": 0.031249999999999972, "IXIX": -0.03125, "YYYY": 0.2734375, "YYYI": 0.009114583333333343, "YYIY": -0.006510416666666713, "YIYY": 0.09375000000000001, "YIYI": -0.0013020833333333287, "YIIY": 0.0013020833333333287, "IYYY": 0.23958333333333331, "IYYI": 0.011718750000000028, "IYIY": -0.029947916666666644, "ZZZZ": 0.8815104166666667, "ZZZI": -0.046874999999999944, "ZZIZ": -0.046874999999999944, "ZIZZ": 0.875, "ZIZI": -0.04557291666666663, "ZIIZ": -0.04557291666666663, "IZZZ": 0.76953125, "IZZI": -0.044270833333333315, "IZIZ": -0.044270833333333315, "YZZY": 0.021875, "YXYX": 0.11875, "ZXZX": 0.00625, "XYYX": 0.140625, "YZYZ": -0.01875, "ZYZY": 0.10625, "ZYYZ": -0.05625, "XZZX": -0.0125, "ZXXZ": 0.046875, "YXXY": 0.1875, "XYXY": 0.171875, "XZXZ": 0.003125}