{"XXZZ": -0.390625, "XXZI": 0.01822916666666674, "XXIZ": 0.01822916666666674, "XXII": -0.390625, "XIZZ": -0.140625, "XIZI": -0.015625, "XIIZ": -0.015625, "XIII": -0.140625, "IXZZ": 0.1484375, "IXZI": 0.007812499999999972, "IXIZ": 0.007812499999999972, "IXII": 0.1484375, "IIZZ": 1.0, "IIZI": -0.0390625, "IIIZ": -0.0390625, "IIII": 1.0, "YYZZ": 0.38932291666666674, "YYZI": -0.020833333333333343, "YYIZ": -0.020833333333333343, "YYII": 0.38932291666666674, "YIZZ": 0.18098958333333337, "YIZI": -0.015625, "YIIZ": -0.015625, "YIII": 0.18098958333333337, "IYZZ": 0.5052083333333334, "IYZI": 0.014322916666666657, "IYIZ": 0.014322916666666657, "IYII": 0.5052083333333334, "XXYY": -0.20963541666666666, "XXYI": 0.0013020833333333426, "XXIY": -0.027343749999999972, "XIYY": -0.078125, "XIYI": 0.0, "XIIY": 0.0026041666666666366, "IXYY": 0.06640624999999999, "IXYI": 0.011718749999999986, "IXIY": 0.042968750000000014, "IIYY": 0.5442708333333334, "IIYI": 0.0026041666666666297, "IIIY": -0.01822916666666663, "ZZYY": 0.4921875, "ZZYI": 0.03645833333333337, "ZZIY": 0.01822916666666663, "ZZII": 0.84375, "ZIYY": 0.5247395833333333, "ZIYI": 0.02994791666666663, "ZIIY": 0.0013020833333332593, "ZIII": 0.8815104166666666, "IZYY": 0.43359375, "IZYI": 0.04817708333333337, "IZIY": 0.01692708333333337, "IZII": 0.7356770833333333, "ZZXX": -0.47395833333333337, "ZZXI": -0.02994791666666663, "ZZIX": -0.006510416666666741, "ZIXX": -0.50390625, "ZIXI": -0.005208333333333259, "ZIIX": -0.01041666666666674, "IZXX": -0.43359375, "IZXI": -0.018229166666666685, "IZIX": -0.005208333333333343, "IIXX": -0.5520833333333334, "IIXI": -0.01432291666666663, "IIIX": -0.00911458333333337, "YYXX": -0.21744791666666669, "YYXI": -0.08593749999999994, "YYIX": 0.05468749999999996, "YIXX": -0.08723958333333334, "YIXI": -0.06510416666666664, "YIIX": 0.052083333333333315, "IYXX": -0.2578125, "IYXI": -0.027343749999999944, "IYIX": 0.022135416666666657, "XXXX": 0.23567708333333334, "XXXI": -0.020833333333333398, "XXIX": 0.029947916666666713, "XIXX": 0.11588541666666663, "XIXI": 0.0234375, "XIIX": -0.03515625, "IXXX": -0.14192708333333337, "IXXI": -0.026041666666666644, "IXIX": 0.02473958333333333, "YYYY": 0.23828125, "YYYI": -0.016927083333333315, "YYIY": -0.033854166666666644, "YIYY": 0.08593749999999999, "YIYI": 0.0026041666666666435, "YIIY": -0.027343750000000014, "IYYY": 0.28385416666666663, "IYYI": -0.005208333333333315, "IYIY": 0.00390625, "ZZZZ": 0.859375, "ZZZI": -0.0013020833333333148, "ZZIZ": -0.0013020833333333148, "ZIZZ": 0.8919270833333334, "ZIZI": -0.0078125, "ZIIZ": -0.0078125, "IZZZ": 0.76171875, "IZZI": -0.020833333333333315, "IZIZ": -0.020833333333333315, "YZZY": -0.028125, "YXYX": 0.159375, "ZXZX": 0.0, "XYYX": 0.2125, "YZYZ": 0.03125, "ZYZY": -0.01875, "ZYYZ": 0.021875, "XZZX": -0.034375, "ZXXZ": -0.03125, "YXXY": 0.046875, "XYXY": 0.184375, "XZXZ": -0.021875}