{"XXZZ": -0.3671875, "XXZI": 0.0013020833333333703, "XXIZ": 0.0013020833333333703, "XXII": -0.3671875, "XIZZ": -0.16796875, "XIZI": 0.00520833333333337, "XIIZ": 0.00520833333333337, "XIII": -0.16796875, "IXZZ": 0.19140625, "IXZI": 0.04427083333333334, "IXIZ": 0.04427083333333334, "IXII": 0.19140625, "IIZZ": 1.0, "IIZI": -0.029947916666666574, "IIIZ": -0.029947916666666574, "IIII": 1.0, "YYZZ": 0.4049479166666667, "YYZI": -0.033854166666666685, "YYIZ": -0.033854166666666685, "YYII": 0.4049479166666667, "YIZZ": 0.17578124999999997, "YIZI": -0.010416666666666657, "YIIZ": -0.010416666666666657, "YIII": 0.17578124999999997, "IYZZ": 0.4661458333333333, "IYZI": 0.029947916666666685, "IYIZ": 0.029947916666666685, "IYII": 0.4661458333333333, "XXYY": -0.20442708333333331, "XXYI": 0.04166666666666666, "XXIY": 0.022135416666666644, "XIYY": -0.0546875, "XIYI": 0.03255208333333331, "XIIY": -0.0052083333333333565, "IXYY": 0.08333333333333331, "IXYI": 0.01692708333333333, "IXIY": -0.0026041666666666505, "IIYY": 0.5872395833333334, "IIYI": -0.02864583333333337, "IIIY": -0.00911458333333337, "ZZYY": 0.484375, "ZZYI": -0.039062500000000056, "ZZIY": -0.03255208333333334, "ZZII": 0.8450520833333333, "ZIYY": 0.5221354166666666, "ZIYI": -0.02734375, "ZIIY": -0.03645833333333337, "ZIII": 0.8880208333333333, "IZYY": 0.44010416666666663, "IZYI": -0.03125, "IZIY": -0.029947916666666657, "IZII": 0.73828125, "ZZXX": -0.47265624999999994, "ZZXI": -0.019531249999999944, "ZZIX": 0.022135416666666685, "ZIXX": -0.5390625, "ZIXI": -0.020833333333333315, "ZIIX": 0.033854166666666685, "IZXX": -0.4440104166666666, "IZXI": -0.011718750000000056, "IZIX": 0.016927083333333315, "IIXX": -0.5807291666666667, "IIXI": -0.026041666666666685, "IIIX": 0.036458333333333315, "YYXX": -0.23958333333333334, "YYXI": 0.04947916666666671, "YYIX": -2.7755575615628914e-17, "YIXX": -0.08463541666666669, "YIXI": 0.03515625, "YIIX": -0.03515624999999996, "IYXX": -0.2565104166666667, "IYXI": 0.053385416666666685, "IYIX": -0.022135416666666685, "XXXX": 0.19921875, "XXXI": -0.01302083333333337, "XXIX": -0.007812499999999986, "XIXX": 0.08333333333333334, "XIXI": 0.003906250000000021, "XIIX": -0.00911458333333335, "IXXX": -0.12890625000000003, "IXXI": 0.036458333333333356, "IXIX": -0.03645833333333334, "YYYY": 0.22786458333333331, "YYYI": 0.006510416666666685, "YYIY": -0.011718750000000028, "YIYY": 0.09244791666666667, "YIYI": -0.0039062499999999722, "YIIY": -0.011718749999999972, "IYYY": 0.22395833333333337, "IYYI": -0.0234375, "IYIY": -0.015625, "ZZZZ": 0.84765625, "ZZZI": -0.044270833333333315, "ZZIZ": -0.044270833333333315, "ZIZZ": 0.8802083333333334, "ZIZI": -0.03515625, "ZIIZ": -0.03515625, "IZZZ": 0.73828125, "IZZI": -0.046875000000000056, "IZIZ": -0.046875000000000056, "YZZY": -0.06875, "YXYX": 0.215625, "ZXZX": 0.0125, "XYYX": 0.159375, "YZYZ": 0.015625, "ZYZY": 0.021875, "ZYYZ": 0.021875, "XZZX": 0.0125, "ZXXZ": 0.025, "YXXY": 0.178125, "XYXY": 0.196875, "XZXZ": 0.0}