{"XXZZ": -0.41536458333333326, "XXZI": -2.7755575615628914e-17, "XXIZ": -2.7755575615628914e-17, "XXII": -0.41536458333333326, "XIZZ": -0.17578124999999997, "XIZI": 0.018229166666666657, "XIIZ": 0.018229166666666657, "XIII": -0.17578124999999997, "IXZZ": 0.18749999999999994, "IXZI": 0.003906249999999986, "IXIZ": 0.003906249999999986, "IXII": 0.18749999999999994, "IIZZ": 1.0, "IIZI": -0.02473958333333337, "IIIZ": -0.02473958333333337, "IIII": 1.0, "YYZZ": 0.38802083333333337, "YYZI": -0.0026041666666666574, "YYIZ": -0.0026041666666666574, "YYII": 0.38802083333333337, "YIZZ": 0.1640625, "YIZI": -0.01822916666666663, "YIIZ": -0.01822916666666663, "YIII": 0.1640625, "IYZZ": 0.5104166666666666, "IYZI": -0.023437499999999972, "IYIZ": -0.023437499999999972, "IYII": 0.5104166666666666, "XXYY": -0.19921875, "XXYI": -0.010416666666666685, "XXIY": -0.019531250000000056, "XIYY": -0.12760416666666666, "XIYI": 0.029947916666666657, "XIIY": 0.007812499999999965, "IXYY": 0.13802083333333331, "IXYI": -0.011718750000000014, "IXIY": 0.0026041666666666713, "IIYY": 0.5611979166666666, "IIYI": 0.01041666666666674, "IIIY": 0.04817708333333337, "ZZYY": 0.40624999999999994, "ZZYI": 0.0013020833333333148, "ZZIY": -0.011718750000000056, "ZZII": 0.8177083333333333, "ZIYY": 0.47265625, "ZIYI": 0.02083333333333337, "ZIIY": -0.013020833333333287, "ZIII": 0.8736979166666666, "IZYY": 0.35546875, "IZYI": -0.013020833333333426, "IZIY": -0.023437500000000083, "IZII": 0.70703125, "ZZXX": -0.4986979166666667, "ZZXI": -0.002604166666666685, "ZZIX": 0.010416666666666685, "ZIXX": -0.49348958333333337, "ZIXI": 0.015625, "ZIIX": 0.0026041666666667407, "IZXX": -0.4296875, "IZXI": 0.01432291666666663, "IZIX": -0.01171875, "IIXX": -0.5677083333333334, "IIXI": 0.0039062499999999445, "IIIX": 0.01953125, "YYXX": -0.18880208333333331, "YYXI": -0.009114583333333398, "YYIX": -0.0065104166666666435, "YIXX": -0.09505208333333334, "YIXI": 0.027343749999999972, "YIIX": -0.001302083333333294, "IYXX": -0.28645833333333337, "IYXI": 0.05729166666666663, "IYIX": -0.04947916666666663, "XXXX": 0.19661458333333331, "XXXI": -0.027343750000000028, "XXIX": 0.0013020833333333565, "XIXX": 0.10937500000000001, "XIXI": 0.0026041666666666435, "XIIX": -0.007812499999999986, "IXXX": -0.13151041666666663, "IXXI": -0.011718749999999986, "IXIX": 0.011718749999999958, "YYYY": 0.2552083333333333, "YYYI": -0.020833333333333315, "YYIY": -0.028645833333333315, "YIYY": 0.09895833333333336, "YIYI": 0.018229166666666616, "YIIY": -0.002604166666666727, "IYYY": 0.27343750000000006, "IYYI": 0.031250000000000056, "IYIY": 0.036458333333333356, "ZZZZ": 0.8658854166666667, "ZZZI": -0.06770833333333331, "ZZIZ": -0.06770833333333331, "ZIZZ": 0.8932291666666667, "ZIZI": -0.07682291666666663, "ZIIZ": -0.07682291666666663, "IZZZ": 0.7747395833333333, "IZZI": -0.07291666666666669, "IZIZ": -0.07291666666666669, "YZZY": -0.05, "YXYX": 0.140625, "ZXZX": 0.021875, "XYYX": 0.28125, "YZYZ": 0.065625, "ZYZY": -0.01875, "ZYYZ": 0.009375, "XZZX": 0.0375, "ZXXZ": -0.0125, "YXXY": 0.1375, "XYXY": 0.221875, "XZXZ": 0.015625}