{"XXZZ": -0.36328125, "XXZI": 0.06901041666666671, "XXIZ": 0.06901041666666671, "XXII": -0.36328125, "XIZZ": -0.16666666666666669, "XIZI": -0.020833333333333315, "XIIZ": -0.020833333333333315, "XIII": -0.16666666666666669, "IXZZ": 0.15494791666666669, "IXZI": -0.003906249999999986, "IXIZ": -0.003906249999999986, "IXII": 0.15494791666666669, "IIZZ": 1.0, "IIZI": -0.1171875, "IIIZ": -0.1171875, "IIII": 1.0, "YYZZ": 0.41796875, "YYZI": -0.03385416666666666, "YYIZ": -0.03385416666666666, "YYII": 0.41796875, "YIZZ": 0.1940104166666667, "YIZI": -0.031249999999999972, "YIIZ": -0.031249999999999972, "YIII": 0.1940104166666667, "IYZZ": 0.49739583333333337, "IYZI": -0.01692708333333337, "IYIZ": -0.01692708333333337, "IYII": 0.49739583333333337, "XXYY": -0.20312500000000003, "XXYI": 0.016927083333333343, "XXIY": -0.007812499999999972, "XIYY": -0.06770833333333333, "XIYI": 0.02734375000000002, "XIIY": 0.007812500000000028, "IXYY": 0.07942708333333334, "IXYI": 0.0026041666666666713, "IXIY": 0.016927083333333315, "IIYY": 0.5403645833333334, "IIYI": 0.02604166666666652, "IIIY": 0.05598958333333329, "ZZYY": 0.453125, "ZZYI": -0.0078125, "ZZIY": -0.01822916666666663, "ZZII": 0.8619791666666666, "ZIYY": 0.48177083333333337, "ZIYI": -0.0078125, "ZIIY": -0.01041666666666674, "ZIII": 0.8880208333333334, "IZYY": 0.41666666666666663, "IZYI": -0.0234375, "IZIY": -0.020833333333333343, "IZII": 0.7864583333333333, "ZZXX": -0.5403645833333333, "ZZXI": 0.036458333333333315, "ZZIX": -0.035156249999999944, "ZIXX": -0.5208333333333333, "ZIXI": 0.04036458333333337, "ZIIX": -0.03385416666666663, "IZXX": -0.45833333333333337, "IZXI": 0.05598958333333326, "IZIX": -0.0546875, "IIXX": -0.60546875, "IIXI": 0.018229166666666685, "IIIX": -0.01692708333333337, "YYXX": -0.24609374999999997, "YYXI": 0.010416666666666685, "YYIX": -0.002604166666666685, "YIXX": -0.07682291666666669, "YIXI": 0.005208333333333315, "YIIX": 0.03385416666666669, "IYXX": -0.25, "IYXI": -0.01692708333333337, "IYIX": 0.01953125, "XXXX": 0.2109375, "XXXI": -0.015625, "XXIX": -0.01171875, "XIXX": 0.11458333333333336, "XIXI": -0.01822916666666667, "XIIX": 0.03255208333333333, "IXXX": -0.14453125000000003, "IXXI": -0.0013020833333333426, "IXIX": -0.013020833333333343, "YYYY": 0.26432291666666663, "YYYI": -0.005208333333333315, "YYIY": 0.04296875, "YIYY": 0.11848958333333334, "YIYI": -0.020833333333333343, "YIIY": -0.003906250000000021, "IYYY": 0.2747395833333333, "IYYI": -0.03125, "IYIY": -0.016927083333333315, "ZZZZ": 0.8645833333333333, "ZZZI": -0.06380208333333331, "ZZIZ": -0.06380208333333331, "ZIZZ": 0.87890625, "ZIZI": -0.054687499999999944, "ZIIZ": -0.054687499999999944, "IZZZ": 0.7591145833333333, "IZZI": -0.06250000000000006, "IZIZ": -0.06250000000000006, "YZZY": -0.03125, "YXYX": 0.14375, "ZXZX": 0.01875, "XYYX": 0.159375, "YZYZ": -0.003125, "ZYZY": 0.015625, "ZYYZ": 0.00625, "XZZX": -0.015625, "ZXXZ": 0.01875, "YXXY": 0.128125, "XYXY": 0.196875, "XZXZ": 0.009375}