{"XXZZ": -0.37890625, "XXZI": 0.05208333333333337, "XXIZ": 0.05208333333333337, "XXII": -0.37890625, "XIZZ": -0.15494791666666669, "XIZI": -0.044270833333333315, "XIIZ": -0.044270833333333315, "XIII": -0.15494791666666669, "IXZZ": 0.11718750000000003, "IXZI": 0.02734375, "IXIZ": 0.02734375, "IXII": 0.11718750000000003, "IIZZ": 1.0, "IIZI": -0.05078125, "IIIZ": -0.05078125, "IIII": 1.0, "YYZZ": 0.35807291666666663, "YYZI": 0.08072916666666666, "YYIZ": 0.08072916666666666, "YYII": 0.35807291666666663, "YIZZ": 0.1627604166666667, "YIZI": 0.07031249999999997, "YIIZ": 0.07031249999999997, "YIII": 0.1627604166666667, "IYZZ": 0.4973958333333333, "IYZI": 0.019531249999999944, "IYIZ": 0.019531249999999944, "IYII": 0.4973958333333333, "XXYY": -0.19921875, "XXYI": -0.015624999999999944, "XXIY": -0.015624999999999972, "XIYY": -0.041666666666666664, "XIYI": -0.0169270833333333, "XIIY": 0.03255208333333336, "IXYY": 0.07161458333333331, "IXYI": -0.028645833333333356, "IXIY": -0.03645833333333334, "IIYY": 0.5260416666666667, "IIYI": -0.00911458333333337, "IIIY": -0.024739583333333426, "ZZYY": 0.48177083333333337, "ZZYI": 0.01302083333333337, "ZZIY": 0.01171875, "ZZII": 0.85546875, "ZIYY": 0.47005208333333326, "ZIYI": 0.00390625, "ZIIY": 0.01302083333333337, "ZIII": 0.8854166666666666, "IZYY": 0.4140625, "IZYI": 5.551115123125783e-17, "IZIY": 0.003906250000000083, "IZII": 0.7565104166666667, "ZZXX": -0.48307291666666663, "ZZXI": 0.028645833333333315, "ZZIX": -0.01692708333333323, "ZIXX": -0.515625, "ZIXI": 0.02213541666666674, "ZIIX": -0.015625, "IZXX": -0.4322916666666667, "IZXI": 0.016927083333333315, "IZIX": -0.010416666666666685, "IIXX": -0.5611979166666666, "IIXI": 0.03385416666666663, "IIIX": -0.02213541666666663, "YYXX": -0.265625, "YYXI": -0.013020833333333343, "YYIX": 0.011718750000000028, "YIXX": -0.12369791666666666, "YIXI": -0.027343750000000028, "YIIX": 0.018229166666666706, "IYXX": -0.25260416666666663, "IYXI": -0.0390625, "IYIX": -0.009114583333333343, "XXXX": 0.22005208333333331, "XXXI": -0.04296875, "XXIX": -0.02213541666666667, "XIXX": 0.1263020833333333, "XIXI": 0.024739583333333343, "XIIX": -0.024739583333333343, "IXXX": -0.13281249999999997, "IXXI": -0.018229166666666692, "IXIX": 0.013020833333333343, "YYYY": 0.25, "YYYI": -0.013020833333333315, "YYIY": 0.022135416666666644, "YIYY": 0.11328124999999997, "YIYI": -0.04036458333333333, "YIIY": -0.013020833333333308, "IYYY": 0.2578125, "IYYI": -0.044270833333333315, "IYIY": -0.032552083333333356, "ZZZZ": 0.8346354166666667, "ZZZI": -0.059895833333333315, "ZZIZ": -0.059895833333333315, "ZIZZ": 0.9036458333333334, "ZIZI": -0.05859375, "ZIIZ": -0.05859375, "IZZZ": 0.7565104166666667, "IZZI": -0.07031250000000006, "IZIZ": -0.07031250000000006, "YZZY": -0.003125, "YXYX": 0.15, "ZXZX": 0.00625, "XYYX": 0.140625, "YZYZ": -0.00625, "ZYZY": -0.025, "ZYYZ": -0.021875, "XZZX": 0.04375, "ZXXZ": 0.028125, "YXXY": 0.175, "XYXY": 0.159375, "XZXZ": 0.034375}