{"XXZZ": -0.3671875, "XXZI": 0.0, "XXIZ": 0.0, "XXII": -0.3671875, "XIZZ": -0.203125, "XIZI": 0.046875, "XIIZ": 0.046875, "XIII": -0.203125, "IXZZ": 0.14583333333333337, "IXZI": 0.010416666666666644, "IXIZ": 0.010416666666666644, "IXII": 0.14583333333333337, "IIZZ": 1.0, "IIZI": -0.0546875, "IIIZ": -0.0546875, "IIII": 1.0, "YYZZ": 0.38151041666666663, "YYZI": -0.01822916666666663, "YYIZ": -0.01822916666666663, "YYII": 0.38151041666666663, "YIZZ": 0.15234374999999994, "YIZI": -0.005208333333333315, "YIIZ": -0.005208333333333315, "YIII": 0.15234374999999994, "IYZZ": 0.515625, "IYZI": -0.0013020833333333703, "IYIZ": -0.0013020833333333703, "IYII": 0.515625, "XXYY": -0.24348958333333334, "XXYI": -0.016927083333333343, "XXIY": -0.05208333333333334, "XIYY": -0.09505208333333331, "XIYI": -0.024739583333333343, "XIIY": -2.7755575615628914e-17, "IXYY": 0.12630208333333337, "IXYI": -0.00651041666666663, "IXIY": 0.010416666666666692, "IIYY": 0.5533854166666667, "IIYI": 0.02994791666666674, "IIIY": 0.033854166666666685, "ZZYY": 0.45442708333333337, "ZZYI": -0.0078125, "ZZIY": -0.0078125, "ZZII": 0.8450520833333334, "ZIYY": 0.4765624999999999, "ZIYI": 0.02473958333333337, "ZIIY": 0.001302083333333398, "ZIII": 0.8854166666666666, "IZYY": 0.3997395833333333, "IZYI": -0.0078125, "IZIY": -0.015625, "IZII": 0.74609375, "ZZXX": -0.5052083333333334, "ZZXI": 0.005208333333333259, "ZZIX": -0.015625, "ZIXX": -0.5078125, "ZIXI": 0.026041666666666685, "ZIIX": -0.023437500000000056, "IZXX": -0.44270833333333337, "IZXI": 0.0078125, "IZIX": -0.015625, "IIXX": -0.5729166666666667, "IIXI": 0.026041666666666685, "IIIX": -0.020833333333333315, "YYXX": -0.2591145833333333, "YYXI": 0.01953125, "YYIX": -0.035156250000000056, "YIXX": -0.15104166666666666, "YIXI": -0.002604166666666685, "YIIX": -0.03125, "IYXX": -0.27734375, "IYXI": 0.022135416666666685, "IYIX": -0.01692708333333337, "XXXX": 0.26041666666666674, "XXXI": 0.03515625000000003, "XXIX": -0.028645833333333343, "XIXX": 0.052083333333333356, "XIXI": 0.009114583333333329, "XIIX": -0.023437499999999986, "IXXX": -0.09505208333333334, "IXXI": -0.020833333333333343, "IXIX": 0.019531250000000014, "YYYY": 0.26171875, "YYYI": 0.03125, "YYIY": 0.03125, "YIYY": 0.09895833333333337, "YIYI": 0.029947916666666685, "YIIY": 0.006510416666666671, "IYYY": 0.26953125, "IYYI": -0.01822916666666663, "IYIY": -0.0390625, "ZZZZ": 0.8424479166666666, "ZZZI": -0.07682291666666663, "ZZIZ": -0.07682291666666663, "ZIZZ": 0.88671875, "ZIZI": -0.05598958333333326, "ZIIZ": -0.05598958333333326, "IZZZ": 0.75, "IZZI": -0.0703125, "IZIZ": -0.0703125, "YZZY": -0.0125, "YXYX": 0.121875, "ZXZX": 0.028125, "XYYX": 0.159375, "YZYZ": -0.009375, "ZYZY": -0.034375, "ZYYZ": 0.065625, "XZZX": 0.04375, "ZXXZ": 0.040625, "YXXY": 0.203125, "XYXY": 0.196875, "XZXZ": -0.009375}