{"XXZZ": -0.3802083333333333, "XXZI": 0.022135416666666685, "XXIZ": 0.022135416666666685, "XXII": -0.3802083333333333, "XIZZ": -0.1484375, "XIZI": 0.00390625, "XIIZ": 0.00390625, "XIII": -0.1484375, "IXZZ": 0.12760416666666669, "IXZI": 0.0039062499999999722, "IXIZ": 0.0039062499999999722, "IXII": 0.12760416666666669, "IIZZ": 1.0, "IIZI": -0.06640625, "IIIZ": -0.06640625, "IIII": 1.0, "YYZZ": 0.41927083333333337, "YYZI": -0.03125000000000003, "YYIZ": -0.03125000000000003, "YYII": 0.41927083333333337, "YIZZ": 0.19140625000000003, "YIZI": 0.009114583333333287, "YIIZ": 0.009114583333333287, "YIII": 0.19140625000000003, "IYZZ": 0.5065104166666666, "IYZI": -0.009114583333333343, "IYIZ": -0.009114583333333343, "IYII": 0.5065104166666666, "XXYY": -0.203125, "XXYI": -0.05208333333333337, "XXIY": -0.027343750000000014, "XIYY": -0.05859374999999999, "XIYI": -0.011718749999999986, "XIIY": -0.01822916666666665, "IXYY": 0.11979166666666667, "IXYI": -0.02604166666666667, "IXIY": -0.006510416666666671, "IIYY": 0.54296875, "IIYI": 0.027343750000000056, "IIIY": 0.06770833333333331, "ZZYY": 0.47005208333333337, "ZZYI": 0.02213541666666663, "ZZIY": 0.0234375, "ZZII": 0.859375, "ZIYY": 0.50390625, "ZIYI": 0.032552083333333315, "ZIIY": 0.041666666666666685, "ZIII": 0.8854166666666665, "IZYY": 0.42578124999999994, "IZYI": 0.035156249999999944, "IZIY": 0.041666666666666685, "IZII": 0.7578125, "ZZXX": -0.49739583333333326, "ZZXI": -0.01692708333333326, "ZZIX": 0.02473958333333326, "ZIXX": -0.4973958333333333, "ZIXI": -0.006510416666666685, "ZIIX": 0.0013020833333334259, "IZXX": -0.44791666666666663, "IZXI": -0.01171875, "IZIX": 0.02734375, "IIXX": -0.5546875, "IIXI": -0.019531250000000056, "IIIX": 0.0013020833333333148, "YYXX": -0.22786458333333331, "YYXI": 0.01171875, "YYIX": -0.005208333333333329, "YIXX": -0.09765625, "YIXI": -0.014322916666666685, "YIIX": -0.0026041666666666297, "IYXX": -0.29296875000000006, "IYXI": 0.03515625, "IYIX": -0.033854166666666685, "XXXX": 0.25, "XXXI": 0.028645833333333315, "XXIX": 0.01692708333333337, "XIXX": 0.1015625, "XIXI": -0.031249999999999986, "XIIX": 0.01432291666666665, "IXXX": -0.10286458333333331, "IXXI": 0.02473958333333337, "IXIX": -0.026041666666666678, "YYYY": 0.23307291666666663, "YYYI": -0.01432291666666663, "YYIY": -0.044270833333333356, "YIYY": 0.06640625000000001, "YIYI": -0.0013020833333333287, "YIIY": 0.015624999999999958, "IYYY": 0.2669270833333333, "IYYI": -0.011718750000000056, "IYIY": 0.013020833333333315, "ZZZZ": 0.8580729166666666, "ZZZI": -0.0234375, "ZZIZ": -0.0234375, "ZIZZ": 0.8880208333333333, "ZIZI": -0.04557291666666663, "ZIIZ": -0.04557291666666663, "IZZZ": 0.7513020833333334, "IZZI": -0.0390625, "IZIZ": -0.0390625, "YZZY": 0.009375, "YXYX": 0.146875, "ZXZX": -0.034375, "XYYX": 0.15, "YZYZ": -0.003125, "ZYZY": 0.025, "ZYYZ": 0.0375, "XZZX": -0.034375, "ZXXZ": -0.00625, "YXXY": 0.134375, "XYXY": 0.20625, "XZXZ": 0.01875}