{"XXZZ": -0.3671875, "XXZI": 0.02213541666666663, "XXIZ": 0.02213541666666663, "XXII": -0.3671875, "XIZZ": -0.16145833333333326, "XIZI": 0.03255208333333337, "XIIZ": 0.03255208333333337, "XIII": -0.16145833333333326, "IXZZ": 0.13020833333333331, "IXZI": -0.019531250000000028, "IXIZ": -0.019531250000000028, "IXII": 0.13020833333333331, "IIZZ": 1.0, "IIZI": -0.048177083333333426, "IIIZ": -0.048177083333333426, "IIII": 1.0, "YYZZ": 0.36848958333333337, "YYZI": -0.0078125, "YYIZ": -0.0078125, "YYII": 0.36848958333333337, "YIZZ": 0.18619791666666674, "YIZI": 0.03645833333333337, "YIIZ": 0.03645833333333337, "YIII": 0.18619791666666674, "IYZZ": 0.5182291666666667, "IYZI": 0.035156250000000056, "IYIZ": 0.035156250000000056, "IYII": 0.5182291666666667, "XXYY": -0.20572916666666669, "XXYI": 0.006510416666666685, "XXIY": -0.006510416666666657, "XIYY": -0.11197916666666663, "XIYI": -0.027343749999999986, "XIIY": -0.0065104166666666505, "IXYY": 0.11197916666666669, "IXYI": -0.006510416666666685, "IXIY": -0.0013020833333333703, "IIYY": 0.5598958333333334, "IIYI": 0.006510416666666741, "IIIY": 0.01432291666666663, "ZZYY": 0.47005208333333326, "ZZYI": -0.0026041666666667407, "ZZIY": -0.0013020833333333703, "ZZII": 0.8619791666666666, "ZIYY": 0.48177083333333337, "ZIYI": -0.0013020833333333703, "ZIIY": 0.0234375, "ZIII": 0.8971354166666667, "IZYY": 0.42708333333333337, "IZYI": -0.016927083333333315, "IZIY": -0.007812500000000028, "IZII": 0.7747395833333333, "ZZXX": -0.5247395833333334, "ZZXI": -0.0078125, "ZZIX": 0.05729166666666666, "ZIXX": -0.5104166666666665, "ZIXI": -0.006510416666666685, "ZIIX": 0.042968749999999944, "IZXX": -0.45182291666666663, "IZXI": -0.002604166666666685, "IZIX": 0.05468749999999997, "IIXX": -0.5859375, "IIXI": -0.009114583333333315, "IIIX": 0.032552083333333315, "YYXX": -0.26822916666666663, "YYXI": -0.006510416666666685, "YYIX": 0.019531249999999986, "YIXX": -0.10807291666666666, "YIXI": 0.026041666666666713, "YIIX": -0.015625000000000028, "IYXX": -0.28515625, "IYXI": 0.033854166666666685, "IYIX": -0.015625, "XXXX": 0.2421875, "XXXI": -0.033854166666666685, "XXIX": -0.0078125, "XIXX": 0.13541666666666669, "XIXI": 0.013020833333333301, "XIIX": 0.013020833333333356, "IXXX": -0.1328125, "IXXI": 0.0078125, "IXIX": -0.013020833333333322, "YYYY": 0.23828125, "YYYI": -0.014322916666666685, "YYIY": -0.04817708333333337, "YIYY": 0.08203124999999997, "YIYI": -0.05859375000000001, "YIIY": -0.05338541666666668, "IYYY": 0.28385416666666663, "IYYI": -0.013020833333333315, "IYIY": -0.0078125, "ZZZZ": 0.8203125, "ZZZI": -0.028645833333333315, "ZZIZ": -0.028645833333333315, "ZIZZ": 0.8854166666666667, "ZIZI": -0.036458333333333315, "ZIIZ": -0.036458333333333315, "IZZZ": 0.7213541666666667, "IZZI": -0.044270833333333315, "IZIZ": -0.044270833333333315, "YZZY": 0.00625, "YXYX": 0.1125, "ZXZX": -0.015625, "XYYX": 0.1625, "YZYZ": -0.05625, "ZYZY": -0.078125, "ZYYZ": -0.015625, "XZZX": -0.06875, "ZXXZ": 0.08125, "YXXY": 0.128125, "XYXY": 0.19375, "XZXZ": 0.059375}