{"XXZZ": -0.3606770833333333, "XXZI": 0.055989583333333315, "XXIZ": 0.055989583333333315, "XXII": -0.3606770833333333, "XIZZ": -0.17057291666666663, "XIZI": 0.00390625, "XIIZ": 0.00390625, "XIII": -0.17057291666666663, "IXZZ": 0.17708333333333331, "IXZI": -0.031250000000000014, "IXIZ": -0.031250000000000014, "IXII": 0.17708333333333331, "IIZZ": 1.0, "IIZI": -0.08072916666666657, "IIIZ": -0.08072916666666657, "IIII": 1.0, "YYZZ": 0.4036458333333333, "YYZI": 0.040364583333333315, "YYIZ": 0.040364583333333315, "YYII": 0.4036458333333333, "YIZZ": 0.21093749999999997, "YIZI": 0.04557291666666666, "YIIZ": 0.04557291666666666, "YIII": 0.21093749999999997, "IYZZ": 0.484375, "IYZI": 0.03515625, "IYIZ": 0.03515625, "IYII": 0.484375, "XXYY": -0.19010416666666669, "XXYI": -0.0013020833333333703, "XXIY": 0.0026041666666666713, "XIYY": -0.06510416666666666, "XIYI": 0.011718749999999986, "XIIY": 0.03645833333333332, "IXYY": 0.11067708333333333, "IXYI": 0.013020833333333343, "IXIY": 0.0013020833333333565, "IIYY": 0.5325520833333334, "IIYI": 0.03645833333333326, "IIIY": 0.01432291666666663, "ZZYY": 0.48697916666666663, "ZZYI": 0.002604166666666685, "ZZIY": -0.011718750000000028, "ZZII": 0.83203125, "ZIYY": 0.5208333333333333, "ZIYI": -0.005208333333333315, "ZIIY": -0.022135416666666657, "ZIII": 0.8997395833333333, "IZYY": 0.4388020833333333, "IZYI": -0.0013020833333332593, "IZIY": -0.02604166666666663, "IZII": 0.7473958333333333, "ZZXX": -0.4856770833333334, "ZZXI": -0.045572916666666685, "ZZIX": 0.029947916666666685, "ZIXX": -0.5013020833333334, "ZIXI": -0.01692708333333337, "ZIIX": 0.01692708333333337, "IZXX": -0.4322916666666667, "IZXI": -0.026041666666666685, "IZIX": 0.020833333333333426, "IIXX": -0.5625, "IIXI": -0.033854166666666574, "IIIX": 0.01822916666666663, "YYXX": -0.23307291666666669, "YYXI": 0.018229166666666685, "YYIX": -0.029947916666666685, "YIXX": -0.08203125, "YIXI": -0.0078124999999999445, "YIIX": -0.022135416666666734, "IYXX": -0.25390625, "IYXI": -0.02083333333333337, "IYIX": -0.02994791666666663, "XXXX": 0.21874999999999997, "XXXI": 0.016927083333333343, "XXIX": -0.022135416666666657, "XIXX": 0.11979166666666669, "XIXI": -0.029947916666666685, "XIIX": 0.02473958333333337, "IXXX": -0.140625, "IXXI": -0.029947916666666685, "IXIX": 0.027343750000000014, "YYYY": 0.23046875, "YYYI": -0.006510416666666685, "YYIY": 0.01041666666666663, "YIYY": 0.12239583333333336, "YIYI": 0.005208333333333398, "YIIY": -0.001302083333333287, "IYYY": 0.28125, "IYYI": 0.015625000000000056, "IYIY": 0.01953125, "ZZZZ": 0.8697916666666667, "ZZZI": -0.08333333333333331, "ZZIZ": -0.08333333333333331, "ZIZZ": 0.8554687500000001, "ZIZI": -0.10286458333333337, "ZIIZ": -0.10286458333333337, "IZZZ": 0.7486979166666667, "IZZI": -0.09765625000000006, "IZIZ": -0.09765625000000006, "YZZY": 0.0125, "YXYX": 0.190625, "ZXZX": 0.0, "XYYX": 0.196875, "YZYZ": 0.01875, "ZYZY": -0.003125, "ZYYZ": -0.059375, "XZZX": 0.009375, "ZXXZ": 0.059375, "YXXY": 0.0875, "XYXY": 0.171875, "XZXZ": -0.01875}