{"XXZZ": -0.33984375, "XXZI": 0.03515625, "XXIZ": 0.03515625, "XXII": -0.33984375, "XIZZ": -0.1744791666666667, "XIZI": 0.06770833333333329, "XIIZ": 0.06770833333333329, "XIII": -0.1744791666666667, "IXZZ": 0.12369791666666669, "IXZI": -0.0013020833333333148, "IXIZ": -0.0013020833333333148, "IXII": 0.12369791666666669, "IIZZ": 1.0, "IIZI": -0.0703125, "IIIZ": -0.0703125, "IIII": 1.0, "YYZZ": 0.42578125, "YYZI": -0.01432291666666663, "YYIZ": -0.01432291666666663, "YYII": 0.42578125, "YIZZ": 0.2434895833333333, "YIZI": 0.003906250000000028, "YIIZ": 0.003906250000000028, "YIII": 0.2434895833333333, "IYZZ": 0.5416666666666667, "IYZI": 0.057291666666666685, "IYIZ": 0.057291666666666685, "IYII": 0.5416666666666667, "XXYY": -0.24348958333333337, "XXYI": -0.006510416666666685, "XXIY": 0.02734375, "XIYY": -0.10807291666666669, "XIYI": -0.011718749999999944, "XIIY": 0.014322916666666692, "IXYY": 0.125, "IXYI": 0.04947916666666668, "IXIY": 0.03906250000000001, "IIYY": 0.5625, "IIYI": 0.02864583333333326, "IIIY": -0.02604166666666674, "ZZYY": 0.45963541666666663, "ZZYI": -0.03255208333333337, "ZZIY": -0.020833333333333398, "ZZII": 0.8255208333333334, "ZIYY": 0.4895833333333333, "ZIYI": -0.020833333333333315, "ZIIY": -0.0013020833333333148, "ZIII": 0.8684895833333333, "IZYY": 0.4010416666666666, "IZYI": -0.049479166666666685, "IZIY": -0.019531250000000056, "IZII": 0.72265625, "ZZXX": -0.51953125, "ZZXI": -0.031250000000000056, "ZZIX": 0.033854166666666685, "ZIXX": -0.52734375, "ZIXI": -0.03645833333333337, "ZIIX": 0.03125, "IZXX": -0.44791666666666663, "IZXI": -0.02213541666666663, "IZIX": 0.024739583333333343, "IIXX": -0.6041666666666667, "IIXI": -0.04557291666666663, "IIIX": 0.04557291666666674, "YYXX": -0.22916666666666669, "YYXI": -0.03515625, "YYIX": -0.01692708333333333, "YIXX": -0.11848958333333329, "YIXI": -0.03125, "YIIX": -0.0234375, "IYXX": -0.25390625, "IYXI": -0.002604166666666685, "IYIX": -0.0078125, "XXXX": 0.20833333333333331, "XXXI": 0.01432291666666663, "XXIX": 0.01171875, "XIXX": 0.09244791666666666, "XIXI": -0.07291666666666666, "XIIX": 0.03645833333333334, "IXXX": -0.12890625, "IXXI": 0.023437500000000014, "IXIX": 0.0026041666666666435, "YYYY": 0.23828125, "YYYI": 0.009114583333333315, "YYIY": 0.015625, "YIYY": 0.04687500000000002, "YIYI": -0.015625000000000028, "YIIY": -0.02734375000000002, "IYYY": 0.2578125, "IYYI": -0.049479166666666685, "IYIY": -0.011718750000000014, "ZZZZ": 0.8424479166666667, "ZZZI": -0.046875, "ZZIZ": -0.046875, "ZIZZ": 0.8828125, "ZIZI": -0.03776041666666674, "ZIIZ": -0.03776041666666674, "IZZZ": 0.74609375, "IZZI": -0.0546875, "IZIZ": -0.0546875, "YZZY": -0.003125, "YXYX": 0.10625, "ZXZX": 0.05, "XYYX": 0.215625, "YZYZ": -0.021875, "ZYZY": 0.009375, "ZYYZ": -0.04375, "XZZX": 0.06875, "ZXXZ": 0.05625, "YXXY": 0.184375, "XYXY": 0.190625, "XZXZ": 0.05625}