{"XXZZ": -0.3385416666666667, "XXZI": -0.02083333333333337, "XXIZ": -0.02083333333333337, "XXII": -0.3385416666666667, "XIZZ": -0.13671875, "XIZI": -0.009114583333333315, "XIIZ": -0.009114583333333315, "XIII": -0.13671875, "IXZZ": 0.13151041666666669, "IXZI": 0.01171875, "IXIZ": 0.01171875, "IXII": 0.13151041666666669, "IIZZ": 1.0, "IIZI": -0.05989583333333326, "IIIZ": -0.05989583333333326, "IIII": 1.0, "YYZZ": 0.4270833333333333, "YYZI": 0.002604166666666685, "YYIZ": 0.002604166666666685, "YYII": 0.4270833333333333, "YIZZ": 0.20182291666666669, "YIZI": 0.029947916666666685, "YIIZ": 0.029947916666666685, "YIII": 0.20182291666666669, "IYZZ": 0.4830729166666667, "IYZI": -0.0013020833333333148, "IYIZ": -0.0013020833333333148, "IYII": 0.4830729166666667, "XXYY": -0.20963541666666669, "XXYI": 0.015625, "XXIY": -0.04427083333333333, "XIYY": -0.0703125, "XIYI": -0.01953125, "XIIY": -0.016927083333333315, "IXYY": 0.07682291666666666, "IXYI": 0.015625, "IXIY": 0.03385416666666666, "IIYY": 0.5677083333333334, "IIYI": -0.01171875, "IIIY": 0.0013020833333333703, "ZZYY": 0.45182291666666674, "ZZYI": -0.033854166666666574, "ZZIY": -0.031249999999999917, "ZZII": 0.85546875, "ZIYY": 0.4908854166666667, "ZIYI": -0.026041666666666685, "ZIIY": -0.005208333333333315, "ZIII": 0.8763020833333333, "IZYY": 0.41145833333333337, "IZYI": -0.027343749999999944, "IZIY": -0.016927083333333287, "IZII": 0.7604166666666667, "ZZXX": -0.4752604166666667, "ZZXI": -0.010416666666666685, "ZZIX": 0.010416666666666685, "ZIXX": -0.47265624999999994, "ZIXI": -0.026041666666666685, "ZIIX": 0.057291666666666685, "IZXX": -0.42968750000000006, "IZXI": -0.024739583333333315, "IZIX": 0.032552083333333315, "IIXX": -0.5390625, "IIXI": -0.0013020833333333148, "IIIX": 0.024739583333333315, "YYXX": -0.26692708333333326, "YYXI": -0.009114583333333343, "YYIX": -0.010416666666666657, "YIXX": -0.14453125, "YIXI": 0.01692708333333333, "YIIX": 0.020833333333333336, "IYXX": -0.25390625, "IYXI": 0.009114583333333343, "IYIX": 0.04687500000000003, "XXXX": 0.21875, "XXXI": 0.014322916666666685, "XXIX": -0.00520833333333337, "XIXX": 0.11067708333333337, "XIXI": 0.005208333333333315, "XIIX": -0.0039062499999999584, "IXXX": -0.09375, "IXXI": -0.040364583333333336, "IXIX": 0.013020833333333322, "YYYY": 0.2513020833333333, "YYYI": 0.0026041666666666574, "YYIY": -0.013020833333333356, "YIYY": 0.13932291666666666, "YIYI": -0.02083333333333333, "YIIY": -0.031249999999999993, "IYYY": 0.2682291666666667, "IYYI": -0.0013020833333333703, "IYIY": -0.02734375000000007, "ZZZZ": 0.8671875, "ZZZI": -0.08333333333333331, "ZZIZ": -0.08333333333333331, "ZIZZ": 0.8802083333333334, "ZIZI": -0.08072916666666674, "ZIIZ": -0.08072916666666674, "IZZZ": 0.7708333333333333, "IZZI": -0.09895833333333331, "IZIZ": -0.09895833333333331, "YZZY": 0.003125, "YXYX": 0.146875, "ZXZX": 0.003125, "XYYX": 0.215625, "YZYZ": -0.08125, "ZYZY": -0.046875, "ZYYZ": -0.046875, "XZZX": -0.003125, "ZXXZ": 0.01875, "YXXY": 0.096875, "XYXY": 0.225, "XZXZ": -0.028125}