{"XXZZ": -0.3828125, "XXZI": 0.0, "XXIZ": 0.0, "XXII": -0.3828125, "XIZZ": -0.14453125000000008, "XIZI": 0.011718750000000028, "XIIZ": 0.011718750000000028, "XIII": -0.14453125000000008, "IXZZ": 0.21744791666666669, "IXZI": 0.01692708333333333, "IXIZ": 0.01692708333333333, "IXII": 0.21744791666666669, "IIZZ": 1.0, "IIZI": -0.06770833333333337, "IIIZ": -0.06770833333333337, "IIII": 1.0, "YYZZ": 0.41015625000000006, "YYZI": 0.0013020833333333148, "YYIZ": 0.0013020833333333148, "YYII": 0.41015625000000006, "YIZZ": 0.1627604166666667, "YIZI": -0.019531250000000028, "YIIZ": -0.019531250000000028, "YIII": 0.1627604166666667, "IYZZ": 0.5052083333333334, "IYZI": -0.03125, "IYIZ": -0.03125, "IYII": 0.5052083333333334, "XXYY": -0.23828124999999997, "XXYI": -0.06119791666666671, "XXIY": -0.03776041666666666, "XIYY": -0.054687500000000014, "XIYI": -0.033854166666666616, "XIIY": 4.163336342344337e-17, "IXYY": 0.10286458333333334, "IXYI": -0.00390625, "IXIY": 0.01171875, "IIYY": 0.5390625, "IIYI": 0.046875, "IIIY": 0.0, "ZZYY": 0.47135416666666674, "ZZYI": -0.01953125, "ZZIY": -0.02083333333333337, "ZZII": 0.8554687500000001, "ZIYY": 0.4856770833333333, "ZIYI": -0.020833333333333315, "ZIIY": -0.006510416666666685, "ZIII": 0.8854166666666667, "IZYY": 0.42708333333333337, "IZYI": -0.02734375, "IZIY": -0.018229166666666657, "IZII": 0.7643229166666667, "ZZXX": -0.5377604166666666, "ZZXI": 0.00390625, "ZZIX": -0.04817708333333337, "ZIXX": -0.5143229166666666, "ZIXI": 0.02473958333333326, "ZIIX": -0.04817708333333337, "IZXX": -0.46354166666666663, "IZXI": 0.015625, "IZIX": -0.02604166666666663, "IIXX": -0.5885416666666667, "IIXI": 0.013020833333333315, "IIIX": -0.054687500000000056, "YYXX": -0.28255208333333337, "YYXI": 0.02213541666666663, "YYIX": -0.023437499999999944, "YIXX": -0.13671874999999997, "YIXI": 0.00390625, "YIIX": -0.0234375, "IYXX": -0.28515625, "IYXI": -0.016927083333333315, "IYIX": -0.01822916666666663, "XXXX": 0.23958333333333331, "XXXI": 0.014322916666666685, "XXIX": 0.001302083333333301, "XIXX": 0.1015625, "XIXI": -0.01171875, "XIIX": -0.011718750000000007, "IXXX": -0.09375, "IXXI": 0.006510416666666685, "IXIX": 0.009114583333333315, "YYYY": 0.20312500000000006, "YYYI": 0.023437499999999972, "YYIY": 0.018229166666666616, "YIYY": 0.09244791666666663, "YIYI": -0.00390625, "YIIY": -0.003906250000000007, "IYYY": 0.30078125, "IYYI": 0.009114583333333343, "IYIY": 0.0013020833333333426, "ZZZZ": 0.8216145833333334, "ZZZI": -0.09895833333333337, "ZZIZ": -0.09895833333333337, "ZIZZ": 0.87890625, "ZIZI": -0.059895833333333315, "ZIIZ": -0.059895833333333315, "IZZZ": 0.7135416666666666, "IZZI": -0.08723958333333337, "IZIZ": -0.08723958333333337, "YZZY": 0.0, "YXYX": 0.203125, "ZXZX": -0.05, "XYYX": 0.2, "YZYZ": -0.021875, "ZYZY": 0.04375, "ZYYZ": -0.06875, "XZZX": -0.05, "ZXXZ": -0.003125, "YXXY": 0.21875, "XYXY": 0.190625, "XZXZ": 0.04375}