{"XXZZ": -0.3697916666666667, "XXZI": 0.014322916666666685, "XXIZ": 0.014322916666666685, "XXII": -0.3697916666666667, "XIZZ": -0.14192708333333337, "XIZI": 0.0026041666666666297, "XIIZ": 0.0026041666666666297, "XIII": -0.14192708333333337, "IXZZ": 0.12630208333333334, "IXZI": -2.7755575615628914e-17, "IXIZ": -2.7755575615628914e-17, "IXII": 0.12630208333333334, "IIZZ": 1.0, "IIZI": -0.02734375, "IIIZ": -0.02734375, "IIII": 1.0, "YYZZ": 0.41796875, "YYZI": -0.009114583333333343, "YYIZ": -0.009114583333333343, "YYII": 0.41796875, "YIZZ": 0.18880208333333331, "YIZI": -0.009114583333333315, "YIIZ": -0.009114583333333315, "YIII": 0.18880208333333331, "IYZZ": 0.5026041666666666, "IYZI": -0.01822916666666663, "IYIZ": -0.01822916666666663, "IYII": 0.5026041666666666, "XXYY": -0.21093749999999997, "XXYI": -0.020833333333333343, "XXIY": -0.0013020833333333426, "XIYY": -0.12369791666666667, "XIYI": -0.05598958333333333, "XIIY": -0.010416666666666671, "IXYY": 0.125, "IXYI": -0.005208333333333315, "IXIY": -0.009114583333333315, "IIYY": 0.56640625, "IIYI": 0.01171875, "IIIY": 0.033854166666666685, "ZZYY": 0.47395833333333337, "ZZYI": -0.015625000000000056, "ZZIY": -0.0039062499999999722, "ZZII": 0.8502604166666667, "ZIYY": 0.5013020833333333, "ZIYI": -0.019531249999999944, "ZIIY": -0.002604166666666574, "ZIII": 0.9140625, "IZYY": 0.43229166666666663, "IZYI": -0.023437500000000056, "IZIY": -0.014322916666666713, "IZII": 0.7799479166666667, "ZZXX": -0.5, "ZZXI": -0.02213541666666663, "ZZIX": -0.005208333333333287, "ZIXX": -0.51171875, "ZIXI": -0.026041666666666685, "ZIIX": 0.011718749999999944, "IZXX": -0.4427083333333333, "IZXI": -0.035156250000000056, "IZIX": 5.551115123125783e-17, "IIXX": -0.5794270833333334, "IIXI": -0.013020833333333426, "IIIX": 0.01171875, "YYXX": -0.20182291666666669, "YYXI": 0.04947916666666666, "YYIX": -0.042968749999999986, "YIXX": -0.08463541666666673, "YIXI": 0.0208333333333333, "YIIX": -0.009114583333333329, "IYXX": -0.31380208333333326, "IYXI": 0.028645833333333287, "IYIX": -0.03255208333333334, "XXXX": 0.19661458333333334, "XXXI": 0.010416666666666685, "XXIX": -0.02734375, "XIXX": 0.0729166666666666, "XIXI": 0.016927083333333343, "XIIX": -0.02864583333333335, "IXXX": -0.09375, "IXXI": 0.03255208333333334, "IXIX": -0.023437499999999993, "YYYY": 0.22005208333333334, "YYYI": -0.018229166666666657, "YYIY": -0.0013020833333333426, "YIYY": 0.08984375000000003, "YIYI": -0.01302083333333335, "YIIY": 0.01171874999999998, "IYYY": 0.27734375, "IYYI": -0.013020833333333315, "IYIY": -0.006510416666666657, "ZZZZ": 0.8580729166666667, "ZZZI": -0.014322916666666685, "ZZIZ": -0.014322916666666685, "ZIZZ": 0.8815104166666665, "ZIZI": -0.014322916666666685, "ZIIZ": -0.014322916666666685, "IZZZ": 0.7552083333333333, "IZZI": -0.020833333333333315, "IZIZ": -0.020833333333333315, "YZZY": 0.0, "YXYX": 0.1875, "ZXZX": -0.040625, "XYYX": 0.18125, "YZYZ": 0.0625, "ZYZY": 0.003125, "ZYYZ": 0.0125, "XZZX": 0.015625, "ZXXZ": 0.009375, "YXXY": 0.16875, "XYXY": 0.203125, "XZXZ": -0.0875}