{"XXZZ": -0.39192708333333337, "XXZI": 0.04036458333333334, "XXIZ": 0.04036458333333334, "XXII": -0.39192708333333337, "XIZZ": -0.109375, "XIZI": -0.007812500000000056, "XIIZ": -0.007812500000000056, "XIII": -0.109375, "IXZZ": 0.12630208333333331, "IXZI": 0.011718750000000014, "IXIZ": 0.011718750000000014, "IXII": 0.12630208333333331, "IIZZ": 1.0, "IIZI": -0.04427083333333326, "IIIZ": -0.04427083333333326, "IIII": 1.0, "YYZZ": 0.3736979166666667, "YYZI": 0.026041666666666685, "YYIZ": 0.026041666666666685, "YYII": 0.3736979166666667, "YIZZ": 0.16015625, "YIZI": -0.01041666666666663, "YIIZ": -0.01041666666666663, "YIII": 0.16015625, "IYZZ": 0.5390625, "IYZI": 0.04036458333333337, "IYIZ": 0.04036458333333337, "IYII": 0.5390625, "XXYY": -0.22265624999999997, "XXYI": -0.014322916666666685, "XXIY": -0.014322916666666685, "XIYY": -0.09114583333333334, "XIYI": -0.03125000000000002, "XIIY": -0.057291666666666664, "IXYY": 0.1028645833333333, "IXYI": 0.027343750000000014, "IXIY": 0.003906250000000014, "IIYY": 0.59375, "IIYI": 0.005208333333333259, "IIIY": 0.0026041666666667407, "ZZYY": 0.4934895833333333, "ZZYI": 0.019531250000000056, "ZZIY": 0.029947916666666685, "ZZII": 0.8815104166666667, "ZIYY": 0.5065104166666667, "ZIYI": 0.01953125, "ZIIY": 0.01692708333333337, "ZIII": 0.8919270833333334, "IZYY": 0.44791666666666663, "IZYI": 0.03645833333333337, "IZIY": 0.028645833333333398, "IZII": 0.7812499999999999, "ZZXX": -0.484375, "ZZXI": 0.00911458333333326, "ZZIX": -0.015624999999999972, "ZIXX": -0.5026041666666667, "ZIXI": 0.006510416666666685, "ZIIX": -0.020833333333333315, "IZXX": -0.42317708333333326, "IZXI": 0.02864583333333326, "IZIX": -0.03255208333333323, "IIXX": -0.57421875, "IIXI": 0.002604166666666685, "IIIX": -0.01432291666666663, "YYXX": -0.21744791666666663, "YYXI": -0.0078125, "YYIX": 0.0078125, "YIXX": -0.08984375000000006, "YIXI": 0.0026041666666666297, "YIIX": -0.005208333333333315, "IYXX": -0.265625, "IYXI": 0.016927083333333287, "IYIX": -0.0013020833333333426, "XXXX": 0.25520833333333326, "XXXI": 0.009114583333333343, "XXIX": -0.028645833333333343, "XIXX": 0.109375, "XIXI": 0.032552083333333315, "XIIX": -0.04687500000000001, "IXXX": -0.12890624999999997, "IXXI": 0.013020833333333343, "IXIX": 0.022135416666666657, "YYYY": 0.24348958333333334, "YYYI": -0.009114583333333343, "YYIY": 0.013020833333333343, "YIYY": 0.10807291666666663, "YIYI": -0.022135416666666644, "YIIY": 0.005208333333333336, "IYYY": 0.3138020833333333, "IYYI": -0.032552083333333315, "IYIY": 0.002604166666666685, "ZZZZ": 0.8359375, "ZZZI": -0.09375000000000011, "ZZIZ": -0.09375000000000011, "ZIZZ": 0.88671875, "ZIZI": -0.07942708333333337, "ZIIZ": -0.07942708333333337, "IZZZ": 0.75390625, "IZZI": -0.10286458333333337, "IZIZ": -0.10286458333333337, "YZZY": 0.0125, "YXYX": 0.1, "ZXZX": -0.03125, "XYYX": 0.1875, "YZYZ": 0.003125, "ZYZY": -0.009375, "ZYYZ": -0.015625, "XZZX": 0.009375, "ZXXZ": -0.0375, "YXXY": 0.209375, "XYXY": 0.125, "XZXZ": -0.05}