{"XIIX": 3.469446951953614e-18, "XYYX": -0.0636292223095051, "IZZI": -0.02852614896988906, "YYII": 0.34944532488114105, "YYYY": 0.12836767036450078, "IXIX": -0.021394611727416794, "XXZZ": -0.19255150554675116, "XZXZ": -0.06418383518225039, "YZYZ": 0.0, "ZXZX": 0.06418383518225039, "IXXI": -0.0427892234548336, "YIIY": -0.007131537242472286, "IIZZ": 0.7916006339144215, "ZYZY": 0.0, "YXXY": 0.12836767036450075, "IZIZ": 0.0, "XXII": -0.32091917591125196, "XXYY": -0.12836767036450075, "IYYI": 0.05705229793977812, "ZIZI": -0.007131537242472256, "IIYY": 0.44928684627575277, "XZZX": -0.06418383518225039, "XYXY": 0.12836767036450075, "ZYYZ": 0.12836767036450075, "IIXX": -0.46354992076069734, "YYXX": -0.19255150554675116, "XIXI": -0.007131537242472265, "YIYI": 0.014263074484944533, "ZZZZ": 0.6418383518225039, "ZZII": 0.7559429477020603, "ZZXX": -0.3851030110935023, "YZZY": 0.0, "IIII": 1.0, "IYIY": -0.021394611727416808, "YYZZ": 0.25673534072900156, "ZZYY": 0.32091917591125196, "YXYX": 0.0, "ZXXZ": 0.0, "XXXX": 0.1272584446190102, "ZIIZ": 0.035657686212361345}