{"XIIX": -0.06418383518225042, "XYYX": 0.19255150554675116, "IZZI": -0.028526148969889066, "YYII": 0.37797147385103014, "YYYY": 0.19255150554675116, "IXIX": 0.007131537242472277, "XXZZ": -0.32091917591125196, "XZXZ": 0.0, "YZYZ": 0.12836767036450078, "ZXZX": -0.12836767036450078, "IXXI": 6.938893903907228e-18, "YIIY": 0.007131537242472268, "IIZZ": 0.8201267828843107, "ZYZY": -0.06418383518225036, "YXXY": 0.12836767036450075, "IZIZ": -0.028526148969889066, "XXII": -0.32091917591125196, "XXYY": -0.12836767036450078, "IYYI": -0.014263074484944531, "ZIZI": -0.04992076069730586, "IIYY": 0.4920760697305864, "XZZX": -0.06418383518225039, "XYXY": 0.19255150554675116, "ZYYZ": -0.06418383518225039, "IIXX": -0.45641838351822506, "YYXX": -0.12836767036450075, "XIXI": -0.007131537242472265, "YIYI": 0.014263074484944538, "ZZZZ": 0.5776545166402535, "ZZII": 0.7559429477020603, "ZZXX": -0.19255150554675116, "YZZY": -0.06418383518225039, "IIII": 1.0, "IYIY": 0.014263074484944538, "YYZZ": 0.3851030110935023, "ZZYY": 0.5134706814580032, "YXYX": 0.12836767036450078, "ZXXZ": -2.7755575615628914e-17, "XXXX": 0.12836767036450078, "ZIIZ": 0.0427892234548336}