{"XIIX": 0.04992076069730587, "XYYX": 0.1925515055467511, "IZZI": -0.021394611727416794, "YYII": 0.3565768621236133, "YYYY": 0.2567353407290015, "IXIX": 0.03565768621236131, "XXZZ": -0.2545168892380204, "XZXZ": 0.12836767036450078, "YZYZ": 0.06418383518225039, "ZXZX": 0.0, "IXXI": -0.035657686212361324, "YIIY": -0.014263074484944521, "IIZZ": 0.7916006339144215, "ZYZY": -0.06418383518225039, "YXXY": 0.06418383518225039, "IZIZ": 0.057052297939778125, "XXII": -0.3066561014263075, "XXYY": -0.19255150554675116, "IYYI": -0.021394611727416822, "ZIZI": -0.028526148969889056, "IIYY": 0.4595443833464258, "XZZX": 2.7755575615628914e-17, "XYXY": 0.1272584446190102, "ZYYZ": 0.0, "IIXX": -0.4635499207606973, "YYXX": -0.12836767036450078, "XIXI": 0.028526148969889073, "YIYI": 0.021394611727416787, "ZZZZ": 0.6418383518225038, "ZZII": 0.7702060221870048, "ZZXX": -0.3851030110935023, "YZZY": 0.0, "IIII": 1.0, "IYIY": -3.469446951953614e-18, "YYZZ": 0.32091917591125196, "ZZYY": 0.38510301109350237, "YXYX": 0.06418383518225039, "ZXXZ": -0.06418383518225036, "XXXX": 0.19255150554675116, "ZIIZ": 0.014263074484944535}