{"XIIX": 0.021394611727416787, "XYYX": 0.12836767036450078, "IZZI": -0.03565768621236134, "YYII": 0.34231378763866877, "YYYY": 0.19255150554675116, "IXIX": 0.03565768621236133, "XXZZ": -0.12836767036450078, "XZXZ": 0.06418383518225036, "YZYZ": 0.0, "ZXZX": 0.06418383518225039, "IXXI": 0.014263074484944533, "YIIY": -0.02852614896988908, "IIZZ": 0.8201267828843106, "ZYZY": -0.06418383518225036, "YXXY": 0.06418383518225039, "IZIZ": 0.0213946117274168, "XXII": -0.3280507131537242, "XXYY": -0.25673534072900156, "IYYI": 0.04241948153967009, "ZIZI": -0.042789223454833596, "IIYY": 0.4564183835182251, "XZZX": -0.12836767036450078, "XYXY": 0.12836767036450075, "ZYYZ": 0.0, "IIXX": -0.44215530903328043, "YYXX": -0.19255150554675116, "XIXI": -0.01426307448494453, "YIYI": 0.028526148969889066, "ZZZZ": 0.6418383518225038, "ZZII": 0.777337559429477, "ZZXX": -0.3851030110935023, "YZZY": -0.06418383518225039, "IIII": 1.0, "IYIY": 0.03565768621236133, "YYZZ": 0.19255150554675116, "ZZYY": 0.38510301109350237, "YXYX": -0.06418383518225039, "ZXXZ": -0.06418383518225036, "XXXX": 0.19255150554675116, "ZIIZ": 0.0}