{"XIIX": 0.021394611727416808, "XYYX": 0.12836767036450075, "IZZI": 0.014263074484944543, "YYII": 0.349445324881141, "YYYY": 0.06418383518225039, "IXIX": 0.007131537242472244, "XXZZ": -0.32091917591125196, "XZXZ": 0.0, "YZYZ": 0.0, "ZXZX": 0.06418383518225039, "IXXI": -0.057052297939778125, "YIIY": -1.734723475976807e-18, "IIZZ": 0.7844690966719492, "ZYZY": 0.19255150554675116, "YXXY": 0.12836767036450075, "IZIZ": -1.3877787807814457e-17, "XXII": -0.2709984152139461, "XXYY": -0.3209191759112519, "IYYI": 0.035657686212361324, "ZIZI": 0.028526148969889066, "IIYY": 0.4778129952456419, "XZZX": -0.06418383518225039, "XYXY": 0.06418383518225036, "ZYYZ": -0.12836767036450078, "IIXX": -0.46661429693637074, "YYXX": -0.12836767036450078, "XIXI": -0.03565768621236134, "YIYI": 0.014263074484944535, "ZZZZ": 0.5726630007855458, "ZZII": 0.7773375594294769, "ZZXX": -0.3209191759112519, "YZZY": 0.1908876669285153, "IIII": 1.0, "IYIY": -0.028526148969889066, "YYZZ": 0.32091917591125196, "ZZYY": 0.3851030110935023, "YXYX": 0.06418383518225039, "ZXXZ": -0.12836767036450078, "XXXX": 0.19255150554675116, "ZIIZ": 0.021394611727416808}