{"XIIX": -0.014263074484944531, "XYYX": 0.0, "IZZI": -0.05705229793977812, "YYII": 0.3565768621236133, "YYYY": 0.0, "IXIX": 1.3877787807814457e-17, "XXZZ": -0.25673534072900156, "XZXZ": -0.06418383518225036, "YZYZ": 0.0, "ZXZX": 0.0636292223095051, "IXXI": -0.007131537242472272, "YIIY": 0.0213946117274168, "IIZZ": 0.805863708399366, "ZYZY": 0.06418383518225039, "YXXY": 0.06418383518225039, "IZIZ": -0.0641838351822504, "XXII": -0.32091917591125196, "XXYY": -0.0636292223095051, "IYYI": -0.00713153724247226, "ZIZI": 0.021394611727416794, "IIYY": 0.45641838351822506, "XZZX": -0.06418383518225039, "XYXY": 0.06418383518225039, "ZYYZ": 0.12836767036450078, "IIXX": -0.427892234548336, "YYXX": -0.12836767036450078, "XIXI": -0.042789223454833596, "YIYI": 0.07131537242472265, "ZZZZ": 0.6418383518225038, "ZZII": 0.7844690966719494, "ZZXX": -0.3851030110935023, "YZZY": -0.06418383518225036, "IIII": 1.0, "IYIY": 0.03565768621236132, "YYZZ": 0.3209191759112519, "ZZYY": 0.4492868462757527, "YXYX": 0.0, "ZXXZ": 0.06418383518225039, "XXXX": 0.1272584446190102, "ZIIZ": -0.028526148969889066}