{"XIIX": -0.014263074484944537, "XYYX": 0.06418383518225039, "IZZI": 1.3877787807814457e-17, "YYII": 0.31378763866877973, "YYYY": 0.19255150554675116, "IXIX": -0.007131537242472251, "XXZZ": -0.25673534072900156, "XZXZ": 0.06418383518225039, "YZYZ": 0.0, "ZXZX": 0.0, "IXXI": 0.028526148969889066, "YIIY": -0.007131537242472251, "IIZZ": 0.8129952456418383, "ZYZY": -0.06418383518225036, "YXXY": 0.12836767036450078, "IZIZ": 6.938893903907228e-18, "XXII": -0.29239302694136293, "XXYY": -0.12836767036450075, "IYYI": -0.02852614896988908, "ZIZI": 0.01426307448494453, "IIYY": 0.46354992076069734, "XZZX": 0.06418383518225039, "XYXY": 0.06418383518225039, "ZYYZ": 0.0, "IIXX": -0.4421553090332805, "YYXX": -0.12836767036450078, "XIXI": -0.028526148969889056, "YIYI": 1.734723475976807e-18, "ZZZZ": 0.7060221870047542, "ZZII": 0.7916006339144215, "ZZXX": -0.32091917591125196, "YZZY": -0.06418383518225036, "IIII": 1.0, "IYIY": 0.04992076069730587, "YYZZ": 0.19255150554675116, "ZZYY": 0.3209191759112519, "YXYX": -2.7755575615628914e-17, "ZXXZ": -0.06418383518225042, "XXXX": 0.19255150554675116, "ZIIZ": 0.021394611727416787}