{"XIIX": 0.014139827179890024, "XYYX": 0.0, "IZZI": -0.08557844690966719, "YYII": 0.39223454833597465, "YYYY": 0.06418383518225036, "IXIX": -0.007131537242472272, "XXZZ": -0.19255150554675116, "XZXZ": -0.06418383518225036, "YZYZ": 0.0, "ZXZX": -2.7755575615628914e-17, "IXXI": -6.938893903907228e-18, "YIIY": -0.0213946117274168, "IIZZ": 0.8129952456418383, "ZYZY": 0.06418383518225039, "YXXY": 0.12836767036450078, "IZIZ": -0.02852614896988906, "XXII": -0.29952456418383516, "XXYY": -0.19255150554675116, "IYYI": 0.021394611727416808, "ZIZI": -0.014263074484944543, "IIYY": 0.44928684627575277, "XZZX": 0.06418383518225039, "XYXY": 2.7755575615628914e-17, "ZYYZ": 0.12836767036450078, "IIXX": -0.4421553090332805, "YYXX": -0.12836767036450078, "XIXI": 0.028526148969889073, "YIYI": 0.04241948153967007, "ZZZZ": 0.5776545166402535, "ZZII": 0.7630744849445326, "ZZXX": -0.44928684627575277, "YZZY": 0.0, "IIII": 1.0, "IYIY": -0.042789223454833596, "YYZZ": 0.32091917591125196, "ZZYY": 0.32091917591125196, "YXYX": 2.7755575615628914e-17, "ZXXZ": 0.0, "XXXX": 0.19255150554675116, "ZIIZ": -0.0071315372424722735}