{"XIIX": 3.469446951953614e-18, "XYYX": 0.12836767036450078, "IZZI": -0.07131537242472266, "YYII": 0.3851030110935024, "YYYY": 0.19255150554675116, "IXIX": -0.028526148969889045, "XXZZ": -0.32091917591125196, "XZXZ": 0.19255150554675116, "YZYZ": -0.06418383518225036, "ZXZX": -0.0636292223095051, "IXXI": -0.01426307448494453, "YIIY": 0.007131537242472261, "IIZZ": 0.8129952456418382, "ZYZY": 0.06418383518225039, "YXXY": 0.0, "IZIZ": 3.469446951953614e-18, "XXII": -0.3565768621236134, "XXYY": -0.25673534072900156, "IYYI": -0.007131537242472272, "ZIZI": -0.014263074484944526, "IIYY": 0.4635499207606973, "XZZX": -0.06418383518225036, "XYXY": 0.19255150554675116, "ZYYZ": 0.0, "IIXX": -0.44928684627575277, "YYXX": -0.19255150554675116, "XIXI": -0.03565768621236133, "YIYI": -0.007131537242472258, "ZZZZ": 0.6418383518225039, "ZZII": 0.8201267828843106, "ZZXX": -0.32091917591125196, "YZZY": 0.06418383518225039, "IIII": 1.0, "IYIY": 0.049489395129615074, "YYZZ": 0.19255150554675116, "ZZYY": 0.32091917591125196, "YXYX": 0.0, "ZXXZ": 0.0, "XXXX": 0.19255150554675116, "ZIIZ": -0.021394611727416805}