{"XIIX": 0.021209740769835048, "XYYX": 0.19255150554675116, "IZZI": -0.028279654359780037, "YYII": 0.3779714738510301, "YYYY": 0.12836767036450078, "IXIX": -0.03565768621236133, "XXZZ": -0.3209191759112519, "XZXZ": -0.06418383518225036, "YZYZ": -0.06418383518225036, "ZXZX": 0.0, "IXXI": 0.007131537242472263, "YIIY": 0.028526148969889066, "IIZZ": 0.7916006339144217, "ZYZY": 0.12836767036450078, "YXXY": -0.06418383518225036, "IZIZ": -0.014263074484944523, "XXII": -0.3137876386687797, "XXYY": -0.19255150554675116, "IYYI": 0.014263074484944543, "ZIZI": -0.04278922345483361, "IIYY": 0.4350237717908082, "XZZX": 0.12836767036450078, "XYXY": 0.1925515055467511, "ZYYZ": 0.0, "IIXX": -0.49207606973058643, "YYXX": -0.19255150554675116, "XIXI": 0.007131537242472258, "YIYI": 0.042789223454833596, "ZZZZ": 0.5134706814580031, "ZZII": 0.7776904948939515, "ZZXX": -0.4492868462757527, "YZZY": 0.0, "IIII": 1.0, "IYIY": 0.03565768621236132, "YYZZ": 0.12836767036450078, "ZZYY": 0.3851030110935023, "YXYX": 0.19255150554675116, "ZXXZ": -0.06418383518225036, "XXXX": 0.06418383518225039, "ZIIZ": -0.09270998415213946}