{"XIIX": -0.007131537242472265, "XYYX": 0.12836767036450078, "IZZI": -0.03565768621236133, "YYII": 0.3423137876386688, "YYYY": 0.19255150554675116, "IXIX": -0.014263074484944531, "XXZZ": -0.19255150554675116, "XZXZ": 0.0, "YZYZ": 0.0636292223095051, "ZXZX": 0.0, "IXXI": 1.3877787807814457e-17, "YIIY": -0.007131537242472258, "IIZZ": 0.7987321711568938, "ZYZY": 0.0, "YXXY": 0.19255150554675116, "IZIZ": -0.007131537242472258, "XXII": -0.27099841521394613, "XXYY": -0.12836767036450078, "IYYI": -0.0071315372424722735, "ZIZI": -0.02852614896988906, "IIYY": 0.44928684627575277, "XZZX": -0.06418383518225039, "XYXY": 0.1272584446190102, "ZYYZ": 0.19255150554675116, "IIXX": -0.4849445324881141, "YYXX": -0.19255150554675116, "XIXI": 0.014263074484944535, "YIYI": -0.0213946117274168, "ZZZZ": 0.5776545166402535, "ZZII": 0.7987321711568938, "ZZXX": -0.4492868462757527, "YZZY": 0.0, "IIII": 1.0, "IYIY": 0.007131537242472272, "YYZZ": 0.4492868462757527, "ZZYY": 0.4492868462757527, "YXYX": 0.12836767036450078, "ZXXZ": 0.0, "XXXX": 0.19255150554675116, "ZIIZ": -0.02852614896988906}