{"XIIX": 0.014263074484944523, "XYYX": 0.06418383518225039, "IZZI": -0.049920760697305874, "YYII": 0.3565768621236133, "YYYY": 0.12836767036450078, "IXIX": 0.04992076069730586, "XXZZ": -0.06418383518225039, "XZXZ": 0.0, "YZYZ": 0.0, "ZXZX": 0.0636292223095051, "IXXI": -0.028526148969889066, "YIIY": 0.02139461172741679, "IIZZ": 0.7916006339144216, "ZYZY": 0.12836767036450075, "YXXY": 0.1272584446190102, "IZIZ": -0.021394611727416794, "XXII": -0.24247226624405702, "XXYY": -0.12836767036450075, "IYYI": 0.021394611727416815, "ZIZI": -0.0427892234548336, "IIYY": 0.42789223454833597, "XZZX": 0.12836767036450078, "XYXY": 0.06418383518225039, "ZYYZ": -0.1908876669285153, "IIXX": -0.47781299524564186, "YYXX": -0.19255150554675116, "XIXI": -0.014263074484944537, "YIYI": 0.021394611727416808, "ZZZZ": 0.6418383518225039, "ZZII": 0.777337559429477, "ZZXX": -0.4492868462757527, "YZZY": 0.0, "IIII": 1.0, "IYIY": 0.007131537242472261, "YYZZ": 0.1925515055467511, "ZZYY": 0.4492868462757527, "YXYX": 0.06418383518225039, "ZXXZ": 0.06418383518225039, "XXXX": 0.12836767036450075, "ZIIZ": -6.938893903907228e-18}