{"XIIX": -0.0071315372424722665, "XYYX": 0.1272584446190102, "IZZI": -0.04992076069730586, "YYII": 0.3423137876386688, "YYYY": 0.12836767036450075, "IXIX": -0.007131537242472263, "XXZZ": -0.19255150554675116, "XZXZ": 0.0, "YZYZ": 0.0, "ZXZX": 0.12836767036450075, "IXXI": 0.00713153724247228, "YIIY": -6.938893903907228e-18, "IIZZ": 0.8272583201267829, "ZYZY": -0.06418383518225039, "YXXY": 0.1925515055467511, "IZIZ": -0.028526148969889066, "XXII": -0.29952456418383516, "XXYY": -0.19255150554675116, "IYYI": 0.014263074484944528, "ZIZI": -0.04278922345483359, "IIYY": 0.42789223454833597, "XZZX": 0.0, "XYXY": 0.19255150554675116, "ZYYZ": -0.12836767036450075, "IIXX": -0.4920760697305864, "YYXX": -0.2545168892380204, "XIXI": -0.021394611727416794, "YIYI": -0.0213946117274168, "ZZZZ": 0.7702060221870046, "ZZII": 0.7702060221870047, "ZZXX": -0.32091917591125196, "YZZY": -0.06418383518225039, "IIII": 1.0, "IYIY": 0.028526148969889066, "YYZZ": 0.32091917591125196, "ZZYY": 0.12836767036450078, "YXYX": 0.0, "ZXXZ": -0.12836767036450075, "XXXX": 0.2545168892380204, "ZIIZ": -0.04278922345483359}