{"XIIX": -0.007131537242472263, "XYYX": 0.12836767036450075, "IZZI": -0.028526148969889073, "YYII": 0.3423137876386687, "YYYY": 0.25673534072900156, "IXIX": -0.007131537242472272, "XXZZ": -0.19255150554675116, "XZXZ": -0.06418383518225039, "YZYZ": 0.06418383518225036, "ZXZX": -0.06418383518225036, "IXXI": -0.03565768621236133, "YIIY": 0.014263074484944528, "IIZZ": 0.805863708399366, "ZYZY": -0.12836767036450078, "YXXY": 0.12836767036450075, "IZIZ": -0.01426307448494454, "XXII": -0.30665610142630745, "XXYY": -0.19255150554675116, "IYYI": 0.007131537242472261, "ZIZI": -0.07844690966719493, "IIYY": 0.46354992076069734, "XZZX": 0.06418383518225036, "XYXY": 0.12836767036450078, "ZYYZ": 2.7755575615628914e-17, "IIXX": -0.4778129952456418, "YYXX": -0.12836767036450078, "XIXI": -0.028526148969889066, "YIYI": 0.021394611727416794, "ZZZZ": 0.7702060221870046, "ZZII": 0.7916006339144216, "ZZXX": -0.38510301109350237, "YZZY": 0.0636292223095051, "IIII": 1.0, "IYIY": 0.014263074484944535, "YYZZ": 0.25673534072900156, "ZZYY": 0.3851030110935023, "YXYX": 0.12836767036450078, "ZXXZ": 0.0, "XXXX": 0.0, "ZIIZ": 0.021394611727416798}