{"XIIX": -0.021394611727416794, "XYYX": 0.0, "IZZI": -0.0641838351822504, "YYII": 0.36370839936608557, "YYYY": 0.19255150554675116, "IXIX": -0.014263074484944543, "XXZZ": -0.3851030110935023, "XZXZ": 0.06418383518225039, "YZYZ": 0.0, "ZXZX": -0.06418383518225039, "IXXI": 8.673617379884035e-18, "YIIY": -0.007131537242472268, "IIZZ": 0.8272583201267829, "ZYZY": -0.12836767036450078, "YXXY": 0.06418383518225039, "IZIZ": -0.021394611727416808, "XXII": -0.3110761979575805, "XXYY": -0.19255150554675116, "IYYI": 0.042789223454833596, "ZIZI": -0.028279654359780054, "IIYY": 0.4778129952456418, "XZZX": 0.0636292223095051, "XYXY": 0.06418383518225039, "ZYYZ": -0.06418383518225039, "IIXX": -0.4706814580031695, "YYXX": -0.25673534072900156, "XIXI": -0.028526148969889066, "YIYI": 0.01426307448494453, "ZZZZ": 0.6418383518225039, "ZZII": 0.748811410459588, "ZZXX": -0.25673534072900156, "YZZY": 0.12836767036450078, "IIII": 1.0, "IYIY": 0.01426307448494453, "YYZZ": 0.38510301109350237, "ZZYY": 0.19255150554675116, "YXYX": 0.06418383518225039, "ZXXZ": 0.0, "XXXX": 0.25673534072900156, "ZIIZ": 0.03565768621236136}