{"XIIX": -0.014263074484944537, "XYYX": 0.19255150554675116, "IZZI": -0.02852614896988906, "YYII": 0.3993660855784469, "YYYY": 0.38510301109350237, "IXIX": 0.021394611727416774, "XXZZ": -0.25673534072900156, "XZXZ": 0.0, "YZYZ": 2.7755575615628914e-17, "ZXZX": 0.0, "IXXI": -0.03565768621236133, "YIIY": -5.204170427930421e-18, "IIZZ": 0.8201099764336215, "ZYZY": 0.06418383518225036, "YXXY": 0.1925515055467511, "IZIZ": -0.028526148969889073, "XXII": -0.32091917591125196, "XXYY": -0.06418383518225039, "IYYI": -6.938893903907228e-18, "ZIZI": -0.02139461172741679, "IIYY": 0.4421553090332805, "XZZX": 0.12836767036450075, "XYXY": 0.12836767036450075, "ZYYZ": -0.06418383518225039, "IIXX": -0.4920760697305864, "YYXX": -0.19255150554675116, "XIXI": -6.938893903907228e-18, "YIYI": 0.014263074484944531, "ZZZZ": 0.636292223095051, "ZZII": 0.7630744849445326, "ZZXX": -0.38510301109350237, "YZZY": 0.0, "IIII": 1.0, "IYIY": 0.042789223454833596, "YYZZ": 0.2545168892380204, "ZZYY": 0.25673534072900156, "YXYX": 0.06418383518225039, "ZXXZ": 0.0, "XXXX": 0.19255150554675116, "ZIIZ": -0.0427892234548336}