{"XIIX": -0.02852614896988906, "XYYX": 0.12836767036450078, "IZZI": -0.02852614896988906, "YYII": 0.3922345483359746, "YYYY": 0.1925515055467512, "IXIX": 0.014263074484944537, "XXZZ": -0.12836767036450078, "XZXZ": -0.1283676703645007, "YZYZ": 0.0, "ZXZX": -0.06418383518225039, "IXXI": 0.0213946117274168, "YIIY": 0.02852614896988906, "IIZZ": 0.8201267828843106, "ZYZY": 0.06418383518225039, "YXXY": 0.06418383518225039, "IZIZ": -0.0213946117274168, "XXII": -0.32805071315372425, "XXYY": -0.25673534072900156, "IYYI": -0.028526148969889056, "ZIZI": -0.01426307448494453, "IIYY": 0.43502377179080826, "XZZX": 0.0, "XYXY": 0.0, "ZYYZ": -0.06418383518225039, "IIXX": -0.4778129952456418, "YYXX": -0.06418383518225039, "XIXI": 0.028526148969889083, "YIYI": 0.007131537242472275, "ZZZZ": 0.6418383518225038, "ZZII": 0.7702060221870046, "ZZXX": -0.32091917591125196, "YZZY": 0.0, "IIII": 1.0, "IYIY": -0.0427892234548336, "YYZZ": 0.25673534072900156, "ZZYY": 0.44928684627575277, "YXYX": 0.12836767036450075, "ZXXZ": 0.06418383518225039, "XXXX": 0.19255150554675116, "ZIIZ": -0.00713153724247227}