{"XIIX": 0.06418383518225039, "XYYX": 0.12836767036450075, "IZZI": -0.0427892234548336, "YYII": 0.36370839936608557, "YYYY": 0.0, "IXIX": -0.02852614896988906, "XXZZ": -0.25673534072900156, "XZXZ": 0.1272584446190102, "YZYZ": 0.12836767036450075, "ZXZX": 0.0636292223095051, "IXXI": 0.0, "YIIY": 0.007131537242472265, "IIZZ": 0.8129952456418383, "ZYZY": -0.06418383518225039, "YXXY": 0.19255150554675116, "IZIZ": -0.04278922345483361, "XXII": -0.24247226624405704, "XXYY": -0.19255150554675116, "IYYI": -0.00713153724247227, "ZIZI": -0.028526148969889073, "IIYY": 0.4421553090332805, "XZZX": -0.06418383518225039, "XYXY": 0.12836767036450075, "ZYYZ": 0.0, "IIXX": -0.41362916006339145, "YYXX": -0.12836767036450078, "XIXI": -5.204170427930421e-18, "YIYI": 0.028526148969889052, "ZZZZ": 0.5776545166402535, "ZZII": 0.7345483359746436, "ZZXX": -0.3181461115475255, "YZZY": -0.0636292223095051, "IIII": 1.0, "IYIY": 0.05705229793977813, "YYZZ": 0.38510301109350237, "ZZYY": 0.32091917591125196, "YXYX": 0.06418383518225039, "ZXXZ": -0.06418383518225036, "XXXX": 0.1283676703645007, "ZIIZ": -0.042789223454833596}