{"XIIX": 0.01426307448494453, "XYYX": 0.25673534072900156, "IZZI": 0.0, "YYII": 0.32805071315372425, "YYYY": 0.25673534072900156, "IXIX": -0.007131537242472279, "XXZZ": -0.2567353407290015, "XZXZ": 0.0, "YZYZ": -0.12836767036450075, "ZXZX": 0.0, "IXXI": 0.042789223454833616, "YIIY": -0.021394611727416794, "IIZZ": 0.8272583201267829, "ZYZY": 0.0, "YXXY": 0.12836767036450075, "IZIZ": -0.014263074484944542, "XXII": -0.2995245641838351, "XXYY": -0.12836767036450075, "IYYI": 0.01426307448494453, "ZIZI": 0.03534956794972506, "IIYY": 0.45641838351822506, "XZZX": -0.12836767036450075, "XYXY": 0.06418383518225039, "ZYYZ": -0.06418383518225039, "IIXX": -0.4421553090332805, "YYXX": -0.12836767036450075, "XIXI": -0.021394611727416808, "YIYI": -0.0213946117274168, "ZZZZ": 0.7060221870047542, "ZZII": 0.7131537242472267, "ZZXX": -0.32091917591125196, "YZZY": -0.06418383518225039, "IIII": 1.0, "IYIY": 0.01426307448494453, "YYZZ": 0.25673534072900156, "ZZYY": 0.25673534072900156, "YXYX": 0.12836767036450078, "ZXXZ": -2.7755575615628914e-17, "XXXX": 0.12836767036450078, "ZIIZ": 0.035349567949725075}