{"XIIX": -0.02852614896988906, "XYYX": 0.12836767036450075, "IZZI": -0.049920760697305874, "YYII": 0.34944532488114105, "YYYY": 0.25673534072900156, "IXIX": 0.03565768621236133, "XXZZ": -0.32091917591125196, "XZXZ": 0.06418383518225039, "YZYZ": -0.1283676703645007, "ZXZX": -0.06418383518225039, "IXXI": 0.014263074484944535, "YIIY": -0.00706991358994501, "IIZZ": 0.8343898573692552, "ZYZY": 0.06418383518225039, "YXXY": 0.2545168892380204, "IZIZ": -0.007131537242472258, "XXII": -0.32805071315372425, "XXYY": -0.12836767036450078, "IYYI": -0.02852614896988906, "ZIZI": -0.04992076069730585, "IIYY": 0.47068145800316963, "XZZX": 0.0, "XYXY": 0.06418383518225039, "ZYYZ": 0.0, "IIXX": -0.4278922345483361, "YYXX": -0.12836767036450075, "XIXI": 0.028526148969889073, "YIYI": -1.214306433183765e-17, "ZZZZ": 0.6418383518225038, "ZZII": 0.748811410459588, "ZZXX": -0.3209191759112519, "YZZY": -0.06418383518225039, "IIII": 1.0, "IYIY": 0.0427892234548336, "YYZZ": 0.32091917591125196, "ZZYY": 0.25673534072900156, "YXYX": 0.19255150554675116, "ZXXZ": 0.0, "XXXX": 0.12836767036450075, "ZIIZ": -3.469446951953614e-18}