{"IIII": 1.0, "IIXX": -0.5888888888888889, "YYII": 0.36999999999999994, "YYXX": -0.20777777777777773, "XXII": -0.3666666666666667, "XXYY": -0.2011111111111111, "IIYY": 0.5344444444444445, "ZZII": 0.8533333333333334, "ZZYY": 0.49111111111111116, "XXZZ": -0.3788888888888889, "IIZZ": 1.0, "ZZXX": -0.47666666666666657, "YYZZ": 0.38888888888888884, "YYYY": 0.2288888888888889, "YIIY": 0.041111111111111126, "YIYI": 0.020000000000000018, "IYYI": 0.02999999999999997, "IYIY": 0.026666666666666672, "ZZZZ": 0.8366666666666667, "ZIZI": -0.018888888888888955, "IZZI": -0.05555555555555558, "IZIZ": -0.05555555555555558, "ZIIZ": -0.018888888888888955, "XXXX": 0.22666666666666668, "IXIX": -0.00888888888888889, "XIXI": -0.037777777777777806, "XIIX": 0.04666666666666672, "IXXI": 0.015555555555555566, "ZYYZ": 0.0, "YZZY": 0.04533333333333334, "XZZX": -0.013333333333333334, "XYYX": 0.264, "ZXXZ": 0.064, "ZXZX": -0.029333333333333333, "XYXY": 0.224, "YXXY": 0.19733333333333333, "YZYZ": 0.06666666666666667, "XZXZ": -0.032, "ZYZY": 0.032, "YXYX": 0.14666666666666667}