{"IIII": 1.0, "IIXX": -0.5611111111111111, "YYII": 0.3744444444444444, "YYXX": -0.22222222222222224, "XXII": -0.3866666666666666, "XXYY": -0.20999999999999996, "IIYY": 0.5433333333333332, "ZZII": 0.8333333333333333, "ZZYY": 0.4388888888888889, "XXZZ": -0.3488888888888889, "IIZZ": 1.0, "ZZXX": -0.5055555555555556, "YYZZ": 0.4255555555555555, "YYYY": 0.22111111111111115, "YIIY": 0.02999999999999997, "YIYI": -0.0011111111111111252, "IYYI": 2.7755575615628914e-17, "IYIY": 0.01777777777777778, "ZZZZ": 0.8544444444444443, "ZIZI": -0.0633333333333333, "IZZI": -0.062222222222222234, "IZIZ": -0.062222222222222234, "ZIIZ": -0.0633333333333333, "XXXX": 0.17666666666666664, "IXIX": 0.033333333333333326, "XIXI": 0.01666666666666665, "XIIX": -0.04333333333333331, "IXXI": 0.013333333333333322, "ZYYZ": 0.0, "YZZY": 0.08533333333333333, "XZZX": -0.005333333333333333, "XYYX": 0.168, "ZXXZ": -0.029333333333333333, "ZXZX": -0.016, "XYXY": 0.21333333333333335, "YXXY": 0.13866666666666666, "YZYZ": -0.010666666666666666, "XZXZ": -0.042666666666666665, "ZYZY": -0.048, "YXYX": 0.17066666666666666}