{"IIII": 0.9999999999999999, "IIXX": -0.5344444444444444, "YYII": 0.41333333333333333, "YYXX": -0.23666666666666664, "XXII": -0.38888888888888884, "XXYY": -0.24555555555555555, "IIYY": 0.5677777777777777, "ZZII": 0.8444444444444446, "ZZYY": 0.45333333333333337, "XXZZ": -0.3888888888888889, "IIZZ": 1.0, "ZZXX": -0.44222222222222224, "YYZZ": 0.4033333333333333, "YYYY": 0.2388888888888889, "YIIY": -0.018888888888888858, "YIYI": -0.029999999999999985, "IYYI": -0.024444444444444435, "IYIY": -0.00888888888888889, "ZZZZ": 0.8677777777777778, "ZIZI": -0.052222222222222225, "IZZI": -0.04666666666666669, "IZIZ": -0.04666666666666669, "ZIIZ": -0.052222222222222225, "XXXX": 0.18111111111111114, "IXIX": -0.03666666666666668, "XIXI": 0.022222222222222247, "XIIX": -0.018888888888888913, "IXXI": 0.011111111111111106, "ZYYZ": -0.02666666666666667, "YZZY": -0.08533333333333333, "XZZX": 0.032, "XYYX": 0.10666666666666667, "ZXXZ": 0.02666666666666667, "ZXZX": -0.005333333333333333, "XYXY": 0.18133333333333335, "YXXY": 0.152, "YZYZ": 0.005333333333333333, "XZXZ": -0.018666666666666668, "ZYZY": 0.034666666666666665, "YXYX": 0.13333333333333333}