{"IIII": 1.0, "IIXX": -0.5777777777777777, "YYII": 0.39555555555555555, "YYXX": -0.24888888888888888, "XXII": -0.4033333333333333, "XXYY": -0.21999999999999997, "IIYY": 0.5277777777777779, "ZZII": 0.8422222222222221, "ZZYY": 0.4999999999999999, "XXZZ": -0.41555555555555557, "IIZZ": 1.0, "ZZXX": -0.4422222222222222, "YYZZ": 0.4066666666666667, "YYYY": 0.2777777777777778, "YIIY": -0.007777777777777772, "YIYI": -0.021111111111111122, "IYYI": 0.016666666666666635, "IYIY": 0.06999999999999992, "ZZZZ": 0.8644444444444445, "ZIZI": -0.06000000000000005, "IZZI": -0.05777777777777782, "IZIZ": -0.05777777777777782, "ZIIZ": -0.06000000000000005, "XXXX": 0.2144444444444444, "IXIX": -0.018888888888888872, "XIXI": 0.048888888888888885, "XIIX": 0.0011111111111111183, "IXXI": 0.0111111111111111, "ZYYZ": -0.010666666666666666, "YZZY": 0.037333333333333336, "XZZX": 0.06133333333333333, "XYYX": 0.16, "ZXXZ": -0.034666666666666665, "ZXZX": -0.056, "XYXY": 0.184, "YXXY": 0.128, "YZYZ": 0.048, "XZXZ": -0.005333333333333333, "ZYZY": 0.021333333333333333, "YXYX": 0.15733333333333333}