{"IIII": 1.0, "IIXX": -0.5555555555555555, "YYII": 0.40888888888888886, "YYXX": -0.24666666666666667, "XXII": -0.3655555555555556, "XXYY": -0.25, "IIYY": 0.5444444444444445, "ZZII": 0.8566666666666667, "ZZYY": 0.49111111111111116, "XXZZ": -0.3555555555555555, "IIZZ": 1.0, "ZZXX": -0.48777777777777787, "YYZZ": 0.4211111111111111, "YYYY": 0.18444444444444444, "YIIY": -0.023333333333333345, "YIYI": -0.05888888888888891, "IYYI": -0.0011111111111110628, "IYIY": 0.021111111111111136, "ZZZZ": 0.88, "ZIZI": -0.025555555555555554, "IZZI": -0.050000000000000044, "IZIZ": -0.050000000000000044, "ZIIZ": -0.025555555555555554, "XXXX": 0.25222222222222224, "IXIX": -0.006666666666666696, "XIXI": 0.012222222222222218, "XIIX": -0.009999999999999981, "IXXI": -0.008888888888888877, "ZYYZ": -0.032, "YZZY": 0.021333333333333333, "XZZX": 0.0026666666666666666, "XYYX": 0.14666666666666667, "ZXXZ": 0.06933333333333333, "ZXZX": 0.029333333333333333, "XYXY": 0.184, "YXXY": 0.18666666666666668, "YZYZ": 0.024, "XZXZ": -0.005333333333333333, "ZYZY": -0.013333333333333334, "YXYX": 0.16266666666666665}