{"qwc_energy": [2.0236593059936907, -3.312613923386511, -6.327306370950746, -8.22237432482239, -8.959560606248377, -9.482944806265895], "qwc_shots": 474232, "qwc_moments": ["1.0", "(2.0236593059936907+0j)", "(12.701892744479501+0j)", "(28.49211356466875+0j)", "(266.7381703470025+0j)", "(155.01735015772817+0j)", "(8651.676656151394+0j)", "(-25335.46056782338+0j)", "(436731.0378548875+0j)", "(-2783581.528391161+0j)", "(29849339.55993684+0j)", "(-246391590.6940067+0j)"], "mix_energy": [1.8611987381703472, -3.2722571356473935, -6.041635678643254, -7.973559124751594, -8.813399968821955, -9.352183543667858], "mix_shots": 474144, "mix_moments": ["(1+0j)", "(1.8611987381703472+0j)", "(12.51104100946372+0j)", "(26.463722397476396+0j)", "(257.4921135646683+0j)", "(161.43552094593306+0j)", "(7983.93371521572+0j)", "(-20823.945239828452+0j)", "(379783.9216739106+0j)", "(-2280718.856934307+0j)", "(24685958.33500936+0j)", "(-197520675.45198816+0j)"], "cs_energy": [1.9071368551960886, -3.615957779440183, -6.260877300430731, -7.800646093959808, -8.493480363519703, -9.022109407920707], "cs_shots": 473850, "cs_moments": ["(0.9999999999999998+0j)", "(1.907136855196088+0j)", "(12.980785878918622+0j)", "(24.596494910733238+0j)", "(278.0585662252963+0j)", "(29.88516469738025+0j)", "(8965.432283850809+0j)", "(-27588.35833111141+0j)", "(424567.035396507+0j)", "(-2562952.091679552+0j)", "(26143024.42372871+0j)", "(-202079113.22166288+0j)"]}