{"qwc_energy": [1.9313880126182965, -3.3039635252080233, -6.279330120336521, -8.752057906386785, -9.641998615088754, -9.837375607804036], "qwc_shots": 474232, "qwc_moments": ["1.0", "(1.9313880126182965+0j)", "(12.607255520504733+0j)", "(27.21687697160886+0j)", "(262.99684542586766+0j)", "(130.5843848580437+0j)", "(8809.115141955841+0j)", "(-30186.716876971666+0j)", "(501685.19558359584+0j)", "(-3650525.6711356305+0j)", "(40107860.43690846+0j)", "(-363618806.80835915+0j)"], "mix_energy": [1.9826498422712937, -3.1078299656056494, -5.574478572461592, -6.870901966609898, -7.058490316937002, -13.425205835826187], "mix_shots": 474144, "mix_moments": ["(1+0j)", "(1.9826498422712937+0j)", "(12.22082018927445+0j)", "(28.40220820189275+0j)", "(241.34700315457388+0j)", "(309.50238688756144+0j)", "(6430.895339220886+0j)", "(-5330.710790261315+0j)", "(220773.27433961027+0j)", "(-685872.4577679147+0j)", "(8603827.203816656+0j)", "(-36613576.40385326+0j)"], "cs_energy": [1.8971784477491598, -3.3233048021287623, -5.399170438502485, -6.166735176623202, -19.828178781254238, -10.782403047460196], "cs_shots": 473850, "cs_moments": ["(0.9999999999999998+0j)", "(1.8971784477491593+0j)", "(12.602116669685751+0j)", "(26.594856473069036+0j)", "(248.5612351485319+0j)", "(282.9706736334318+0j)", "(6291.652662888542+0j)", "(-2063.203933793035+0j)", "(169596.0572304617+0j)", "(-64623.34214914145+0j)", "(1397960.3000270615+0j)", "(42337651.11222337+0j)"]}