{"qwc_energy": [1.8848580441640377, -3.761547048347468, -6.439098757098136, -7.9422812994893, -8.639363755284837, -9.232578373509583], "qwc_shots": 474232, "qwc_moments": ["1.0", "(1.8848580441640377+0j)", "(13.209779179810731+0j)", "(23.29179810725551+0j)", "(293.69716088328113+0j)", "(-65.6924290220838+0j)", "(9999.44637223975+0j)", "(-35356.72712933763+0j)", "(500416.60252366087+0j)", "(-3209925.395899055+0j)", "(32266447.512618314+0j)", "(-257868125.08674857+0j)"], "mix_energy": [1.9834384858044167, -3.31391667247978, -5.918559071388273, -7.1699161035450665, -7.239758894406004, -11.962049706323327], "mix_shots": 474144, "mix_moments": ["(1+0j)", "(1.9834384858044167+0j)", "(12.634069400630906+0j)", "(27.77208201892744+0j)", "(259.17665615141976+0j)", "(217.0814950034194+0j)", "(7475.322030300561+0j)", "(-12385.197270815546+0j)", "(282028.16217648325+0j)", "(-1114988.0102445174+0j)", "(11832708.458038837+0j)", "(-57626897.781028435+0j)"], "cs_energy": [1.9244430093639011, -3.71463875703319, -7.541783978592, -9.155563831024647, -9.610936362653169, -9.855083449703436], "cs_shots": 473850, "cs_moments": ["(0.9999999999999998+0j)", "(1.9244430093639007+0j)", "(12.781376341835625+0j)", "(22.959580201419406+0j)", "(305.0562025809349+0j)", "(-353.6640043791735+0j)", "(13355.378750714213+0j)", "(-75599.44179366823+0j)", "(930212.6801969787+0j)", "(-7797240.804868133+0j)", "(79714277.5685793+0j)", "(-746437149.9259396+0j)"]}