{"qwc_energy": [1.911671924290221, -3.401854518427937, -6.6130143275512925, -8.838320689521371, -9.589878483610677, -9.81554446832125], "qwc_shots": 474232, "qwc_moments": ["1.0", "(1.911671924290221+0j)", "(12.648264984227124+0j)", "(26.000000000000014+0j)", "(270.2082018927449+0j)", "(17.899053627760562+0j)", "(9660.40536277604+0j)", "(-39533.77287066238+0j)", "(581474.7602523657+0j)", "(-4433314.050473191+0j)", "(47207535.92271278+0j)", "(-431456143.94321734+0j)"], "mix_energy": [1.916403785488959, -3.633744952447888, -7.166401037624331, -8.97469396200227, -9.546125402294294, -9.816712274402622], "mix_shots": 474144, "mix_moments": ["(1+0j)", "(1.916403785488959+0j)", "(13.023659305993686+0j)", "(24.654574132492158+0j)", "(301.0283911671916+0j)", "(-192.20832322251988+0j)", "(12121.391342446565+0j)", "(-60276.35118939952+0j)", "(787949.9802867306+0j)", "(-6312144.305094863+0j)", "(65250379.7375646+0j)", "(-601244788.7289542+0j)"], "cs_energy": [1.9041020975962701, -3.3904250109150196, -7.462525923978652, -9.403665734956544, -9.852015154758167, -9.924410663287688], "cs_shots": 473850, "cs_moments": ["(0.9999999999999998+0j)", "(1.9041020975962697+0j)", "(12.201801739453806+0j)", "(24.37839957575719+0j)", "(279.1653896511187+0j)", "(-211.79556185591895+0j)", "(11966.716166939705+0j)", "(-66567.71511435819+0j)", "(861577.1836359268+0j)", "(-7389534.959522963+0j)", "(77547525.33808962+0j)", "(-742499217.9767199+0j)"]}