{"qwc_energy": [1.9061514195583595, -3.729488604575122, -6.706174069969591, -8.22946001586167, -8.897635143297581, -9.489594572684393], "qwc_shots": 474232, "qwc_moments": ["1.0", "(1.9061514195583595+0j)", "(13.037854889589902+0j)", "(23.398264984227097+0j)", "(294.62145110410177+0j)", "(-123.98028391167203+0j)", "(10625.283911671948+0j)", "(-42993.8951104101+0j)", "(577157.2523659312+0j)", "(-4009878.686908524+0j)", "(40211016.785489105+0j)", "(-337614607.02444667+0j)"], "mix_energy": [1.95031545741325, -3.692914763373531, -6.669050779856798, -8.170828200910805, -8.764396903157705, -9.409719997785007], "mix_shots": 474144, "mix_moments": ["(1+0j)", "(1.95031545741325+0j)", "(13.14037854889591+0j)", "(24.805205047318584+0j)", "(294.2145110410098+0j)", "(-71.01450773201356+0j)", "(10405.805614259569+0j)", "(-39662.69806644449+0j)", "(550178.2214265928+0j)", "(-3702668.9960950008+0j)", "(37188284.887639+0j)", "(-305580592.3563617+0j)"], "cs_energy": [1.9216705893977244, -3.614432955598133, -7.274414204652462, -9.15872633754653, -9.642035131505839, -9.853065634539226], "cs_shots": 473850, "cs_moments": ["(0.9999999999999998+0j)", "(1.921670589397724+0j)", "(12.851857094049446+0j)", "(24.345854596370042+0j)", "(296.5325512329653+0j)", "(-221.01762821347913+0j)", "(12307.069108925443+0j)", "(-64745.33445786566+0j)", "(835632.4139287618+0j)", "(-6894551.709866446+0j)", "(71468272.27370939+0j)", "(-668469382.0227107+0j)"]}