{"qwc_energy": [1.917981072555205, -3.289525087393316, -5.733586307449094, -6.929600835646723, -6.956999617814752, -11.480893718695619], "qwc_shots": 474232, "qwc_moments": ["1.0", "(1.917981072555205+0j)", "(12.722397476340694+0j)", "(27.703470031545713+0j)", "(258.09148264984225+0j)", "(250.10725552050522+0j)", "(7161.334384858016+0j)", "(-9012.687697160825+0j)", "(250815.3722397476+0j)", "(-816850.5488958879+0j)", "(9057369.656151261+0j)", "(-31468051.413248677+0j)"], "mix_energy": [1.9495268138801263, -3.4293777533489163, -6.541489352136517, -8.650467491981335, -9.407925135363225, -9.736056314013943], "mix_shots": 474144, "mix_moments": ["(1+0j)", "(1.9495268138801263+0j)", "(12.681388012618296+0j)", "(26.242902208201887+0j)", "(270.6466876971608+0j)", "(36.04753479958599+0j)", "(9458.660888918288+0j)", "(-36316.600638268086+0j)", "(543294.3336843295+0j)", "(-3975931.066382329+0j)", "(42108042.63935533+0j)", "(-375513963.33374095+0j)"], "cs_energy": [1.9483621147352457, -2.932895571560054, -3.747836247599249, -17.35736893235559, -10.315577789457596, -10.057355810207293], "cs_shots": 473850, "cs_moments": ["(0.9999999999999998+0j)", "(1.9483621147352452+0j)", "(12.52706830346451+0j)", "(31.428133558934654+0j)", "(216.29978802452092+0j)", "(668.9812794947459+0j)", "(3244.7536500576425+0j)", "(26342.548878702164+0j)", "(-63387.193664167644+0j)", "(1957867.5071358765+0j)", "(-15464902.268247338+0j)", "(186285034.48495802+0j)"]}