{"qwc_energy": [2.0528391167192432, -2.9607418562577568, -5.899698954985446, -7.910715408989012, -8.795218953033551, -9.315290698778412], "qwc_shots": 474232, "qwc_moments": ["1.0", "(2.0528391167192432+0j)", "(12.301261829652992+0j)", "(30.95504731861204+0j)", "(244.93375394321777+0j)", "(324.06545741325266+0j)", "(7104.007886435315+0j)", "(-12052.281545741238+0j)", "(314434.2807570955+0j)", "(-1681742.0354889429+0j)", "(19615033.79652996+0j)", "(-151480211.0007869+0j)"], "mix_energy": [1.9929022082018926, -3.086240651714598, -4.548726918366757, -4.5698563918442945, -11.81215626225789, -10.35344678669117], "mix_shots": 474144, "mix_moments": ["(1+0j)", "(1.9929022082018926+0j)", "(12.626182965299684+0j)", "(30.44716088328071+0j)", "(232.485804416404+0j)", "(520.0215801548625+0j)", "(4563.7181298547375+0j)", "(16050.228646695032+0j)", "(11421.279285944242+0j)", "(1479440.758754368+0j)", "(-13021811.491792664+0j)", "(181967911.60150266+0j)"], "cs_energy": [1.922183591317782, -3.442595033033114, -6.669776656266787, -8.394578639015178, -9.04864601375352, -9.603137085759501], "cs_shots": 473850, "cs_moments": ["(0.9999999999999998+0j)", "(1.9221835913177816+0j)", "(12.548727365431844+0j)", "(25.271714875158803+0j)", "(274.8836859344289+0j)", "(-16.639186842969497+0j)", "(9757.224028417935+0j)", "(-37582.99216572491+0j)", "(538663.4220311067+0j)", "(-3775102.5192115055+0j)", "(38841932.57892043+0j)", "(-332099421.46534634+0j)"]}