{"qwc_energy": [2.0339116719242902, -3.3999534204208914, -6.666472595300845, -8.939399414017206, -9.64671778706254, -9.835050734091915], "qwc_shots": 474232, "qwc_moments": ["1.0", "(2.0339116719242902+0j)", "(12.886435331230292+0j)", "(28.34621451104103+0j)", "(276.45110410094617+0j)", "(69.48501577287112+0j)", "(9878.23028391165+0j)", "(-39173.65378548893+0j)", "(598360.230283911+0j)", "(-4555991.114353314+0j)", "(49082555.10725551+0j)", "(-450050435.9692416+0j)"], "mix_energy": [1.8438485804416405, -3.415924127203242, -5.778869684972571, -7.00261855835007, -7.173748675531856, -13.004861534142275], "mix_shots": 474144, "mix_moments": ["(1+0j)", "(1.8438485804416405+0j)", "(12.764984227129338+0j)", "(25.488958990536272+0j)", "(262.34700315457445+0j)", "(177.8091835609164+0j)", "(7439.484212912943+0j)", "(-12489.141769061705+0j)", "(275263.27462982107+0j)", "(-1085904.1827861208+0j)", "(11571572.316766169+0j)", "(-57933137.78431677+0j)"], "cs_energy": [1.942202131094608, -3.650356170667092, -6.849033189398121, -8.403345308692224, -9.047385449567852, -9.59965947585791], "cs_shots": 473850, "cs_moments": ["(0.9999999999999998+0j)", "(1.9422021310946076+0j)", "(12.999999999999998+0j)", "(24.712204880584803+0j)", "(295.1896222692442+0j)", "(-110.50495043726154+0j)", "(10909.013629466694+0j)", "(-45542.12710253138+0j)", "(615880.1886606758+0j)", "(-4403507.801148064+0j)", "(44608436.250239186+0j)", "(-382577554.245709+0j)"]}