{"qwc_energy": [1.8462145110410093, -3.3841340133918787, -5.997368396243049, -7.55977787950661, -8.11583993476589, -8.346449534084666], "qwc_shots": 474232, "qwc_moments": ["1.0", "(1.8462145110410093+0j)", "(12.616719242902201+0j)", "(25.34305993690852+0j)", "(262.06940063091486+0j)", "(132.253154574134+0j)", "(7945.080441640391+0j)", "(-19022.02917981076+0j)", "(344378.5583596217+0j)", "(-1826468.9235015705+0j)", "(19157880.44637212+0j)", "(-135539839.67271248+0j)"], "mix_energy": [1.9447949526813881, -3.3022472371800538, -5.999314212644669, -7.651045313955366, -8.312810809237888, -8.753809722530375], "mix_shots": 474144, "mix_moments": ["(1+0j)", "(1.9447949526813881+0j)", "(12.580441640378558+0j)", "(27.276025236593036+0j)", "(259.54258675078853+0j)", "(189.54978050340813+0j)", "(7808.24145262382+0j)", "(-17238.379859992976+0j)", "(340949.88688878587+0j)", "(-1811266.744920946+0j)", "(19621105.416516084+0j)", "(-142704361.04182923+0j)"], "cs_energy": [1.8937681627381342, -3.4508611748557527, -6.607857124051902, -8.61209353403191, -9.383402638156243, -9.728275345905903], "cs_shots": 473850, "cs_moments": ["(0.9999999999999998+0j)", "(1.8937681627381338+0j)", "(12.537442157001099+0j)", "(24.79644496548334+0j)", "(271.3949493595598+0j)", "(-18.351672717699838+0j)", "(9676.941913215756+0j)", "(-39050.45429498923+0j)", "(560915.6127377463+0j)", "(-4143604.8122654688+0j)", "(43413784.37692027+0j)", "(-387220628.4616576+0j)"]}