{"qwc_energy": [2.047318611987382, -2.9103765538364943, -5.185361583094078, -6.809259789210227, -6.9697982154690035, -12.45558752139557], "qwc_shots": 474232, "qwc_moments": ["1.0", "(2.047318611987382+0j)", "(12.272870662460576+0j)", "(31.324921135646665+0j)", "(231.4952681388021+0j)", "(433.68138801261955+0j)", "(5780.067823343843+0j)", "(450.1514195584561+0j)", "(183944.79179810788+0j)", "(-387616.1735015698+0j)", "(6485506.626183047+0j)", "(-19827101.116719108+0j)"], "mix_energy": [1.9211356466876974, -3.5140928995171863, -6.404999247899504, -8.228410936278177, -9.118446379347958, -9.574888150007759], "mix_shots": 474144, "mix_moments": ["(1+0j)", "(1.9211356466876974+0j)", "(12.86119873817034+0j)", "(25.572555205047337+0j)", "(278.12933753943173+0j)", "(37.58409918157478+0j)", "(9360.340519977704+0j)", "(-32042.342100696344+0j)", "(491149.10544856195+0j)", "(-3311354.8572269585+0j)", "(34795850.32113654+0j)", "(-295468530.0259453+0j)"], "cs_energy": [1.9258946734725064, -3.256425330587173, -6.703845208243324, -9.168722445903194, -9.77142563011126, -9.883279147808572], "cs_shots": 473850, "cs_moments": ["(0.9999999999999998+0j)", "(1.925894673472506+0j)", "(12.427924480947743+0j)", "(27.002971283774304+0j)", "(263.6283104101455+0j)", "(48.76117686517978+0j)", "(9669.44197856561+0j)", "(-41343.83932658962+0j)", "(617387.3721900834+0j)", "(-4895507.387291846+0j)", "(52788158.18665855+0j)", "(-493540452.381368+0j)"]}