{"qwc_energy": [1.8998422712933754, -3.7663369810842213, -7.01815137521926, -9.109827744328332, -9.717119847496374, -9.870591921436553], "qwc_shots": 474232, "qwc_moments": ["1.0", "(1.8998422712933754+0j)", "(13.195583596214504+0j)", "(23.395110410094624+0j)", "(300.94321766561495+0j)", "(-214.5039432176651+0j)", "(12064.608832807557+0j)", "(-61728.81940063114+0j)", "(804790.7917981071+0j)", "(-6619079.942429023+0j)", "(69066074.65930617+0j)", "(-648599421.1222396+0j)"], "mix_energy": [1.9211356466876977, -3.1795296446139854, -5.3064008842842325, -6.401340135081485, -6.404281771164058, -11.372056403382913], "mix_shots": 474144, "mix_moments": ["(0.9999999999999999+0j)", "(1.9211356466876972+0j)", "(12.44637223974763+0j)", "(27.92271293375393+0j)", "(242.7003154574133+0j)", "(338.01756855132294+0j)", "(6142.245349638088+0j)", "(-1407.1344635385603+0j)", "(182790.9682885661+0j)", "(-279706.471677716+0j)", "(4595787.759208304+0j)", "(4119582.676279255+0j)"], "cs_energy": [1.9284456125203326, -3.4855371453302233, -7.675464716564887, -9.548314151111821, -9.860673232242922, -9.922676556670012], "cs_shots": 473850, "cs_moments": ["(0.9999999999999998+0j)", "(1.9284456125203322+0j)", "(12.513440295936016+0j)", "(24.723540221872813+0j)", "(292.3147353287392+0j)", "(-279.1265664954499+0j)", "(13133.004437956482+0j)", "(-76953.75761138712+0j)", "(978499.4357072661+0j)", "(-8524870.650584081+0j)", "(89169989.35697469+0j)", "(-857174140.9801033+0j)"]}