{"qwc_energy": [2.066246056782334, -2.7333628887439896, -4.819137980381232, -6.585345578749388, -7.309429498547027, -169.93200407110587], "qwc_shots": 474232, "qwc_moments": ["1.0", "(2.066246056782334+0j)", "(12.19873817034701+0j)", "(33.01577287066246+0j)", "(225.62460567823388+0j)", "(525.7507886435324+0j)", "(5301.0504731861265+0j)", "(5056.107255520525+0j)", "(158227.4858044174+0j)", "(-214866.09779180773+0j)", "(5897239.26498412+0j)", "(-21316711.13564655+0j)"], "mix_energy": [1.9479495268138798, -3.37849776762038, -6.604670932317719, -8.668462775253001, -9.423269092857016, -9.744513615493888], "mix_shots": 474144, "mix_moments": ["(1+0j)", "(1.9479495268138798+0j)", "(12.53470031545741+0j)", "(26.255520504731855+0j)", "(270.107255520506+0j)", "(32.427943350025146+0j)", "(9537.242576456123+0j)", "(-37027.1848403961+0j)", "(552007.6497667786+0j)", "(-4059395.06038767+0j)", "(43000556.18742068+0j)", "(-384448591.868837+0j)"], "cs_energy": [1.9463997416855021, -3.4068528996460667, -6.756467747387054, -8.906377855045427, -9.588868377043607, -9.817321570108948], "cs_shots": 473850, "cs_moments": ["(0.9999999999999998+0j)", "(1.9463997416855017+0j)", "(12.654885202010387+0j)", "(26.36762768192543+0j)", "(275.1302753888517+0j)", "(-2.8448201501988515+0j)", "(10106.020482138434+0j)", "(-42963.43319666485+0j)", "(620938.239897082+0j)", "(-4789170.26284834+0j)", "(50803564.985013254+0j)", "(-465600791.28871405+0j)"]}