{"qwc_energy": [1.7334384858044163, -4.009425846882752, -7.106389454007417, -8.552575480033187, -9.209569716556386, -9.69861552850166], "qwc_shots": 474232, "qwc_moments": ["1.0", "(1.7334384858044163+0j)", "(13.208201892744482+0j)", "(17.801261829652997+0j)", "(318.96845425867434+0j)", "(-457.40536277602564+0j)", "(13120.223974763394+0j)", "(-69209.79179810733+0j)", "(812179.4479495268+0j)", "(-6330287.723974765+0j)", "(62287037.637223996+0j)", "(-553732573.7886418+0j)"], "mix_energy": [1.862776025236594, -3.4649993783622315, -6.289535673082884, -8.084934106532529, -8.949872214892643, -9.466489386226321], "mix_shots": 474144, "mix_moments": ["(1+0j)", "(1.862776025236594+0j)", "(12.782334384858046+0j)", "(25.16719242902207+0j)", "(275.6624605678235+0j)", "(59.67962100990532+0j)", "(9102.634257155369+0j)", "(-28898.20012941839+0j)", "(459648.7501596889+0j)", "(-2959548.0939060547+0j)", "(31207441.77031253+0j)", "(-257546238.2807905+0j)"], "cs_energy": [1.9339886806053386, -3.5245806747004926, -6.129260503582362, -7.525671025532098, -7.903110546975425, -7.92424429909174], "cs_shots": 473850, "cs_moments": ["(0.9999999999999998+0j)", "(1.9339886806053381+0j)", "(12.802355014421778+0j)", "(25.389945454200582+0j)", "(269.8991191417257+0j)", "(92.76921584081522+0j)", "(8345.58595637962+0j)", "(-21406.47166409588+0j)", "(361589.62876316643+0j)", "(-1906386.8795702262+0j)", "(19382917.516886298+0j)", "(-132133834.58593726+0j)"]}