{"qwc_energy": [1.9029968454258674, -3.4916245543222613, -6.282388004790721, -8.228112698222644, -9.11493811625649, -9.580632244758577], "qwc_shots": 474232, "qwc_moments": ["1.0", "(1.9029968454258674+0j)", "(12.897476340694006+0j)", "(25.75788643533125+0j)", "(275.55205047318685+0j)", "(70.66009463722249+0j)", "(9120.774447949549+0j)", "(-29615.466088328085+0j)", "(472671.6687697155+0j)", "(-3136212.2799684596+0j)", "(33338833.143533275+0j)", "(-281951289.093849+0j)"], "mix_energy": [1.9834384858044167, -3.270059628272814, -6.056870342950427, -8.07563385120954, -9.074698663352317, -9.536278968838584], "mix_shots": 474144, "mix_moments": ["(1+0j)", "(1.9834384858044167+0j)", "(12.544164037854888+0j)", "(27.91403785488956+0j)", "(257.2176656151424+0j)", "(195.58567095365328+0j)", "(7932.722609987265+0j)", "(-20084.827715029434+0j)", "(383340.34008466464+0j)", "(-2352526.284875326+0j)", "(26017625.79893139+0j)", "(-214669353.1401719+0j)"], "cs_energy": [1.8946067676647453, -3.2407970160692865, -4.294670746726706, -19.18014956631508, -10.923839829871397, -10.177814374684566], "cs_shots": 473850, "cs_moments": ["(0.9999999999999998+0j)", "(1.894606767664745+0j)", "(12.61822984945759+0j)", "(27.625840246491066+0j)", "(230.6188381142286+0j)", "(550.28020202395+0j)", "(3153.118719608871+0j)", "(33982.51947666718+0j)", "(-219459.29210133545+0j)", "(4080554.7816502587+0j)", "(-41815702.63197863+0j)", "(489061340.1992236+0j)"]}