{"qwc_energy": [1.970820189274448, -3.0916043912528886, -6.012654008079075, -8.583620822522096, -9.502701502617453, -9.762680057489423], "qwc_shots": 474232, "qwc_moments": ["1.0", "(1.970820189274448+0j)", "(12.257097791798115+0j)", "(28.620662460567818+0j)", "(243.88012618296563+0j)", "(232.78470031545555+0j)", "(7578.50630914827+0j)", "(-20673.638012618256+0j)", "(399500.261829654+0j)", "(-2704274.723186125+0j)", "(30393385.764984425+0j)", "(-268124081.76419547+0j)"], "mix_energy": [1.8801261829652995, -3.687928149224904, -6.613896990977422, -8.476942425776716, -9.327679464255828, -9.692511990842336], "mix_shots": 474144, "mix_moments": ["(1+0j)", "(1.8801261829652995+0j)", "(12.97476340694006+0j)", "(23.332807570977927+0j)", "(286.9116719242903+0j)", "(-97.87744810394481+0j)", "(10304.279567820884+0j)", "(-42942.990616428775+0j)", "(589055.7127200159+0j)", "(-4331572.905871145+0j)", "(44714702.350342095+0j)", "(-395772971.11830807+0j)"], "cs_energy": [1.9077392832940023, -3.392024476294781, -6.248485056894724, -7.644791361170961, -7.992676630726487, -8.042677578542216], "cs_shots": 473850, "cs_moments": ["(0.9999999999999998+0j)", "(1.9077392832940019+0j)", "(12.541030877462575+0j)", "(25.663755903639032+0j)", "(266.53435434820636+0j)", "(91.93601671623532+0j)", "(8427.062312535945+0j)", "(-22723.163398303066+0j)", "(376254.2936103228+0j)", "(-2053109.8026633067+0j)", "(20802574.420198828+0j)", "(-145558302.4214445+0j)"]}