{"qwc_energy": [2.1017350157728707, -3.7091296939965788, -7.032176417776175, -8.947678463976446, -9.612613660564751, -9.828217864611608], "qwc_shots": 471696, "qwc_moments": ["1.0", "(2.1017350157728707+0j)", "(13.212933753943224+0j)", "(26.94558359621449+0j)", "(290.9589905362772+0j)", "(-97.70583596214604+0j)", "(11055.954258675072+0j)", "(-51963.37302839105+0j)", "(701710.0283911676+0j)", "(-5580746.535488949+0j)", "(58187124.992113255+0j)", "(-537608614.2594631+0j)"], "mix_energy": [2.1519453207150367, -3.6254183502399098, -6.954993760674686, -8.926547088172773, -9.603079945063492, -9.819464873104359], "mix_shots": 471600, "mix_moments": ["(1+0j)", "(2.1519453207150367+0j)", "(12.822292323869622+0j)", "(27.13722397476341+0j)", "(276.9221871713983+0j)", "(-51.3623642212241+0j)", "(10288.506769298203+0j)", "(-46725.495317348126+0j)", "(643902.4124296324+0j)", "(-5075761.189693155+0j)", "(53132939.625308394+0j)", "(-489827393.7292964+0j)"], "cs_energy": [2.189338235294118, -3.574122868890627, -7.527070922251761, -9.417315730596162, -9.819333002260695, -9.902978961221974], "cs_shots": 471663, "cs_moments": ["(0.9999999999999997+0j)", "(2.1893382352941173+0j)", "(12.826987399018071+0j)", "(28.155980144567383+0j)", "(284.7706375132431+0j)", "(-142.62163810755047+0j)", "(11783.898994859768+0j)", "(-63534.754924885005+0j)", "(834796.9220926946+0j)", "(-7105207.7089482965+0j)", "(74509204.12474196+0j)", "(-710692050.8622416+0j)"]}