{"qwc_energy": [2.5205047318611986, -1.6838791391011452, -1.8022165410887028, -9.685955005012188, -7.933748974639205, -7.6424664694438045], "qwc_shots": 471696, "qwc_moments": ["1.0", "(2.5205047318611986+0j)", "(12.075709779179807+0j)", "(43.01419558359618+0j)", "(188.28075709779196+0j)", "(947.3249211356441+0j)", "(2458.712933753931+0j)", "(29153.749211356677+0j)", "(-24982.293375395377+0j)", "(1231027.1955836148+0j)", "(-5191457.022082034+0j)", "(63185004.54731632+0j)"], "mix_energy": [2.2113564668769716, -3.026295331234325, -5.7410237579127505, -8.251978999308479, -9.44476009996075, -9.700501618507637], "mix_shots": 471600, "mix_moments": ["(1+0j)", "(2.2113564668769716+0j)", "(12.65930599369086+0j)", "(33.18717139852788+0j)", "(242.62355415352275+0j)", "(381.7619462013023+0j)", "(6763.789838369102+0j)", "(-10662.910273344676+0j)", "(312629.7811119242+0j)", "(-1826243.2839082049+0j)", "(21995951.00541128+0j)", "(-185303458.57109085+0j)"], "cs_energy": [2.1898464053741855, -3.432982652083674, -6.399032394139468, -8.311323913241838, -9.114651112176492, -9.578702438400228], "cs_shots": 471663, "cs_moments": ["(0.9999999999999997+0j)", "(2.1898464053741846+0j)", "(12.883692588992925+0j)", "(29.79321106275451+0j)", "(263.5720163889613+0j)", "(156.96730860130535+0j)", "(8417.396433897613+0j)", "(-25780.591094719366+0j)", "(433144.5618619157+0j)", "(-2868513.242907762+0j)", "(30619669.554646295+0j)", "(-259095633.8353158+0j)"]}