{"qwc_energy": [2.204258675078864, -3.632465305473068, -7.368709302472428, -9.200838292437954, -9.73576951966854, -9.873173853212187], "qwc_shots": 471696, "qwc_moments": ["1.0", "(2.204258675078864+0j)", "(12.700315457413243+0j)", "(27.33044164037854+0j)", "(279.2397476340691+0j)", "(-134.14274447949614+0j)", "(11173.753943217669+0j)", "(-57812.68848580455+0j)", "(758622.2870662467+0j)", "(-6312174.085962124+0j)", "(65815561.003154576+0j)", "(-620788679.8367492+0j)"], "mix_energy": [2.1167192429022084, -3.6926037450577334, -6.584905793227415, -8.429543269519542, -9.361447560158314, -9.697779090812343], "mix_shots": 471600, "mix_moments": ["(1+0j)", "(2.1167192429022084+0j)", "(13.079915878023149+0j)", "(26.864353312302818+0j)", "(277.59726603575166+0j)", "(8.488658554904433+0j)", "(9461.81463409303+0j)", "(-36013.054815689604+0j)", "(523831.0982355449+0j)", "(-3768853.8764593857+0j)", "(39387829.93659719+0j)", "(-347192984.9003937+0j)"], "cs_energy": [2.1789861148558574, -3.306773032737627, -5.548067795285629, -7.516966193616431, -8.915877769261872, -9.366887380608752], "cs_shots": 471663, "cs_moments": ["(0.9999999999999997+0j)", "(2.1789861148558565+0j)", "(12.914663162643977+0j)", "(31.088383497244102+0j)", "(249.14354116704703+0j)", "(348.00696082575655+0j)", "(6615.283477569412+0j)", "(-7584.024756559915+0j)", "(264305.7936970407+0j)", "(-1264007.3044091458+0j)", "(15653210.203249676+0j)", "(-117812153.28407419+0j)"]}