{"qwc_energy": [2.1742902208201897, -3.8362917915258046, -6.727517377202639, -8.375401671902837, -9.261981761139303, -9.66056762833026], "qwc_shots": 471696, "qwc_moments": ["1.0", "(2.1742902208201897+0j)", "(13.118296529968445+0j)", "(26.29100946372239+0j)", "(284.09463722397464+0j)", "(-52.336750788644046+0j)", "(9906.559936908496+0j)", "(-39728.52287066257+0j)", "(550088.4258675067+0j)", "(-3968288.273659282+0j)", "(40720993.7176656+0j)", "(-355988286.8951121+0j)"], "mix_energy": [2.155625657202944, -3.63291004735606, -6.3452333339070535, -7.809839072256668, -8.565354903111704, -9.078279982037179], "mix_shots": 471600, "mix_moments": ["(1+0j)", "(2.155625657202944+0j)", "(12.948475289169293+0j)", "(27.55415352260777+0j)", "(267.71924290220824+0j)", "(89.01666381770906+0j)", "(8355.071200366978+0j)", "(-24611.592125823685+0j)", "(391372.001218433+0j)", "(-2364421.5641933503+0j)", "(24225323.198063537+0j)", "(-188612573.77550313+0j)"], "cs_energy": [2.1831747404844295, -3.019249375272637, -5.389769388162343, -7.697574834646202, -8.965579658832048, -9.388440036092325], "cs_shots": 471663, "cs_moments": ["(0.9999999999999997+0j)", "(2.1831747404844286+0j)", "(12.521937475061852+0j)", "(32.41528993495797+0j)", "(233.09203682935296+0j)", "(408.63896776487195+0j)", "(6028.658054462473+0j)", "(-4851.849674397203+0j)", "(240701.28819475812+0j)", "(-1126534.4233268877+0j)", "(14505350.744750844+0j)", "(-109702262.60273516+0j)"]}