{"qwc_energy": [2.1143533123028395, -3.488224745616187, -6.125324024174832, -7.545434006025632, -8.269849549113088, -8.606644667662662], "qwc_shots": 471696, "qwc_moments": ["1.0", "(2.1143533123028395+0j)", "(12.888012618296539+0j)", "(28.332018927444796+0j)", "(262.8012618296534+0j)", "(167.43927444794897+0j)", "(7795.799684542587+0j)", "(-18072.677444794786+0j)", "(335729.87697160826+0j)", "(-1795168.2326498348+0j)", "(18974069.94164036+0j)", "(-136995602.9108831+0j)"], "mix_energy": [2.2981072555205047, -3.2315634033146137, -6.438875543272797, -8.839062956025195, -9.692729211216026, -9.83796896337076], "mix_shots": 471600, "mix_moments": ["(0.9999999999999999+0j)", "(2.298107255520504+0j)", "(12.829652996845427+0j)", "(32.74185068349102+0j)", "(257.1177707676132+0j)", "(247.78833014767977+0j)", "(8206.387866429292+0j)", "(-25179.400362421937+0j)", "(458792.4580509571+0j)", "(-3299356.4004378263+0j)", "(36752324.29778769+0j)", "(-333467444.2196706+0j)"], "cs_energy": [2.1903114186851216, -2.984648487339247, -5.919255286599983, -8.600901999805664, -9.530990925450073, -9.74915671533458], "cs_shots": 471663, "cs_moments": ["(0.9999999999999997+0j)", "(2.1903114186851207+0j)", "(12.416494094125271+0j)", "(32.36131522573619+0j)", "(237.41096701266213+0j)", "(337.45721470863043+0j)", "(6934.446653535536+0j)", "(-14895.158434424415+0j)", "(349770.4090482033+0j)", "(-2259462.8715305827+0j)", "(26213712.44763406+0j)", "(-228788679.20536745+0j)"]}