{"qwc_energy": [2.218454258675079, -3.327217842443995, -6.13905550693868, -7.918077208955031, -8.870269616601298, -9.357134939381286], "qwc_shots": 471696, "qwc_moments": ["1.0", "(2.218454258675079+0j)", "(12.649842271293373+0j)", "(30.264195583596276+0j)", "(252.93059936908531+0j)", "(231.39511041009177+0j)", "(7492.025236593049+0j)", "(-17275.68848580449+0j)", "(344557.1514195582+0j)", "(-2016118.0528390966+0j)", "(22152262.555205066+0j)", "(-176634518.7011028+0j)"], "mix_energy": [2.1261829652996846, -3.2596062386953912, -5.787087693036564, -8.146501289619694, -9.367722561005248, -9.680607518052087], "mix_shots": 471600, "mix_moments": ["(1+0j)", "(2.1261829652996846+0j)", "(12.7434279705573+0j)", "(30.329127234490013+0j)", "(247.03995793901217+0j)", "(288.9748203861123+0j)", "(7064.594985142241+0j)", "(-14327.283145043399+0j)", "(331511.4855880117+0j)", "(-2005540.8667084489+0j)", "(23211262.12206145+0j)", "(-195993922.0835657+0j)"], "cs_energy": [2.172811541622899, -3.770532729559733, -7.288776578075142, -9.213158405799149, -9.800946060006634, -9.898010847326763], "cs_shots": 471663, "cs_moments": ["(0.9999999999999997+0j)", "(2.172811541622898+0j)", "(13.174830397286287+0j)", "(27.144175687245557+0j)", "(294.96990319608307+0j)", "(-159.03666667118227+0j)", "(11806.201736521787+0j)", "(-61133.029088702286+0j)", "(803461.8363995468+0j)", "(-6713504.992719535+0j)", "(70311814.74909842+0j)", "(-666439217.0318364+0j)"]}