{"qwc_energy": [2.1553627760252363, -3.140205511199067, -6.062547525039696, -9.03348269772332, -9.945454048604995, -9.9850260422793], "qwc_shots": 471696, "qwc_moments": ["1.0", "(2.1553627760252363+0j)", "(12.695583596214512+0j)", "(31.672712933753942+0j)", "(248.02523659306007+0j)", "(287.4361198738174+0j)", "(7671.834384858052+0j)", "(-21729.608044164088+0j)", "(433091.8958990555+0j)", "(-3156328.22949527+0j)", "(36209016.82807559+0j)", "(-335735214.0938482+0j)"], "mix_energy": [2.121976866456362, -3.7372878630379955, -7.012517705038528, -9.049139089781045, -9.7239607696273, -9.866695290881474], "mix_shots": 471600, "mix_moments": ["(0.9999999999999999+0j)", "(2.1219768664563614+0j)", "(13.123028391167205+0j)", "(26.6046267087276+0j)", "(285.919032597266+0j)", "(-103.22879209336112+0j)", "(10869.776970860601+0j)", "(-52418.00761621601+0j)", "(705040.1146265543+0j)", "(-5724441.753700343+0j)", "(59988105.56071579+0j)", "(-561728150.0708841+0j)"], "cs_energy": [2.2004455816630317, -3.4863006358127304, -5.680976753316962, -6.538940995159461, -33.40860366191888, -10.874523747021886], "cs_shots": 471663, "cs_moments": ["(0.9999999999999997+0j)", "(2.200445581663031+0j)", "(13.258819289694504+0j)", "(30.810102619855453+0j)", "(263.75700039489686+0j)", "(315.77665896350146+0j)", "(6867.161367542054+0j)", "(-4521.205629489203+0j)", "(208417.2300995991+0j)", "(-382827.8487773878+0j)", "(4724560.98032574+0j)", "(11277135.415050799+0j)"]}