{"qwc_energy": [2.264195583596215, -3.4649907360192405, -6.466568394599221, -8.492326123680565, -9.386764397622613, -9.704340468233273], "qwc_shots": 471696, "qwc_moments": ["1.0", "(2.264195583596215+0j)", "(13.061514195583602+0j)", "(31.035488958990555+0j)", "(267.2176656151413+0j)", "(172.74684542586903+0j)", "(8622.130914826486+0j)", "(-27234.17902208178+0j)", "(460334.01577287+0j)", "(-3173281.4771293327+0j)", "(34338319.906940095+0j)", "(-300347556.37776+0j)"], "mix_energy": [2.1887486855941116, -3.4771625380074753, -6.469062698178975, -8.597721955065825, -9.533181957340283, -9.774997323313407], "mix_shots": 471600, "mix_moments": ["(0.9999999999999999+0j)", "(2.188748685594111+0j)", "(12.969505783385909+0j)", "(29.655625657202933+0j)", "(267.34069400630887+0j)", "(134.18525741635898+0j)", "(8788.875510870064+0j)", "(-29934.021654675013+0j)", "(486503.2477604019+0j)", "(-3485376.240435688+0j)", "(37704335.60375992+0j)", "(-337175461.8197837+0j)"], "cs_energy": [2.169821208739184, -2.926936615608409, -4.921266797826643, -6.804426901581413, -8.577532504455242, -9.066944740477279], "cs_shots": 471663, "cs_moments": ["(0.9999999999999997+0j)", "(2.169821208739183+0j)", "(12.378463199254185+0j)", "(32.59515693638309+0j)", "(224.2710330176273+0j)", "(480.0154526826012+0j)", "(5223.04026109366+0j)", "(2685.387750528884+0j)", "(167832.55261082467+0j)", "(-440113.038468865+0j)", "(8015392.966710892+0j)", "(-48245386.52050077+0j)"]}