{"qwc_energy": [2.041009463722397, -2.825285385116915, -3.713292499055683, -20.1315847921846, -10.91650027242531, -10.221318836067098], "qwc_shots": 471696, "qwc_moments": ["1.0", "(2.041009463722397+0j)", "(12.080441640378549+0j)", "(31.321766561514202+0j)", "(199.56466876971587+0j)", "(610.4826498422733+0j)", "(2765.1687697160983+0j)", "(25518.085173501615+0j)", "(-102983.170347004+0j)", "(2321756.8170347163+0j)", "(-21501958.3359622+0j)", "(254682143.37224028+0j)"], "mix_energy": [2.158254468980021, -3.8865946256070374, -7.189961117848848, -8.94561895630157, -9.618398867614292, -9.83161986198108], "mix_shots": 471600, "mix_moments": ["(1+0j)", "(2.158254468980021+0j)", "(13.289169295478443+0j)", "(26.087802313354345+0j)", "(301.9779179810726+0j)", "(-188.08062293774313+0j)", "(11871.26381298858+0j)", "(-59162.45672863593+0j)", "(767327.0587967472+0j)", "(-6191730.461964385+0j)", "(63951100.07323837+0j)", "(-592848752.3919289+0j)"], "cs_energy": [2.1850980389040573, -3.5161799731972674, -7.054107501790609, -9.266666444936556, -9.814704538275617, -9.901519423539721], "cs_shots": 471663, "cs_moments": ["(0.9999999999999997+0j)", "(2.1850980389040564+0j)", "(12.966913985064977+0j)", "(29.201002798306842+0j)", "(275.84297751369894+0j)", "(-0.8570679826296037+0j)", "(10409.153530352249+0j)", "(-48670.88156852352+0j)", "(689114.3758074163+0j)", "(-5636906.347463842+0j)", "(60062966.83296584+0j)", "(-567334926.177128+0j)"]}