{"qwc_energy": [2.1805993690851735, -2.918819826240425, -6.202661966689625, -9.143770874627288, -9.958431982727465, -9.98256071424558], "qwc_shots": 471696, "qwc_moments": ["1.0", "(2.1805993690851735+0j)", "(12.219242902208203+0j)", "(32.06072555205048+0j)", "(235.33753943217715+0j)", "(296.2184542586742+0j)", "(7332.424290220814+0j)", "(-21396.071766561312+0j)", "(423609.5110410101+0j)", "(-3140197.453470047+0j)", "(35893311.20346996+0j)", "(-334500886.9171936+0j)"], "mix_energy": [2.1756046267087275, -3.504253801456586, -6.619810787949376, -8.178829146908198, -8.915157508880279, -9.468291659250129], "mix_shots": 471600, "mix_moments": ["(1+0j)", "(2.1756046267087275+0j)", "(12.94111461619349+0j)", "(29.11041009463722+0j)", "(272.41535226077804+0j)", "(88.41421267734883+0j)", "(8999.234819799047+0j)", "(-29799.321502385363+0j)", "(461343.65199021477+0j)", "(-3033726.645441074+0j)", "(31420022.901336316+0j)", "(-259880309.33202177+0j)"], "cs_energy": [2.2059130289549786, -2.918186502564174, -3.2847679697503027, -13.448664904914592, -10.540944610779434, -10.127422819477117], "cs_shots": 471663, "cs_moments": ["(0.9999999999999997+0j)", "(2.2059130289549778+0j)", "(12.902470306086073+0j)", "(35.34157344041046+0j)", "(209.8391672372597+0j)", "(848.6825972484559+0j)", "(1404.9617374865877+0j)", "(48857.069841453784+0j)", "(-321021.77047909825+0j)", "(4814656.165757635+0j)", "(-46596371.13549559+0j)", "(517489342.4294037+0j)"]}