{"qwc_energy": [2.2042586750788646, -3.9334965404878206, -7.6050189278216145, -9.388425059722785, -9.826776528372717, -9.90951357758384], "qwc_shots": 471696, "qwc_moments": ["1.0", "(2.2042586750788646+0j)", "(13.31072555205048+0j)", "(26.363564668769722+0j)", "(306.731861198738+0j)", "(-292.54337539431947+0j)", "(13218.184542586738+0j)", "(-75974.36514195584+0j)", "(953746.0410094662+0j)", "(-8233947.89668769+0j)", "(85524220.50946386+0j)", "(-818537610.0212936+0j)"], "mix_energy": [2.1871713985278656, -3.174558721522721, -5.8210359921067525, -7.571082679858845, -8.552378624246, -8.986837216234163], "mix_shots": 471600, "mix_moments": ["(1+0j)", "(2.1871713985278656+0j)", "(12.568874868559408+0j)", "(31.10725552050478+0j)", "(242.9263932702413+0j)", "(311.0948910402859+0j)", "(6685.907086539844+0j)", "(-10078.184476110753+0j)", "(274687.68526604824+0j)", "(-1358018.0776861848+0j)", "(15781883.142263815+0j)", "(-115208753.04093738+0j)"], "cs_energy": [2.1965294291536237, -3.059151995401136, -5.399715572813124, -7.327179350506979, -8.709800412812509, -9.175047458257504], "cs_shots": 471663, "cs_moments": ["(0.9999999999999997+0j)", "(2.196529429153623+0j)", "(12.552404120687317+0j)", "(32.26799556638697+0j)", "(235.88664089865972+0j)", "(407.5049136079294+0j)", "(6000.320240195183+0j)", "(-3467.310083898624+0j)", "(224216.13073025545+0j)", "(-922523.8385648803+0j)", "(12351289.919445658+0j)", "(-86817473.18780832+0j)"]}