{"qwc_energy": [2.1545741324921135, -3.9389292183562787, -7.175306090967842, -8.835450179077412, -9.537285368866517, -9.802728368295167], "qwc_shots": 471696, "qwc_moments": ["1.0", "(2.1545741324921135+0j)", "(13.351735015772883+0j)", "(25.675078864353285+0j)", "(304.1892744479498+0j)", "(-206.1861198738164+0j)", "(11918.408517350163+0j)", "(-58840.50788643539+0j)", "(755712.9936908544+0j)", "(-6011960.621451108+0j)", "(61623513.055205025+0j)", "(-565342841.782336+0j)"], "mix_energy": [2.2492113564668768, -3.5005089129344804, -6.47646445548223, -8.482031832467177, -9.34997065499664, -9.693739133109801], "mix_shots": 471600, "mix_moments": ["(1+0j)", "(2.2492113564668768+0j)", "(12.88433228180862+0j)", "(29.83806519453206+0j)", "(262.33753943217647+0j)", "(137.17844840535835+0j)", "(8508.417206673805+0j)", "(-28214.920182540638+0j)", "(457909.93245320517+0j)", "(-3193178.5647274884+0j)", "(34184656.99828392+0j)", "(-299280019.20555615+0j)"], "cs_energy": [2.1623636068466716, -3.7635087731017545, -7.478727874950987, -9.381428195501798, -9.853804746200698, -9.92081574676957], "cs_shots": 471663, "cs_moments": ["(0.9999999999999997+0j)", "(2.1623636068466707+0j)", "(13.047953843268644+0j)", "(26.637660709591206+0j)", "(297.0883005025584+0j)", "(-218.72904367824935+0j)", "(12480.67611834579+0j)", "(-69027.85519632502+0j)", "(889426.5219826776+0j)", "(-7621032.197992658+0j)", "(79776228.36351521+0j)", "(-763531729.5923308+0j)"]}