{"qwc_energy": [2.1293375394321767, -3.47405904629389, -6.42477764141335, -8.524905718155978, -9.536657528606849, -9.771980648302655], "qwc_shots": 471696, "qwc_moments": ["1.0", "(2.1293375394321767+0j)", "(12.810725552050485+0j)", "(28.373817034700284+0j)", "(261.94637223974775+0j)", "(108.6813880126162+0j)", "(8564.8359621451+0j)", "(-29634.86593059937+0j)", "(471786.1861198744+0j)", "(-3386411.9211356333+0j)", "(36450385.75709788+0j)", "(-325973938.2318618+0j)"], "mix_energy": [2.1855941114616195, -2.9477006290522247, -4.997498073987485, -6.5748556753507685, -7.248339327964695, -24.33922967032076], "mix_shots": 471600, "mix_moments": ["(1+0j)", "(2.1855941114616195+0j)", "(12.553101997896954+0j)", "(33.28969505783383+0j)", "(229.11987381703517+0j)", "(484.12920545135194+0j)", "(5345.958329232581+0j)", "(3120.882863773206+0j)", "(160481.13355687665+0j)", "(-285560.5649044589+0j)", "(5994078.794579814+0j)", "(-23133679.848648477+0j)"], "cs_energy": [2.1841479238754324, -3.6876536827185764, -6.744738623491679, -8.574196231555689, -9.377994430718555, -9.72315538327547], "cs_shots": 471663, "cs_moments": ["(0.9999999999999997+0j)", "(2.1841479238754316+0j)", "(13.18076429527953+0j)", "(28.189995461586058+0j)", "(284.25794813764657+0j)", "(11.797364454789298+0j)", "(9963.153085999977+0j)", "(-39176.37699739996+0j)", "(568326.7539711222+0j)", "(-4157535.486724199+0j)", "(43500079.171144195+0j)", "(-386019722.67672855+0j)"]}