{"qwc_energy": [2.208990536277603, -3.8339712657643523, -7.1427310515221505, -8.731646620722625, -9.475466522590668, -9.778931527639056], "qwc_shots": 471696, "qwc_moments": ["1.0", "(2.208990536277603+0j)", "(13.315457413249218+0j)", "(27.481861198738198+0j)", "(302.00946372239713+0j)", "(-124.00236593060058+0j)", "(11478.32492113562+0j)", "(-52679.49921135647+0j)", "(702462.9558359617+0j)", "(-5426916.611198739+0j)", "(55910128.747634076+0j)", "(-506378308.6253946+0j)"], "mix_energy": [2.1019978969505786, -3.941834241323431, -6.715571903914583, -8.295185148534088, -9.172107269699715, -9.619798699175222], "mix_shots": 471600, "mix_moments": ["(1+0j)", "(2.1019978969505786+0j)", "(13.481598317560467+0j)", "(25.25446898002106+0j)", "(298.46792849632016+0j)", "(-104.30840753575293+0j)", "(10529.597214236514+0j)", "(-42851.57951961399+0j)", "(579270.4997677661+0j)", "(-4137450.631914549+0j)", "(42029385.43367363+0j)", "(-363236228.564381+0j)"], "cs_energy": [2.1936832910639286, -2.7150023221819493, -5.076700135101088, -9.62763183487732, -10.7425330729373, -10.672598232236979], "cs_shots": 471663, "cs_moments": ["(0.9999999999999997+0j)", "(2.1936832910639277+0j)", "(12.108442899095284+0j)", "(33.60339961050688+0j)", "(214.5560158736512+0j)", "(471.5437420207315+0j)", "(5628.596196987653+0j)", "(-7285.798610099721+0j)", "(299712.3372148645+0j)", "(-2110929.8414097857+0j)", "(27135163.991311416+0j)", "(-261161151.55788508+0j)"]}