{"qwc_energy": [2.1482649842271293, -3.5823632401378283, -6.46799333411385, -8.489633793620103, -9.382380446590147, -9.713924538316157], "qwc_shots": 471696, "qwc_moments": ["1.0", "(2.1482649842271293+0j)", "(12.91009463722398+0j)", "(27.845425867507885+0j)", "(267.2996845425866+0j)", "(74.94321766561393+0j)", "(8852.913249211342+0j)", "(-31613.88328075719+0j)", "(485176.7034700321+0j)", "(-3459648.7539432244+0j)", "(36661862.2287069+0j)", "(-323798905.2271299+0j)"], "mix_energy": [2.139327024185069, -2.7620010520842615, -3.985186935775814, -99.51474082964872, -11.255097875689433, -10.336027521491104], "mix_shots": 471600, "mix_moments": ["(1+0j)", "(2.139327024185069+0j)", "(12.194532071503682+0j)", "(33.18454258675079+0j)", "(207.92323869610908+0j)", "(608.4695265030878+0j)", "(3596.232849701022+0j)", "(18691.50920990611+0j)", "(-6503.112314581204+0j)", "(1342314.4104926356+0j)", "(-10523078.410238191+0j)", "(140966716.62311602+0j)"], "cs_energy": [2.1898726640419994, -3.3324551871304338, -5.435000148643784, -6.475125651283167, -6.502572066786245, -11.577131950265333], "cs_shots": 471663, "cs_moments": ["(0.9999999999999997+0j)", "(2.1898726640419985+0j)", "(13.029169324865006+0j)", "(31.40071709885919+0j)", "(251.47435335664048+0j)", "(376.9960643433888+0j)", "(6266.951943973474+0j)", "(-1371.8120735625726+0j)", "(188936.94116964884+0j)", "(-350977.87908777315+0j)", "(5465994.104018728+0j)", "(-6259774.176625337+0j)"]}