{"qwc_energy": [2.2515772870662465, -3.5884525392764743, -7.288691534654948, -9.16813585000505, -9.72950536521521, -9.869949164477603], "qwc_shots": 471696, "qwc_moments": ["1.0", "(2.2515772870662465+0j)", "(12.949526813880123+0j)", "(29.25473186119872+0j)", "(282.12933753943236+0j)", "(-57.66640378548935+0j)", "(10924.577287066253+0j)", "(-53026.32255520489+0j)", "(722927.3974763387+0j)", "(-5908342.770504761+0j)", "(62096252.02839128+0j)", "(-582871766.4171921+0j)"], "mix_energy": [2.1482649842271293, -3.5099861680966864, -6.365594002518309, -8.40259769114585, -9.414108886333363, -9.717461030014789], "mix_shots": 471600, "mix_moments": ["(1+0j)", "(2.1482649842271293+0j)", "(13.063091482649847+0j)", "(29.172450052576202+0j)", "(268.82754994742425+0j)", "(135.93073922705165+0j)", "(8638.206947775428+0j)", "(-27746.260044305756+0j)", "(457998.9626274166+0j)", "(-3163564.0969653083+0j)", "(34137219.42065962+0j)", "(-299287428.350692+0j)"], "cs_energy": [2.1565274864562776, -3.524069782487136, -6.531584006403521, -8.587241682142594, -9.416591102371676, -9.733441769049223], "cs_shots": 471663, "cs_moments": ["(0.9999999999999997+0j)", "(2.1565274864562767+0j)", "(13.016779090069733+0j)", "(28.95132837306667+0j)", "(269.6915595877069+0j)", "(95.91390136912305+0j)", "(9002.664181858912+0j)", "(-32320.40124693493+0j)", "(501590.0368093464+0j)", "(-3611622.36566291+0j)", "(38417132.23391083+0j)", "(-341129979.4563582+0j)"]}