{"XXZZ": -0.40625, "XXZI": 0.033203125, "XXIZ": 0.033203125, "XXII": -0.40625, "XIZZ": -0.173828125, "XIZI": 0.00390625, "XIIZ": 0.00390625, "XIII": -0.173828125, "IXZZ": 0.177734375, "IXZI": -0.03515625, "IXIZ": -0.03515625, "IXII": 0.177734375, "IIZZ": 1.0, "IIZI": -0.037109375, "IIIZ": -0.037109375, "IIII": 1.0, "XYYX": 0.21875, "XYYI": 0.0234375, "XYIX": -0.0234375, "XYII": -0.23046875, "XIYX": 0.142578125, "XIYI": 0.029296875, "XIIX": -0.021484375, "IYYX": -0.419921875, "IYYI": -0.013671875, "IYIX": 0.037109375, "IYII": 0.517578125, "IIYX": -0.81640625, "IIYI": -0.0234375, "IIIX": 0.0546875, "XZZX": 0.0, "XZZI": 0.01953125, "XZIX": -0.021484375, "XZII": 0.025390625, "XIZX": 0.0234375, "IZZX": 0.033203125, "IZZI": -0.083984375, "IZIX": 0.05078125, "IZII": 0.734375, "IIZX": -0.005859375, "XXYY": -0.193359375, "XXYI": -0.0078125, "XXIY": -0.015625, "XIYY": -0.146484375, "XIIY": -0.03125, "IXYY": 0.13671875, "IXYI": -0.025390625, "IXIY": -0.017578125, "IIYY": 0.57421875, "IIIY": 0.013671875, "YXYX": 0.173828125, "YXYI": 0.044921875, "YXIX": -0.060546875, "YXII": -0.201171875, "YIYX": -0.150390625, "YIYI": -0.001953125, "YIIX": -0.021484375, "YIII": 0.193359375, "IXYX": -0.109375, "IXIX": 0.0, "ZXZX": 0.05859375, "ZXZI": -0.009765625, "ZXIX": 0.025390625, "ZXII": 0.14453125, "ZIZX": 0.0, "ZIZI": -0.021484375, "ZIIX": -0.033203125, "ZIII": 0.875, "IXZX": 0.05859375, "ZYZY": 0.013671875, "ZYZI": 0.017578125, "ZYIY": -0.025390625, "ZYII": 0.455078125, "ZIZY": 0.017578125, "ZIIY": -0.033203125, "IYZY": 0.015625, "IYZI": 0.01171875, "IYIY": -0.03515625, "IIZY": 0.01953125, "XYXY": 0.220703125, "XYXI": 0.064453125, "XYIY": -0.052734375, "XIXY": 0.09375, "XIXI": 0.046875, "IYXY": -0.396484375, "IYXI": 0.009765625, "IIXY": -0.81640625, "IIXI": -0.03515625, "YYZZ": 0.4140625, "YYZI": 0.01171875, "YYIZ": 0.01171875, "YYII": 0.4140625, "YIZZ": 0.181640625, "YIZI": 0.005859375, "YIIZ": 0.005859375, "IYZZ": 0.482421875, "IYIZ": -0.009765625, "YYXX": -0.232421875, "YYXI": 0.025390625, "YYIX": -0.0390625, "YIXX": -0.08984375, "YIXI": -0.0234375, "IYXX": -0.25, "IIXX": -0.556640625, "XZXZ": 0.0234375, "XZXI": -0.041015625, "XZIZ": 0.0078125, "XIXZ": 0.041015625, "IZXZ": -0.01953125, "IZXI": 0.005859375, "IZIZ": -0.09765625, "IIXZ": -0.013671875, "ZYYZ": 0.052734375, "ZYYI": 0.037109375, "ZYIZ": 0.029296875, "ZIYZ": 0.064453125, "ZIYI": 0.044921875, "ZIIZ": -0.013671875, "IYYZ": 0.02734375, "IIYZ": 0.05859375, "ZZYY": 0.498046875, "ZZYI": 0.021484375, "ZZIY": 0.046875, "ZZII": 0.84765625, "ZIYY": 0.546875, "IZYY": 0.44921875, "IZYI": 0.0234375, "IZIY": 0.056640625, "YZYZ": 0.025390625, "YZYI": -0.005859375, "YZIZ": -0.0390625, "YZII": 0.0078125, "YIYZ": 0.025390625, "IZYZ": -0.025390625, "YZZY": -0.03515625, "YZZI": -0.021484375, "YZIY": -0.044921875, "YIZY": -0.017578125, "YIIY": -0.046875, "IZZY": -0.025390625, "YXXY": 0.18359375, "YXXI": -0.064453125, "YXIY": 0.0625, "YIXY": -0.162109375, "IXXY": -0.12109375, "IXXI": 0.009765625, "ZXXZ": -0.056640625, "ZXXI": -0.0078125, "ZXIZ": 0.033203125, "ZIXZ": 0.015625, "ZIXI": -0.029296875, "IXXZ": -0.046875, "ZZXX": -0.47265625, "ZZXI": -0.017578125, "ZZIX": 0.01171875, "ZIXX": -0.451171875, "IZXX": -0.39453125, "XXXX": 0.20703125, "XXXI": 0.041015625, "XXIX": -0.01171875, "XIXX": 0.06640625, "IXXX": -0.083984375, "YYYY": 0.21484375, "YYYI": -0.037109375, "YYIY": -0.021484375, "YIYY": 0.09375, "IYYY": 0.26171875, "ZZZZ": 0.853515625, "ZZZI": -0.025390625, "ZZIZ": -0.025390625, "ZIZZ": 0.916015625, "IZZZ": 0.78515625}