{"XXZZ": -0.34375, "XXZI": 0.0078125, "XXIZ": 0.0078125, "XXII": -0.34375, "XIZZ": -0.15625, "XIZI": 0.0, "XIIZ": 0.0, "XIII": -0.15625, "IXZZ": 0.1796875, "IXZI": 0.015625, "IXIZ": 0.015625, "IXII": 0.1796875, "IIZZ": 1.0, "IIZI": 0.0, "IIIZ": 0.0, "IIII": 1.0, "XYYX": 0.13671875, "XYYI": -0.005859375, "XYIX": 0.015625, "XYII": -0.158203125, "XIYX": 0.107421875, "XIYI": -0.0078125, "XIIX": 0.001953125, "IYYX": -0.37109375, "IYYI": 0.005859375, "IYIX": 0.015625, "IYII": 0.462890625, "IIYX": -0.837890625, "IIYI": 0.04296875, "IIIX": -0.037109375, "XZZX": -0.009765625, "XZZI": 0.005859375, "XZIX": 0.015625, "XZII": -0.0078125, "XIZX": 0.01171875, "IZZX": 0.01953125, "IZZI": -0.0390625, "IZIX": -0.052734375, "IZII": 0.732421875, "IIZX": 0.009765625, "XXYY": -0.267578125, "XXYI": -0.001953125, "XXIY": -0.01953125, "XIYY": -0.140625, "XIIY": -0.048828125, "IXYY": 0.13671875, "IXYI": 0.0, "IXIY": 0.021484375, "IIYY": 0.505859375, "IIIY": 0.0078125, "YXYX": 0.09765625, "YXYI": -0.001953125, "YXIX": 0.01171875, "YXII": -0.138671875, "YIYX": -0.068359375, "YIYI": 0.015625, "YIIX": -0.001953125, "YIII": 0.1015625, "IXYX": -0.0859375, "IXIX": -0.0546875, "ZXZX": -0.00390625, "ZXZI": -0.025390625, "ZXIX": -0.03515625, "ZXII": 0.072265625, "ZIZX": 0.025390625, "ZIZI": -0.01171875, "ZIIX": 0.064453125, "ZIII": 0.890625, "IXZX": -0.03515625, "ZYZY": 0.0, "ZYZI": 0.01953125, "ZYIY": -0.0078125, "ZYII": 0.4375, "ZIZY": -0.041015625, "ZIIY": -0.001953125, "IYZY": -0.009765625, "IYZI": 0.013671875, "IYIY": -0.009765625, "IIZY": -0.02734375, "XYXY": 0.1328125, "XYXI": -0.025390625, "XYIY": 0.025390625, "XIXY": 0.09765625, "XIXI": -0.021484375, "IYXY": -0.375, "IYXI": -0.001953125, "IIXY": -0.80859375, "IIXI": -0.029296875, "YYZZ": 0.44140625, "YYZI": 0.0, "YYIZ": 0.0, "YYII": 0.44140625, "YIZZ": 0.21484375, "YIZI": 0.01171875, "YIIZ": 0.01171875, "IYZZ": 0.45703125, "IYIZ": 0.00390625, "YYXX": -0.251953125, "YYXI": -0.0078125, "YYIX": -0.029296875, "YIXX": -0.12109375, "YIXI": 0.005859375, "IYXX": -0.2734375, "IIXX": -0.564453125, "XZXZ": -0.021484375, "XZXI": -0.04296875, "XZIZ": 0.03125, "XIXZ": 0.005859375, "IZXZ": -0.0546875, "IZXI": 0.005859375, "IZIZ": -0.013671875, "IIXZ": -0.02734375, "ZYYZ": -0.037109375, "ZYYI": 0.005859375, "ZYIZ": -0.001953125, "ZIYZ": 0.005859375, "ZIYI": -0.033203125, "ZIIZ": -0.037109375, "IYYZ": -0.03515625, "IIYZ": 0.015625, "ZZYY": 0.494140625, "ZZYI": -0.029296875, "ZZIY": 0.0, "ZZII": 0.81640625, "ZIYY": 0.52734375, "IZYY": 0.4375, "IZYI": -0.0078125, "IZIY": 0.005859375, "YZYZ": -0.060546875, "YZYI": 0.025390625, "YZIZ": -0.00390625, "YZII": 0.01171875, "YIYZ": -0.046875, "IZYZ": -0.0234375, "YZZY": 0.013671875, "YZZI": -0.078125, "YZIY": 0.048828125, "YIZY": -0.0078125, "YIIY": 0.0390625, "IZZY": 0.015625, "YXXY": 0.13671875, "YXXI": -0.005859375, "YXIY": 0.0078125, "YIXY": -0.169921875, "IXXY": -0.12890625, "IXXI": 0.044921875, "ZXXZ": 0.052734375, "ZXXI": -0.021484375, "ZXIZ": -0.041015625, "ZIXZ": -0.025390625, "ZIXI": 0.013671875, "IXXZ": 0.0546875, "ZZXX": -0.451171875, "ZZXI": 0.03515625, "ZZIX": -0.04296875, "ZIXX": -0.4765625, "IZXX": -0.400390625, "XXXX": 0.21875, "XXXI": 0.001953125, "XXIX": -0.0078125, "XIXX": 0.12890625, "IXXX": -0.099609375, "YYYY": 0.2265625, "YYYI": 0.044921875, "YYIY": -0.033203125, "YIYY": 0.09375, "IYYY": 0.23046875, "ZZZZ": 0.869140625, "ZZZI": -0.080078125, "ZZIZ": -0.080078125, "ZIZZ": 0.87890625, "IZZZ": 0.755859375}