{"XXZZ": -0.36328125, "XXZI": 0.01171875, "XXIZ": 0.01171875, "XXII": -0.36328125, "XIZZ": -0.1015625, "XIZI": 0.02734375, "XIIZ": 0.02734375, "XIII": -0.1015625, "IXZZ": 0.1171875, "IXZI": -0.0703125, "IXIZ": -0.0703125, "IXII": 0.1171875, "IIZZ": 1.0, "IIZI": -0.07421875, "IIIZ": -0.07421875, "IIII": 1.0, "XYYX": 0.17578125, "XYYI": -0.005859375, "XYIX": 0.025390625, "XYII": -0.203125, "XIYX": 0.060546875, "XIYI": 0.01953125, "XIIX": 0.0078125, "IYYX": -0.365234375, "IYYI": 0.0, "IYIX": -0.00390625, "IYII": 0.455078125, "IIYX": -0.80078125, "IIYI": -0.005859375, "IIIX": 0.009765625, "XZZX": -0.021484375, "XZZI": 0.025390625, "XZIX": 0.068359375, "XZII": 0.060546875, "XIZX": -0.01953125, "IZZX": -0.025390625, "IZZI": -0.087890625, "IZIX": 0.005859375, "IZII": 0.763671875, "IIZX": -0.03125, "XXYY": -0.259765625, "XXYI": 0.05078125, "XXIY": 0.0234375, "XIYY": -0.095703125, "XIIY": 0.07421875, "IXYY": 0.125, "IXYI": -0.087890625, "IXIY": -0.044921875, "IIYY": 0.57421875, "IIIY": -0.021484375, "YXYX": 0.158203125, "YXYI": -0.00390625, "YXIX": -0.015625, "YXII": -0.154296875, "YIYX": -0.109375, "YIYI": 0.033203125, "YIIX": -0.060546875, "YIII": 0.14453125, "IXYX": -0.123046875, "IXIX": -0.0234375, "ZXZX": -0.013671875, "ZXZI": 0.021484375, "ZXIX": -0.005859375, "ZXII": 0.134765625, "ZIZX": 0.015625, "ZIZI": -0.0625, "ZIIX": 0.03125, "ZIII": 0.89453125, "IXZX": -0.013671875, "ZYZY": -0.005859375, "ZYZI": 0.0, "ZYIY": 0.03515625, "ZYII": 0.466796875, "ZIZY": -0.03125, "ZIIY": 0.017578125, "IYZY": 0.005859375, "IYZI": -0.01171875, "IYIY": 0.0234375, "IIZY": -0.0078125, "XYXY": 0.1875, "XYXI": 0.02734375, "XYIY": -0.02734375, "XIXY": 0.16015625, "XIXI": -0.03515625, "IYXY": -0.4140625, "IYXI": 0.0390625, "IIXY": -0.828125, "IIXI": 0.01171875, "YYZZ": 0.41796875, "YYZI": 0.02734375, "YYIZ": 0.02734375, "YYII": 0.41796875, "YIZZ": 0.162109375, "YIZI": 0.052734375, "YIIZ": 0.052734375, "IYZZ": 0.427734375, "IYIZ": 0.056640625, "YYXX": -0.212890625, "YYXI": -0.05859375, "YYIX": 0.013671875, "YIXX": -0.09375, "YIXI": -0.072265625, "IYXX": -0.2578125, "IIXX": -0.560546875, "XZXZ": -0.01171875, "XZXI": 0.033203125, "XZIZ": 0.0, "XIXZ": -0.021484375, "IZXZ": 0.0078125, "IZXI": 0.029296875, "IZIZ": -0.0546875, "IIXZ": -0.005859375, "ZYYZ": 0.09375, "ZYYI": 0.015625, "ZYIZ": -0.01953125, "ZIYZ": 0.017578125, "ZIYI": 0.017578125, "ZIIZ": -0.060546875, "IYYZ": 0.064453125, "IIYZ": -0.00390625, "ZZYY": 0.451171875, "ZZYI": -0.01953125, "ZZIY": 0.0234375, "ZZII": 0.826171875, "ZIYY": 0.46484375, "IZYY": 0.396484375, "IZYI": -0.0234375, "IZIY": 0.015625, "YZYZ": 0.01953125, "YZYI": -0.015625, "YZIZ": -0.033203125, "YZII": -0.025390625, "YIYZ": 0.0546875, "IZYZ": -0.005859375, "YZZY": 0.0234375, "YZZI": 0.037109375, "YZIY": -0.02734375, "YIZY": -0.00390625, "YIIY": -0.03125, "IZZY": -0.005859375, "YXXY": 0.17578125, "YXXI": -0.052734375, "YXIY": 0.03515625, "YIXY": -0.185546875, "IXXY": -0.1015625, "IXXI": -0.009765625, "ZXXZ": -0.03125, "ZXXI": -0.025390625, "ZXIZ": -0.021484375, "ZIXZ": -0.021484375, "ZIXI": 0.0234375, "IXXZ": -0.005859375, "ZZXX": -0.45703125, "ZZXI": 0.001953125, "ZZIX": 0.017578125, "ZIXX": -0.4921875, "IZXX": -0.38671875, "XXXX": 0.205078125, "XXXI": -0.0546875, "XXIX": 0.0078125, "XIXX": 0.083984375, "IXXX": -0.08984375, "YYYY": 0.240234375, "YYYI": 0.01953125, "YYIY": 0.021484375, "YIYY": 0.06640625, "IYYY": 0.25390625, "ZZZZ": 0.841796875, "ZZZI": -0.08203125, "ZZIZ": -0.08203125, "ZIZZ": 0.87890625, "IZZZ": 0.751953125}