{"XXZZ": -0.3984375, "XXZI": -0.01953125, "XXIZ": -0.01953125, "XXII": -0.3984375, "XIZZ": -0.15625, "XIZI": 0.00390625, "XIIZ": 0.00390625, "XIII": -0.15625, "IXZZ": 0.1875, "IXZI": 0.01171875, "IXIZ": 0.01171875, "IXII": 0.1875, "IIZZ": 1.0, "IIZI": -0.00390625, "IIIZ": -0.00390625, "IIII": 1.0, "XYYX": 0.16796875, "XYYI": 0.017578125, "XYIX": 0.0078125, "XYII": -0.197265625, "XIYX": 0.109375, "XIYI": 0.029296875, "XIIX": -0.0234375, "IYYX": -0.392578125, "IYYI": 0.0, "IYIX": 0.001953125, "IYII": 0.50390625, "IIYX": -0.775390625, "IIYI": 0.0078125, "IIIX": -0.017578125, "XZZX": 0.001953125, "XZZI": 0.0078125, "XZIX": 0.056640625, "XZII": 0.00390625, "XIZX": -0.0390625, "IZZX": -0.0703125, "IZZI": -0.029296875, "IZIX": -0.0234375, "IZII": 0.771484375, "IIZX": -0.033203125, "XXYY": -0.193359375, "XXYI": 0.017578125, "XXIY": -0.005859375, "XIYY": -0.099609375, "XIIY": 0.033203125, "IXYY": 0.08984375, "IXYI": -0.08203125, "IXIY": 0.0, "IIYY": 0.58203125, "IIIY": 0.0, "YXYX": 0.14453125, "YXYI": -0.0625, "YXIX": 0.048828125, "YXII": -0.169921875, "YIYX": -0.13671875, "YIYI": -0.0234375, "YIIX": 0.017578125, "YIII": 0.173828125, "IXYX": -0.193359375, "IXIX": -0.02734375, "ZXZX": -0.009765625, "ZXZI": -0.017578125, "ZXIX": -0.060546875, "ZXII": 0.193359375, "ZIZX": -0.037109375, "ZIZI": -0.080078125, "ZIIX": -0.064453125, "ZIII": 0.888671875, "IXZX": 0.0, "ZYZY": -0.025390625, "ZYZI": -0.0625, "ZYIY": 0.013671875, "ZYII": 0.42578125, "ZIZY": -0.01953125, "ZIIY": -0.0234375, "IYZY": -0.01171875, "IYZI": -0.060546875, "IYIY": 0.02734375, "IIZY": -0.009765625, "XYXY": 0.171875, "XYXI": -0.0234375, "XYIY": 0.048828125, "XIXY": 0.169921875, "XIXI": 0.009765625, "IYXY": -0.41015625, "IYXI": -0.0078125, "IIXY": -0.822265625, "IIXI": -0.001953125, "YYZZ": 0.41015625, "YYZI": 0.05078125, "YYIZ": 0.05078125, "YYII": 0.41015625, "YIZZ": 0.171875, "YIZI": 0.03125, "YIIZ": 0.03125, "IYZZ": 0.5234375, "IYIZ": -0.0234375, "YYXX": -0.1953125, "YYXI": 0.03515625, "YYIX": -0.013671875, "YIXX": -0.099609375, "YIXI": 0.029296875, "IYXX": -0.2734375, "IIXX": -0.548828125, "XZXZ": 0.005859375, "XZXI": 0.021484375, "XZIZ": 0.02734375, "XIXZ": -0.005859375, "IZXZ": -0.052734375, "IZXI": -0.021484375, "IZIZ": -0.05078125, "IIXZ": -0.037109375, "ZYYZ": -0.015625, "ZYYI": 0.025390625, "ZYIZ": -0.037109375, "ZIYZ": -0.017578125, "ZIYI": 0.0, "ZIIZ": -0.06640625, "IYYZ": -0.021484375, "IIYZ": -0.0234375, "ZZYY": 0.546875, "ZZYI": 0.015625, "ZZIY": 0.021484375, "ZZII": 0.837890625, "ZIYY": 0.53515625, "IZYY": 0.478515625, "IZYI": 0.001953125, "IZIY": 0.02734375, "YZYZ": 0.021484375, "YZYI": 0.00390625, "YZIZ": -0.029296875, "YZII": -0.03515625, "YIYZ": 0.037109375, "IZYZ": 0.029296875, "YZZY": -0.017578125, "YZZI": -0.029296875, "YZIY": 0.041015625, "YIZY": -0.0078125, "YIIY": 0.05859375, "IZZY": -0.009765625, "YXXY": 0.09375, "YXXI": -0.029296875, "YXIY": 0.03125, "YIXY": -0.1484375, "IXXY": -0.130859375, "IXXI": -0.03515625, "ZXXZ": -0.013671875, "ZXXI": 0.013671875, "ZXIZ": -0.001953125, "ZIXZ": -0.005859375, "ZIXI": 0.021484375, "IXXZ": 0.04296875, "ZZXX": -0.4921875, "ZZXI": -0.013671875, "ZZIX": -0.015625, "ZIXX": -0.521484375, "IZXX": -0.4375, "XXXX": 0.16015625, "XXXI": 0.041015625, "XXIX": -0.01953125, "XIXX": 0.068359375, "IXXX": -0.0859375, "YYYY": 0.228515625, "YYYI": -0.001953125, "YYIY": 0.01171875, "YIYY": 0.08984375, "IYYY": 0.27734375, "ZZZZ": 0.87890625, "ZZZI": -0.056640625, "ZZIZ": -0.056640625, "ZIZZ": 0.896484375, "IZZZ": 0.775390625}