{"XXZZ": -0.376953125, "XXZI": 0.001953125, "XXIZ": 0.001953125, "XXII": -0.376953125, "XIZZ": -0.158203125, "XIZI": -0.037109375, "XIIZ": -0.037109375, "XIII": -0.158203125, "IXZZ": 0.12890625, "IXZI": -0.0078125, "IXIZ": -0.0078125, "IXII": 0.12890625, "IIZZ": 1.0, "IIZI": -0.05078125, "IIIZ": -0.05078125, "IIII": 1.0, "XYYX": 0.201171875, "XYYI": 0.03515625, "XYIX": -0.0234375, "XYII": -0.212890625, "XIYX": 0.169921875, "XIYI": 0.00390625, "XIIX": 0.00390625, "IYYX": -0.45703125, "IYYI": 0.017578125, "IYIX": -0.017578125, "IYII": 0.49609375, "IIYX": -0.86328125, "IIYI": 0.009765625, "IIIX": -0.005859375, "XZZX": -0.029296875, "XZZI": 0.048828125, "XZIX": 0.01953125, "XZII": -0.03515625, "XIZX": -0.015625, "IZZX": 0.03125, "IZZI": -0.05078125, "IZIX": -0.005859375, "IZII": 0.716796875, "IIZX": 0.029296875, "XXYY": -0.197265625, "XXYI": -0.0078125, "XXIY": 0.00390625, "XIYY": -0.08203125, "XIIY": 0.017578125, "IXYY": 0.060546875, "IXYI": -0.01953125, "IXIY": -0.046875, "IIYY": 0.54296875, "IIIY": 0.005859375, "YXYX": 0.138671875, "YXYI": -0.029296875, "YXIX": 0.0078125, "YXII": -0.11328125, "YIYX": -0.177734375, "YIYI": 0.033203125, "YIIX": -0.05859375, "YIII": 0.23046875, "IXYX": -0.146484375, "IXIX": -0.0390625, "ZXZX": 0.001953125, "ZXZI": 0.029296875, "ZXIX": -0.033203125, "ZXII": 0.146484375, "ZIZX": -0.00390625, "ZIZI": -0.03125, "ZIIX": 0.03125, "ZIII": 0.875, "IXZX": 0.021484375, "ZYZY": -0.0234375, "ZYZI": 0.009765625, "ZYIY": 0.013671875, "ZYII": 0.4609375, "ZIZY": 0.015625, "ZIIY": -0.001953125, "IYZY": -0.0234375, "IYZI": -0.001953125, "IYIY": 0.029296875, "IIZY": 0.0, "XYXY": 0.197265625, "XYXI": -0.013671875, "XYIY": -0.021484375, "XIXY": 0.1015625, "XIXI": -0.0625, "IYXY": -0.400390625, "IYXI": 0.029296875, "IIXY": -0.81640625, "IIXI": 0.01953125, "YYZZ": 0.41796875, "YYZI": -0.015625, "YYIZ": -0.015625, "YYII": 0.41796875, "YIZZ": 0.162109375, "YIZI": -0.025390625, "YIIZ": -0.025390625, "IYZZ": 0.458984375, "IYIZ": 0.029296875, "YYXX": -0.228515625, "YYXI": 0.017578125, "YYIX": -0.001953125, "YIXX": -0.1171875, "YIXI": 0.04296875, "IYXX": -0.263671875, "IIXX": -0.56640625, "XZXZ": 0.01171875, "XZXI": 0.041015625, "XZIZ": -0.037109375, "XIXZ": 0.037109375, "IZXZ": 0.048828125, "IZXI": 0.0078125, "IZIZ": -0.0625, "IIXZ": 0.046875, "ZYYZ": 0.0078125, "ZYYI": -0.015625, "ZYIZ": -0.021484375, "ZIYZ": 0.01171875, "ZIYI": -0.01953125, "ZIIZ": -0.087890625, "IYYZ": 0.025390625, "IIYZ": 0.017578125, "ZZYY": 0.47265625, "ZZYI": 0.009765625, "ZZIY": -0.001953125, "ZZII": 0.859375, "ZIYY": 0.505859375, "IZYY": 0.404296875, "IZYI": 0.01171875, "IZIY": 0.0234375, "YZYZ": -0.0390625, "YZYI": 0.0234375, "YZIZ": 0.0078125, "YZII": -0.03125, "YIYZ": -0.017578125, "IZYZ": 0.044921875, "YZZY": 0.0234375, "YZZI": -0.041015625, "YZIY": 0.02734375, "YIZY": -0.00390625, "YIIY": 0.01171875, "IZZY": -0.025390625, "YXXY": 0.1171875, "YXXI": -0.0078125, "YXIY": 0.015625, "YIXY": -0.169921875, "IXXY": -0.107421875, "IXXI": -0.001953125, "ZXXZ": -0.015625, "ZXXI": -0.001953125, "ZXIZ": -0.044921875, "ZIXZ": 0.04296875, "ZIXI": -0.001953125, "IXXZ": 0.0078125, "ZZXX": -0.486328125, "ZZXI": 0.0234375, "ZZIX": 0.005859375, "ZIXX": -0.484375, "IZXX": -0.43359375, "XXXX": 0.185546875, "XXXI": 0.017578125, "XXIX": 0.04296875, "XIXX": 0.10546875, "IXXX": -0.09375, "YYYY": 0.23828125, "YYYI": 0.017578125, "YYIY": 0.04296875, "YIYY": 0.12890625, "IYYY": 0.259765625, "ZZZZ": 0.88671875, "ZZZI": -0.060546875, "ZZIZ": -0.060546875, "ZIZZ": 0.8828125, "IZZZ": 0.796875}