{"XXZZ": -0.388671875, "XXZI": 0.0703125, "XXIZ": 0.0703125, "XXII": -0.388671875, "XIZZ": -0.171875, "XIZI": 0.025390625, "XIIZ": 0.025390625, "XIII": -0.171875, "IXZZ": 0.166015625, "IXZI": -0.03515625, "IXIZ": -0.03515625, "IXII": 0.166015625, "IIZZ": 1.0, "IIZI": -0.064453125, "IIIZ": -0.064453125, "IIII": 1.0, "XYYX": 0.1796875, "XYYI": 0.0, "XYIX": -0.013671875, "XYII": -0.189453125, "XIYX": 0.111328125, "XIYI": -0.009765625, "XIIX": -0.01953125, "IYYX": -0.40234375, "IYYI": 0.0078125, "IYIX": -0.005859375, "IYII": 0.455078125, "IIYX": -0.830078125, "IIYI": 0.044921875, "IIIX": -0.04296875, "XZZX": 0.021484375, "XZZI": 0.013671875, "XZIX": -0.021484375, "XZII": -0.001953125, "XIZX": 0.041015625, "IZZX": 0.01171875, "IZZI": -0.0546875, "IZIX": 0.01171875, "IZII": 0.74609375, "IIZX": -0.01171875, "XXYY": -0.15625, "XXYI": -0.05078125, "XXIY": -0.017578125, "XIYY": -0.078125, "XIIY": -0.009765625, "IXYY": 0.107421875, "IXYI": -0.029296875, "IXIY": -0.03125, "IIYY": 0.595703125, "IIIY": -0.00390625, "YXYX": 0.1328125, "YXYI": 0.00390625, "YXIX": -0.0078125, "YXII": -0.15234375, "YIYX": -0.16796875, "YIYI": -0.09765625, "YIIX": 0.0859375, "YIII": 0.21875, "IXYX": -0.06640625, "IXIX": -0.0390625, "ZXZX": -0.017578125, "ZXZI": 0.03125, "ZXIX": 0.025390625, "ZXII": 0.0546875, "ZIZX": -0.00390625, "ZIZI": 0.021484375, "ZIIX": -0.02734375, "ZIII": 0.884765625, "IXZX": -0.02734375, "ZYZY": -0.005859375, "ZYZI": -0.0078125, "ZYIY": 0.03515625, "ZYII": 0.447265625, "ZIZY": 0.052734375, "ZIIY": 0.04296875, "IYZY": -0.015625, "IYZI": 0.017578125, "IYIY": 0.060546875, "IIZY": 0.04296875, "XYXY": 0.240234375, "XYXI": -0.005859375, "XYIY": 0.01171875, "XIXY": 0.16015625, "XIXI": 0.03515625, "IYXY": -0.41015625, "IYXI": 0.01171875, "IIXY": -0.802734375, "IIXI": -0.009765625, "YYZZ": 0.40625, "YYZI": 0.0078125, "YYIZ": 0.0078125, "YYII": 0.40625, "YIZZ": 0.236328125, "YIZI": -0.025390625, "YIIZ": -0.025390625, "IYZZ": 0.505859375, "IYIZ": -0.025390625, "YYXX": -0.21875, "YYXI": -0.01171875, "YYIX": 0.0078125, "YIXX": -0.09375, "YIXI": 0.03125, "IYXX": -0.24609375, "IIXX": -0.52734375, "XZXZ": -0.0078125, "XZXI": -0.009765625, "XZIZ": 0.017578125, "XIXZ": -0.052734375, "IZXZ": 0.013671875, "IZXI": 0.04296875, "IZIZ": -0.01953125, "IIXZ": 0.03125, "ZYYZ": 0.033203125, "ZYYI": 0.033203125, "ZYIZ": -0.013671875, "ZIYZ": 0.048828125, "ZIYI": -0.021484375, "ZIIZ": -0.072265625, "IYYZ": 0.03515625, "IIYZ": 0.0234375, "ZZYY": 0.49609375, "ZZYI": -0.046875, "ZZIY": -0.017578125, "ZZII": 0.837890625, "ZIYY": 0.51953125, "IZYY": 0.435546875, "IZYI": -0.041015625, "IZIY": 0.0, "YZYZ": -0.048828125, "YZYI": 0.02734375, "YZIZ": 0.041015625, "YZII": -0.0390625, "YIYZ": -0.072265625, "IZYZ": -0.021484375, "YZZY": 0.009765625, "YZZI": 0.033203125, "YZIY": 0.005859375, "YIZY": 0.02734375, "YIIY": -0.0078125, "IZZY": -0.044921875, "YXXY": 0.0859375, "YXXI": -0.05078125, "YXIY": 0.029296875, "YIXY": -0.1796875, "IXXY": -0.119140625, "IXXI": 0.017578125, "ZXXZ": 0.0390625, "ZXXI": -0.013671875, "ZXIZ": -0.015625, "ZIXZ": -0.021484375, "ZIXI": -0.00390625, "IXXZ": 0.02734375, "ZZXX": -0.46875, "ZZXI": -0.04296875, "ZZIX": 0.052734375, "ZIXX": -0.486328125, "IZXX": -0.4140625, "XXXX": 0.23828125, "XXXI": 0.02734375, "XXIX": -0.013671875, "XIXX": 0.07421875, "IXXX": -0.095703125, "YYYY": 0.255859375, "YYYI": -0.046875, "YYIY": -0.009765625, "YIYY": 0.130859375, "IYYY": 0.244140625, "ZZZZ": 0.865234375, "ZZZI": -0.04296875, "ZZIZ": -0.04296875, "ZIZZ": 0.87109375, "IZZZ": 0.744140625}