{"XXZZ": -0.357421875, "XXZI": -0.01953125, "XXIZ": -0.01953125, "XXII": -0.357421875, "XIZZ": -0.13671875, "XIZI": -0.033203125, "XIIZ": -0.033203125, "XIII": -0.13671875, "IXZZ": 0.123046875, "IXZI": -0.01953125, "IXIZ": -0.01953125, "IXII": 0.123046875, "IIZZ": 1.0, "IIZI": 0.013671875, "IIIZ": 0.013671875, "IIII": 1.0, "XYYX": 0.181640625, "XYYI": 0.041015625, "XYIX": -0.015625, "XYII": -0.21875, "XIYX": 0.103515625, "XIYI": 0.041015625, "XIIX": -0.0390625, "IYYX": -0.384765625, "IYYI": -0.068359375, "IYIX": 0.07421875, "IYII": 0.4609375, "IIYX": -0.783203125, "IIYI": -0.021484375, "IIIX": 0.04296875, "XZZX": 0.056640625, "XZZI": -0.001953125, "XZIX": -0.029296875, "XZII": 0.025390625, "XIZX": 0.046875, "IZZX": 0.013671875, "IZZI": -0.044921875, "IZIX": -0.017578125, "IZII": 0.740234375, "IIZX": 0.015625, "XXYY": -0.21484375, "XXYI": 0.03515625, "XXIY": 0.005859375, "XIYY": -0.0390625, "XIIY": 0.009765625, "IXYY": 0.072265625, "IXYI": 0.009765625, "IXIY": -0.03515625, "IIYY": 0.572265625, "IIIY": -0.00390625, "YXYX": 0.138671875, "YXYI": -0.046875, "YXIX": 0.046875, "YXII": -0.134765625, "YIYX": -0.119140625, "YIYI": 0.01953125, "YIIX": 0.0, "YIII": 0.150390625, "IXYX": -0.1328125, "IXIX": 0.025390625, "ZXZX": 0.025390625, "ZXZI": -0.064453125, "ZXIX": -0.013671875, "ZXII": 0.146484375, "ZIZX": -0.00390625, "ZIZI": -0.11328125, "ZIIX": -0.015625, "ZIII": 0.8984375, "IXZX": 0.021484375, "ZYZY": -0.00390625, "ZYZI": -0.03515625, "ZYIY": 0.013671875, "ZYII": 0.439453125, "ZIZY": -0.041015625, "ZIIY": 0.01953125, "IYZY": 0.0078125, "IYZI": -0.01953125, "IYIY": -0.001953125, "IIZY": -0.044921875, "XYXY": 0.23046875, "XYXI": -0.033203125, "XYIY": 0.0, "XIXY": 0.16796875, "XIXI": -0.013671875, "IYXY": -0.373046875, "IYXI": 0.07421875, "IIXY": -0.830078125, "IIXI": 0.01171875, "YYZZ": 0.42578125, "YYZI": -0.0390625, "YYIZ": -0.0390625, "YYII": 0.42578125, "YIZZ": 0.185546875, "YIZI": -0.044921875, "YIIZ": -0.044921875, "IYZZ": 0.470703125, "IYIZ": 0.021484375, "YYXX": -0.24609375, "YYXI": -0.0078125, "YYIX": -0.013671875, "YIXX": -0.064453125, "YIXI": 0.060546875, "IYXX": -0.25, "IIXX": -0.560546875, "XZXZ": -0.0234375, "XZXI": 0.03515625, "XZIZ": -0.015625, "XIXZ": -0.01171875, "IZXZ": -0.0078125, "IZXI": -0.05078125, "IZIZ": -0.0390625, "IIXZ": -0.01171875, "ZYYZ": 0.025390625, "ZYYI": 0.029296875, "ZYIZ": 0.00390625, "ZIYZ": 0.005859375, "ZIYI": 0.009765625, "ZIIZ": -0.05078125, "IYYZ": 0.037109375, "IIYZ": 0.013671875, "ZZYY": 0.478515625, "ZZYI": 0.01171875, "ZZIY": 0.005859375, "ZZII": 0.8359375, "ZIYY": 0.525390625, "IZYY": 0.419921875, "IZYI": 0.0234375, "IZIY": 0.005859375, "YZYZ": -0.0234375, "YZYI": -0.05078125, "YZIZ": 0.005859375, "YZII": 0.048828125, "YIYZ": -0.0546875, "IZYZ": -0.033203125, "YZZY": 0.044921875, "YZZI": -0.033203125, "YZIY": 0.033203125, "YIZY": 0.072265625, "YIIY": 0.001953125, "IZZY": 0.03125, "YXXY": 0.1953125, "YXXI": -0.041015625, "YXIY": 0.0546875, "YIXY": -0.05859375, "IXXY": -0.130859375, "IXXI": 0.078125, "ZXXZ": -0.01953125, "ZXXI": 0.017578125, "ZXIZ": -0.009765625, "ZIXZ": -0.037109375, "ZIXI": 0.046875, "IXXZ": -0.001953125, "ZZXX": -0.51953125, "ZZXI": -0.00390625, "ZZIX": 0.02734375, "ZIXX": -0.4921875, "IZXX": -0.44921875, "XXXX": 0.177734375, "XXXI": 0.033203125, "XXIX": -0.025390625, "XIXX": 0.09375, "IXXX": -0.068359375, "YYYY": 0.18359375, "YYYI": -0.015625, "YYIY": -0.0390625, "YIYY": 0.052734375, "IYYY": 0.287109375, "ZZZZ": 0.83984375, "ZZZI": -0.083984375, "ZZIZ": -0.083984375, "ZIZZ": 0.869140625, "IZZZ": 0.728515625}