{"XXZZ": -0.375, "XXZI": 0.05078125, "XXIZ": 0.05078125, "XXII": -0.375, "XIZZ": -0.1875, "XIZI": 0.0234375, "XIIZ": 0.0234375, "XIII": -0.1875, "IXZZ": 0.17578125, "IXZI": -0.04296875, "IXIZ": -0.04296875, "IXII": 0.17578125, "IIZZ": 1.0, "IIZI": -0.09765625, "IIIZ": -0.09765625, "IIII": 1.0, "XYYX": 0.185546875, "XYYI": 0.0234375, "XYIX": -0.013671875, "XYII": -0.2109375, "XIYX": 0.1171875, "XIYI": 0.017578125, "XIIX": -0.0078125, "IYYX": -0.38671875, "IYYI": 0.025390625, "IYIX": 0.01953125, "IYII": 0.490234375, "IIYX": -0.833984375, "IIYI": 0.046875, "IIIX": -0.001953125, "XZZX": -0.037109375, "XZZI": 0.005859375, "XZIX": -0.02734375, "XZII": -0.06640625, "XIZX": -0.005859375, "IZZX": 0.001953125, "IZZI": -0.009765625, "IZIX": 0.02734375, "IZII": 0.73828125, "IIZX": -0.009765625, "XXYY": -0.236328125, "XXYI": -0.017578125, "XXIY": -0.0078125, "XIYY": -0.076171875, "XIIY": 0.0, "IXYY": 0.162109375, "IXYI": -0.001953125, "IXIY": 0.015625, "IIYY": 0.576171875, "IIIY": -0.01953125, "YXYX": 0.099609375, "YXYI": 0.00390625, "YXIX": -0.015625, "YXII": -0.103515625, "YIYX": -0.177734375, "YIYI": 0.0, "YIIX": 0.0078125, "YIII": 0.224609375, "IXYX": -0.109375, "IXIX": -0.017578125, "ZXZX": 0.037109375, "ZXZI": 0.0078125, "ZXIX": 0.0078125, "ZXII": 0.091796875, "ZIZX": 0.015625, "ZIZI": -0.064453125, "ZIIX": -0.009765625, "ZIII": 0.890625, "IXZX": 0.001953125, "ZYZY": -0.05078125, "ZYZI": 0.052734375, "ZYIY": -0.0625, "ZYII": 0.447265625, "ZIZY": -0.05859375, "ZIIY": -0.04296875, "IYZY": -0.068359375, "IYZI": 0.046875, "IYIY": -0.025390625, "IIZY": -0.048828125, "XYXY": 0.16796875, "XYXI": 0.06640625, "XYIY": -0.060546875, "XIXY": 0.087890625, "XIXI": 0.013671875, "IYXY": -0.37890625, "IYXI": 0.0078125, "IIXY": -0.853515625, "IIXI": -0.009765625, "YYZZ": 0.4140625, "YYZI": 0.03515625, "YYIZ": 0.03515625, "YYII": 0.4140625, "YIZZ": 0.16796875, "YIZI": 0.00390625, "YIIZ": 0.00390625, "IYZZ": 0.43359375, "IYIZ": 0.0390625, "YYXX": -0.26953125, "YYXI": 0.00390625, "YYIX": -0.046875, "YIXX": -0.078125, "YIXI": 0.0078125, "IYXX": -0.21875, "IIXX": -0.5625, "XZXZ": 0.0546875, "XZXI": -0.02734375, "XZIZ": 0.009765625, "XIXZ": 0.017578125, "IZXZ": -0.02734375, "IZXI": 0.03515625, "IZIZ": -0.029296875, "IIXZ": -0.025390625, "ZYYZ": -0.0390625, "ZYYI": -0.00390625, "ZYIZ": -0.060546875, "ZIYZ": -0.025390625, "ZIYI": 0.021484375, "ZIIZ": -0.09375, "IYYZ": -0.01171875, "IIYZ": 0.013671875, "ZZYY": 0.501953125, "ZZYI": -0.005859375, "ZZIY": -0.001953125, "ZZII": 0.853515625, "ZIYY": 0.50390625, "IZYY": 0.455078125, "IZYI": 0.013671875, "IZIY": 0.001953125, "YZYZ": 0.00390625, "YZYI": -0.0234375, "YZIZ": 0.00390625, "YZII": 0.0, "YIYZ": 0.005859375, "IZYZ": 0.048828125, "YZZY": -0.001953125, "YZZI": 0.01171875, "YZIY": -0.00390625, "YIZY": -0.009765625, "YIIY": -0.01953125, "IZZY": 0.015625, "YXXY": 0.19140625, "YXXI": 0.00390625, "YXIY": 0.01171875, "YIXY": -0.14453125, "IXXY": -0.04296875, "IXXI": 0.0, "ZXXZ": 0.017578125, "ZXXI": 0.0703125, "ZXIZ": -0.04296875, "ZIXZ": 0.033203125, "ZIXI": 0.00390625, "IXXZ": 0.01171875, "ZZXX": -0.494140625, "ZZXI": 0.0234375, "ZZIX": -0.017578125, "ZIXX": -0.48046875, "IZXX": -0.4140625, "XXXX": 0.21484375, "XXXI": 0.0078125, "XXIX": -0.009765625, "XIXX": 0.109375, "IXXX": -0.099609375, "YYYY": 0.224609375, "YYYI": 0.02734375, "YYIY": 0.021484375, "YIYY": 0.1015625, "IYYY": 0.2578125, "ZZZZ": 0.857421875, "ZZZI": -0.0078125, "ZZIZ": -0.0078125, "ZIZZ": 0.88671875, "IZZZ": 0.763671875}