{"XXZZ": -0.359375, "XXZI": -0.009765625, "XXIZ": -0.009765625, "XXII": -0.359375, "XIZZ": -0.1171875, "XIZI": -0.068359375, "XIIZ": -0.068359375, "XIII": -0.1171875, "IXZZ": 0.1875, "IXZI": 0.021484375, "IXIZ": 0.021484375, "IXII": 0.1875, "IIZZ": 1.0, "IIZI": -0.021484375, "IIIZ": -0.021484375, "IIII": 1.0, "XYYX": 0.2109375, "XYYI": -0.01171875, "XYIX": 0.00390625, "XYII": -0.234375, "XIYX": 0.13671875, "XIYI": -0.01171875, "XIIX": 0.0234375, "IYYX": -0.359375, "IYYI": 0.0234375, "IYIX": 0.0, "IYII": 0.421875, "IIYX": -0.85546875, "IIYI": 0.0234375, "IIIX": -0.01953125, "XZZX": 0.0078125, "XZZI": -0.009765625, "XZIX": 0.015625, "XZII": -0.048828125, "XIZX": -0.01953125, "IZZX": -0.083984375, "IZZI": -0.04296875, "IZIX": 0.005859375, "IZII": 0.75, "IIZX": -0.044921875, "XXYY": -0.2265625, "XXYI": -0.09765625, "XXIY": -0.05078125, "XIYY": -0.10546875, "XIIY": -0.01171875, "IXYY": 0.140625, "IXYI": 0.00390625, "IXIY": -0.015625, "IIYY": 0.55859375, "IIIY": -0.0078125, "YXYX": 0.12109375, "YXYI": -0.009765625, "YXIX": -0.01171875, "YXII": -0.126953125, "YIYX": -0.16796875, "YIYI": -0.021484375, "YIIX": 0.0390625, "YIII": 0.208984375, "IXYX": -0.099609375, "IXIX": -0.025390625, "ZXZX": 0.01171875, "ZXZI": 0.0078125, "ZXIX": 0.015625, "ZXII": 0.14453125, "ZIZX": -0.025390625, "ZIZI": -0.056640625, "ZIIX": 0.087890625, "ZIII": 0.923828125, "IXZX": 0.001953125, "ZYZY": 0.0, "ZYZI": -0.001953125, "ZYIY": 0.01953125, "ZYII": 0.462890625, "ZIZY": -0.009765625, "ZIIY": -0.052734375, "IYZY": 0.01953125, "IYZI": -0.017578125, "IYIY": 0.02734375, "IIZY": -0.009765625, "XYXY": 0.189453125, "XYXI": -0.0546875, "XYIY": 0.02734375, "XIXY": 0.08984375, "XIXI": -0.017578125, "IYXY": -0.396484375, "IYXI": -0.0234375, "IIXY": -0.8203125, "IIXI": -0.005859375, "YYZZ": 0.384765625, "YYZI": 0.025390625, "YYIZ": 0.025390625, "YYII": 0.384765625, "YIZZ": 0.19140625, "YIZI": -0.00390625, "YIIZ": -0.00390625, "IYZZ": 0.513671875, "IYIZ": -0.041015625, "YYXX": -0.24609375, "YYXI": -0.01953125, "YYIX": 0.015625, "YIXX": -0.1015625, "YIXI": -0.00390625, "IYXX": -0.26171875, "IIXX": -0.57421875, "XZXZ": 0.021484375, "XZXI": -0.076171875, "XZIZ": 0.015625, "XIXZ": 0.001953125, "IZXZ": -0.037109375, "IZXI": -0.001953125, "IZIZ": -0.0546875, "IIXZ": -0.009765625, "ZYYZ": 0.0078125, "ZYYI": 0.029296875, "ZYIZ": -0.013671875, "ZIYZ": -0.01171875, "ZIYI": 0.013671875, "ZIIZ": -0.072265625, "IYYZ": 0.03515625, "IIYZ": -0.0078125, "ZZYY": 0.505859375, "ZZYI": -0.01953125, "ZZIY": 0.01171875, "ZZII": 0.861328125, "ZIYY": 0.5234375, "IZYY": 0.443359375, "IZYI": 0.015625, "IZIY": 0.01171875, "YZYZ": 0.056640625, "YZYI": 0.033203125, "YZIZ": -0.037109375, "YZII": -0.005859375, "YIYZ": 0.04296875, "IZYZ": 0.068359375, "YZZY": -0.01953125, "YZZI": 0.017578125, "YZIY": 0.078125, "YIZY": -0.021484375, "YIIY": 0.048828125, "IZZY": -0.00390625, "YXXY": 0.166015625, "YXXI": 0.005859375, "YXIY": -0.013671875, "YIXY": -0.08203125, "IXXY": -0.123046875, "IXXI": 0.033203125, "ZXXZ": 0.02734375, "ZXXI": -0.01953125, "ZXIZ": -0.01953125, "ZIXZ": 0.06640625, "ZIXI": 0.015625, "IXXZ": 0.03515625, "ZZXX": -0.43359375, "ZZXI": 0.001953125, "ZZIX": -0.015625, "ZIXX": -0.4375, "IZXX": -0.373046875, "XXXX": 0.2578125, "XXXI": 0.005859375, "XXIX": 0.0234375, "XIXX": 0.13671875, "IXXX": -0.123046875, "YYYY": 0.21484375, "YYYI": -0.046875, "YYIY": -0.041015625, "YIYY": 0.08203125, "IYYY": 0.248046875, "ZZZZ": 0.873046875, "ZZZI": -0.021484375, "ZZIZ": -0.021484375, "ZIZZ": 0.884765625, "IZZZ": 0.76953125}