{"XXZZ": -0.3828125, "XXZI": -0.060546875, "XXIZ": -0.060546875, "XXII": -0.3828125, "XIZZ": -0.1796875, "XIZI": -0.048828125, "XIIZ": -0.048828125, "XIII": -0.1796875, "IXZZ": 0.15625, "IXZI": 0.025390625, "IXIZ": 0.025390625, "IXII": 0.15625, "IIZZ": 1.0, "IIZI": -0.017578125, "IIIZ": -0.017578125, "IIII": 1.0, "XYYX": 0.130859375, "XYYI": 0.013671875, "XYIX": -0.005859375, "XYII": -0.185546875, "XIYX": 0.0703125, "XIYI": -0.015625, "XIIX": 0.0390625, "IYYX": -0.392578125, "IYYI": 0.048828125, "IYIX": -0.033203125, "IYII": 0.501953125, "IIYX": -0.8046875, "IIYI": 0.05078125, "IIIX": -0.05078125, "XZZX": -0.00390625, "XZZI": -0.03125, "XZIX": 0.029296875, "XZII": -0.013671875, "XIZX": -0.01171875, "IZZX": 0.060546875, "IZZI": -0.033203125, "IZIX": -0.00390625, "IZII": 0.74609375, "IIZX": 0.056640625, "XXYY": -0.166015625, "XXYI": 0.041015625, "XXIY": 0.025390625, "XIYY": -0.115234375, "XIIY": -0.037109375, "IXYY": 0.11328125, "IXYI": -0.01171875, "IXIY": -0.05859375, "IIYY": 0.56640625, "IIIY": -0.0390625, "YXYX": 0.16796875, "YXYI": 0.060546875, "YXIX": -0.072265625, "YXII": -0.16015625, "YIYX": -0.18359375, "YIYI": -0.041015625, "YIIX": 0.025390625, "YIII": 0.2109375, "IXYX": -0.0390625, "IXIX": 0.013671875, "ZXZX": 0.01953125, "ZXZI": -0.01171875, "ZXIX": -0.00390625, "ZXII": 0.12890625, "ZIZX": -0.009765625, "ZIZI": -0.037109375, "ZIIX": -0.044921875, "ZIII": 0.873046875, "IXZX": 0.041015625, "ZYZY": -0.021484375, "ZYZI": -0.01171875, "ZYIY": 0.037109375, "ZYII": 0.47265625, "ZIZY": -0.017578125, "ZIIY": 0.056640625, "IYZY": -0.037109375, "IYZI": -0.03125, "IYIY": 0.029296875, "IIZY": -0.033203125, "XYXY": 0.1796875, "XYXI": 0.0234375, "XYIY": -0.015625, "XIXY": 0.12109375, "XIXI": -0.0078125, "IYXY": -0.37890625, "IYXI": -0.0078125, "IIXY": -0.8125, "IIXI": -0.03125, "YYZZ": 0.388671875, "YYZI": 0.037109375, "YYIZ": 0.037109375, "YYII": 0.388671875, "YIZZ": 0.19140625, "YIZI": 0.0, "YIIZ": 0.0, "IYZZ": 0.478515625, "IYIZ": -0.005859375, "YYXX": -0.251953125, "YYXI": -0.0078125, "YYIX": -0.017578125, "YIXX": -0.091796875, "YIXI": 0.0, "IYXX": -0.291015625, "IIXX": -0.564453125, "XZXZ": 0.0390625, "XZXI": 0.01953125, "XZIZ": -0.02734375, "XIXZ": 0.060546875, "IZXZ": 0.013671875, "IZXI": -0.009765625, "IZIZ": -0.029296875, "IIXZ": -0.0078125, "ZYYZ": 0.0, "ZYYI": -0.017578125, "ZYIZ": 0.05859375, "ZIYZ": 0.005859375, "ZIYI": 0.00390625, "ZIIZ": -0.052734375, "IYYZ": 0.0, "IIYZ": 0.021484375, "ZZYY": 0.48828125, "ZZYI": -0.01953125, "ZZIY": -0.009765625, "ZZII": 0.861328125, "ZIYY": 0.494140625, "IZYY": 0.453125, "IZYI": -0.02734375, "IZIY": -0.025390625, "YZYZ": -0.02734375, "YZYI": -0.015625, "YZIZ": 0.015625, "YZII": 0.03125, "YIYZ": -0.013671875, "IZYZ": 0.029296875, "YZZY": 0.0234375, "YZZI": -0.01953125, "YZIY": -0.0703125, "YIZY": 0.005859375, "YIIY": -0.017578125, "IZZY": 0.021484375, "YXXY": 0.134765625, "YXXI": -0.029296875, "YXIY": -0.03125, "YIXY": -0.140625, "IXXY": -0.17578125, "IXXI": 0.02734375, "ZXXZ": 0.048828125, "ZXXI": -0.0234375, "ZXIZ": -0.025390625, "ZIXZ": 0.01953125, "ZIXI": -0.033203125, "IXXZ": 0.01953125, "ZZXX": -0.509765625, "ZZXI": -0.009765625, "ZZIX": -0.017578125, "ZIXX": -0.53125, "IZXX": -0.462890625, "XXXX": 0.2109375, "XXXI": 0.0625, "XXIX": -0.04296875, "XIXX": 0.087890625, "IXXX": -0.150390625, "YYYY": 0.275390625, "YYYI": 0.01171875, "YYIY": 0.01953125, "YIYY": 0.142578125, "IYYY": 0.30859375, "ZZZZ": 0.849609375, "ZZZI": -0.048828125, "ZZIZ": -0.048828125, "ZIZZ": 0.8828125, "IZZZ": 0.740234375}