{"XXZZ": -0.310546875, "XXZI": -0.013671875, "XXIZ": -0.013671875, "XXII": -0.310546875, "XIZZ": -0.154296875, "XIZI": 0.005859375, "XIIZ": 0.005859375, "XIII": -0.154296875, "IXZZ": 0.15234375, "IXZI": 0.0078125, "IXIZ": 0.0078125, "IXII": 0.15234375, "IIZZ": 1.0, "IIZI": -0.0390625, "IIIZ": -0.0390625, "IIII": 1.0, "XYYX": 0.205078125, "XYYI": 0.029296875, "XYIX": -0.013671875, "XYII": -0.208984375, "XIYX": 0.12109375, "XIYI": 0.0, "XIIX": -0.00390625, "IYYX": -0.369140625, "IYYI": -0.013671875, "IYIX": 0.005859375, "IYII": 0.451171875, "IIYX": -0.8046875, "IIYI": -0.03515625, "IIIX": 0.0390625, "XZZX": -0.013671875, "XZZI": 0.03125, "XZIX": 0.046875, "XZII": -0.009765625, "XIZX": 0.01953125, "IZZX": 0.013671875, "IZZI": -0.08984375, "IZIX": 0.03515625, "IZII": 0.767578125, "IIZX": -0.01171875, "XXYY": -0.263671875, "XXYI": -0.00390625, "XXIY": 0.037109375, "XIYY": -0.103515625, "XIIY": 0.052734375, "IXYY": 0.068359375, "IXYI": 0.0, "IXIY": 0.025390625, "IIYY": 0.544921875, "IIIY": 0.021484375, "YXYX": 0.1015625, "YXYI": -0.017578125, "YXIX": 0.03125, "YXII": -0.107421875, "YIYX": -0.119140625, "YIYI": 0.01953125, "YIIX": -0.009765625, "YIII": 0.15625, "IXYX": -0.171875, "IXIX": -0.01953125, "ZXZX": 0.029296875, "ZXZI": -0.0234375, "ZXIX": 0.046875, "ZXII": 0.181640625, "ZIZX": -0.00390625, "ZIZI": 0.013671875, "ZIIX": -0.033203125, "ZIII": 0.8984375, "IXZX": 0.017578125, "ZYZY": -0.005859375, "ZYZI": -0.0390625, "ZYIY": 0.087890625, "ZYII": 0.4296875, "ZIZY": -0.0625, "ZIIY": 0.0234375, "IYZY": 0.02734375, "IYZI": -0.029296875, "IYIY": 0.0859375, "IIZY": -0.068359375, "XYXY": 0.19921875, "XYXI": 0.02734375, "XYIY": 0.001953125, "XIXY": 0.158203125, "XIXI": 0.029296875, "IYXY": -0.44921875, "IYXI": 0.01953125, "IIXY": -0.837890625, "IIXI": -0.021484375, "YYZZ": 0.4609375, "YYZI": 0.029296875, "YYIZ": 0.029296875, "YYII": 0.4609375, "YIZZ": 0.255859375, "YIZI": 0.0078125, "YIIZ": 0.0078125, "IYZZ": 0.525390625, "IYIZ": -0.05859375, "YYXX": -0.265625, "YYXI": 0.00390625, "YYIX": -0.025390625, "YIXX": -0.208984375, "YIXI": 0.021484375, "IYXX": -0.328125, "IIXX": -0.623046875, "XZXZ": 0.0234375, "XZXI": -0.017578125, "XZIZ": -0.01171875, "XIXZ": 0.03125, "IZXZ": 0.029296875, "IZXI": -0.0078125, "IZIZ": -0.037109375, "IIXZ": 0.009765625, "ZYYZ": -0.021484375, "ZYYI": 0.03125, "ZYIZ": -0.037109375, "ZIYZ": -0.025390625, "ZIYI": 0.0234375, "ZIIZ": -0.091796875, "IYYZ": -0.021484375, "IIYZ": -0.029296875, "ZZYY": 0.513671875, "ZZYI": 0.01171875, "ZZIY": 0.0546875, "ZZII": 0.869140625, "ZIYY": 0.525390625, "IZYY": 0.4453125, "IZYI": 0.013671875, "IZIY": 0.052734375, "YZYZ": -0.005859375, "YZYI": -0.013671875, "YZIZ": -0.013671875, "YZII": 0.017578125, "YIYZ": 0.01953125, "IZYZ": 0.009765625, "YZZY": 0.01171875, "YZZI": 0.02734375, "YZIY": 0.01171875, "YIZY": -0.0078125, "YIIY": 0.03515625, "IZZY": 0.015625, "YXXY": 0.1171875, "YXXI": -0.03125, "YXIY": 0.033203125, "YIXY": -0.119140625, "IXXY": -0.0859375, "IXXI": 0.046875, "ZXXZ": -0.00390625, "ZXXI": -0.037109375, "ZXIZ": -0.076171875, "ZIXZ": -0.080078125, "ZIXI": 0.02734375, "IXXZ": -0.009765625, "ZZXX": -0.490234375, "ZZXI": -0.00390625, "ZZIX": 0.041015625, "ZIXX": -0.458984375, "IZXX": -0.431640625, "XXXX": 0.232421875, "XXXI": 0.0390625, "XXIX": -0.04296875, "XIXX": 0.060546875, "IXXX": -0.08984375, "YYYY": 0.21484375, "YYYI": 0.00390625, "YYIY": -0.013671875, "YIYY": 0.080078125, "IYYY": 0.33203125, "ZZZZ": 0.876953125, "ZZZI": 0.0, "ZZIZ": 0.0, "ZIZZ": 0.880859375, "IZZZ": 0.78125}