{"XXZZ": -0.40625, "XXZI": -0.00390625, "XXIZ": -0.00390625, "XXII": -0.40625, "XIZZ": -0.126953125, "XIZI": -0.005859375, "XIIZ": -0.005859375, "XIII": -0.126953125, "IXZZ": 0.146484375, "IXZI": 0.056640625, "IXIZ": 0.056640625, "IXII": 0.146484375, "IIZZ": 1.0, "IIZI": -0.08203125, "IIIZ": -0.08203125, "IIII": 1.0, "XYYX": 0.232421875, "XYYI": 0.021484375, "XYIX": 0.0234375, "XYII": -0.27734375, "XIYX": 0.14453125, "XIYI": 0.0, "XIIX": 0.013671875, "IYYX": -0.43359375, "IYYI": 0.0, "IYIX": -0.021484375, "IYII": 0.517578125, "IIYX": -0.806640625, "IIYI": 0.005859375, "IIIX": -0.00390625, "XZZX": 0.0234375, "XZZI": 0.017578125, "XZIX": 0.00390625, "XZII": 0.048828125, "XIZX": 0.044921875, "IZZX": -0.02734375, "IZZI": -0.060546875, "IZIX": -0.0078125, "IZII": 0.736328125, "IIZX": -0.025390625, "XXYY": -0.26171875, "XXYI": -0.03515625, "XXIY": -0.015625, "XIYY": -0.056640625, "XIIY": 0.025390625, "IXYY": 0.099609375, "IXYI": 0.021484375, "IXIY": 0.025390625, "IIYY": 0.55859375, "IIIY": 0.015625, "YXYX": 0.138671875, "YXYI": 0.015625, "YXIX": -0.017578125, "YXII": -0.13671875, "YIYX": -0.1171875, "YIYI": -0.048828125, "YIIX": 0.0234375, "YIII": 0.173828125, "IXYX": -0.09375, "IXIX": -0.03125, "ZXZX": -0.048828125, "ZXZI": -0.01171875, "ZXIX": -0.015625, "ZXII": 0.099609375, "ZIZX": -0.0625, "ZIZI": -0.037109375, "ZIIX": 0.041015625, "ZIII": 0.88671875, "IXZX": -0.064453125, "ZYZY": -0.060546875, "ZYZI": -0.013671875, "ZYIY": 0.056640625, "ZYII": 0.447265625, "ZIZY": -0.021484375, "ZIIY": 0.005859375, "IYZY": -0.06640625, "IYZI": 0.0, "IYIY": 0.07421875, "IIZY": -0.01171875, "XYXY": 0.205078125, "XYXI": -0.037109375, "XYIY": 0.05078125, "XIXY": 0.126953125, "XIXI": 0.009765625, "IYXY": -0.458984375, "IYXI": 0.037109375, "IIXY": -0.802734375, "IIXI": 0.005859375, "YYZZ": 0.447265625, "YYZI": -0.021484375, "YYIZ": -0.021484375, "YYII": 0.447265625, "YIZZ": 0.19921875, "YIZI": -0.0078125, "YIIZ": -0.0078125, "IYZZ": 0.501953125, "IYIZ": -0.001953125, "YYXX": -0.220703125, "YYXI": -0.025390625, "YYIX": 0.03515625, "YIXX": -0.052734375, "YIXI": -0.037109375, "IYXX": -0.201171875, "IIXX": -0.513671875, "XZXZ": -0.02734375, "XZXI": 0.021484375, "XZIZ": 0.03515625, "XIXZ": -0.0078125, "IZXZ": 0.005859375, "IZXI": 0.07421875, "IZIZ": -0.037109375, "IIXZ": -0.025390625, "ZYYZ": -0.001953125, "ZYYI": -0.0078125, "ZYIZ": 0.001953125, "ZIYZ": -0.01953125, "ZIYI": 0.021484375, "ZIIZ": -0.0546875, "IYYZ": 0.0, "IIYZ": -0.017578125, "ZZYY": 0.509765625, "ZZYI": -0.03125, "ZZIY": -0.0234375, "ZZII": 0.873046875, "ZIYY": 0.533203125, "IZYY": 0.453125, "IZYI": -0.013671875, "IZIY": -0.033203125, "YZYZ": 0.0234375, "YZYI": -0.009765625, "YZIZ": -0.029296875, "YZII": 0.015625, "YIYZ": 0.044921875, "IZYZ": 0.013671875, "YZZY": -0.04296875, "YZZI": -0.021484375, "YZIY": -0.009765625, "YIZY": -0.072265625, "YIIY": 0.0390625, "IZZY": 0.005859375, "YXXY": 0.18359375, "YXXI": -0.03515625, "YXIY": 0.015625, "YIXY": -0.1640625, "IXXY": -0.07421875, "IXXI": -0.0390625, "ZXXZ": 0.05859375, "ZXXI": -0.001953125, "ZXIZ": 0.025390625, "ZIXZ": 0.001953125, "ZIXI": 0.015625, "IXXZ": 0.060546875, "ZZXX": -0.494140625, "ZZXI": 0.015625, "ZZIX": 0.001953125, "ZIXX": -0.498046875, "IZXX": -0.439453125, "XXXX": 0.197265625, "XXXI": 0.068359375, "XXIX": -0.009765625, "XIXX": 0.130859375, "IXXX": -0.125, "YYYY": 0.2421875, "YYYI": -0.060546875, "YYIY": -0.017578125, "YIYY": 0.134765625, "IYYY": 0.349609375, "ZZZZ": 0.84375, "ZZZI": -0.037109375, "ZZIZ": -0.037109375, "ZIZZ": 0.859375, "IZZZ": 0.73828125}