{"XXZZ": -0.376953125, "XXZI": 0.009765625, "XXIZ": 0.009765625, "XXII": -0.376953125, "XIZZ": -0.142578125, "XIZI": 0.005859375, "XIIZ": 0.005859375, "XIII": -0.142578125, "IXZZ": 0.15625, "IXZI": 0.015625, "IXIZ": 0.015625, "IXII": 0.15625, "IIZZ": 1.0, "IIZI": -0.05859375, "IIIZ": -0.05859375, "IIII": 1.0, "XYYX": 0.203125, "XYYI": 0.048828125, "XYIX": -0.03515625, "XYII": -0.216796875, "XIYX": 0.12890625, "XIYI": 0.001953125, "XIIX": 0.01953125, "IYYX": -0.416015625, "IYYI": 0.0546875, "IYIX": -0.060546875, "IYII": 0.484375, "IIYX": -0.814453125, "IIYI": 0.02734375, "IIIX": -0.041015625, "XZZX": 0.00390625, "XZZI": 0.009765625, "XZIX": -0.044921875, "XZII": 0.00390625, "XIZX": -0.00390625, "IZZX": 0.01953125, "IZZI": -0.013671875, "IZIX": -0.029296875, "IZII": 0.73828125, "IIZX": 0.00390625, "XXYY": -0.197265625, "XXYI": -0.017578125, "XXIY": -0.041015625, "XIYY": -0.087890625, "XIIY": -0.029296875, "IXYY": 0.1171875, "IXYI": -0.0546875, "IXIY": 0.01953125, "IIYY": 0.54296875, "IIIY": 0.02734375, "YXYX": 0.12890625, "YXYI": -0.048828125, "YXIX": 0.03125, "YXII": -0.123046875, "YIYX": -0.1328125, "YIYI": -0.013671875, "YIIX": 0.01953125, "YIII": 0.185546875, "IXYX": -0.056640625, "IXIX": -0.005859375, "ZXZX": -0.01953125, "ZXZI": 0.0234375, "ZXIX": -0.021484375, "ZXII": 0.177734375, "ZIZX": -0.001953125, "ZIZI": -0.029296875, "ZIIX": -0.015625, "ZIII": 0.85546875, "IXZX": 0.00390625, "ZYZY": -0.0078125, "ZYZI": 0.00390625, "ZYIY": 0.005859375, "ZYII": 0.416015625, "ZIZY": -0.0625, "ZIIY": 0.025390625, "IYZY": -0.033203125, "IYZI": -0.005859375, "IYIY": -0.0234375, "IIZY": -0.064453125, "XYXY": 0.15625, "XYXI": 0.01171875, "XYIY": 0.0, "XIXY": 0.083984375, "XIXI": -0.001953125, "IYXY": -0.443359375, "IYXI": -0.060546875, "IIXY": -0.83203125, "IIXI": -0.015625, "YYZZ": 0.353515625, "YYZI": 0.017578125, "YYIZ": 0.017578125, "YYII": 0.353515625, "YIZZ": 0.1484375, "YIZI": 0.01171875, "YIIZ": 0.01171875, "IYZZ": 0.490234375, "IYIZ": -0.029296875, "YYXX": -0.240234375, "YYXI": -0.029296875, "YYIX": -0.001953125, "YIXX": -0.083984375, "YIXI": -0.041015625, "IYXX": -0.26171875, "IIXX": -0.55859375, "XZXZ": 0.0, "XZXI": 0.033203125, "XZIZ": 0.0078125, "XIXZ": -0.01953125, "IZXZ": -0.033203125, "IZXI": -0.02734375, "IZIZ": -0.021484375, "IIXZ": -0.005859375, "ZYYZ": 0.001953125, "ZYYI": 0.0234375, "ZYIZ": 0.025390625, "ZIYZ": -0.005859375, "ZIYI": 0.01953125, "ZIIZ": -0.017578125, "IYYZ": -0.025390625, "IIYZ": -0.009765625, "ZZYY": 0.486328125, "ZZYI": 0.005859375, "ZZIY": 0.017578125, "ZZII": 0.845703125, "ZIYY": 0.490234375, "IZYY": 0.453125, "IZYI": -0.00390625, "IZIY": -0.0078125, "YZYZ": -0.009765625, "YZYI": 0.01171875, "YZIZ": -0.0390625, "YZII": -0.033203125, "YIYZ": 0.0, "IZYZ": -0.013671875, "YZZY": 0.01171875, "YZZI": 0.01953125, "YZIY": 0.005859375, "YIZY": 0.017578125, "YIIY": 0.01953125, "IZZY": -0.0234375, "YXXY": 0.15234375, "YXXI": 0.00390625, "YXIY": 0.00390625, "YIXY": -0.142578125, "IXXY": -0.134765625, "IXXI": 0.001953125, "ZXXZ": 0.01171875, "ZXXI": 0.03515625, "ZXIZ": 0.044921875, "ZIXZ": -0.015625, "ZIXI": 0.0390625, "IXXZ": 0.009765625, "ZZXX": -0.4609375, "ZZXI": 0.00390625, "ZZIX": -0.02734375, "ZIXX": -0.494140625, "IZXX": -0.423828125, "XXXX": 0.17578125, "XXXI": 0.03125, "XXIX": -0.015625, "XIXX": 0.1015625, "IXXX": -0.12109375, "YYYY": 0.267578125, "YYYI": -0.111328125, "YYIY": -0.05859375, "YIYY": 0.080078125, "IYYY": 0.291015625, "ZZZZ": 0.841796875, "ZZZI": -0.0859375, "ZZIZ": -0.0859375, "ZIZZ": 0.892578125, "IZZZ": 0.75390625}