{"XXZZ": -0.41015625, "XXZI": 0.046875, "XXIZ": 0.046875, "XXII": -0.41015625, "XIZZ": -0.201171875, "XIZI": 0.037109375, "XIIZ": 0.037109375, "XIII": -0.201171875, "IXZZ": 0.193359375, "IXZI": 0.021484375, "IXIZ": 0.021484375, "IXII": 0.193359375, "IIZZ": 1.0, "IIZI": -0.0546875, "IIIZ": -0.0546875, "IIII": 1.0, "XYYX": 0.16015625, "XYYI": 0.0, "XYIX": 0.0, "XYII": -0.18359375, "XIYX": 0.1328125, "XIYI": -0.00390625, "XIIX": 0.00390625, "IYYX": -0.41015625, "IYYI": -0.01953125, "IYIX": 0.01171875, "IYII": 0.47265625, "IIYX": -0.828125, "IIYI": 0.0, "IIIX": 0.0078125, "XZZX": -0.0390625, "XZZI": 0.015625, "XZIX": 0.05078125, "XZII": 0.0078125, "XIZX": -0.02734375, "IZZX": 0.01953125, "IZZI": -0.05078125, "IZIX": -0.01953125, "IZII": 0.75, "IIZX": 0.015625, "XXYY": -0.236328125, "XXYI": -0.044921875, "XXIY": 0.005859375, "XIYY": -0.052734375, "XIIY": 0.005859375, "IXYY": 0.0859375, "IXYI": -0.01953125, "IXIY": -0.03515625, "IIYY": 0.55078125, "IIIY": -0.00390625, "YXYX": 0.107421875, "YXYI": 0.01953125, "YXIX": -0.0390625, "YXII": -0.107421875, "YIYX": -0.12890625, "YIYI": 0.033203125, "YIIX": -0.029296875, "YIII": 0.21484375, "IXYX": -0.166015625, "IXIX": -0.0078125, "ZXZX": -0.009765625, "ZXZI": 0.001953125, "ZXIX": -0.044921875, "ZXII": 0.080078125, "ZIZX": -0.01953125, "ZIZI": -0.046875, "ZIIX": -0.00390625, "ZIII": 0.87109375, "IXZX": -0.005859375, "ZYZY": 0.00390625, "ZYZI": 0.0234375, "ZYIY": 0.0078125, "ZYII": 0.390625, "ZIZY": 0.009765625, "ZIIY": 0.001953125, "IYZY": 0.013671875, "IYZI": 0.041015625, "IYIY": 0.005859375, "IIZY": 0.01171875, "XYXY": 0.169921875, "XYXI": -0.056640625, "XYIY": 0.0234375, "XIXY": 0.1171875, "XIXI": -0.01953125, "IYXY": -0.40625, "IYXI": -0.00390625, "IIXY": -0.818359375, "IIXI": 0.017578125, "YYZZ": 0.439453125, "YYZI": 0.01171875, "YYIZ": 0.01171875, "YYII": 0.439453125, "YIZZ": 0.1640625, "YIZI": 0.001953125, "YIIZ": 0.001953125, "IYZZ": 0.482421875, "IYIZ": 0.0234375, "YYXX": -0.23046875, "YYXI": 0.029296875, "YYIX": 0.00390625, "YIXX": -0.07421875, "YIXI": 0.037109375, "IYXX": -0.287109375, "IIXX": -0.564453125, "XZXZ": -0.021484375, "XZXI": -0.0078125, "XZIZ": -0.009765625, "XIXZ": -0.01953125, "IZXZ": 0.01953125, "IZXI": 0.009765625, "IZIZ": -0.0625, "IIXZ": 0.021484375, "ZYYZ": -0.005859375, "ZYYI": 0.068359375, "ZYIZ": 0.02734375, "ZIYZ": -0.01171875, "ZIYI": 0.046875, "ZIIZ": -0.013671875, "IYYZ": -0.0234375, "IIYZ": -0.033203125, "ZZYY": 0.537109375, "ZZYI": 0.060546875, "ZZIY": 0.03515625, "ZZII": 0.859375, "ZIYY": 0.529296875, "IZYY": 0.458984375, "IZYI": 0.052734375, "IZIY": 0.03515625, "YZYZ": -0.0078125, "YZYI": -0.0078125, "YZIZ": -0.01953125, "YZII": -0.0078125, "YIYZ": 0.015625, "IZYZ": 0.0546875, "YZZY": -0.013671875, "YZZI": 0.037109375, "YZIY": 0.0078125, "YIZY": -0.0078125, "YIIY": -0.033203125, "IZZY": 0.03515625, "YXXY": 0.162109375, "YXXI": -0.041015625, "YXIY": 0.0390625, "YIXY": -0.150390625, "IXXY": -0.154296875, "IXXI": -0.029296875, "ZXXZ": 0.03125, "ZXXI": 0.0078125, "ZXIZ": -0.0078125, "ZIXZ": -0.001953125, "ZIXI": 0.009765625, "IXXZ": 0.025390625, "ZZXX": -0.453125, "ZZXI": -0.0234375, "ZZIX": 0.0234375, "ZIXX": -0.447265625, "IZXX": -0.396484375, "XXXX": 0.1875, "XXXI": 0.02734375, "XXIX": -0.0390625, "XIXX": 0.03125, "IXXX": -0.04296875, "YYYY": 0.2421875, "YYYI": 0.0078125, "YYIY": -0.005859375, "YIYY": 0.08984375, "IYYY": 0.251953125, "ZZZZ": 0.830078125, "ZZZI": -0.0546875, "ZZIZ": -0.0546875, "ZIZZ": 0.880859375, "IZZZ": 0.73828125}