{"XXZZ": -0.341796875, "XXZI": 0.03515625, "XXIZ": 0.03515625, "XXII": -0.341796875, "XIZZ": -0.134765625, "XIZI": 0.01171875, "XIIZ": 0.01171875, "XIII": -0.134765625, "IXZZ": 0.12890625, "IXZI": -0.001953125, "IXIZ": -0.001953125, "IXII": 0.12890625, "IIZZ": 1.0, "IIZI": -0.072265625, "IIIZ": -0.072265625, "IIII": 1.0, "XYYX": 0.2109375, "XYYI": 0.021484375, "XYIX": -0.01171875, "XYII": -0.228515625, "XIYX": 0.134765625, "XIYI": 0.02734375, "XIIX": -0.041015625, "IYYX": -0.46484375, "IYYI": 0.056640625, "IYIX": -0.0390625, "IYII": 0.541015625, "IIYX": -0.814453125, "IIYI": 0.015625, "IIIX": 0.001953125, "XZZX": -0.005859375, "XZZI": 0.029296875, "XZIX": -0.01953125, "XZII": 0.0234375, "XIZX": -0.0078125, "IZZX": -0.0078125, "IZZI": -0.0703125, "IZIX": -0.001953125, "IZII": 0.763671875, "IIZX": -0.025390625, "XXYY": -0.236328125, "XXYI": 0.0234375, "XXIY": 0.0, "XIYY": -0.115234375, "XIIY": -0.03515625, "IXYY": 0.0859375, "IXYI": 0.009765625, "IXIY": 0.017578125, "IIYY": 0.5546875, "IIIY": -0.044921875, "YXYX": 0.119140625, "YXYI": 0.015625, "YXIX": -0.021484375, "YXII": -0.1171875, "YIYX": -0.1328125, "YIYI": -0.025390625, "YIIX": -0.0078125, "YIII": 0.130859375, "IXYX": -0.046875, "IXIX": -0.02734375, "ZXZX": -0.046875, "ZXZI": 0.02734375, "ZXIX": -0.013671875, "ZXII": 0.119140625, "ZIZX": -0.0390625, "ZIZI": 0.01953125, "ZIIX": 0.001953125, "ZIII": 0.892578125, "IXZX": -0.060546875, "ZYZY": 0.0078125, "ZYZI": -0.03125, "ZYIY": -0.005859375, "ZYII": 0.455078125, "ZIZY": 0.064453125, "ZIIY": -0.01171875, "IYZY": -0.00390625, "IYZI": -0.0390625, "IYIY": 0.009765625, "IIZY": 0.056640625, "XYXY": 0.205078125, "XYXI": 0.009765625, "XYIY": 0.0078125, "XIXY": 0.169921875, "XIXI": -0.025390625, "IYXY": -0.455078125, "IYXI": -0.021484375, "IIXY": -0.853515625, "IIXI": -0.037109375, "YYZZ": 0.421875, "YYZI": -0.033203125, "YYIZ": -0.033203125, "YYII": 0.421875, "YIZZ": 0.18359375, "YIZI": -0.025390625, "YIIZ": -0.025390625, "IYZZ": 0.4765625, "IYIZ": -0.029296875, "YYXX": -0.22265625, "YYXI": 0.015625, "YYIX": -0.029296875, "YIXX": -0.119140625, "YIXI": 0.033203125, "IYXX": -0.2578125, "IIXX": -0.544921875, "XZXZ": -0.00390625, "XZXI": -0.03125, "XZIZ": 0.0390625, "XIXZ": -0.048828125, "IZXZ": -0.044921875, "IZXI": -0.005859375, "IZIZ": -0.041015625, "IIXZ": -0.03125, "ZYYZ": 0.005859375, "ZYYI": -0.013671875, "ZYIZ": -0.052734375, "ZIYZ": -0.0078125, "ZIYI": 0.0390625, "ZIIZ": -0.10546875, "IYYZ": 0.001953125, "IIYZ": 0.00390625, "ZZYY": 0.5078125, "ZZYI": 0.0078125, "ZZIY": -0.03125, "ZZII": 0.875, "ZIYY": 0.466796875, "IZYY": 0.435546875, "IZYI": 0.009765625, "IZIY": -0.044921875, "YZYZ": 0.03515625, "YZYI": 0.03125, "YZIZ": -0.015625, "YZII": 0.0234375, "YIYZ": -0.0078125, "IZYZ": 0.0, "YZZY": -0.05859375, "YZZI": 0.00390625, "YZIY": 0.046875, "YIZY": -0.03515625, "YIIY": 0.0, "IZZY": -0.0546875, "YXXY": 0.125, "YXXI": 0.009765625, "YXIY": -0.033203125, "YIXY": -0.09765625, "IXXY": -0.16796875, "IXXI": -0.033203125, "ZXXZ": 0.013671875, "ZXXI": -0.03125, "ZXIZ": -0.021484375, "ZIXZ": 0.013671875, "ZIXI": -0.01171875, "IXXZ": 0.005859375, "ZZXX": -0.439453125, "ZZXI": -0.02734375, "ZZIX": 0.005859375, "ZIXX": -0.49609375, "IZXX": -0.41796875, "XXXX": 0.1953125, "XXXI": 0.009765625, "XXIX": 0.021484375, "XIXX": 0.12109375, "IXXX": -0.08203125, "YYYY": 0.2109375, "YYYI": 0.001953125, "YYIY": -0.017578125, "YIYY": 0.037109375, "IYYY": 0.259765625, "ZZZZ": 0.853515625, "ZZZI": -0.068359375, "ZZIZ": -0.068359375, "ZIZZ": 0.884765625, "IZZZ": 0.765625}