{"XXZZ": -0.365234375, "XXZI": 0.0390625, "XXIZ": 0.0390625, "XXII": -0.365234375, "XIZZ": -0.146484375, "XIZI": -0.0078125, "XIIZ": -0.0078125, "XIII": -0.146484375, "IXZZ": 0.19140625, "IXZI": -0.013671875, "IXIZ": -0.013671875, "IXII": 0.19140625, "IIZZ": 1.0, "IIZI": -0.009765625, "IIIZ": -0.009765625, "IIII": 1.0, "XYYX": 0.22265625, "XYYI": 0.025390625, "XYIX": 0.0078125, "XYII": -0.244140625, "XIYX": 0.19140625, "XIYI": 0.025390625, "XIIX": 0.02734375, "IYYX": -0.431640625, "IYYI": -0.0390625, "IYIX": 0.001953125, "IYII": 0.51171875, "IIYX": -0.822265625, "IIYI": -0.0546875, "IIIX": 0.013671875, "XZZX": -0.05859375, "XZZI": 0.0078125, "XZIX": -0.021484375, "XZII": -0.033203125, "XIZX": -0.044921875, "IZZX": -0.01953125, "IZZI": -0.0234375, "IZIX": 0.009765625, "IZII": 0.748046875, "IIZX": -0.037109375, "XXYY": -0.255859375, "XXYI": 0.03125, "XXIY": 0.029296875, "XIYY": -0.087890625, "XIIY": 0.005859375, "IXYY": 0.150390625, "IXYI": -0.015625, "IXIY": -0.025390625, "IIYY": 0.552734375, "IIIY": 0.013671875, "YXYX": 0.134765625, "YXYI": -0.041015625, "YXIX": 0.029296875, "YXII": -0.177734375, "YIYX": -0.1484375, "YIYI": 0.015625, "YIIX": -0.01953125, "YIII": 0.16015625, "IXYX": -0.103515625, "IXIX": -0.009765625, "ZXZX": -0.029296875, "ZXZI": -0.0390625, "ZXIX": 0.064453125, "ZXII": 0.125, "ZIZX": 0.00390625, "ZIZI": -0.080078125, "ZIIX": 0.046875, "ZIII": 0.869140625, "IXZX": -0.04296875, "ZYZY": -0.017578125, "ZYZI": 0.021484375, "ZYIY": -0.01953125, "ZYII": 0.41796875, "ZIZY": 0.0234375, "ZIIY": -0.076171875, "IYZY": -0.01953125, "IYZI": 0.02734375, "IYIY": -0.037109375, "IIZY": 0.025390625, "XYXY": 0.244140625, "XYXI": -0.06640625, "XYIY": 0.0625, "XIXY": 0.201171875, "XIXI": -0.06640625, "IYXY": -0.39453125, "IYXI": -0.033203125, "IIXY": -0.77734375, "IIXI": 0.009765625, "YYZZ": 0.388671875, "YYZI": -0.009765625, "YYIZ": -0.009765625, "YYII": 0.388671875, "YIZZ": 0.1953125, "YIZI": -0.0546875, "YIIZ": -0.0546875, "IYZZ": 0.560546875, "IYIZ": -0.037109375, "YYXX": -0.2578125, "YYXI": -0.02734375, "YYIX": 0.048828125, "YIXX": -0.07421875, "YIXI": 0.03125, "IYXX": -0.259765625, "IIXX": -0.576171875, "XZXZ": 0.015625, "XZXI": 0.033203125, "XZIZ": 0.0078125, "XIXZ": -0.009765625, "IZXZ": -0.03515625, "IZXI": -0.021484375, "IZIZ": -0.0703125, "IIXZ": -0.013671875, "ZYYZ": -0.001953125, "ZYYI": 0.01953125, "ZYIZ": -0.017578125, "ZIYZ": 0.00390625, "ZIYI": -0.009765625, "ZIIZ": -0.015625, "IYYZ": 0.0078125, "IIYZ": -0.009765625, "ZZYY": 0.478515625, "ZZYI": -0.02734375, "ZZIY": -0.05078125, "ZZII": 0.861328125, "ZIYY": 0.501953125, "IZYY": 0.4296875, "IZYI": -0.041015625, "IZIY": -0.068359375, "YZYZ": -0.017578125, "YZYI": 0.013671875, "YZIZ": -0.064453125, "YZII": 0.048828125, "YIYZ": -0.013671875, "IZYZ": -0.0546875, "YZZY": 0.05078125, "YZZI": 0.00390625, "YZIY": 0.05859375, "YIZY": 0.046875, "YIIY": 0.05078125, "IZZY": 0.046875, "YXXY": 0.185546875, "YXXI": 0.0, "YXIY": 0.013671875, "YIXY": -0.095703125, "IXXY": -0.111328125, "IXXI": -0.00390625, "ZXXZ": -0.01171875, "ZXXI": 0.03125, "ZXIZ": 0.017578125, "ZIXZ": -0.01171875, "ZIXI": -0.0625, "IXXZ": -0.029296875, "ZZXX": -0.5390625, "ZZXI": -0.0390625, "ZZIX": 0.001953125, "ZIXX": -0.552734375, "IZXX": -0.49609375, "XXXX": 0.265625, "XXXI": -0.033203125, "XXIX": 0.013671875, "XIXX": 0.15625, "IXXX": -0.140625, "YYYY": 0.2734375, "YYYI": -0.033203125, "YYIY": -0.021484375, "YIYY": 0.099609375, "IYYY": 0.244140625, "ZZZZ": 0.845703125, "ZZZI": -0.029296875, "ZZIZ": -0.029296875, "ZIZZ": 0.908203125, "IZZZ": 0.76953125}