{"XXZZ": -0.3671875, "XXZI": 0.03125, "XXIZ": 0.03125, "XXII": -0.3671875, "XIZZ": -0.177734375, "XIZI": 0.001953125, "XIIZ": 0.001953125, "XIII": -0.177734375, "IXZZ": 0.181640625, "IXZI": 0.001953125, "IXIZ": 0.001953125, "IXII": 0.181640625, "IIZZ": 1.0, "IIZI": -0.046875, "IIIZ": -0.046875, "IIII": 1.0, "XYYX": 0.201171875, "XYYI": -0.009765625, "XYIX": 0.025390625, "XYII": -0.248046875, "XIYX": 0.1015625, "XIYI": 0.0, "XIIX": -0.00390625, "IYYX": -0.376953125, "IYYI": -0.060546875, "IYIX": 0.064453125, "IYII": 0.474609375, "IIYX": -0.796875, "IIYI": 0.00390625, "IIIX": -0.01171875, "XZZX": 0.017578125, "XZZI": 0.048828125, "XZIX": -0.01171875, "XZII": 0.00390625, "XIZX": 0.01953125, "IZZX": 0.00390625, "IZZI": -0.09375, "IZIX": -0.005859375, "IZII": 0.763671875, "IIZX": -0.005859375, "XXYY": -0.1953125, "XXYI": -0.05859375, "XXIY": -0.01171875, "XIYY": -0.08984375, "XIIY": 0.04296875, "IXYY": 0.1328125, "IXYI": 0.01171875, "IXIY": -0.00390625, "IIYY": 0.53515625, "IIIY": 0.03515625, "YXYX": 0.14453125, "YXYI": 0.029296875, "YXIX": -0.03125, "YXII": -0.173828125, "YIYX": -0.126953125, "YIYI": -0.0234375, "YIIX": 0.033203125, "YIII": 0.15625, "IXYX": -0.1015625, "IXIX": -0.01171875, "ZXZX": 0.00390625, "ZXZI": -0.033203125, "ZXIX": -0.02734375, "ZXII": 0.177734375, "ZIZX": -0.052734375, "ZIZI": -0.0546875, "ZIIX": 0.064453125, "ZIII": 0.8984375, "IXZX": 0.01953125, "ZYZY": -0.072265625, "ZYZI": -0.0078125, "ZYIY": -0.0546875, "ZYII": 0.435546875, "ZIZY": -0.072265625, "ZIIY": -0.05078125, "IYZY": -0.05859375, "IYZI": -0.009765625, "IYIY": -0.041015625, "IIZY": -0.06640625, "XYXY": 0.193359375, "XYXI": 0.017578125, "XYIY": 0.025390625, "XIXY": 0.12890625, "XIXI": -0.0078125, "IYXY": -0.419921875, "IYXI": -0.009765625, "IIXY": -0.84375, "IIXI": 0.02734375, "YYZZ": 0.462890625, "YYZI": -0.013671875, "YYIZ": -0.013671875, "YYII": 0.462890625, "YIZZ": 0.248046875, "YIZI": 0.013671875, "YIIZ": 0.013671875, "IYZZ": 0.49609375, "IYIZ": 0.0, "YYXX": -0.1953125, "YYXI": 0.056640625, "YYIX": -0.0546875, "YIXX": -0.05078125, "YIXI": 0.005859375, "IYXX": -0.287109375, "IIXX": -0.552734375, "XZXZ": -0.021484375, "XZXI": 0.02734375, "XZIZ": 0.041015625, "XIXZ": -0.03125, "IZXZ": 0.046875, "IZXI": -0.044921875, "IZIZ": -0.00390625, "IIXZ": 0.048828125, "ZYYZ": -0.001953125, "ZYYI": -0.056640625, "ZYIZ": -0.013671875, "ZIYZ": 0.03515625, "ZIYI": -0.0625, "ZIIZ": -0.0390625, "IYYZ": 0.005859375, "IIYZ": 0.03515625, "ZZYY": 0.451171875, "ZZYI": -0.064453125, "ZZIY": -0.05078125, "ZZII": 0.85546875, "ZIYY": 0.490234375, "IZYY": 0.408203125, "IZYI": -0.080078125, "IZIY": -0.0703125, "YZYZ": 0.048828125, "YZYI": 0.0078125, "YZIZ": -0.013671875, "YZII": 0.015625, "YIYZ": 0.03515625, "IZYZ": -0.03515625, "YZZY": -0.015625, "YZZI": -0.025390625, "YZIY": 0.015625, "YIZY": -0.001953125, "YIIY": -0.013671875, "IZZY": -0.02734375, "YXXY": 0.197265625, "YXXI": -0.009765625, "YXIY": 0.009765625, "YIXY": -0.126953125, "IXXY": -0.109375, "IXXI": -0.05859375, "ZXXZ": 0.01171875, "ZXXI": -0.033203125, "ZXIZ": 0.013671875, "ZIXZ": 0.013671875, "ZIXI": 0.03515625, "IXXZ": 0.009765625, "ZZXX": -0.5078125, "ZZXI": -0.06640625, "ZZIX": 0.0234375, "ZIXX": -0.517578125, "IZXX": -0.451171875, "XXXX": 0.169921875, "XXXI": 0.01953125, "XXIX": -0.01171875, "XIXX": 0.060546875, "IXXX": -0.1171875, "YYYY": 0.224609375, "YYYI": -0.03515625, "YYIY": -0.052734375, "YIYY": 0.056640625, "IYYY": 0.287109375, "ZZZZ": 0.869140625, "ZZZI": -0.037109375, "ZZIZ": -0.037109375, "ZIZZ": 0.908203125, "IZZZ": 0.78515625}