{"XXZZ": -0.396484375, "XXZI": -0.001953125, "XXIZ": -0.001953125, "XXII": -0.396484375, "XIZZ": -0.169921875, "XIZI": 0.037109375, "XIIZ": 0.037109375, "XIII": -0.169921875, "IXZZ": 0.1640625, "IXZI": 0.0078125, "IXIZ": 0.0078125, "IXII": 0.1640625, "IIZZ": 1.0, "IIZI": -0.046875, "IIIZ": -0.046875, "IIII": 1.0, "XYYX": 0.171875, "XYYI": -0.048828125, "XYIX": 0.041015625, "XYII": -0.18359375, "XIYX": 0.158203125, "XIYI": -0.05078125, "XIIX": 0.0078125, "IYYX": -0.427734375, "IYYI": 0.01171875, "IYIX": 0.015625, "IYII": 0.490234375, "IIYX": -0.84765625, "IIYI": -0.005859375, "IIIX": 0.005859375, "XZZX": 0.025390625, "XZZI": -0.005859375, "XZIX": -0.052734375, "XZII": -0.009765625, "XIZX": -0.001953125, "IZZX": 0.04296875, "IZZI": -0.09375, "IZIX": -0.00390625, "IZII": 0.76171875, "IIZX": 0.06640625, "XXYY": -0.265625, "XXYI": -0.02734375, "XXIY": -0.00390625, "XIYY": -0.076171875, "XIIY": 0.005859375, "IXYY": 0.076171875, "IXYI": 0.025390625, "IXIY": -0.025390625, "IIYY": 0.5703125, "IIIY": -0.0078125, "YXYX": 0.140625, "YXYI": 0.01171875, "YXIX": 0.01171875, "YXII": -0.16015625, "YIYX": -0.14453125, "YIYI": -0.00390625, "YIIX": -0.01953125, "YIII": 0.1640625, "IXYX": -0.078125, "IXIX": -0.05078125, "ZXZX": 0.029296875, "ZXZI": -0.021484375, "ZXIX": 0.05859375, "ZXII": 0.11328125, "ZIZX": -0.02734375, "ZIZI": -0.05078125, "ZIIX": 0.025390625, "ZIII": 0.880859375, "IXZX": 0.02734375, "ZYZY": -0.02734375, "ZYZI": 0.05859375, "ZYIY": -0.01953125, "ZYII": 0.47265625, "ZIZY": -0.0078125, "ZIIY": 0.0, "IYZY": 0.0, "IYZI": 0.0546875, "IYIY": 0.0, "IIZY": 0.00390625, "XYXY": 0.166015625, "XYXI": -0.009765625, "XYIY": 0.01953125, "XIXY": 0.115234375, "XIXI": -0.005859375, "IYXY": -0.408203125, "IYXI": -0.029296875, "IIXY": -0.814453125, "IIXI": -0.029296875, "YYZZ": 0.396484375, "YYZI": -0.02734375, "YYIZ": -0.02734375, "YYII": 0.396484375, "YIZZ": 0.154296875, "YIZI": -0.015625, "YIIZ": -0.015625, "IYZZ": 0.48828125, "IYIZ": -0.041015625, "YYXX": -0.197265625, "YYXI": -0.03125, "YYIX": 0.00390625, "YIXX": -0.11328125, "YIXI": -0.041015625, "IYXX": -0.240234375, "IIXX": -0.5234375, "XZXZ": -0.015625, "XZXI": 0.017578125, "XZIZ": -0.03515625, "XIXZ": -0.015625, "IZXZ": 0.025390625, "IZXI": -0.03125, "IZIZ": -0.041015625, "IIXZ": -0.009765625, "ZYYZ": -0.04296875, "ZYYI": 0.021484375, "ZYIZ": -0.033203125, "ZIYZ": 0.01953125, "ZIYI": -0.037109375, "ZIIZ": -0.103515625, "IYYZ": -0.0390625, "IIYZ": 0.01953125, "ZZYY": 0.462890625, "ZZYI": 0.009765625, "ZZIY": 0.048828125, "ZZII": 0.845703125, "ZIYY": 0.46875, "IZYY": 0.384765625, "IZYI": 0.044921875, "IZIY": 0.087890625, "YZYZ": 0.021484375, "YZYI": -0.03515625, "YZIZ": -0.060546875, "YZII": 0.03125, "YIYZ": 0.046875, "IZYZ": 0.0, "YZZY": 0.03515625, "YZZI": 0.0390625, "YZIY": 0.0, "YIZY": 0.05078125, "YIIY": 0.02734375, "IZZY": -0.015625, "YXXY": 0.1484375, "YXXI": 0.01171875, "YXIY": 0.00390625, "YIXY": -0.107421875, "IXXY": -0.158203125, "IXXI": -0.021484375, "ZXXZ": 0.005859375, "ZXXI": -0.001953125, "ZXIZ": -0.09765625, "ZIXZ": -0.056640625, "ZIXI": -0.005859375, "IXXZ": -0.013671875, "ZZXX": -0.453125, "ZZXI": -0.029296875, "ZZIX": -0.00390625, "ZIXX": -0.47265625, "IZXX": -0.412109375, "XXXX": 0.2109375, "XXXI": 0.03515625, "XXIX": 0.001953125, "XIXX": 0.10546875, "IXXX": -0.166015625, "YYYY": 0.220703125, "YYYI": 0.0625, "YYIY": 0.0390625, "YIYY": 0.080078125, "IYYY": 0.2734375, "ZZZZ": 0.869140625, "ZZZI": -0.060546875, "ZZIZ": -0.060546875, "ZIZZ": 0.861328125, "IZZZ": 0.75}