{"XXZZ": -0.326171875, "XXZI": 0.01953125, "XXIZ": 0.01953125, "XXII": -0.326171875, "XIZZ": -0.142578125, "XIZI": -0.00390625, "XIIZ": -0.00390625, "XIII": -0.142578125, "IXZZ": 0.16015625, "IXZI": 0.033203125, "IXIZ": 0.033203125, "IXII": 0.16015625, "IIZZ": 1.0, "IIZI": -0.021484375, "IIIZ": -0.021484375, "IIII": 1.0, "XYYX": 0.1796875, "XYYI": -0.03515625, "XYIX": 0.041015625, "XYII": -0.205078125, "XIYX": 0.15625, "XIYI": 0.0078125, "XIIX": -0.001953125, "IYYX": -0.396484375, "IYYI": -0.009765625, "IYIX": 0.00390625, "IYII": 0.46875, "IIYX": -0.833984375, "IIYI": -0.021484375, "IIIX": 0.0390625, "XZZX": -0.083984375, "XZZI": -0.00390625, "XZIX": 0.052734375, "XZII": -0.015625, "XIZX": -0.029296875, "IZZX": -0.009765625, "IZZI": -0.03125, "IZIX": 0.044921875, "IZII": 0.7265625, "IIZX": -0.048828125, "XXYY": -0.208984375, "XXYI": 0.01171875, "XXIY": 0.015625, "XIYY": -0.06640625, "XIIY": -0.044921875, "IXYY": 0.068359375, "IXYI": 0.03515625, "IXIY": 0.03515625, "IIYY": 0.5859375, "IIIY": -0.064453125, "YXYX": 0.177734375, "YXYI": -0.01171875, "YXIX": -0.01953125, "YXII": -0.185546875, "YIYX": -0.16015625, "YIYI": -0.021484375, "YIIX": 0.013671875, "YIII": 0.18359375, "IXYX": -0.115234375, "IXIX": -0.03515625, "ZXZX": 0.029296875, "ZXZI": 0.0078125, "ZXIX": 0.015625, "ZXII": 0.162109375, "ZIZX": 0.029296875, "ZIZI": -0.04296875, "ZIIX": 0.00390625, "ZIII": 0.880859375, "IXZX": -0.00390625, "ZYZY": -0.080078125, "ZYZI": -0.041015625, "ZYIY": -0.021484375, "ZYII": 0.427734375, "ZIZY": 0.021484375, "ZIIY": -0.029296875, "IYZY": -0.0546875, "IYZI": -0.0703125, "IYIY": -0.01953125, "IIZY": 0.0234375, "XYXY": 0.232421875, "XYXI": 0.005859375, "XYIY": 0.009765625, "XIXY": 0.138671875, "XIXI": 0.048828125, "IYXY": -0.43359375, "IYXI": -0.0546875, "IIXY": -0.828125, "IIXI": -0.0078125, "YYZZ": 0.42578125, "YYZI": -0.06640625, "YYIZ": -0.06640625, "YYII": 0.42578125, "YIZZ": 0.1796875, "YIZI": -0.046875, "YIIZ": -0.046875, "IYZZ": 0.4765625, "IYIZ": -0.03515625, "YYXX": -0.259765625, "YYXI": 0.001953125, "YYIX": 0.00390625, "YIXX": -0.103515625, "YIXI": 0.021484375, "IYXX": -0.263671875, "IIXX": -0.541015625, "XZXZ": -0.0234375, "XZXI": -0.03515625, "XZIZ": -0.013671875, "XIXZ": -0.06640625, "IZXZ": 0.021484375, "IZXI": 0.009765625, "IZIZ": -0.03125, "IIXZ": 0.048828125, "ZYYZ": -0.0078125, "ZYYI": 0.03125, "ZYIZ": -0.046875, "ZIYZ": 0.025390625, "ZIYI": 0.060546875, "ZIIZ": -0.080078125, "IYYZ": 0.009765625, "IIYZ": 0.02734375, "ZZYY": 0.494140625, "ZZYI": -0.0078125, "ZZIY": -0.005859375, "ZZII": 0.86328125, "ZIYY": 0.5, "IZYY": 0.44140625, "IZYI": -0.009765625, "IZIY": -0.0234375, "YZYZ": 0.01953125, "YZYI": 0.017578125, "YZIZ": -0.06640625, "YZII": -0.060546875, "YIYZ": 0.0078125, "IZYZ": 0.017578125, "YZZY": 0.017578125, "YZZI": -0.072265625, "YZIY": 0.0, "YIZY": -0.015625, "YIIY": -0.005859375, "IZZY": 0.04296875, "YXXY": 0.189453125, "YXXI": 0.07421875, "YXIY": -0.068359375, "YIXY": -0.185546875, "IXXY": -0.068359375, "IXXI": 0.02734375, "ZXXZ": 0.06640625, "ZXXI": 0.015625, "ZXIZ": -0.041015625, "ZIXZ": 0.041015625, "ZIXI": 0.013671875, "IXXZ": 0.0625, "ZZXX": -0.515625, "ZZXI": -0.015625, "ZZIX": 0.017578125, "ZIXX": -0.546875, "IZXX": -0.474609375, "XXXX": 0.244140625, "XXXI": -0.0078125, "XXIX": -0.01171875, "XIXX": 0.111328125, "IXXX": -0.08203125, "YYYY": 0.251953125, "YYYI": -0.046875, "YYIY": -0.021484375, "YIYY": 0.169921875, "IYYY": 0.251953125, "ZZZZ": 0.857421875, "ZZZI": -0.05078125, "ZZIZ": -0.05078125, "ZIZZ": 0.896484375, "IZZZ": 0.7734375}