{"XXZZ": -0.380859375, "XXZI": -0.029296875, "XXIZ": -0.029296875, "XXII": -0.380859375, "XIZZ": -0.16015625, "XIZI": -0.02734375, "XIIZ": -0.02734375, "XIII": -0.16015625, "IXZZ": 0.134765625, "IXZI": 0.009765625, "IXIZ": 0.009765625, "IXII": 0.134765625, "IIZZ": 1.0, "IIZI": -0.0546875, "IIIZ": -0.0546875, "IIII": 1.0, "XYYX": 0.197265625, "XYYI": -0.0078125, "XYIX": 0.0078125, "XYII": -0.240234375, "XIYX": 0.1328125, "XIYI": 0.001953125, "XIIX": 0.005859375, "IYYX": -0.384765625, "IYYI": -0.0234375, "IYIX": 0.00390625, "IYII": 0.462890625, "IIYX": -0.8359375, "IIYI": 0.013671875, "IIIX": -0.041015625, "XZZX": 0.009765625, "XZZI": 0.017578125, "XZIX": -0.005859375, "XZII": 0.041015625, "XIZX": 0.025390625, "IZZX": -0.00390625, "IZZI": -0.04296875, "IZIX": -0.01953125, "IZII": 0.75390625, "IIZX": -0.0078125, "XXYY": -0.26953125, "XXYI": -0.052734375, "XXIY": -0.017578125, "XIYY": -0.037109375, "XIIY": -0.00390625, "IXYY": 0.095703125, "IXYI": 0.06640625, "IXIY": 0.05859375, "IIYY": 0.5390625, "IIIY": 0.017578125, "YXYX": 0.185546875, "YXYI": 0.0390625, "YXIX": -0.044921875, "YXII": -0.18359375, "YIYX": -0.1015625, "YIYI": 0.005859375, "YIIX": -0.0078125, "YIII": 0.146484375, "IXYX": -0.08203125, "IXIX": -0.015625, "ZXZX": 0.0234375, "ZXZI": -0.00390625, "ZXIX": -0.021484375, "ZXII": 0.166015625, "ZIZX": 0.009765625, "ZIZI": -0.001953125, "ZIIX": 0.0078125, "ZIII": 0.875, "IXZX": 0.0390625, "ZYZY": -0.033203125, "ZYZI": -0.001953125, "ZYIY": -0.01953125, "ZYII": 0.4765625, "ZIZY": -0.0546875, "ZIIY": -0.013671875, "IYZY": -0.046875, "IYZI": 0.00390625, "IYIY": -0.017578125, "IIZY": -0.056640625, "XYXY": 0.203125, "XYXI": 0.037109375, "XYIY": -0.029296875, "XIXY": 0.126953125, "XIXI": 0.0, "IYXY": -0.482421875, "IYXI": 0.0078125, "IIXY": -0.83984375, "IIXI": -0.005859375, "YYZZ": 0.38671875, "YYZI": -0.00390625, "YYIZ": -0.00390625, "YYII": 0.38671875, "YIZZ": 0.1796875, "YIZI": 0.01171875, "YIIZ": 0.01171875, "IYZZ": 0.4921875, "IYIZ": 0.0703125, "YYXX": -0.275390625, "YYXI": 0.009765625, "YYIX": -0.009765625, "YIXX": -0.103515625, "YIXI": 0.060546875, "IYXX": -0.26171875, "IIXX": -0.57421875, "XZXZ": -0.013671875, "XZXI": -0.001953125, "XZIZ": 0.029296875, "XIXZ": -0.0078125, "IZXZ": -0.021484375, "IZXI": 0.021484375, "IZIZ": -0.029296875, "IIXZ": -0.00390625, "ZYYZ": 0.04296875, "ZYYI": -0.0234375, "ZYIZ": 0.021484375, "ZIYZ": 0.021484375, "ZIYI": -0.001953125, "ZIIZ": -0.0390625, "IYYZ": 0.046875, "IIYZ": 0.037109375, "ZZYY": 0.4921875, "ZZYI": 0.013671875, "ZZIY": -0.03125, "ZZII": 0.849609375, "ZIYY": 0.529296875, "IZYY": 0.43359375, "IZYI": 0.041015625, "IZIY": -0.02734375, "YZYZ": -0.046875, "YZYI": -0.037109375, "YZIZ": -0.009765625, "YZII": 0.03515625, "YIYZ": 0.0, "IZYZ": -0.046875, "YZZY": -0.0234375, "YZZI": 0.009765625, "YZIY": -0.064453125, "YIZY": -0.00390625, "YIIY": -0.021484375, "IZZY": -0.00390625, "YXXY": 0.150390625, "YXXI": 0.072265625, "YXIY": -0.0625, "YIXY": -0.1640625, "IXXY": -0.12890625, "IXXI": -0.0078125, "ZXXZ": 0.025390625, "ZXXI": -0.01953125, "ZXIZ": -0.00390625, "ZIXZ": 0.033203125, "ZIXI": 0.0078125, "IXXZ": 0.03125, "ZZXX": -0.4609375, "ZZXI": 0.080078125, "ZZIX": -0.025390625, "ZIXX": -0.484375, "IZXX": -0.4296875, "XXXX": 0.25390625, "XXXI": 0.015625, "XXIX": -0.0625, "XIXX": 0.083984375, "IXXX": -0.119140625, "YYYY": 0.251953125, "YYYI": 0.01953125, "YYIY": -0.009765625, "YIYY": 0.091796875, "IYYY": 0.263671875, "ZZZZ": 0.87109375, "ZZZI": -0.076171875, "ZZIZ": -0.076171875, "ZIZZ": 0.88671875, "IZZZ": 0.76953125}