{"XXZZ": -0.34375, "XXZI": -0.056640625, "XXIZ": -0.056640625, "XXII": -0.34375, "XIZZ": -0.203125, "XIZI": 0.033203125, "XIIZ": 0.033203125, "XIII": -0.203125, "IXZZ": 0.14453125, "IXZI": -0.044921875, "IXIZ": -0.044921875, "IXII": 0.14453125, "IIZZ": 1.0, "IIZI": -0.068359375, "IIIZ": -0.068359375, "IIII": 1.0, "XYYX": 0.171875, "XYYI": 0.01953125, "XYIX": 0.009765625, "XYII": -0.236328125, "XIYX": 0.177734375, "XIYI": -0.013671875, "XIIX": 0.046875, "IYYX": -0.44140625, "IYYI": -0.00390625, "IYIX": -0.013671875, "IYII": 0.517578125, "IIYX": -0.826171875, "IIYI": 0.009765625, "IIIX": -0.015625, "XZZX": -0.013671875, "XZZI": 0.01171875, "XZIX": -0.00390625, "XZII": 0.029296875, "XIZX": -0.01171875, "IZZX": 0.013671875, "IZZI": -0.0625, "IZIX": -0.046875, "IZII": 0.744140625, "IIZX": 0.0234375, "XXYY": -0.15234375, "XXYI": -0.04296875, "XXIY": -0.048828125, "XIYY": -0.060546875, "XIIY": 0.03515625, "IXYY": 0.11328125, "IXYI": -0.01171875, "IXIY": -0.025390625, "IIYY": 0.603515625, "IIIY": 0.03515625, "YXYX": 0.140625, "YXYI": 0.01953125, "YXIX": 0.0078125, "YXII": -0.16796875, "YIYX": -0.12890625, "YIYI": 0.01953125, "YIIX": -0.0078125, "YIII": 0.1796875, "IXYX": -0.12890625, "IXIX": 0.01953125, "ZXZX": -0.03515625, "ZXZI": -0.001953125, "ZXIX": 0.001953125, "ZXII": 0.14453125, "ZIZX": 0.03125, "ZIZI": -0.001953125, "ZIIX": 0.005859375, "ZIII": 0.87890625, "IXZX": -0.04296875, "ZYZY": 0.009765625, "ZYZI": -0.021484375, "ZYIY": 0.02734375, "ZYII": 0.44140625, "ZIZY": -0.009765625, "ZIIY": 0.015625, "IYZY": 0.005859375, "IYZI": -0.029296875, "IYIY": 0.01953125, "IIZY": -0.005859375, "XYXY": 0.20703125, "XYXI": -0.00390625, "XYIY": 0.029296875, "XIXY": 0.095703125, "XIXI": -0.009765625, "IYXY": -0.34375, "IYXI": 0.03125, "IIXY": -0.818359375, "IIXI": 0.013671875, "YYZZ": 0.43359375, "YYZI": -0.03515625, "YYIZ": -0.03515625, "YYII": 0.43359375, "YIZZ": 0.15625, "YIZI": 0.01171875, "YIIZ": 0.01171875, "IYZZ": 0.4453125, "IYIZ": -0.02734375, "YYXX": -0.244140625, "YYXI": 0.029296875, "YYIX": -0.013671875, "YIXX": -0.080078125, "YIXI": 0.017578125, "IYXX": -0.29296875, "IIXX": -0.5546875, "XZXZ": -0.01171875, "XZXI": 0.01953125, "XZIZ": 0.0, "XIXZ": 0.029296875, "IZXZ": 0.021484375, "IZXI": 0.052734375, "IZIZ": -0.052734375, "IIXZ": 0.01171875, "ZYYZ": 0.033203125, "ZYYI": -0.03515625, "ZYIZ": 0.0234375, "ZIYZ": 0.072265625, "ZIYI": -0.0078125, "ZIIZ": -0.00390625, "IYYZ": 0.0390625, "IIYZ": 0.078125, "ZZYY": 0.48046875, "ZZYI": 0.009765625, "ZZIY": -0.00390625, "ZZII": 0.845703125, "ZIYY": 0.5390625, "IZYY": 0.435546875, "IZYI": -0.00390625, "IZIY": 0.017578125, "YZYZ": 0.01953125, "YZYI": -0.01171875, "YZIZ": -0.029296875, "YZII": 0.001953125, "YIYZ": 0.0, "IZYZ": 0.037109375, "YZZY": -0.056640625, "YZZI": 0.05078125, "YZIY": 0.01953125, "YIZY": -0.025390625, "YIIY": -0.015625, "IZZY": -0.00390625, "YXXY": 0.12109375, "YXXI": 0.0078125, "YXIY": -0.04296875, "YIXY": -0.189453125, "IXXY": -0.095703125, "IXXI": 0.025390625, "ZXXZ": 0.01953125, "ZXXI": 0.052734375, "ZXIZ": 0.013671875, "ZIXZ": 0.009765625, "ZIXI": 0.0078125, "IXXZ": 0.025390625, "ZZXX": -0.517578125, "ZZXI": -0.005859375, "ZZIX": -0.029296875, "ZIXX": -0.521484375, "IZXX": -0.46484375, "XXXX": 0.26953125, "XXXI": 0.02734375, "XXIX": -0.046875, "XIXX": 0.076171875, "IXXX": -0.091796875, "YYYY": 0.23828125, "YYYI": -0.013671875, "YYIY": 0.01171875, "YIYY": 0.142578125, "IYYY": 0.27734375, "ZZZZ": 0.87109375, "ZZZI": -0.060546875, "ZZIZ": -0.060546875, "ZIZZ": 0.884765625, "IZZZ": 0.775390625}