{"XXZZ": -0.322265625, "XXZI": -0.009765625, "XXIZ": -0.009765625, "XXII": -0.322265625, "XIZZ": -0.123046875, "XIZI": 0.001953125, "XIIZ": 0.001953125, "XIII": -0.123046875, "IXZZ": 0.12109375, "IXZI": 0.03515625, "IXIZ": 0.03515625, "IXII": 0.12109375, "IIZZ": 1.0, "IIZI": -0.0078125, "IIIZ": -0.0078125, "IIII": 1.0, "XYYX": 0.1484375, "XYYI": -0.005859375, "XYIX": -0.021484375, "XYII": -0.1875, "XIYX": 0.134765625, "XIYI": -0.0078125, "XIIX": -0.00390625, "IYYX": -0.373046875, "IYYI": -0.02734375, "IYIX": 0.04296875, "IYII": 0.455078125, "IIYX": -0.82421875, "IIYI": 0.001953125, "IIIX": -0.001953125, "XZZX": 0.013671875, "XZZI": -0.017578125, "XZIX": 0.00390625, "XZII": -0.04296875, "XIZX": 0.033203125, "IZZX": 0.013671875, "IZZI": -0.115234375, "IZIX": 0.0234375, "IZII": 0.80078125, "IIZX": 0.029296875, "XXYY": -0.232421875, "XXYI": -0.044921875, "XXIY": -0.025390625, "XIYY": -0.103515625, "XIIY": 0.001953125, "IXYY": 0.1328125, "IXYI": 0.01171875, "IXIY": 0.0078125, "IIYY": 0.5859375, "IIIY": 0.0390625, "YXYX": 0.095703125, "YXYI": 0.00390625, "YXIX": -0.013671875, "YXII": -0.1328125, "YIYX": -0.16796875, "YIYI": -0.001953125, "YIIX": 0.0, "YIII": 0.193359375, "IXYX": -0.11328125, "IXIX": -0.06640625, "ZXZX": -0.0546875, "ZXZI": -0.001953125, "ZXIX": 0.037109375, "ZXII": 0.12890625, "ZIZX": -0.0234375, "ZIZI": -0.060546875, "ZIIX": 0.013671875, "ZIII": 0.890625, "IXZX": -0.046875, "ZYZY": -0.0078125, "ZYZI": -0.06640625, "ZYIY": 0.01171875, "ZYII": 0.453125, "ZIZY": -0.046875, "ZIIY": 0.01953125, "IYZY": -0.01953125, "IYZI": -0.05078125, "IYIY": -0.01953125, "IIZY": -0.03515625, "XYXY": 0.181640625, "XYXI": 0.033203125, "XYIY": -0.017578125, "XIXY": 0.087890625, "XIXI": -0.033203125, "IYXY": -0.41015625, "IYXI": -0.05859375, "IIXY": -0.84765625, "IIXI": -0.0390625, "YYZZ": 0.431640625, "YYZI": 0.02734375, "YYIZ": 0.02734375, "YYII": 0.431640625, "YIZZ": 0.25390625, "YIZI": 0.009765625, "YIIZ": 0.009765625, "IYZZ": 0.556640625, "IYIZ": 0.03515625, "YYXX": -0.279296875, "YYXI": 0.015625, "YYIX": -0.033203125, "YIXX": -0.12890625, "YIXI": 0.052734375, "IYXX": -0.26953125, "IIXX": -0.564453125, "XZXZ": 0.0546875, "XZXI": -0.080078125, "XZIZ": -0.02734375, "XIXZ": 0.078125, "IZXZ": -0.044921875, "IZXI": -0.015625, "IZIZ": -0.048828125, "IIXZ": -0.060546875, "ZYYZ": 0.013671875, "ZYYI": -0.091796875, "ZYIZ": -0.078125, "ZIYZ": 0.0, "ZIYI": -0.05078125, "ZIIZ": -0.087890625, "IYYZ": -0.00390625, "IIYZ": 0.001953125, "ZZYY": 0.4453125, "ZZYI": 0.005859375, "ZZIY": 0.013671875, "ZZII": 0.87109375, "ZIYY": 0.458984375, "IZYY": 0.392578125, "IZYI": 0.0, "IZIY": 0.00390625, "YZYZ": 0.017578125, "YZYI": -0.03515625, "YZIZ": -0.013671875, "YZII": 0.0078125, "YIYZ": 0.03515625, "IZYZ": 0.01953125, "YZZY": 0.033203125, "YZZI": -0.01171875, "YZIY": 0.005859375, "YIZY": 0.044921875, "YIIY": -0.029296875, "IZZY": 0.017578125, "YXXY": 0.111328125, "YXXI": -0.025390625, "YXIY": 0.041015625, "YIXY": -0.173828125, "IXXY": -0.09765625, "IXXI": -0.03125, "ZXXZ": 0.009765625, "ZXXI": 0.001953125, "ZXIZ": 0.033203125, "ZIXZ": -0.015625, "ZIXI": 0.03515625, "IXXZ": 0.013671875, "ZZXX": -0.53125, "ZZXI": -0.001953125, "ZZIX": 0.013671875, "ZIXX": -0.529296875, "IZXX": -0.462890625, "XXXX": 0.205078125, "XXXI": 0.01953125, "XXIX": -0.025390625, "XIXX": 0.109375, "IXXX": -0.09765625, "YYYY": 0.26171875, "YYYI": -0.0078125, "YYIY": -0.03125, "YIYY": 0.05859375, "IYYY": 0.234375, "ZZZZ": 0.822265625, "ZZZI": -0.068359375, "ZZIZ": -0.068359375, "ZIZZ": 0.87890625, "IZZZ": 0.728515625}