{"XXZZ": -0.3828125, "XXZI": -0.068359375, "XXIZ": -0.068359375, "XXII": -0.3828125, "XIZZ": -0.1796875, "XIZI": 0.021484375, "XIIZ": 0.021484375, "XIII": -0.1796875, "IXZZ": 0.09765625, "IXZI": 0.005859375, "IXIZ": 0.005859375, "IXII": 0.09765625, "IIZZ": 1.0, "IIZI": 0.005859375, "IIIZ": 0.005859375, "IIII": 1.0, "XYYX": 0.13671875, "XYYI": -0.013671875, "XYIX": 0.015625, "XYII": -0.173828125, "XIYX": 0.10546875, "XIYI": 0.005859375, "XIIX": 0.0, "IYYX": -0.341796875, "IYYI": -0.015625, "IYIX": 0.021484375, "IYII": 0.44921875, "IIYX": -0.826171875, "IIYI": 0.01171875, "IIIX": 0.021484375, "XZZX": -0.00390625, "XZZI": -0.005859375, "XZIX": -0.00390625, "XZII": -0.013671875, "XIZX": 0.017578125, "IZZX": 0.01171875, "IZZI": -0.033203125, "IZIX": 0.01171875, "IZII": 0.755859375, "IIZX": -0.005859375, "XXYY": -0.25, "XXYI": 0.06640625, "XXIY": 0.046875, "XIYY": -0.11328125, "XIIY": -0.00390625, "IXYY": 0.1328125, "IXYI": -0.02734375, "IXIY": -0.01171875, "IIYY": 0.5390625, "IIIY": 0.01171875, "YXYX": 0.13671875, "YXYI": -0.041015625, "YXIX": 0.033203125, "YXII": -0.12109375, "YIYX": -0.15625, "YIYI": 0.033203125, "YIIX": 0.009765625, "YIII": 0.19921875, "IXYX": -0.11328125, "IXIX": 0.005859375, "ZXZX": 0.037109375, "ZXZI": 0.02734375, "ZXIX": -0.01953125, "ZXII": 0.158203125, "ZIZX": 0.021484375, "ZIZI": -0.0546875, "ZIIX": 0.046875, "ZIII": 0.916015625, "IXZX": 0.05078125, "ZYZY": -0.009765625, "ZYZI": -0.046875, "ZYIY": 0.064453125, "ZYII": 0.453125, "ZIZY": -0.009765625, "ZIIY": 0.087890625, "IYZY": -0.001953125, "IYZI": -0.0546875, "IYIY": 0.068359375, "IIZY": -0.009765625, "XYXY": 0.181640625, "XYXI": 0.009765625, "XYIY": -0.00390625, "XIXY": 0.1015625, "XIXI": -0.05859375, "IYXY": -0.41796875, "IYXI": -0.01953125, "IIXY": -0.830078125, "IIXI": 0.009765625, "YYZZ": 0.390625, "YYZI": -0.005859375, "YYIZ": -0.005859375, "YYII": 0.390625, "YIZZ": 0.1953125, "YIZI": 0.001953125, "YIIZ": 0.001953125, "IYZZ": 0.5390625, "IYIZ": -0.013671875, "YYXX": -0.20703125, "YYXI": 0.041015625, "YYIX": -0.0703125, "YIXX": -0.0546875, "YIXI": -0.017578125, "IYXX": -0.259765625, "IIXX": -0.576171875, "XZXZ": -0.03515625, "XZXI": -0.015625, "XZIZ": 0.0390625, "XIXZ": -0.01953125, "IZXZ": -0.01171875, "IZXI": -0.0234375, "IZIZ": -0.0703125, "IIXZ": -0.02734375, "ZYYZ": -0.025390625, "ZYYI": -0.03125, "ZYIZ": -0.0234375, "ZIYZ": -0.013671875, "ZIYI": -0.02734375, "ZIIZ": -0.05859375, "IYYZ": -0.00390625, "IIYZ": 0.0, "ZZYY": 0.494140625, "ZZYI": -0.01953125, "ZZIY": -0.013671875, "ZZII": 0.8359375, "ZIYY": 0.4609375, "IZYY": 0.3984375, "IZYI": -0.017578125, "IZIY": -0.0078125, "YZYZ": -0.02734375, "YZYI": 0.01953125, "YZIZ": -0.013671875, "YZII": -0.013671875, "YIYZ": 0.0, "IZYZ": 0.021484375, "YZZY": 0.0234375, "YZZI": -0.005859375, "YZIY": -0.009765625, "YIZY": 0.015625, "YIIY": -0.013671875, "IZZY": 0.00390625, "YXXY": 0.177734375, "YXXI": 0.00390625, "YXIY": 0.001953125, "YIXY": -0.15234375, "IXXY": -0.09375, "IXXI": -0.021484375, "ZXXZ": -0.048828125, "ZXXI": 0.03125, "ZXIZ": 0.037109375, "ZIXZ": -0.00390625, "ZIXI": -0.005859375, "IXXZ": -0.0546875, "ZZXX": -0.451171875, "ZZXI": 0.0390625, "ZZIX": 0.0078125, "ZIXX": -0.482421875, "IZXX": -0.40234375, "XXXX": 0.216796875, "XXXI": 0.0234375, "XXIX": -0.005859375, "XIXX": 0.134765625, "IXXX": -0.130859375, "YYYY": 0.267578125, "YYYI": 0.015625, "YYIY": 0.00390625, "YIYY": 0.1328125, "IYYY": 0.310546875, "ZZZZ": 0.880859375, "ZZZI": -0.009765625, "ZZIZ": -0.009765625, "ZIZZ": 0.86328125, "IZZZ": 0.755859375}