{"qwc_energy": [1.638671875, -3.069647978195968, -4.691681921228163, -6.046109053925646, -6.448746250564281], "qwc_shots": 21504, "qwc_moments": ["1.0", "(1.638671875+0j)", "(7.03125+0j)", "(9.314453125+0j)", "(76.890625+0j)", "(-16.884765625+0j)", "(1231.734375+0j)", "(-3481.615234375+0j)", "(31503.96875+0j)", "(-159981.283203125+0j)"], "mix_energy": [1.5677083333333335, -3.3163274994798924, -5.245131121323841, -6.22923789578034, -6.454809164400503], "mix_shots": 21504, "mix_moments": ["(1+0j)", "(1.5677083333333335+0j)", "(7.104166666666666+0j)", "(7.432812500000001+0j)", "(87.48750000000001+0j)", "(-99.87499999999977+0j)", "(1765.962499999999+0j)", "(-7095.501562499992+0j)", "(54982.17499999998+0j)", "(-313672.7593749999+0j)"], "cs_energy": [1.60459587955626, -3.678550735948573, -5.810331267905466, -6.352023608104373, -6.458799536697299], "cs_shots": 21465, "cs_moments": ["(1+0j)", "(1.60459587955626+0j)", "(7.280666481588224+0j)", "(6.1144164489090125+0j)", "(102.84314975294521+0j)", "(-201.57000571419326+0j)", "(2513.6264710312807+0j)", "(-12012.608208643993+0j)", "(87907.40071309147+0j)", "(-528353.6544313631+0j)"]}