{"qwc_energy": [1.685546875, -3.66365235675467, -5.698446715489464, -6.329022358432713, -6.458676595519853], "qwc_shots": 21504, "qwc_moments": ["1.0", "(1.685546875+0j)", "(7.19921875+0j)", "(7.064453125+0j)", "(95.9765625+0j)", "(-160.822265625+0j)", "(2225.39453125+0j)", "(-10204.412109375+0j)", "(75915.265625+0j)", "(-451329.892578125+0j)"], "mix_energy": [1.5768229166666667, -3.4551358977842215, -5.356259072293806, -6.274410109032965, -6.45670551685509], "mix_shots": 21504, "mix_moments": ["(1+0j)", "(1.5768229166666667+0j)", "(7.247395833333334+0j)", "(6.989843750000005+0j)", "(92.40312499999997+0j)", "(-125.77213541666657+0j)", "(1954.4171875000002+0j)", "(-8257.759114583332+0j)", "(62699.83958333325+0j)", "(-363069.2877604166+0j)"], "cs_energy": [1.661648177496038, -3.89168150491001, -5.477960938916226, -6.378155496064524, -6.464576419508275], "cs_shots": 21465, "cs_moments": ["(1+0j)", "(1.661648177496038+0j)", "(7.613154097723907+0j)", "(6.069464795465503+0j)", "(101.92500214749082+0j)", "(-175.70044120045338+0j)", "(2296.658789213493+0j)", "(-10366.128547561622+0j)", "(76433.60523141235+0j)", "(-450790.97368047555+0j)"]}