{"qwc_energy": [1.4765625, -3.16131168241115, -4.8472373174644705, -6.109881185112231, -6.450461215770472], "qwc_shots": 21504, "qwc_moments": ["1.0", "(1.4765625+0j)", "(7.015625+0j)", "(7.25390625+0j)", "(81.59375+0j)", "(-64.203125+0j)", "(1457.265625+0j)", "(-5061.67578125+0j)", "(40909.3125+0j)", "(-221491.1953125+0j)"], "mix_energy": [1.5690104166666665, -3.645214204545333, -5.485194672031254, -6.306410174163698, -6.458250292138564], "mix_shots": 21504, "mix_moments": ["(1+0j)", "(1.5690104166666665+0j)", "(7.372395833333333+0j)", "(5.9966145833333275+0j)", "(98.19479166666667+0j)", "(-167.42578125000006+0j)", "(2214.2338541666663+0j)", "(-9987.598177083335+0j)", "(73796.38958333337+0j)", "(-435339.5539062496+0j)"], "cs_energy": [1.5938285468146796, -3.823893816021691, -5.740551222157806, -6.336743281816604, -6.459012339355584], "cs_shots": 21465, "cs_moments": ["(1+0j)", "(1.5938285468146796+0j)", "(7.423947075864314+0j)", "(5.343863093407769+0j)", "(104.64771438495237+0j)", "(-218.01940896070153+0j)", "(2569.6325562113516+0j)", "(-12420.899203000748+0j)", "(89946.41192610632+0j)", "(-541678.9328333304+0j)"]}