{"qwc_energy": [1.63671875, -3.213232656877059, -4.898612802843159, -6.15339109445714, -6.453601356534826], "qwc_shots": 21504, "qwc_moments": ["1.0", "(1.63671875+0j)", "(7.04296875+0j)", "(8.57421875+0j)", "(80.0234375+0j)", "(-46.19140625+0j)", "(1403.47265625+0j)", "(-4691.31640625+0j)", "(39182.921875+0j)", "(-210680.95703125+0j)"], "mix_energy": [1.62109375, -2.9739868575455644, -4.764411822448114, -6.040598517118163, -6.447111357387715], "mix_shots": 21504, "mix_moments": ["(1+0j)", "(1.62109375+0j)", "(6.867187500000002+0j)", "(9.308072916666665+0j)", "(75.30104166666666+0j)", "(-17.946614583333268+0j)", "(1230.6015625+0j)", "(-3597.34296875+0j)", "(32265.135416666646+0j)", "(-166322.14765625008+0j)"], "cs_energy": [1.6831492300778201, -2.395297534780927, -2.5760795184297995, -6.863393015096831, -6.473174883604189], "cs_shots": 21465, "cs_moments": ["(1+0j)", "(1.6831492300778201+0j)", "(6.731958275185086+0j)", "(12.281633163733423+0j)", "(53.570020030799384+0j)", "(146.50452902723023+0j)", "(109.13869679046542+0j)", "(3963.183711312484+0j)", "(-17564.285651150447+0j)", "(160101.97607944105+0j)"]}