{"qwc_energy": [1.7109375, -2.655488465413593, -4.524060515967777, -5.811101417219501, -6.434654518462223], "qwc_shots": 21504, "qwc_moments": ["1.0", "(1.7109375+0j)", "(6.65625+0j)", "(11.05078125+0j)", "(67.71875+0j)", "(30.25+0j)", "(959.21875+0j)", "(-1892.22265625+0j)", "(21734.4375+0j)", "(-99242.6484375+0j)"], "mix_energy": [1.5885416666666672, -3.4652115072964986, -5.389713540032091, -6.275170878340239, -6.4567896180802835], "mix_shots": 21504, "mix_moments": ["(0.9999999999999999+0j)", "(1.5885416666666667+0j)", "(7.184895833333331+0j)", "(6.965104166666665+0j)", "(91.65520833333336+0j)", "(-127.80208333333336+0j)", "(1957.7442708333322+0j)", "(-8359.213020833338+0j)", "(63292.45208333338+0j)", "(-367796.7677083334+0j)"], "cs_energy": [1.6900174662594942, -2.7801333593518867, -4.151967582953818, -5.504736409977175, -6.430193875862086], "cs_shots": 21465, "cs_moments": ["(1+0j)", "(1.6900174662594942+0j)", "(6.783991046519007+0j)", "(10.634578587585898+0j)", "(67.41983509759565+0j)", "(41.744218892193864+0j)", "(841.4950682404128+0j)", "(-981.3454304505392+0j)", "(15225.112102760802+0j)", "(-54920.372773922645+0j)"]}