{"qwc_energy": [1.576171875, -3.3793087525273733, -5.390314162567876, -6.258489919892412, -6.4557927073271575], "qwc_shots": 21504, "qwc_moments": ["1.0", "(1.576171875+0j)", "(7.0390625+0j)", "(7.068359375+0j)", "(88.921875+0j)", "(-120.001953125+0j)", "(1889.7734375+0j)", "(-8023.884765625+0j)", "(61001.46875+0j)", "(-354096.580078125+0j)"], "mix_energy": [1.600260416666667, -3.181469781760495, -5.243766407340633, -6.19849085882794, -6.453196707698234], "mix_shots": 21504, "mix_moments": ["(0.9999999999999999+0j)", "(1.6002604166666665+0j)", "(6.898437499999997+0j)", "(8.115364583333337+0j)", "(82.48854166666663+0j)", "(-78.70703124999991+0j)", "(1625.3619791666652+0j)", "(-6324.691927083333+0j)", "(50048.17708333336+0j)", "(-283447.3976562501+0j)"], "cs_energy": [1.6830427892234545, -3.695850548286684, -5.9575343904671225, -6.375173863078166, -6.45930329650897], "cs_shots": 21465, "cs_moments": ["(1+0j)", "(1.6830427892234545+0j)", "(7.288677556416766+0j)", "(6.9895227341480926+0j)", "(103.7369616178014+0j)", "(-198.6455096276064+0j)", "(2568.891559800464+0j)", "(-12319.564378043062+0j)", "(90722.93668076336+0j)", "(-546625.634550577+0j)"]}