{"qwc_energy": [1.58984375, -3.3886568955625047, -4.896448368799806, -6.197359966903191, -6.455802581667496], "qwc_shots": 21504, "qwc_moments": ["1.0", "(1.58984375+0j)", "(7.35546875+0j)", "(7.69140625+0j)", "(86.1484375+0j)", "(-70.56640625+0j)", "(1556.84765625+0j)", "(-5497.27734375+0j)", "(44203.421875+0j)", "(-240823.53515625+0j)"], "mix_energy": [1.6250000000000004, -3.3345082495872815, -5.545136245040308, -6.285571139501223, -6.456075560433501], "mix_shots": 21504, "mix_moments": ["(0.9999999999999999+0j)", "(1.625+0j)", "(7.205729166666666+0j)", "(8.107291666666676+0j)", "(92.396875+0j)", "(-118.09374999999979+0j)", "(1992.8776041666663+0j)", "(-8475.215624999997+0j)", "(65126.052083333314+0j)", "(-379181.5958333333+0j)"], "cs_energy": [1.6440574257746219, -3.323846487702862, -5.294016600431915, -6.247349966573831, -6.455525629459075], "cs_shots": 21465, "cs_moments": ["(1+0j)", "(1.6440574257746219+0j)", "(7.127873436222006+0j)", "(8.226987300547897+0j)", "(87.04107496548451+0j)", "(-89.08418475642455+0j)", "(1743.566608943769+0j)", "(-6897.372160176666+0j)", "(54202.811272273146+0j)", "(-308432.6770154973+0j)"]}