{"qwc_energy": [1.658203125, -3.449721709622787, -5.339656082807415, -6.28492234689622, -6.458395543746816], "qwc_shots": 21504, "qwc_moments": ["1.0", "(1.658203125+0j)", "(7.078125+0j)", "(7.650390625+0j)", "(87.671875+0j)", "(-104.560546875+0j)", "(1807.40625+0j)", "(-7425.599609375+0j)", "(57266.90625+0j)", "(-329328.091796875+0j)"], "mix_energy": [1.5781250000000002, -3.1509168247752912, -4.903739842295386, -6.125458259050771, -6.451028490797284], "mix_shots": 21504, "mix_moments": ["(1+0j)", "(1.5781250000000002+0j)", "(7.08854166666667+0j)", "(8.425520833333337+0j)", "(81.44375000000001+0j)", "(-49.645833333333194+0j)", "(1437.961458333333+0j)", "(-4840.865104166657+0j)", "(40264.37083333331+0j)", "(-216861.62812499967+0j)"], "cs_energy": [1.611727416798732, -3.743701944618446, -5.789969876466767, -6.336378607792131, -6.458559141521599], "cs_shots": 21465, "cs_moments": ["(1+0j)", "(1.611727416798732+0j)", "(7.279557255842731+0j)", "(5.84405107667103+0j)", "(101.76074710275462+0j)", "(-205.39651521357254+0j)", "(2497.0326219432486+0j)", "(-12029.785392829+0j)", "(87585.20774266955+0j)", "(-527455.5266643675+0j)"]}