{"qwc_energy": [1.6015625, -2.99778878481849, -4.6878770419447875, -6.030952303103939, -6.447427366852152], "qwc_shots": 21504, "qwc_moments": ["1.0", "(1.6015625+0j)", "(6.8671875+0j)", "(9.015625+0j)", "(75.0625+0j)", "(-17.7734375+0j)", "(1205.2734375+0j)", "(-3429.328125+0j)", "(30895.9375+0j)", "(-157188.9609375+0j)"], "mix_energy": [1.7161458333333333, -2.4467131328332075, -3.9435202796745914, -4.749422676074565, -6.350565091601929], "mix_shots": 21504, "mix_moments": ["(1+0j)", "(1.7161458333333333+0j)", "(6.546875000000002+0j)", "(11.720312499999999+0j)", "(62.127083333333324+0j)", "(68.57031250000007+0j)", "(696.7322916666667+0j)", "(-153.65885416666538+0j)", "(10298.620833333356+0j)", "(-24662.158854166544+0j)"], "cs_energy": [1.5903328050713152, -2.8948732281557996, -4.618556139667108, -5.981076598897218, -6.443594305471665], "cs_shots": 21465, "cs_moments": ["(1+0j)", "(1.5903328050713152+0j)", "(6.889064976228205+0j)", "(9.506339144215527+0j)", "(74.64817749603804+0j)", "(-4.466719492868609+0j)", "(1154.4009508716326+0j)", "(-2986.7757527733734+0j)", "(28384.416798732163+0j)", "(-139866.62519809802+0j)"]}