{"qwc_energy": [1.658203125, -2.6302387132657326, -4.521546363607617, -5.790759648512674, -6.432989236543101], "qwc_shots": 21504, "qwc_moments": ["1.0", "(1.658203125+0j)", "(6.65625+0j)", "(10.798828125+0j)", "(68.234375+0j)", "(26.673828125+0j)", "(975.671875+0j)", "(-1987.904296875+0j)", "(22284.90625+0j)", "(-102593.123046875+0j)"], "mix_energy": [1.5546875000000002, -3.5045816791032993, -5.282298371483813, -6.271565913884047, -6.457102549621402], "mix_shots": 21504, "mix_moments": ["(1+0j)", "(1.5546875000000002+0j)", "(7.322916666666667+0j)", "(6.576041666666671+0j)", "(93.175+0j)", "(-129.45052083333337+0j)", "(1952.0354166666675+0j)", "(-8210.504166666664+0j)", "(62057.54999999999+0j)", "(-358289.7307291666+0j)"], "cs_energy": [1.6045958795562598, -3.1791900257596217, -5.319180222074857, -6.211656542538169, -6.453488582820157], "cs_shots": 21465, "cs_moments": ["(1+0j)", "(1.6045958795562598+0j)", "(6.894611104955661+0j)", "(8.161968744981403+0j)", "(83.21518730478056+0j)", "(-84.01329763726213+0j)", "(1673.076982258612+0j)", "(-6650.47304120817+0j)", "(52325.09022200694+0j)", "(-298503.001417344+0j)"]}