{"qwc_energy": [1.662109375, -3.91428107008072, -5.656024769990506, -6.351447837124912, -6.460418960739508], "qwc_shots": 21504, "qwc_moments": ["1.0", "(1.662109375+0j)", "(7.65234375+0j)", "(5.994140625+0j)", "(105.7890625+0j)", "(-201.720703125+0j)", "(2508.34765625+0j)", "(-11780.544921875+0j)", "(86122.515625+0j)", "(-514391.791015625+0j)"], "mix_energy": [1.4973958333333333, -3.4189367443722403, -5.189557349405314, -6.247187685494048, -6.456121024264962], "mix_shots": 21504, "mix_moments": ["(0.9999999999999999+0j)", "(1.497395833333333+0j)", "(7.158854166666664+0j)", "(6.1890625+0j)", "(89.9864583333333+0j)", "(-121.91927083333346+0j)", "(1847.2869791666678+0j)", "(-7640.231770833341+0j)", "(57810.63124999999+0j)", "(-331609.58593750023+0j)"], "cs_energy": [1.5689381933438986, -2.9200744389408557, -4.878891191619256, -6.055109408093617, -6.446766889237841], "cs_shots": 21465, "cs_moments": ["(1+0j)", "(1.5689381933438986+0j)", "(6.7572463813221795+0j)", "(8.908326413640363+0j)", "(75.39382369161778+0j)", "(-29.855681140547865+0j)", "(1290.7758529896178+0j)", "(-4101.491353392354+0j)", "(35431.44865255833+0j)", "(-188030.0449416938+0j)"]}