{"qwc_energy": [1.5625, -3.3965922696617312, -4.881796718829088, -6.208479710282378, -6.456753909650439], "qwc_shots": 21504, "qwc_moments": ["1.0", "(1.5625+0j)", "(7.296875+0j)", "(7.25+0j)", "(85.796875+0j)", "(-75.890625+0j)", "(1558.5625+0j)", "(-5571.546875+0j)", "(44353.90625+0j)", "(-242259.65625+0j)"], "mix_energy": [1.6666666666666667, -3.4170541840301047, -5.288208282615555, -6.2593420497104635, -6.456748921689281], "mix_shots": 21504, "mix_moments": ["(1+0j)", "(1.6666666666666667+0j)", "(7.195312500000002+0j)", "(8.098437500000003+0j)", "(87.96770833333338+0j)", "(-94.06770833333331+0j)", "(1769.6588541666679+0j)", "(-7059.4067708333305+0j)", "(55154.34374999999+0j)", "(-314462.89375000016+0j)"], "cs_energy": [1.5338799372061205, -4.495274322553936, -6.04109504243761, -6.397153415078679, -6.4614981235030715], "cs_shots": 21465, "cs_moments": ["(1+0j)", "(1.5338799372061205+0j)", "(8.14301667075416+0j)", "(0.9040301868752754+0j)", "(136.20471626354012+0j)", "(-421.72399450740295+0j)", "(3917.199833678383+0j)", "(-21155.24908778321+0j)", "(146774.94358261247+0j)", "(-909606.2723952183+0j)"]}