{"qwc_energy": [1.65234375, -3.6155250159224175, -5.746950791794658, -6.332524593960388, -6.458291485227088], "qwc_shots": 21504, "qwc_moments": ["1.0", "(1.65234375+0j)", "(7.10546875+0j)", "(6.78515625+0j)", "(96.0546875+0j)", "(-168.84765625+0j)", "(2267.44140625+0j)", "(-10548.71484375+0j)", "(78099.859375+0j)", "(-466229.78515625+0j)"], "mix_energy": [1.5963541666666663, -3.021228195082326, -4.32573024487803, -5.848996630921664, -6.445743952340422], "mix_shots": 21504, "mix_moments": ["(1+0j)", "(1.5963541666666663+0j)", "(6.929687500000002+0j)", "(8.976562499999998+0j)", "(72.29895833333339+0j)", "(4.565104166666698+0j)", "(1014.8869791666674+0j)", "(-2119.6505208333388+0j)", "(21813.706250000087+0j)", "(-97100.58281250014+0j)"], "cs_energy": [1.557078441307517, -3.3013702489636176, -5.097675435435236, -6.199001687083495, -6.454436779456778], "cs_shots": 21465, "cs_moments": ["(1+0j)", "(1.557078441307517+0j)", "(6.998362927210637+0j)", "(7.224796237346924+0j)", "(83.87408980620297+0j)", "(-87.422934331595+0j)", "(1626.8413607996367+0j)", "(-6290.496682282133+0j)", "(49149.08389780181+0j)", "(-276589.0528513078+0j)"]}