{"qwc_energy": [1.607421875, -3.3898623307349203, -5.333960228745096, -6.2511562017728135, -6.455826574073505], "qwc_shots": 21504, "qwc_moments": ["1.0", "(1.607421875+0j)", "(7.1328125+0j)", "(7.498046875+0j)", "(88.75+0j)", "(-108.595703125+0j)", "(1837.4765625+0j)", "(-7584.548828125+0j)", "(58324.4375+0j)", "(-335761.736328125+0j)"], "mix_energy": [1.5234375, -3.696468171278345, -5.317658671917837, -6.30494039992872, -6.459077187928271], "mix_shots": 21504, "mix_moments": ["(1+0j)", "(1.5234375+0j)", "(7.528645833333335+0j)", "(5.348437499999996+0j)", "(99.13020833333334+0j)", "(-167.10156250000014+0j)", "(2166.2338541666677+0j)", "(-9569.855729166678+0j)", "(70470.70208333342+0j)", "(-412104.043229167+0j)"], "cs_energy": [1.6192118895056786, -3.1624140609301303, -5.229058456109556, -6.1787195722306185, -6.452833992595624], "cs_shots": 21465, "cs_moments": ["(1+0j)", "(1.6192118895056786+0j)", "(6.9168852542691495+0j)", "(8.429757128113703+0j)", "(81.5732642982435+0j)", "(-71.51108541038236+0j)", "(1586.5396713156215+0j)", "(-6074.57338132094+0j)", "(48505.068415948466+0j)", "(-273572.8107369565+0j)"]}