{"qwc_energy": [1.546875, -3.7063529473966996, -5.376323859939177, -6.3223666814832296, -6.459302068521611], "qwc_shots": 21504, "qwc_moments": ["1.0", "(1.546875+0j)", "(7.64453125+0j)", "(5.734375+0j)", "(101.8515625+0j)", "(-169.9375+0j)", "(2243.58984375+0j)", "(-9928.5625+0j)", "(73388.328125+0j)", "(-429767.234375+0j)"], "mix_energy": [1.5729166666666667, -3.224542589989281, -4.865939573111283, -6.141486541445586, -6.452547747342065], "mix_shots": 21504, "mix_moments": ["(1+0j)", "(1.5729166666666667+0j)", "(7.117187499999998+0j)", "(8.019791666666668+0j)", "(81.90312499999999+0j)", "(-55.22916666666645+0j)", "(1445.7869791666672+0j)", "(-4906.036458333338+0j)", "(40356.297916666634+0j)", "(-217379.03125000017+0j)"], "cs_energy": [1.5903328050713155, -3.0129161531605235, -4.736883150094661, -6.045446400059008, -6.447552228639097], "cs_shots": 21465, "cs_moments": ["(1+0j)", "(1.5903328050713155+0j)", "(6.913154222216134+0j)", "(8.932802207994147+0j)", "(76.37942118583827+0j)", "(-23.57146351817518+0j)", "(1252.197844292592+0j)", "(-3705.5577444747173+0j)", "(32775.54573159722+0j)", "(-169092.2218507508+0j)"]}