{"qwc_energy": [1.484375, -3.4835536739679593, -5.082752136141869, -6.243297657646291, -6.457118204018059], "qwc_shots": 21504, "qwc_moments": ["1.0", "(1.484375+0j)", "(7.20703125+0j)", "(5.734375+0j)", "(89.5234375+0j)", "(-121.859375+0j)", "(1800.48046875+0j)", "(-7348.828125+0j)", "(55371.859375+0j)", "(-315568.453125+0j)"], "mix_energy": [1.5794270833333337, -2.908938287910969, -4.718394970016922, -6.001288897521315, -6.4450051417365835], "mix_shots": 21504, "mix_moments": ["(0.9999999999999999+0j)", "(1.5794270833333333+0j)", "(6.705729166666665+0j)", "(8.943489583333326+0j)", "(73.01145833333335+0j)", "(-17.32161458333345+0j)", "(1182.3921874999999+0j)", "(-3417.1575520833353+0j)", "(30693.122916666645+0j)", "(-157349.6393229167+0j)"], "cs_energy": [1.5764842897033724, -3.1182899919437523, -4.770171297734381, -6.063191003207168, -6.449458011537953], "cs_shots": 21465, "cs_moments": ["(1+0j)", "(1.5764842897033724+0j)", "(6.939125790681256+0j)", "(8.297731253649191+0j)", "(77.40555583912113+0j)", "(-38.422875820248194+0j)", "(1309.0149191485225+0j)", "(-4153.97664961537+0j)", "(35255.7545996765+0j)", "(-185774.66719679534+0j)"]}