{"qwc_energy": [1.53125, -3.576893332483243, -5.273084128262482, -6.271717790787972, -6.4574512988681345], "qwc_shots": 21504, "qwc_moments": ["1.0", "(1.53125+0j)", "(7.41015625+0j)", "(6.0078125+0j)", "(95.1640625+0j)", "(-143.375+0j)", "(2018.91796875+0j)", "(-8644.6484375+0j)", "(64583.828125+0j)", "(-374437.84375+0j)"], "mix_energy": [1.5976562500000007, -3.15511270802701, -4.836797027609418, -6.121954721087577, -6.4519121267619575], "mix_shots": 21504, "mix_moments": ["(0.9999999999999999+0j)", "(1.5976562500000002+0j)", "(6.9791666666666625+0j)", "(8.378906250000002+0j)", "(78.88958333333329+0j)", "(-42.9752604166667+0j)", "(1361.1229166666665+0j)", "(-4442.989843750006+0j)", "(37359.20416666661+0j)", "(-198989.32317708305+0j)"], "cs_energy": [1.5332805071315372, -2.550489699321225, -3.5882922098076904, -3.588296035605851, -6.6561083676394555], "cs_shots": 21465, "cs_moments": ["(1+0j)", "(1.5332805071315372+0j)", "(6.518225039619651+0j)", "(10.007765202679575+0j)", "(60.58669078496085+0j)", "(63.653701838625956+0j)", "(591.7240965910273+0j)", "(457.2326317781484+0j)", "(4818.328640806209+0j)", "(11219.1000799245+0j)"]}