{"qwc_energy": [1.673828125, -3.1100273309847135, -4.7982883358831305, -6.093823309378222, -6.450490399660695], "qwc_shots": 21504, "qwc_moments": ["1.0", "(1.673828125+0j)", "(7.1015625+0j)", "(9.576171875+0j)", "(78.5625+0j)", "(-21.615234375+0j)", "(1297.0390625+0j)", "(-3860.806640625+0j)", "(34321.9375+0j)", "(-178001.154296875+0j)"], "mix_energy": [1.6484375, -3.120459381761764, -4.655232562113085, -6.05932914052066, -6.450154783790905], "mix_shots": 21504, "mix_moments": ["(1+0j)", "(1.6484375+0j)", "(7.125000000000002+0j)", "(9.330729166666671+0j)", "(77.8708333333334+0j)", "(-16.195312499999947+0j)", "(1234.0958333333333+0j)", "(-3420.321354166666+0j)", "(31124.19166666669+0j)", "(-156656.63906250003+0j)"], "cs_energy": [1.640253565768621, -3.2654627773269262, -5.259874538355046, -6.243410121157666, -6.4554822324325], "cs_shots": 21465, "cs_moments": ["(1+0j)", "(1.640253565768621+0j)", "(6.988906497622818+0j)", "(8.244057052297943+0j)", "(84.43264659270999+0j)", "(-80.92393026941359+0j)", "(1667.3724247226626+0j)", "(-6487.683042789215+0j)", "(51348.59429477014+0j)", "(-290772.07131537236+0j)"]}